{
  "type": "FeatureCollection",
  "features": [
    {"type": "Feature", "properties": {"name": "Crude oil pipeline", "Operator": "BLACKHAWK PIPELINE LP", "Commodity": "Crude oil", "Type": "Transmission", "Status": "Abandoned", "Diameter (inches)": 12.75}, "geometry": {"type": "LineString", "coordinates": [[-96.05829, 30.356844], [-96.054613, 30.355217], [-96.047579, 30.34811], [-96.041337, 30.341131], [-96.03399, 30.327212], [-95.949015, 30.236976]]}},
    {"type": "Feature", "properties": {"name": "Crude oil pipeline", "Operator": "BLACKHAWK PIPELINE LP", "Commodity": "Crude oil", "Type": "Transmission", "Status": "Abandoned", "Diameter (inches)": 8.63}, "geometry": {"type": "LineString", "coordinates": [[-96.098115, 30.419631], [-96.097141, 30.419069], [-96.096698, 30.417889], [-96.088641, 30.411965], [-96.083812, 30.408507], [-96.08211, 30.407546], [-96.070071, 30.399897], [-96.065035, 30.376005], [-96.063455, 30.36956], [-96.061792, 30.361082], [-96.05829, 30.356844]]}},
    {"type": "Feature", "properties": {"name": "Crude oil pipeline", "Operator": "BP PIPELINES (NORTH AMERICA),INC", "Commodity": "Crude oil", "Type": "Transmission", "Status": "In Service", "Diameter (inches)": 10.75}, "geometry": {"type": "LineString", "coordinates": [[-96.103326, 30.829808], [-96.092297, 30.82048], [-96.079136, 30.801856], [-96.059542, 30.774623], [-96.056712, 30.771175], [-96.051219, 30.764001], [-96.03789, 30.746212], [-96.031923, 30.738461], [-96.009363, 30.707912], [-95.985741, 30.67623], [-95.982514, 30.673602], [-95.983933, 30.670595], [-95.971741, 30.661464], [-95.969856, 30.656402], [-95.959991, 30.647895], [-95.944938, 30.624363], [-95.941673, 30.619513], [-95.937507, 30.612812], [-95.923956, 30.591929], [-95.913367, 30.575372], [-95.891393, 30.541388], [-95.880048, 30.523656], [-95.868855, 30.506494], [-95.856258, 30.486866], [-95.847073, 30.472708], [-95.823275, 30.435388], [-95.810689, 30.415289]]}},
    {"type": "Feature", "properties": {"name": "Crude oil pipeline", "Operator": "ENERGY TRANSFER COMPANY", "Commodity": "Crude oil", "Type": "Transmission", "Status": "In Service", "Diameter (inches)": 12.75}, "geometry": {"type": "MultiLineString", "coordinates": [[[-95.892807, 30.354209], [-95.89556, 30.35646]], [[-95.865774, 30.331746], [-95.867292, 30.333527], [-95.871748, 30.338169], [-95.872955, 30.339076]], [[-95.840618, 30.312508], [-95.842204, 30.313779]]]}},
    {"type": "Feature", "properties": {"name": "Crude oil pipeline", "Operator": "ENERGY TRANSFER COMPANY", "Commodity": "Crude oil", "Type": "Transmission", "Status": "In Service", "Diameter (inches)": 12.75}, "geometry": {"type": "MultiLineString", "coordinates": [[[-95.89556, 30.35646], [-95.908541, 30.367733], [-95.915107, 30.372868], [-95.922393, 30.378202], [-95.941475, 30.393105], [-95.954682, 30.402083], [-95.963519, 30.409005], [-95.964544, 30.409681], [-95.972095, 30.414175], [-95.982668, 30.421996], [-96.001177, 30.434968], [-96.002317, 30.435732], [-96.002484, 30.435688], [-96.002593, 30.435926], [-96.005401, 30.437915], [-96.010444, 30.441808], [-96.025311, 30.452571], [-96.027649, 30.453332], [-96.032417, 30.456532], [-96.057242, 30.474676], [-96.066359, 30.481788], [-96.069534, 30.484469], [-96.077511, 30.490669], [-96.096292, 30.511537], [-96.10887, 30.525629], [-96.11611, 30.531358], [-96.119949, 30.528022], [-96.125222, 30.522479], [-96.131921, 30.522308], [-96.139413, 30.534073], [-96.134481, 30.545614], [-96.159709, 30.564608], [-96.161205, 30.564381]], [[-95.872955, 30.339076], [-95.891249, 30.352935], [-95.892807, 30.354209]], [[-95.842204, 30.313779], [-95.855005, 30.32404], [-95.863769, 30.32937], [-95.865774, 30.331746]], [[-95.804237, 30.283506], [-95.818497, 30.294885], [-95.821313, 30.29719], [-95.821771, 30.297727], [-95.823843, 30.299103], [-95.840618, 30.312508]]]}},
    {"type": "Feature", "properties": {"name": "Crude oil pipeline", "Operator": "ENERGY TRANSFER COMPANY", "Commodity": "Crude oil", "Type": "Transmission", "Status": "In Service", "Diameter (inches)": 10.75}, "geometry": {"type": "LineString", "coordinates": [[-95.865745, 30.660346], [-95.832987, 30.649435]]}},
    {"type": "Feature", "properties": {"name": "Crude oil pipeline", "Operator": "ENERGY TRANSFER COMPANY", "Commodity": "Crude oil", "Type": "Transmission", "Status": "In Service", "Diameter (inches)": 10.75}, "geometry": {"type": "LineString", "coordinates": [[-96.164407, 30.760521], [-96.151162, 30.756118], [-96.082863, 30.732953], [-96.021785, 30.712484], [-96.019148, 30.711568], [-96.016693, 30.710427], [-96.015666, 30.710675], [-96.0135, 30.709608], [-96.012869, 30.709227], [-96.010883, 30.708824], [-95.865745, 30.660346]]}},
    {"type": "Feature", "properties": {"name": "Crude oil pipeline", "Operator": "ENTERPRISE CRUDE PIPELINE LLC", "Commodity": "Crude oil", "Type": "Transmission", "Status": "Abandoned", "Diameter (inches)": 8.63}, "geometry": {"type": "LineString", "coordinates": [[-95.958987, 30.648095], [-95.958041, 30.645081], [-95.947287, 30.627831], [-95.946551, 30.626336]]}},
    {"type": "Feature", "properties": {"name": "Crude oil pipeline", "Operator": "ENTERPRISE CRUDE PIPELINE LLC", "Commodity": "Crude oil", "Type": "Transmission", "Status": "Abandoned", "Diameter (inches)": 8.63}, "geometry": {"type": "MultiLineString", "coordinates": [[[-95.946569, 30.626341], [-95.946562, 30.62633]], [[-95.946562, 30.62633], [-95.946375, 30.626019], [-95.945776, 30.625836], [-95.940514, 30.617702], [-95.918225, 30.582377], [-95.896918, 30.549318], [-95.888958, 30.538949], [-95.88744, 30.536582], [-95.886265, 30.534002], [-95.86157, 30.495686], [-95.859363, 30.491992], [-95.851257, 30.479144], [-95.845292, 30.46956], [-95.845061, 30.469054], [-95.844372, 30.468147], [-95.840866, 30.462637], [-95.838171, 30.457519], [-95.833105, 30.449419], [-95.832525, 30.448964], [-95.820709, 30.430515]]]}},
    {"type": "Feature", "properties": {"name": "Crude oil pipeline", "Operator": "ENTERPRISE CRUDE PIPELINE LLC", "Commodity": "Crude oil", "Type": "Transmission", "Status": "Abandoned", "Diameter (inches)": 10.75}, "geometry": {"type": "LineString", "coordinates": [[-96.10423, 30.82968], [-96.104038, 30.829485]]}},
    {"type": "Feature", "properties": {"name": "Crude oil pipeline", "Operator": "ENTERPRISE CRUDE PIPELINE LLC", "Commodity": "Crude oil", "Type": "Transmission", "Status": "Abandoned", "Diameter (inches)": 8.63}, "geometry": {"type": "MultiLineString", "coordinates": [[[-95.959046, 30.648138], [-95.95806, 30.645074], [-95.947306, 30.627823], [-95.946562, 30.62633]], [[-95.820691, 30.43051], [-95.832508, 30.448975], [-95.833089, 30.449431], [-95.838153, 30.457527], [-95.840848, 30.462646], [-95.844354, 30.468156], [-95.845043, 30.469063], [-95.845273, 30.469568], [-95.851239, 30.479153], [-95.859345, 30.492], [-95.861552, 30.495695], [-95.886246, 30.534009], [-95.887421, 30.53659], [-95.88894, 30.538959], [-95.896901, 30.549327], [-95.918207, 30.582386], [-95.940496, 30.61771], [-95.94576, 30.625847], [-95.946361, 30.626036], [-95.946551, 30.626335]], [[-95.946562, 30.62633], [-95.946551, 30.626335]], [[-95.820691, 30.43051], [-95.820476, 30.430138]]]}},
    {"type": "Feature", "properties": {"name": "Crude oil pipeline", "Operator": "ENTERPRISE CRUDE PIPELINE LLC", "Commodity": "Crude oil", "Type": "Transmission", "Status": "Abandoned", "Diameter (inches)": 10.75}, "geometry": {"type": "LineString", "coordinates": [[-96.103665, 30.829059], [-96.102496, 30.82821], [-96.09344, 30.819215], [-96.074934, 30.795453], [-96.066489, 30.785024], [-96.064028, 30.781735], [-96.060379, 30.778584], [-96.046181, 30.759975], [-96.024873, 30.731051], [-96.015089, 30.718004], [-96.006503, 30.706366], [-96.004209, 30.704463], [-96.002516, 30.702137], [-96.001265, 30.699611], [-95.979318, 30.671633], [-95.979383, 30.670811], [-95.974058, 30.665529], [-95.965337, 30.654748], [-95.960268, 30.649581], [-95.959181, 30.648675], [-95.959046, 30.648138]]}},
    {"type": "Feature", "properties": {"name": "Crude oil pipeline", "Operator": "ENTERPRISE CRUDE PIPELINE LLC", "Commodity": "Crude oil", "Type": "Transmission", "Status": "Abandoned", "Diameter (inches)": 10.75}, "geometry": {"type": "LineString", "coordinates": [[-95.820476, 30.430138], [-95.810649, 30.414791]]}},
    {"type": "Feature", "properties": {"name": "Crude oil pipeline", "Operator": "ENTERPRISE CRUDE PIPELINE LLC", "Commodity": "Crude oil", "Type": "Transmission", "Status": "In Service", "Diameter (inches)": 30.0}, "geometry": {"type": "MultiLineString", "coordinates": [[[-96.012707, 30.842786], [-96.012521, 30.841943], [-96.012599, 30.839729], [-96.011405, 30.82311], [-96.010894, 30.819974], [-96.010653, 30.819283], [-96.010658, 30.818576], [-96.010207, 30.815825], [-96.007163, 30.79944], [-96.00654, 30.785013], [-96.005166, 30.763522], [-95.997598, 30.713789], [-95.995125, 30.703322], [-95.993494, 30.698599], [-95.992051, 30.693632], [-95.990084, 30.681265], [-95.990305, 30.679933], [-95.989622, 30.674591], [-95.989428, 30.670138], [-95.988656, 30.666652], [-95.98792, 30.659829], [-95.986595, 30.653168], [-95.986145, 30.650426], [-95.985628, 30.644247], [-95.984725, 30.638663], [-95.980976, 30.617309], [-95.980045, 30.610429], [-95.979135, 30.60525], [-95.977152, 30.592341]], [[-95.977152, 30.592341], [-95.976835, 30.59024]], [[-95.976835, 30.59024], [-95.973937, 30.571224], [-95.973579, 30.560092], [-95.971916, 30.548383], [-95.97231, 30.546857], [-95.972155, 30.546561], [-95.971486, 30.546007], [-95.970679, 30.545056], [-95.969927, 30.540436], [-95.969365, 30.538262], [-95.968985, 30.530173], [-95.968389, 30.52495], [-95.964923, 30.499222], [-95.963916, 30.490817], [-95.961983, 30.478795], [-95.962008, 30.478597], [-95.962611, 30.477417], [-95.962636, 30.477201], [-95.960769, 30.472556]], [[-95.960769, 30.472556], [-95.957755, 30.465089], [-95.956734, 30.45235], [-95.956789, 30.451333]], [[-95.956789, 30.451333], [-95.956997, 30.447835], [-95.957229, 30.447199], [-95.956883, 30.445714], [-95.956187, 30.440822], [-95.955901, 30.435125], [-95.955346, 30.434169], [-95.953429, 30.42625], [-95.949973, 30.41135]], [[-95.949973, 30.41135], [-95.948803, 30.405587], [-95.94881, 30.401847]], [[-95.94881, 30.401847], [-95.948829, 30.394738], [-95.947878, 30.385326], [-95.94641, 30.38148], [-95.946346, 30.376608], [-95.946799, 30.369488], [-95.94601, 30.362166], [-95.94575, 30.351172], [-95.945316, 30.338883], [-95.945105, 30.327788], [-95.94486, 30.325859], [-95.944399, 30.318592], [-95.942335, 30.30474], [-95.941307, 30.281183]], [[-95.941307, 30.281183], [-95.9411, 30.276722], [-95.940381, 30.268185], [-95.940455, 30.267364], [-95.940283, 30.266744], [-95.939623, 30.262297]], [[-95.939623, 30.262297], [-95.939219, 30.25851], [-95.939006, 30.255148], [-95.937644, 30.241157], [-95.937133, 30.23764]]]}},
    {"type": "Feature", "properties": {"name": "Crude oil pipeline", "Operator": "ENTERPRISE CRUDE PIPELINE LLC", "Commodity": "Crude oil", "Type": "Transmission", "Status": "In Service", "Diameter (inches)": 36.0}, "geometry": {"type": "MultiLineString", "coordinates": [[[-96.012478, 30.842819], [-96.010877, 30.835679], [-96.010937, 30.835451], [-96.011914, 30.834188], [-96.011974, 30.833984], [-96.011158, 30.822855], [-96.010676, 30.819982], [-96.010446, 30.819255], [-96.010455, 30.818547], [-96.010198, 30.817011], [-96.006965, 30.799429], [-96.00641, 30.786607], [-96.006031, 30.780045], [-96.005637, 30.774946], [-96.0057, 30.774461], [-96.004841, 30.764426], [-96.00495, 30.763361], [-96.004185, 30.758345], [-96.003836, 30.757594], [-96.002588, 30.747837], [-96.00223, 30.747126], [-96.002206, 30.746912], [-96.002309, 30.746559], [-96.002181, 30.745171], [-95.997384, 30.713697], [-95.994933, 30.703378], [-95.993385, 30.698899], [-95.991937, 30.69393], [-95.990109, 30.682637], [-95.989757, 30.681817], [-95.988682, 30.680484], [-95.988619, 30.68026], [-95.988653, 30.680053], [-95.988818, 30.679811], [-95.989743, 30.679217], [-95.989904, 30.679041], [-95.989951, 30.678856], [-95.989514, 30.67526], [-95.988333, 30.67272], [-95.988336, 30.672509], [-95.988755, 30.671662], [-95.98884, 30.668362], [-95.988558, 30.667325], [-95.988238, 30.664856], [-95.98786, 30.663967], [-95.987698, 30.66286], [-95.987583, 30.659473], [-95.987365, 30.658762], [-95.98693, 30.658323], [-95.985912, 30.65699], [-95.98583, 30.656786], [-95.985901, 30.656404], [-95.986154, 30.656079], [-95.986238, 30.655854], [-95.986356, 30.652938], [-95.985937, 30.650309], [-95.985491, 30.644819], [-95.984753, 30.640114], [-95.980793, 30.61735], [-95.980053, 30.612048], [-95.979819, 30.611685], [-95.978566, 30.610348], [-95.978234, 30.608558], [-95.978147, 30.608393], [-95.977463, 30.607778], [-95.977457, 30.607222], [-95.978057, 30.606233], [-95.978323, 30.604815], [-95.978386, 30.604396], [-95.9784, 30.602401], [-95.978325, 30.601385], [-95.976984, 30.592539], [-95.977152, 30.592341]], [[-95.977152, 30.592341], [-95.977404, 30.591972], [-95.977404, 30.591646], [-95.977216, 30.590567], [-95.976835, 30.59024]], [[-95.976835, 30.59024], [-95.976601, 30.590081], [-95.976245, 30.587802], [-95.975159, 30.582986], [-95.974926, 30.582001], [-95.974362, 30.580296], [-95.974361, 30.580081], [-95.974845, 30.578513], [-95.973736, 30.571184], [-95.97338, 30.560088], [-95.971751, 30.548606], [-95.970948, 30.547641], [-95.971325, 30.546154], [-95.970589, 30.545508], [-95.970505, 30.544941], [-95.970131, 30.543614], [-95.969663, 30.540737], [-95.969118, 30.538562], [-95.968703, 30.530959], [-95.968131, 30.525359], [-95.967447, 30.520453], [-95.967457, 30.519485], [-95.966688, 30.513748], [-95.96654, 30.513243], [-95.966264, 30.512896], [-95.963682, 30.511991], [-95.963512, 30.511636], [-95.962919, 30.505158], [-95.962993, 30.504257], [-95.962813, 30.502161], [-95.963136, 30.501232], [-95.962795, 30.497962], [-95.963099, 30.497182], [-95.963641, 30.496247], [-95.964049, 30.493625], [-95.963564, 30.489899], [-95.96165, 30.477884], [-95.962307, 30.477618], [-95.962407, 30.477229], [-95.960645, 30.472768], [-95.960769, 30.472556]], [[-95.960769, 30.472556], [-95.961165, 30.471882], [-95.959915, 30.469332], [-95.957972, 30.465049], [-95.957511, 30.459347], [-95.957757, 30.458565], [-95.958828, 30.457172], [-95.959007, 30.456772], [-95.959011, 30.456541], [-95.957273, 30.452815], [-95.957134, 30.451818], [-95.956789, 30.451333]], [[-95.956789, 30.451333], [-95.956475, 30.450859], [-95.954779, 30.447133], [-95.954094, 30.446298], [-95.95251, 30.442835], [-95.952585, 30.442532], [-95.952754, 30.442382], [-95.953438, 30.442176], [-95.953727, 30.441982], [-95.953855, 30.441706], [-95.954065, 30.44059], [-95.953633, 30.439635], [-95.953406, 30.439484], [-95.95286, 30.439365], [-95.952682, 30.439233], [-95.952276, 30.438297], [-95.95292, 30.437379], [-95.955407, 30.436474], [-95.955547, 30.436135], [-95.955272, 30.43443], [-95.955139, 30.434147], [-95.953434, 30.427122], [-95.949932, 30.411984], [-95.949846, 30.411595], [-95.949973, 30.41135]], [[-95.949973, 30.41135], [-95.95057, 30.41021], [-95.950488, 30.408743], [-95.950209, 30.407013], [-95.950036, 30.406396], [-95.949916, 30.405035], [-95.949624, 30.403893], [-95.949617, 30.402558], [-95.94881, 30.401847]], [[-95.94881, 30.401847], [-95.948612, 30.401659], [-95.948609, 30.394834], [-95.948362, 30.392165], [-95.948094, 30.391678], [-95.947925, 30.390486], [-95.947898, 30.389574], [-95.948042, 30.389064], [-95.947737, 30.386137], [-95.946089, 30.381622], [-95.946081, 30.38123], [-95.946177, 30.381125], [-95.946095, 30.38052], [-95.946071, 30.376509], [-95.946204, 30.375879], [-95.94658, 30.370013], [-95.946575, 30.3692], [-95.945846, 30.363018], [-95.945739, 30.361378], [-95.945011, 30.338513], [-95.944808, 30.328042], [-95.944487, 30.324827], [-95.94434, 30.324431], [-95.943407, 30.322855], [-95.943252, 30.322704], [-95.939728, 30.320899], [-95.937824, 30.317622], [-95.937252, 30.316054], [-95.937247, 30.315868], [-95.937671, 30.315006], [-95.938396, 30.313888], [-95.938483, 30.31362], [-95.938432, 30.311045], [-95.938383, 30.310728], [-95.938255, 30.310552], [-95.937836, 30.310379], [-95.932573, 30.310175], [-95.932153, 30.309925], [-95.93181, 30.309416], [-95.931722, 30.309102], [-95.931652, 30.306132], [-95.931898, 30.305151], [-95.931935, 30.304247], [-95.931712, 30.294285], [-95.931984, 30.293667], [-95.934115, 30.291714], [-95.934339, 30.291237], [-95.934075, 30.28182], [-95.940785, 30.281643], [-95.941307, 30.281183]], [[-95.941307, 30.281183], [-95.941655, 30.280845], [-95.941428, 30.276185], [-95.94084, 30.26941], [-95.940775, 30.267314], [-95.940019, 30.262584], [-95.939623, 30.262297]], [[-95.939623, 30.262297], [-95.938975, 30.261823], [-95.938652, 30.258782], [-95.938453, 30.255453], [-95.93712, 30.242078], [-95.937033, 30.241451], [-95.936765, 30.240735], [-95.936729, 30.239389], [-95.936499, 30.237675]]]}},
    {"type": "Feature", "properties": {"name": "Crude oil pipeline", "Operator": "KNIGHT WARRIOR LLC", "Commodity": "Crude oil", "Type": "Transmission", "Status": "Abandoned", "Diameter (inches)": 12.75}, "geometry": {"type": "LineString", "coordinates": [[-95.836915, 30.676893], [-95.840527, 30.674227], [-95.854817, 30.662928], [-95.859425, 30.659181], [-95.860882, 30.658484], [-95.86202, 30.657621], [-95.862973, 30.656642], [-95.86652, 30.65372], [-95.871403, 30.652194], [-95.876195, 30.648204], [-95.876706, 30.64573], [-95.894605, 30.631658], [-95.897611, 30.629697], [-95.897855, 30.628172], [-95.90386, 30.621376], [-95.904607, 30.617566], [-95.910681, 30.615626], [-95.911444, 30.613373], [-95.91284, 30.6129], [-95.911848, 30.61071], [-95.915182, 30.603646], [-95.918211, 30.602086], [-95.921148, 30.599214], [-95.922224, 30.597947], [-95.926626, 30.59385], [-95.927779, 30.593194], [-95.927649, 30.592913]]}},
    {"type": "Feature", "properties": {"name": "Crude oil pipeline", "Operator": "KNIGHT WARRIOR LLC", "Commodity": "Crude oil", "Type": "Transmission", "Status": "Abandoned", "Diameter (inches)": 16.0}, "geometry": {"type": "LineString", "coordinates": [[-95.927206, 30.591918], [-95.927107, 30.591695], [-95.924704, 30.590305], [-95.924369, 30.589818], [-95.922583, 30.589928], [-95.919867, 30.585149], [-95.918264, 30.582593], [-95.914938, 30.579049], [-95.907858, 30.567996], [-95.907217, 30.567484], [-95.906874, 30.566459], [-95.901388, 30.557919], [-95.895818, 30.554983], [-95.895315, 30.554983], [-95.892553, 30.553989], [-95.884732, 30.546385], [-95.879567, 30.533622], [-95.869473, 30.526616], [-95.868237, 30.525726], [-95.867535, 30.525096], [-95.861478, 30.520869], [-95.861042, 30.520671], [-95.839023, 30.506058], [-95.837795, 30.50579], [-95.837352, 30.504999], [-95.835231, 30.503673], [-95.834072, 30.503059], [-95.832164, 30.502524], [-95.831539, 30.501827], [-95.831431, 30.501276], [-95.824832, 30.497423], [-95.820056, 30.492945], [-95.819362, 30.491906], [-95.819362, 30.491703], [-95.819201, 30.491452], [-95.817714, 30.490307], [-95.816766, 30.489299]]}},
    {"type": "Feature", "properties": {"name": "Crude oil pipeline", "Operator": "KNIGHT WARRIOR LLC", "Commodity": "Crude oil", "Type": "Transmission", "Status": "Abandoned", "Diameter (inches)": 12.75}, "geometry": {"type": "LineString", "coordinates": [[-96.10435, 30.829666], [-96.104237, 30.829549], [-96.104328, 30.828365], [-96.104092, 30.827873], [-96.103665, 30.827249], [-96.101155, 30.826992], [-96.099049, 30.824956], [-96.0984, 30.82443], [-96.097927, 30.823881], [-96.093448, 30.81953], [-96.089534, 30.814892], [-96.08099, 30.803389], [-96.077862, 30.802231], [-96.07822, 30.800011], [-96.075885, 30.796881], [-96.069637, 30.796095], [-96.06557, 30.79477], [-96.066256, 30.787728], [-96.066669, 30.786628], [-96.064258, 30.782519], [-96.062922, 30.780902], [-96.0591, 30.777503], [-96.053454, 30.769778], [-96.053355, 30.769559], [-96.046275, 30.760036], [-96.044276, 30.757822], [-96.043726, 30.756988], [-96.041819, 30.75555], [-96.041422, 30.754816], [-96.0413, 30.753342], [-96.024958, 30.731396], [-96.025049, 30.731027], [-96.01655, 30.719666], [-96.015894, 30.718927], [-96.015451, 30.718875], [-96.014352, 30.717201], [-96.004914, 30.704547], [-96.001016, 30.702953], [-95.998887, 30.699081], [-95.998727, 30.697742], [-95.995431, 30.693298], [-95.992844, 30.689966], [-95.99051, 30.686541], [-95.989815, 30.685789], [-95.982262, 30.675701], [-95.978913, 30.671416], [-95.97638, 30.669485], [-95.97493, 30.668516], [-95.973625, 30.667783], [-95.973076, 30.667613], [-95.9729, 30.667275], [-95.970673, 30.666081], [-95.968201, 30.663922], [-95.96949, 30.662694], [-95.970421, 30.661378], [-95.964477, 30.653928], [-95.963722, 30.653146], [-95.963775, 30.652784], [-95.962005, 30.650773], [-95.961387, 30.650247], [-95.960762, 30.649379], [-95.959976, 30.64849], [-95.958007, 30.645359], [-95.957626, 30.645263], [-95.957389, 30.644687], [-95.952056, 30.636347], [-95.952392, 30.635364], [-95.945602, 30.624575], [-95.943694, 30.621664], [-95.943885, 30.620713], [-95.941314, 30.615988], [-95.939452, 30.616168], [-95.938529, 30.61459], [-95.930648, 30.602217], [-95.931242, 30.601083], [-95.927809, 30.593352], [-95.92768, 30.592904]]}},
    {"type": "Feature", "properties": {"name": "Crude oil pipeline", "Operator": "MAGELLAN PIPELINE COMPANY, L.P.", "Commodity": "Crude oil", "Type": "Transmission", "Status": "In Service", "Diameter (inches)": 20.0}, "geometry": {"type": "LineString", "coordinates": [[-96.050506, 30.721876], [-96.050362, 30.721827], [-96.050289, 30.721982], [-96.02019, 30.711882], [-96.01888, 30.711374], [-96.016702, 30.710351], [-96.015668, 30.710599], [-96.012878, 30.709225], [-96.010633, 30.708683], [-95.995283, 30.703536], [-95.99385, 30.699362], [-95.992171, 30.693787], [-95.991105, 30.687154], [-95.990813, 30.686589], [-95.989914, 30.68554], [-95.981647, 30.674486], [-95.979336, 30.671588], [-95.976183, 30.66918], [-95.975077, 30.668453], [-95.973691, 30.667666], [-95.973127, 30.66748], [-95.97212, 30.663001], [-95.963992, 30.652775], [-95.960057, 30.648284], [-95.949847, 30.632182], [-95.946909, 30.627352], [-95.942116, 30.619945], [-95.937948, 30.613047], [-95.925331, 30.593223], [-95.925108, 30.592827], [-95.924112, 30.590373], [-95.919663, 30.583186], [-95.915422, 30.578617], [-95.901794, 30.557267], [-95.899345, 30.553591], [-95.897641, 30.5504], [-95.883967, 30.532953], [-95.878156, 30.522428], [-95.877087, 30.520173], [-95.870137, 30.509448], [-95.859573, 30.492898], [-95.859101, 30.492301], [-95.8485, 30.480511], [-95.837452, 30.463133], [-95.830029, 30.445573], [-95.827614, 30.441869], [-95.817952, 30.426589], [-95.810651, 30.414817]]}},
    {"type": "Feature", "properties": {"name": "Crude oil pipeline", "Operator": "MAGELLAN PIPELINE COMPANY, L.P.", "Commodity": "Crude oil", "Type": "Transmission", "Status": "In Service", "Diameter (inches)": 20.0}, "geometry": {"type": "LineString", "coordinates": [[-96.164519, 30.760399], [-96.163552, 30.76006], [-96.163099, 30.760062], [-96.151873, 30.756262], [-96.15153, 30.755988], [-96.147406, 30.754596], [-96.142971, 30.753238], [-96.109575, 30.741926], [-96.109125, 30.741925], [-96.08624, 30.734203], [-96.083343, 30.733213], [-96.080982, 30.732275], [-96.050915, 30.722192], [-96.050973, 30.722035], [-96.050814, 30.721979]]}},
    {"type": "Feature", "properties": {"name": "Highly volatile liquids pipeline", "Operator": "ENTERPRISE PRODUCTS OPERATINGLLC", "Commodity": "Highly volatile liquids (such as propane or ethane)", "Type": "Transmission", "Status": "In Service", "Diameter (inches)": 30.0}, "geometry": {"type": "LineString", "coordinates": [[-96.164329, 30.760721], [-96.154808, 30.757541], [-96.154518, 30.756982], [-96.153091, 30.756492], [-96.152686, 30.756144], [-96.150907, 30.755517], [-96.150675, 30.755517], [-96.147342, 30.75438], [-96.14342, 30.7532], [-96.14283, 30.753439], [-96.118082, 30.745066], [-96.1013, 30.739501], [-96.078611, 30.731729], [-96.076983, 30.731523], [-96.067376, 30.728308], [-96.065937, 30.728122], [-96.065014, 30.727796], [-96.062882, 30.726451], [-96.053093, 30.723174], [-96.053222, 30.722805], [-96.052368, 30.722506], [-96.052334, 30.72243], [-96.052468, 30.722128], [-96.052393, 30.722103], [-96.052189, 30.722434], [-96.051441, 30.722182], [-96.0508, 30.722413], [-96.029432, 30.715223], [-96.028812, 30.71512], [-96.028407, 30.714888], [-96.027253, 30.714499], [-96.027071, 30.714011], [-96.020895, 30.711949], [-96.018368, 30.713526], [-96.016453, 30.71143], [-96.015911, 30.710997], [-96.012112, 30.709726], [-96.010078, 30.708735], [-95.971605, 30.695869], [-95.964984, 30.694807], [-95.961596, 30.692566], [-95.940235, 30.68537], [-95.913255, 30.676398], [-95.901737, 30.672589], [-95.900655, 30.672306], [-95.899756, 30.671879], [-95.892874, 30.669606], [-95.892488, 30.668876], [-95.891377, 30.668504], [-95.889188, 30.667798], [-95.888346, 30.668112], [-95.870536, 30.66213], [-95.86786, 30.661668], [-95.861641, 30.660308], [-95.861407, 30.660155], [-95.861112, 30.659611], [-95.860966, 30.659514], [-95.854575, 30.657097], [-95.853799, 30.656711], [-95.850989, 30.655782], [-95.85086, 30.655555], [-95.833008, 30.649585]]}},
    {"type": "Feature", "properties": {"name": "Highly volatile liquids pipeline", "Operator": "ENTERPRISE PRODUCTS OPERATINGLLC", "Commodity": "Highly volatile liquids (such as propane or ethane)", "Type": "Transmission", "Status": "In Service", "Diameter (inches)": 8.63}, "geometry": {"type": "LineString", "coordinates": [[-96.174469, 30.710323], [-96.172561, 30.71081], [-96.167571, 30.709114], [-96.164806, 30.708057], [-96.159856, 30.705836], [-96.155822, 30.704269], [-96.152579, 30.703175], [-96.14564, 30.700447], [-96.143624, 30.699275], [-96.143465, 30.699217], [-96.142921, 30.699261], [-96.142449, 30.699068], [-96.138092, 30.696398], [-96.136984, 30.695037], [-96.132052, 30.692114], [-96.131756, 30.691629], [-96.125096, 30.687722], [-96.121805, 30.685152], [-96.108091, 30.677059], [-96.102245, 30.673685], [-96.099222, 30.671629], [-96.098683, 30.671538], [-96.097138, 30.670736], [-96.084023, 30.663253], [-96.079294, 30.660359], [-96.07547, 30.658234], [-96.075405, 30.657954], [-96.07636, 30.646591], [-96.076284, 30.646438], [-96.076694, 30.64263], [-96.077011, 30.640574], [-96.081244, 30.631362], [-96.081965, 30.630003], [-96.082158, 30.628188], [-96.085236, 30.622706], [-96.088532, 30.615241], [-96.08843, 30.614128], [-96.088238, 30.613686], [-96.087804, 30.613063], [-96.087129, 30.612553], [-96.083549, 30.611061], [-96.082633, 30.610763], [-96.081362, 30.610234], [-96.079426, 30.610364], [-96.079606, 30.608166], [-96.079331, 30.608078], [-96.079352, 30.607705], [-96.080287, 30.596893], [-96.078673, 30.595668], [-96.077388, 30.595504], [-96.07738, 30.594952], [-96.077273, 30.594856], [-96.075973, 30.594787], [-96.07588, 30.594729], [-96.071836, 30.594713], [-96.055009, 30.595221], [-96.053784, 30.595163], [-96.042057, 30.595489], [-96.04174, 30.595597], [-96.040456, 30.595671], [-96.037193, 30.595742], [-96.036669, 30.595646], [-96.032866, 30.595814], [-96.029633, 30.595535], [-96.027856, 30.595539], [-96.026986, 30.595326], [-96.023707, 30.595023], [-96.004706, 30.593373], [-95.999315, 30.59299], [-95.995425, 30.592564], [-95.963183, 30.589743], [-95.963051, 30.589322], [-95.962947, 30.589249], [-95.951184, 30.581601], [-95.946292, 30.578986], [-95.926927, 30.567117], [-95.925027, 30.566301], [-95.917024, 30.560581], [-95.915468, 30.560636], [-95.915037, 30.560508], [-95.914362, 30.55872], [-95.905899, 30.552852], [-95.904289, 30.552047], [-95.901924, 30.550254], [-95.898448, 30.547934], [-95.893628, 30.543121], [-95.892417, 30.542], [-95.890869, 30.540757], [-95.888526, 30.538252], [-95.879122, 30.532795], [-95.87435, 30.529718], [-95.861773, 30.520935], [-95.844459, 30.509263], [-95.838811, 30.505706], [-95.838091, 30.505684], [-95.837636, 30.505039], [-95.837131, 30.504637], [-95.834156, 30.502718], [-95.833739, 30.502142], [-95.833095, 30.502007], [-95.825061, 30.497331], [-95.820219, 30.492815], [-95.819261, 30.491371], [-95.817636, 30.49008], [-95.816752, 30.489111]]}},
    {"type": "Feature", "properties": {"name": "Highly volatile liquids pipeline", "Operator": "ENTERPRISE PRODUCTS OPERATINGLLC", "Commodity": "Highly volatile liquids (such as propane or ethane)", "Type": "Transmission", "Status": "In Service", "Diameter (inches)": 6.63}, "geometry": {"type": "LineString", "coordinates": [[-96.167124, 30.649095], [-96.16608, 30.650128]]}},
    {"type": "Feature", "properties": {"name": "Highly volatile liquids pipeline", "Operator": "ENTERPRISE PRODUCTS OPERATINGLLC", "Commodity": "Highly volatile liquids (such as propane or ethane)", "Type": "Transmission", "Status": "In Service", "Diameter (inches)": 6.63}, "geometry": {"type": "LineString", "coordinates": [[-96.16608, 30.650128], [-96.165838, 30.650367]]}},
    {"type": "Feature", "properties": {"name": "Highly volatile liquids pipeline", "Operator": "ENTERPRISE PRODUCTS OPERATINGLLC", "Commodity": "Highly volatile liquids (such as propane or ethane)", "Type": "Transmission", "Status": "In Service", "Diameter (inches)": 24.0}, "geometry": {"type": "LineString", "coordinates": [[-96.067786, 30.728321], [-96.067347, 30.72819], [-96.065891, 30.728015], [-96.065224, 30.727784], [-96.063053, 30.72644], [-96.060482, 30.725568]]}},
    {"type": "Feature", "properties": {"name": "Highly volatile liquids pipeline", "Operator": "ENTERPRISE PRODUCTS OPERATINGLLC", "Commodity": "Highly volatile liquids (such as propane or ethane)", "Type": "Transmission", "Status": "In Service", "Diameter (inches)": 6.63}, "geometry": {"type": "LineString", "coordinates": [[-96.164399, 30.651892], [-96.164353, 30.652003]]}},
    {"type": "Feature", "properties": {"name": "Highly volatile liquids pipeline", "Operator": "ENTERPRISE PRODUCTS OPERATINGLLC", "Commodity": "Highly volatile liquids (such as propane or ethane)", "Type": "Transmission", "Status": "In Service", "Diameter (inches)": 6.63}, "geometry": {"type": "LineString", "coordinates": [[-96.164353, 30.652003], [-96.159805, 30.663043], [-96.157926, 30.668002], [-96.157698, 30.671363], [-96.155059, 30.680454], [-96.152619, 30.681959], [-96.152435, 30.682138], [-96.150429, 30.687506], [-96.142657, 30.69361], [-96.139273, 30.698441], [-96.1368, 30.700574], [-96.136189, 30.701638], [-96.134139, 30.702973], [-96.125249, 30.71115], [-96.122106, 30.713857], [-96.119238, 30.716443]]}},
    {"type": "Feature", "properties": {"name": "Highly volatile liquids pipeline", "Operator": "ENTERPRISE PRODUCTS OPERATINGLLC", "Commodity": "Highly volatile liquids (such as propane or ethane)", "Type": "Transmission", "Status": "In Service", "Diameter (inches)": 6.63}, "geometry": {"type": "LineString", "coordinates": [[-96.119238, 30.716443], [-96.119216, 30.716463]]}},
    {"type": "Feature", "properties": {"name": "Highly volatile liquids pipeline", "Operator": "ENTERPRISE PRODUCTS OPERATINGLLC", "Commodity": "Highly volatile liquids (such as propane or ethane)", "Type": "Transmission", "Status": "In Service", "Diameter (inches)": 6.63}, "geometry": {"type": "LineString", "coordinates": [[-96.119216, 30.716463], [-96.119029, 30.716631]]}},
    {"type": "Feature", "properties": {"name": "Highly volatile liquids pipeline", "Operator": "ENTERPRISE PRODUCTS OPERATINGLLC", "Commodity": "Highly volatile liquids (such as propane or ethane)", "Type": "Transmission", "Status": "In Service", "Diameter (inches)": 6.63}, "geometry": {"type": "LineString", "coordinates": [[-96.119029, 30.716631], [-96.119005, 30.716653]]}},
    {"type": "Feature", "properties": {"name": "Highly volatile liquids pipeline", "Operator": "ENTERPRISE PRODUCTS OPERATINGLLC", "Commodity": "Highly volatile liquids (such as propane or ethane)", "Type": "Transmission", "Status": "In Service", "Diameter (inches)": 6.63}, "geometry": {"type": "LineString", "coordinates": [[-96.165838, 30.650367], [-96.164469, 30.651721], [-96.164399, 30.651892]]}},
    {"type": "Feature", "properties": {"name": "Highly volatile liquids pipeline", "Operator": "ENTERPRISE PRODUCTS OPERATINGLLC", "Commodity": "Highly volatile liquids (such as propane or ethane)", "Type": "Transmission", "Status": "In Service", "Diameter (inches)": 6.63}, "geometry": {"type": "LineString", "coordinates": [[-96.085494, 30.748769], [-96.083612, 30.749936], [-96.080722, 30.752798], [-96.080572, 30.753359]]}},
    {"type": "Feature", "properties": {"name": "Highly volatile liquids pipeline", "Operator": "ENTERPRISE PRODUCTS OPERATINGLLC", "Commodity": "Highly volatile liquids (such as propane or ethane)", "Type": "Transmission", "Status": "In Service", "Diameter (inches)": 6.63}, "geometry": {"type": "LineString", "coordinates": [[-96.080572, 30.753359], [-96.080553, 30.753431]]}},
    {"type": "Feature", "properties": {"name": "Highly volatile liquids pipeline", "Operator": "ENTERPRISE PRODUCTS OPERATINGLLC", "Commodity": "Highly volatile liquids (such as propane or ethane)", "Type": "Transmission", "Status": "In Service", "Diameter (inches)": 6.63}, "geometry": {"type": "LineString", "coordinates": [[-96.119005, 30.716653], [-96.117171, 30.718307], [-96.115708, 30.721908], [-96.100194, 30.733327], [-96.09477, 30.737999], [-96.091671, 30.741141], [-96.089691, 30.743453], [-96.088093, 30.747443], [-96.087741, 30.74758]]}},
    {"type": "Feature", "properties": {"name": "Highly volatile liquids pipeline", "Operator": "ENTERPRISE PRODUCTS OPERATINGLLC", "Commodity": "Highly volatile liquids (such as propane or ethane)", "Type": "Transmission", "Status": "In Service", "Diameter (inches)": 6.63}, "geometry": {"type": "LineString", "coordinates": [[-96.087741, 30.74758], [-96.08772, 30.747588]]}},
    {"type": "Feature", "properties": {"name": "Highly volatile liquids pipeline", "Operator": "ENTERPRISE PRODUCTS OPERATINGLLC", "Commodity": "Highly volatile liquids (such as propane or ethane)", "Type": "Transmission", "Status": "In Service", "Diameter (inches)": 6.63}, "geometry": {"type": "LineString", "coordinates": [[-96.08772, 30.747588], [-96.087694, 30.747598]]}},
    {"type": "Feature", "properties": {"name": "Highly volatile liquids pipeline", "Operator": "ENTERPRISE PRODUCTS OPERATINGLLC", "Commodity": "Highly volatile liquids (such as propane or ethane)", "Type": "Transmission", "Status": "In Service", "Diameter (inches)": 6.63}, "geometry": {"type": "LineString", "coordinates": [[-96.087694, 30.747598], [-96.087677, 30.747605]]}},
    {"type": "Feature", "properties": {"name": "Highly volatile liquids pipeline", "Operator": "ENTERPRISE PRODUCTS OPERATINGLLC", "Commodity": "Highly volatile liquids (such as propane or ethane)", "Type": "Transmission", "Status": "In Service", "Diameter (inches)": 6.63}, "geometry": {"type": "LineString", "coordinates": [[-96.087677, 30.747605], [-96.086854, 30.747926], [-96.085494, 30.748769]]}},
    {"type": "Feature", "properties": {"name": "Highly volatile liquids pipeline", "Operator": "ENTERPRISE PRODUCTS OPERATINGLLC", "Commodity": "Highly volatile liquids (such as propane or ethane)", "Type": "Transmission", "Status": "In Service", "Diameter (inches)": 6.63}, "geometry": {"type": "LineString", "coordinates": [[-96.167163, 30.649056], [-96.167124, 30.649095]]}},
    {"type": "Feature", "properties": {"name": "Highly volatile liquids pipeline", "Operator": "ENTERPRISE PRODUCTS OPERATINGLLC", "Commodity": "Highly volatile liquids (such as propane or ethane)", "Type": "Transmission", "Status": "In Service", "Diameter (inches)": 20.0}, "geometry": {"type": "LineString", "coordinates": [[-96.175093, 30.71122], [-96.170203, 30.710606], [-96.168707, 30.709583], [-96.165617, 30.708503], [-96.160002, 30.705985], [-96.155614, 30.704282], [-96.152532, 30.70324], [-96.145391, 30.700433], [-96.143498, 30.699297], [-96.142728, 30.699346], [-96.13802, 30.69646], [-96.136938, 30.69509], [-96.136273, 30.694696], [-96.13622, 30.694467], [-96.132153, 30.692049], [-96.131795, 30.691545], [-96.130978, 30.691067], [-96.130711, 30.69111], [-96.125035, 30.687793], [-96.123265, 30.686395], [-96.122441, 30.685922], [-96.12161, 30.685162], [-96.101413, 30.673282], [-96.099522, 30.673321], [-96.09917, 30.673237], [-96.097324, 30.673098], [-96.095752, 30.672842], [-96.095684, 30.670004], [-96.089862, 30.666626], [-96.083721, 30.663182], [-96.078144, 30.663283], [-96.076999, 30.662339], [-96.073329, 30.662408], [-96.073001, 30.662701], [-96.054194, 30.663041], [-96.052965, 30.663348], [-96.047946, 30.663439], [-96.047152, 30.664299], [-96.046343, 30.664546], [-96.045244, 30.664259], [-96.043665, 30.663231], [-96.029611, 30.663506], [-96.029535, 30.661076], [-96.027772, 30.660188], [-96.026353, 30.654784], [-96.025369, 30.65323], [-96.025422, 30.650602], [-96.024743, 30.648156], [-96.023721, 30.645415], [-96.023218, 30.645002], [-96.022172, 30.641984], [-96.019678, 30.639163], [-96.019602, 30.636085], [-96.018243, 30.633369], [-96.017854, 30.631941], [-96.017183, 30.630025], [-96.016458, 30.628593], [-96.015833, 30.626922], [-96.015756, 30.626129], [-96.013375, 30.625059], [-96.012529, 30.62479], [-96.005891, 30.624645], [-96.004815, 30.624248], [-96.001367, 30.6245], [-96.000245, 30.624729], [-95.999726, 30.624763], [-95.998612, 30.624816], [-95.996919, 30.624742], [-95.996575, 30.62483], [-95.994553, 30.624881], [-95.986252, 30.624973], [-95.985161, 30.624672], [-95.984375, 30.624529], [-95.982368, 30.62458], [-95.981232, 30.618124], [-95.981003, 30.610622], [-95.979752, 30.609494], [-95.978653, 30.602963], [-95.967994, 30.603619], [-95.96363, 30.594133], [-95.96421, 30.590598], [-95.962959, 30.58995], [-95.962753, 30.589233], [-95.952026, 30.582262], [-95.949225, 30.580709], [-95.949058, 30.580554], [-95.946212, 30.579015], [-95.926863, 30.567177], [-95.92494, 30.566349], [-95.917433, 30.560976], [-95.916212, 30.560692], [-95.915434, 30.560726], [-95.914915, 30.560547], [-95.914167, 30.558678], [-95.90576, 30.552887], [-95.904066, 30.551992], [-95.901823, 30.550289], [-95.898366, 30.547997], [-95.892965, 30.54263], [-95.892972, 30.542397], [-95.892149, 30.54163], [-95.89047, 30.540356], [-95.889112, 30.538571], [-95.88857, 30.538182], [-95.878911, 30.532574], [-95.874363, 30.529624], [-95.867192, 30.524631], [-95.866925, 30.524655], [-95.860386, 30.520105], [-95.844097, 30.509124], [-95.839077, 30.505972], [-95.838016, 30.505733], [-95.837459, 30.504955], [-95.835308, 30.503589], [-95.83414, 30.502985], [-95.833629, 30.502114], [-95.832248, 30.501631], [-95.824894, 30.497338], [-95.820133, 30.49288], [-95.819163, 30.491409], [-95.817958, 30.490481], [-95.81798, 30.490265], [-95.81674, 30.488974]]}},
    {"type": "Feature", "properties": {"name": "Highly volatile liquids pipeline", "Operator": "ENTERPRISE PRODUCTS OPERATINGLLC", "Commodity": "Highly volatile liquids (such as propane or ethane)", "Type": "Transmission", "Status": "In Service", "Diameter (inches)": 12.75}, "geometry": {"type": "LineString", "coordinates": [[-96.100636, 30.592542], [-96.099772, 30.592147], [-96.099699, 30.592019], [-96.099699, 30.591696]]}},
    {"type": "Feature", "properties": {"name": "Highly volatile liquids pipeline", "Operator": "ENTERPRISE PRODUCTS OPERATINGLLC", "Commodity": "Highly volatile liquids (such as propane or ethane)", "Type": "Transmission", "Status": "In Service", "Diameter (inches)": 12.75}, "geometry": {"type": "LineString", "coordinates": [[-96.100896, 30.592657], [-96.100636, 30.592542]]}},
    {"type": "Feature", "properties": {"name": "Highly volatile liquids pipeline", "Operator": "ENTERPRISE PRODUCTS OPERATINGLLC", "Commodity": "Highly volatile liquids (such as propane or ethane)", "Type": "Transmission", "Status": "In Service", "Diameter (inches)": 12.75}, "geometry": {"type": "LineString", "coordinates": [[-96.102593, 30.593398], [-96.102539, 30.593374]]}},
    {"type": "Feature", "properties": {"name": "Highly volatile liquids pipeline", "Operator": "ENTERPRISE PRODUCTS OPERATINGLLC", "Commodity": "Highly volatile liquids (such as propane or ethane)", "Type": "Transmission", "Status": "In Service", "Diameter (inches)": 12.75}, "geometry": {"type": "LineString", "coordinates": [[-96.096993, 30.588583], [-96.095971, 30.587674], [-96.09529, 30.587299], [-96.094561, 30.58715], [-96.092973, 30.586302], [-96.090712, 30.584819]]}},
    {"type": "Feature", "properties": {"name": "Highly volatile liquids pipeline", "Operator": "ENTERPRISE PRODUCTS OPERATINGLLC", "Commodity": "Highly volatile liquids (such as propane or ethane)", "Type": "Transmission", "Status": "In Service", "Diameter (inches)": 12.75}, "geometry": {"type": "LineString", "coordinates": [[-96.050363, 30.555673], [-96.045515, 30.550973], [-96.041399, 30.546407], [-96.039635, 30.545297], [-96.038126, 30.544576], [-96.024119, 30.536702], [-96.017305, 30.531978], [-96.017144, 30.531898], [-96.015085, 30.531573], [-96.014924, 30.531495], [-96.004325, 30.523848], [-95.996113, 30.518627], [-95.995403, 30.517885], [-95.99096, 30.515058], [-95.988928, 30.51441], [-95.979257, 30.506861], [-95.973543, 30.502072], [-95.968648, 30.498286], [-95.959249, 30.492307], [-95.95716, 30.489827], [-95.94574, 30.483792], [-95.929419, 30.473575], [-95.917245, 30.465073], [-95.915839, 30.463654]]}},
    {"type": "Feature", "properties": {"name": "Highly volatile liquids pipeline", "Operator": "ENTERPRISE PRODUCTS OPERATINGLLC", "Commodity": "Highly volatile liquids (such as propane or ethane)", "Type": "Transmission", "Status": "In Service", "Diameter (inches)": 12.75}, "geometry": {"type": "LineString", "coordinates": [[-96.099699, 30.591586], [-96.099708, 30.590086]]}},
    {"type": "Feature", "properties": {"name": "Highly volatile liquids pipeline", "Operator": "ENTERPRISE PRODUCTS OPERATINGLLC", "Commodity": "Highly volatile liquids (such as propane or ethane)", "Type": "Transmission", "Status": "In Service", "Diameter (inches)": 12.75}, "geometry": {"type": "LineString", "coordinates": [[-96.157543, 30.625382], [-96.156752, 30.624927], [-96.156146, 30.624698], [-96.155606, 30.624266]]}},
    {"type": "Feature", "properties": {"name": "Highly volatile liquids pipeline", "Operator": "ENTERPRISE PRODUCTS OPERATINGLLC", "Commodity": "Highly volatile liquids (such as propane or ethane)", "Type": "Transmission", "Status": "In Service", "Diameter (inches)": 12.75}, "geometry": {"type": "LineString", "coordinates": [[-96.099708, 30.590086], [-96.09971, 30.589939]]}},
    {"type": "Feature", "properties": {"name": "Highly volatile liquids pipeline", "Operator": "ENTERPRISE PRODUCTS OPERATINGLLC", "Commodity": "Highly volatile liquids (such as propane or ethane)", "Type": "Transmission", "Status": "In Service", "Diameter (inches)": 12.75}, "geometry": {"type": "LineString", "coordinates": [[-96.099699, 30.591696], [-96.099699, 30.591586]]}},
    {"type": "Feature", "properties": {"name": "Highly volatile liquids pipeline", "Operator": "ENTERPRISE PRODUCTS OPERATINGLLC", "Commodity": "Highly volatile liquids (such as propane or ethane)", "Type": "Transmission", "Status": "In Service", "Diameter (inches)": 12.75}, "geometry": {"type": "LineString", "coordinates": [[-96.155606, 30.624266], [-96.155453, 30.624174]]}},
    {"type": "Feature", "properties": {"name": "Highly volatile liquids pipeline", "Operator": "ENTERPRISE PRODUCTS OPERATINGLLC", "Commodity": "Highly volatile liquids (such as propane or ethane)", "Type": "Transmission", "Status": "In Service", "Diameter (inches)": 12.75}, "geometry": {"type": "LineString", "coordinates": [[-96.102539, 30.593374], [-96.100896, 30.592657]]}},
    {"type": "Feature", "properties": {"name": "Highly volatile liquids pipeline", "Operator": "ENTERPRISE PRODUCTS OPERATINGLLC", "Commodity": "Highly volatile liquids (such as propane or ethane)", "Type": "Transmission", "Status": "In Service", "Diameter (inches)": 12.75}, "geometry": {"type": "LineString", "coordinates": [[-95.915839, 30.463654], [-95.915754, 30.463562]]}},
    {"type": "Feature", "properties": {"name": "Highly volatile liquids pipeline", "Operator": "ENTERPRISE PRODUCTS OPERATINGLLC", "Commodity": "Highly volatile liquids (such as propane or ethane)", "Type": "Transmission", "Status": "In Service", "Diameter (inches)": 12.75}, "geometry": {"type": "LineString", "coordinates": [[-96.155453, 30.624174], [-96.144755, 30.617777], [-96.143755, 30.617447], [-96.139225, 30.614732], [-96.137261, 30.613316], [-96.126316, 30.606777], [-96.125141, 30.605448], [-96.124897, 30.604257], [-96.12363, 30.602711], [-96.123608, 30.602556], [-96.123811, 30.601724], [-96.123603, 30.601557], [-96.1207, 30.600279]]}},
    {"type": "Feature", "properties": {"name": "Highly volatile liquids pipeline", "Operator": "ENTERPRISE PRODUCTS OPERATINGLLC", "Commodity": "Highly volatile liquids (such as propane or ethane)", "Type": "Transmission", "Status": "In Service", "Diameter (inches)": 12.75}, "geometry": {"type": "LineString", "coordinates": [[-96.157553, 30.625388], [-96.157543, 30.625382]]}},
    {"type": "Feature", "properties": {"name": "Highly volatile liquids pipeline", "Operator": "ENTERPRISE PRODUCTS OPERATINGLLC", "Commodity": "Highly volatile liquids (such as propane or ethane)", "Type": "Transmission", "Status": "In Service", "Diameter (inches)": 12.75}, "geometry": {"type": "LineString", "coordinates": [[-96.171015, 30.633505], [-96.17017, 30.633403], [-96.165858, 30.630164], [-96.157553, 30.625388]]}},
    {"type": "Feature", "properties": {"name": "Highly volatile liquids pipeline", "Operator": "ENTERPRISE PRODUCTS OPERATINGLLC", "Commodity": "Highly volatile liquids (such as propane or ethane)", "Type": "Transmission", "Status": "In Service", "Diameter (inches)": 12.75}, "geometry": {"type": "LineString", "coordinates": [[-96.09971, 30.589939], [-96.099695, 30.589778], [-96.099576, 30.589657], [-96.096993, 30.588583]]}},
    {"type": "Feature", "properties": {"name": "Highly volatile liquids pipeline", "Operator": "ENTERPRISE PRODUCTS OPERATINGLLC", "Commodity": "Highly volatile liquids (such as propane or ethane)", "Type": "Transmission", "Status": "In Service", "Diameter (inches)": 12.75}, "geometry": {"type": "LineString", "coordinates": [[-96.120507, 30.600196], [-96.113837, 30.597288], [-96.10421, 30.594121], [-96.102593, 30.593398]]}},
    {"type": "Feature", "properties": {"name": "Highly volatile liquids pipeline", "Operator": "ENTERPRISE PRODUCTS OPERATINGLLC", "Commodity": "Highly volatile liquids (such as propane or ethane)", "Type": "Transmission", "Status": "In Service", "Diameter (inches)": 12.75}, "geometry": {"type": "LineString", "coordinates": [[-96.1207, 30.600279], [-96.120507, 30.600196]]}},
    {"type": "Feature", "properties": {"name": "Highly volatile liquids pipeline", "Operator": "ENTERPRISE PRODUCTS OPERATINGLLC", "Commodity": "Highly volatile liquids (such as propane or ethane)", "Type": "Transmission", "Status": "In Service", "Diameter (inches)": 12.75}, "geometry": {"type": "LineString", "coordinates": [[-95.915754, 30.463562], [-95.915188, 30.463024], [-95.90648, 30.457528], [-95.893582, 30.45042], [-95.880826, 30.442484], [-95.86503, 30.433869], [-95.857822, 30.429863], [-95.837817, 30.418578], [-95.820729, 30.4088], [-95.812299, 30.402998], [-95.809506, 30.401321]]}},
    {"type": "Feature", "properties": {"name": "Highly volatile liquids pipeline", "Operator": "ENTERPRISE PRODUCTS OPERATINGLLC", "Commodity": "Highly volatile liquids (such as propane or ethane)", "Type": "Transmission", "Status": "In Service", "Diameter (inches)": 12.75}, "geometry": {"type": "LineString", "coordinates": [[-96.069771, 30.583086], [-96.069797, 30.582885], [-96.069627, 30.582697], [-96.067788, 30.581616], [-96.06539, 30.579685], [-96.064531, 30.579281], [-96.062209, 30.578769], [-96.061417, 30.578535], [-96.060685, 30.578205], [-96.059904, 30.577705], [-96.058467, 30.576412], [-96.056552, 30.574238], [-96.056174, 30.573889], [-96.055653, 30.573578], [-96.05465, 30.573266], [-96.054479, 30.572995], [-96.054402, 30.572551], [-96.054288, 30.572485], [-96.053167, 30.57206], [-96.052628, 30.571963], [-96.052539, 30.571887], [-96.051386, 30.570475], [-96.050175, 30.569164], [-96.050292, 30.568909], [-96.050266, 30.5688], [-96.048604, 30.567027], [-96.045873, 30.564312], [-96.045853, 30.564116], [-96.046697, 30.563303], [-96.047327, 30.563046], [-96.047439, 30.562199], [-96.049123, 30.559317], [-96.049749, 30.558043], [-96.050446, 30.555997], [-96.05047, 30.555841], [-96.050363, 30.555673]]}},
    {"type": "Feature", "properties": {"name": "Highly volatile liquids pipeline", "Operator": "ENTERPRISE PRODUCTS OPERATINGLLC", "Commodity": "Highly volatile liquids (such as propane or ethane)", "Type": "Transmission", "Status": "In Service", "Diameter (inches)": 12.75}, "geometry": {"type": "LineString", "coordinates": [[-96.090712, 30.584819], [-96.087449, 30.58553], [-96.083542, 30.588687], [-96.081667, 30.588418], [-96.077751, 30.588627], [-96.077368, 30.588479], [-96.076263, 30.588358], [-96.075388, 30.588782], [-96.073756, 30.588949], [-96.070412, 30.588533], [-96.068921, 30.586785], [-96.068871, 30.586575], [-96.068995, 30.584763], [-96.069771, 30.583086]]}},
    {"type": "Feature", "properties": {"name": "Highly volatile liquids pipeline", "Operator": "ENTERPRISE PRODUCTS OPERATINGLLC", "Commodity": "Highly volatile liquids (such as propane or ethane)", "Type": "Transmission", "Status": "In Service", "Diameter (inches)": 24.0}, "geometry": {"type": "LineString", "coordinates": [[-95.842194, 30.652589], [-95.832995, 30.64949]]}},
    {"type": "Feature", "properties": {"name": "Highly volatile liquids pipeline", "Operator": "ENTERPRISE PRODUCTS OPERATINGLLC", "Commodity": "Highly volatile liquids (such as propane or ethane)", "Type": "Transmission", "Status": "In Service", "Diameter (inches)": 24.0}, "geometry": {"type": "LineString", "coordinates": [[-95.842622, 30.652731], [-95.842194, 30.652589]]}},
    {"type": "Feature", "properties": {"name": "Highly volatile liquids pipeline", "Operator": "ENTERPRISE PRODUCTS OPERATINGLLC", "Commodity": "Highly volatile liquids (such as propane or ethane)", "Type": "Transmission", "Status": "In Service", "Diameter (inches)": 24.0}, "geometry": {"type": "LineString", "coordinates": [[-96.159002, 30.758845], [-96.154898, 30.757498], [-96.154713, 30.757142], [-96.153079, 30.756581], [-96.152204, 30.756138], [-96.147399, 30.754496], [-96.145189, 30.753827]]}},
    {"type": "Feature", "properties": {"name": "Highly volatile liquids pipeline", "Operator": "ENTERPRISE PRODUCTS OPERATINGLLC", "Commodity": "Highly volatile liquids (such as propane or ethane)", "Type": "Transmission", "Status": "In Service", "Diameter (inches)": 24.0}, "geometry": {"type": "LineString", "coordinates": [[-96.15968, 30.759071], [-96.159002, 30.758845]]}},
    {"type": "Feature", "properties": {"name": "Highly volatile liquids pipeline", "Operator": "ENTERPRISE PRODUCTS OPERATINGLLC", "Commodity": "Highly volatile liquids (such as propane or ethane)", "Type": "Transmission", "Status": "In Service", "Diameter (inches)": 24.0}, "geometry": {"type": "LineString", "coordinates": [[-95.860366, 30.659183], [-95.854652, 30.657004], [-95.852949, 30.656165], [-95.850763, 30.655428]]}},
    {"type": "Feature", "properties": {"name": "Highly volatile liquids pipeline", "Operator": "ENTERPRISE PRODUCTS OPERATINGLLC", "Commodity": "Highly volatile liquids (such as propane or ethane)", "Type": "Transmission", "Status": "In Service", "Diameter (inches)": 24.0}, "geometry": {"type": "LineString", "coordinates": [[-95.883501, 30.666376], [-95.882564, 30.666062]]}},
    {"type": "Feature", "properties": {"name": "Highly volatile liquids pipeline", "Operator": "ENTERPRISE PRODUCTS OPERATINGLLC", "Commodity": "Highly volatile liquids (such as propane or ethane)", "Type": "Transmission", "Status": "In Service", "Diameter (inches)": 24.0}, "geometry": {"type": "LineString", "coordinates": [[-95.901978, 30.672548], [-95.900442, 30.672121], [-95.899895, 30.67185], [-95.892953, 30.669545], [-95.892656, 30.669027], [-95.888863, 30.667817], [-95.888356, 30.667999], [-95.883501, 30.666376]]}},
    {"type": "Feature", "properties": {"name": "Highly volatile liquids pipeline", "Operator": "ENTERPRISE PRODUCTS OPERATINGLLC", "Commodity": "Highly volatile liquids (such as propane or ethane)", "Type": "Transmission", "Status": "In Service", "Diameter (inches)": 24.0}, "geometry": {"type": "LineString", "coordinates": [[-95.968361, 30.695265], [-95.965036, 30.694709], [-95.961693, 30.692487], [-95.902215, 30.672627]]}},
    {"type": "Feature", "properties": {"name": "Highly volatile liquids pipeline", "Operator": "ENTERPRISE PRODUCTS OPERATINGLLC", "Commodity": "Highly volatile liquids (such as propane or ethane)", "Type": "Transmission", "Status": "In Service", "Diameter (inches)": 24.0}, "geometry": {"type": "LineString", "coordinates": [[-95.968611, 30.695304], [-95.968361, 30.695265]]}},
    {"type": "Feature", "properties": {"name": "Highly volatile liquids pipeline", "Operator": "ENTERPRISE PRODUCTS OPERATINGLLC", "Commodity": "Highly volatile liquids (such as propane or ethane)", "Type": "Transmission", "Status": "In Service", "Diameter (inches)": 24.0}, "geometry": {"type": "LineString", "coordinates": [[-96.107704, 30.74153], [-96.107466, 30.741453]]}},
    {"type": "Feature", "properties": {"name": "Highly volatile liquids pipeline", "Operator": "ENTERPRISE PRODUCTS OPERATINGLLC", "Commodity": "Highly volatile liquids (such as propane or ethane)", "Type": "Transmission", "Status": "In Service", "Diameter (inches)": 24.0}, "geometry": {"type": "LineString", "coordinates": [[-96.097689, 30.738151], [-96.097119, 30.737957]]}},
    {"type": "Feature", "properties": {"name": "Highly volatile liquids pipeline", "Operator": "ENTERPRISE PRODUCTS OPERATINGLLC", "Commodity": "Highly volatile liquids (such as propane or ethane)", "Type": "Transmission", "Status": "In Service", "Diameter (inches)": 24.0}, "geometry": {"type": "LineString", "coordinates": [[-96.020754, 30.711987], [-96.020142, 30.71233]]}},
    {"type": "Feature", "properties": {"name": "Highly volatile liquids pipeline", "Operator": "ENTERPRISE PRODUCTS OPERATINGLLC", "Commodity": "Highly volatile liquids (such as propane or ethane)", "Type": "Transmission", "Status": "In Service", "Diameter (inches)": 24.0}, "geometry": {"type": "LineString", "coordinates": [[-96.018047, 30.713081], [-96.01759, 30.712556]]}},
    {"type": "Feature", "properties": {"name": "Highly volatile liquids pipeline", "Operator": "ENTERPRISE PRODUCTS OPERATINGLLC", "Commodity": "Highly volatile liquids (such as propane or ethane)", "Type": "Transmission", "Status": "In Service", "Diameter (inches)": 24.0}, "geometry": {"type": "LineString", "coordinates": [[-95.8606, 30.659267], [-95.860366, 30.659183]]}},
    {"type": "Feature", "properties": {"name": "Highly volatile liquids pipeline", "Operator": "ENTERPRISE PRODUCTS OPERATINGLLC", "Commodity": "Highly volatile liquids (such as propane or ethane)", "Type": "Transmission", "Status": "In Service", "Diameter (inches)": 24.0}, "geometry": {"type": "LineString", "coordinates": [[-96.164141, 30.760586], [-96.162028, 30.759865]]}},
    {"type": "Feature", "properties": {"name": "Highly volatile liquids pipeline", "Operator": "ENTERPRISE PRODUCTS OPERATINGLLC", "Commodity": "Highly volatile liquids (such as propane or ethane)", "Type": "Transmission", "Status": "In Service", "Diameter (inches)": 24.0}, "geometry": {"type": "LineString", "coordinates": [[-96.162028, 30.759865], [-96.15968, 30.759071]]}},
    {"type": "Feature", "properties": {"name": "Highly volatile liquids pipeline", "Operator": "ENTERPRISE PRODUCTS OPERATINGLLC", "Commodity": "Highly volatile liquids (such as propane or ethane)", "Type": "Transmission", "Status": "In Service", "Diameter (inches)": 24.0}, "geometry": {"type": "LineString", "coordinates": [[-96.081769, 30.732761], [-96.07863, 30.731656], [-96.07689, 30.731383], [-96.068494, 30.728562]]}},
    {"type": "Feature", "properties": {"name": "Highly volatile liquids pipeline", "Operator": "ENTERPRISE PRODUCTS OPERATINGLLC", "Commodity": "Highly volatile liquids (such as propane or ethane)", "Type": "Transmission", "Status": "In Service", "Diameter (inches)": 24.0}, "geometry": {"type": "LineString", "coordinates": [[-96.082027, 30.73285], [-96.081769, 30.732761]]}},
    {"type": "Feature", "properties": {"name": "Highly volatile liquids pipeline", "Operator": "ENTERPRISE PRODUCTS OPERATINGLLC", "Commodity": "Highly volatile liquids (such as propane or ethane)", "Type": "Transmission", "Status": "In Service", "Diameter (inches)": 24.0}, "geometry": {"type": "LineString", "coordinates": [[-96.097119, 30.737957], [-96.082027, 30.73285]]}},
    {"type": "Feature", "properties": {"name": "Highly volatile liquids pipeline", "Operator": "ENTERPRISE PRODUCTS OPERATINGLLC", "Commodity": "Highly volatile liquids (such as propane or ethane)", "Type": "Transmission", "Status": "In Service", "Diameter (inches)": 24.0}, "geometry": {"type": "LineString", "coordinates": [[-96.107466, 30.741453], [-96.097689, 30.738151]]}},
    {"type": "Feature", "properties": {"name": "Highly volatile liquids pipeline", "Operator": "ENTERPRISE PRODUCTS OPERATINGLLC", "Commodity": "Highly volatile liquids (such as propane or ethane)", "Type": "Transmission", "Status": "In Service", "Diameter (inches)": 24.0}, "geometry": {"type": "LineString", "coordinates": [[-96.049746, 30.721973], [-96.029563, 30.715189], [-96.028825, 30.715042], [-96.028404, 30.714801], [-96.027359, 30.714453], [-96.027231, 30.714147], [-96.020754, 30.711987]]}},
    {"type": "Feature", "properties": {"name": "Highly volatile liquids pipeline", "Operator": "ENTERPRISE PRODUCTS OPERATINGLLC", "Commodity": "Highly volatile liquids (such as propane or ethane)", "Type": "Transmission", "Status": "In Service", "Diameter (inches)": 24.0}, "geometry": {"type": "LineString", "coordinates": [[-96.049982, 30.722052], [-96.049746, 30.721973]]}},
    {"type": "Feature", "properties": {"name": "Highly volatile liquids pipeline", "Operator": "ENTERPRISE PRODUCTS OPERATINGLLC", "Commodity": "Highly volatile liquids (such as propane or ethane)", "Type": "Transmission", "Status": "In Service", "Diameter (inches)": 24.0}, "geometry": {"type": "LineString", "coordinates": [[-96.060012, 30.725408], [-96.049982, 30.722052]]}},
    {"type": "Feature", "properties": {"name": "Highly volatile liquids pipeline", "Operator": "ENTERPRISE PRODUCTS OPERATINGLLC", "Commodity": "Highly volatile liquids (such as propane or ethane)", "Type": "Transmission", "Status": "In Service", "Diameter (inches)": 24.0}, "geometry": {"type": "LineString", "coordinates": [[-96.060482, 30.725568], [-96.060012, 30.725408]]}},
    {"type": "Feature", "properties": {"name": "Highly volatile liquids pipeline", "Operator": "ENTERPRISE PRODUCTS OPERATINGLLC", "Commodity": "Highly volatile liquids (such as propane or ethane)", "Type": "Transmission", "Status": "In Service", "Diameter (inches)": 24.0}, "geometry": {"type": "LineString", "coordinates": [[-95.902215, 30.672627], [-95.901978, 30.672548]]}},
    {"type": "Feature", "properties": {"name": "Highly volatile liquids pipeline", "Operator": "ENTERPRISE PRODUCTS OPERATINGLLC", "Commodity": "Highly volatile liquids (such as propane or ethane)", "Type": "Transmission", "Status": "In Service", "Diameter (inches)": 24.0}, "geometry": {"type": "LineString", "coordinates": [[-95.882564, 30.666062], [-95.870687, 30.662086], [-95.867964, 30.661599], [-95.861654, 30.660215], [-95.861464, 30.660074], [-95.861134, 30.659522], [-95.8606, 30.659267]]}},
    {"type": "Feature", "properties": {"name": "Highly volatile liquids pipeline", "Operator": "ENTERPRISE PRODUCTS OPERATINGLLC", "Commodity": "Highly volatile liquids (such as propane or ethane)", "Type": "Transmission", "Status": "In Service", "Diameter (inches)": 24.0}, "geometry": {"type": "LineString", "coordinates": [[-96.001148, 30.705646], [-95.971806, 30.695846], [-95.968611, 30.695304]]}},
    {"type": "Feature", "properties": {"name": "Highly volatile liquids pipeline", "Operator": "ENTERPRISE PRODUCTS OPERATINGLLC", "Commodity": "Highly volatile liquids (such as propane or ethane)", "Type": "Transmission", "Status": "In Service", "Diameter (inches)": 24.0}, "geometry": {"type": "LineString", "coordinates": [[-96.002562, 30.7061], [-96.001148, 30.705646]]}},
    {"type": "Feature", "properties": {"name": "Highly volatile liquids pipeline", "Operator": "ENTERPRISE PRODUCTS OPERATINGLLC", "Commodity": "Highly volatile liquids (such as propane or ethane)", "Type": "Transmission", "Status": "In Service", "Diameter (inches)": 24.0}, "geometry": {"type": "LineString", "coordinates": [[-96.020142, 30.71233], [-96.018375, 30.713444], [-96.018047, 30.713081]]}},
    {"type": "Feature", "properties": {"name": "Highly volatile liquids pipeline", "Operator": "ENTERPRISE PRODUCTS OPERATINGLLC", "Commodity": "Highly volatile liquids (such as propane or ethane)", "Type": "Transmission", "Status": "In Service", "Diameter (inches)": 24.0}, "geometry": {"type": "LineString", "coordinates": [[-96.068494, 30.728562], [-96.067786, 30.728321]]}},
    {"type": "Feature", "properties": {"name": "Highly volatile liquids pipeline", "Operator": "ENTERPRISE PRODUCTS OPERATINGLLC", "Commodity": "Highly volatile liquids (such as propane or ethane)", "Type": "Transmission", "Status": "In Service", "Diameter (inches)": 24.0}, "geometry": {"type": "LineString", "coordinates": [[-96.142863, 30.753365], [-96.118582, 30.745146], [-96.107704, 30.74153]]}},
    {"type": "Feature", "properties": {"name": "Highly volatile liquids pipeline", "Operator": "ENTERPRISE PRODUCTS OPERATINGLLC", "Commodity": "Highly volatile liquids (such as propane or ethane)", "Type": "Transmission", "Status": "In Service", "Diameter (inches)": 24.0}, "geometry": {"type": "LineString", "coordinates": [[-96.145189, 30.753827], [-96.143456, 30.753295], [-96.143076, 30.753436], [-96.142863, 30.753365]]}},
    {"type": "Feature", "properties": {"name": "Highly volatile liquids pipeline", "Operator": "ENTERPRISE PRODUCTS OPERATINGLLC", "Commodity": "Highly volatile liquids (such as propane or ethane)", "Type": "Transmission", "Status": "In Service", "Diameter (inches)": 24.0}, "geometry": {"type": "LineString", "coordinates": [[-96.01759, 30.712556], [-96.016318, 30.711189], [-96.015926, 30.710916], [-96.012212, 30.709682], [-96.010262, 30.708725], [-96.002562, 30.7061]]}},
    {"type": "Feature", "properties": {"name": "Highly volatile liquids pipeline", "Operator": "ENTERPRISE PRODUCTS OPERATINGLLC", "Commodity": "Highly volatile liquids (such as propane or ethane)", "Type": "Transmission", "Status": "In Service", "Diameter (inches)": 24.0}, "geometry": {"type": "LineString", "coordinates": [[-95.85007, 30.655195], [-95.842622, 30.652731]]}},
    {"type": "Feature", "properties": {"name": "Highly volatile liquids pipeline", "Operator": "ENTERPRISE PRODUCTS OPERATINGLLC", "Commodity": "Highly volatile liquids (such as propane or ethane)", "Type": "Transmission", "Status": "In Service", "Diameter (inches)": 24.0}, "geometry": {"type": "LineString", "coordinates": [[-95.850305, 30.655276], [-95.85007, 30.655195]]}},
    {"type": "Feature", "properties": {"name": "Highly volatile liquids pipeline", "Operator": "ENTERPRISE PRODUCTS OPERATINGLLC", "Commodity": "Highly volatile liquids (such as propane or ethane)", "Type": "Transmission", "Status": "In Service", "Diameter (inches)": 24.0}, "geometry": {"type": "LineString", "coordinates": [[-95.850763, 30.655428], [-95.850305, 30.655276]]}},
    {"type": "Feature", "properties": {"name": "Natural gas pipeline", "Operator": "ALLIED OPERATING TEXAS, LLC", "Commodity": "Natural gas", "Type": "Gathering", "Status": "Permit revoked", "Diameter (inches)": 4.5}, "geometry": {"type": "LineString", "coordinates": [[-96.028749, 30.661743], [-96.041434, 30.661681], [-96.040995, 30.660898]]}},
    {"type": "Feature", "properties": {"name": "Natural gas pipeline", "Operator": "ATMOS PIPELINE - TEXAS", "Commodity": "Natural gas", "Type": "Transmission", "Status": "In Service", "Diameter (inches)": 2.38}, "geometry": {"type": "LineString", "coordinates": [[-96.060663, 30.356298], [-96.060692, 30.356305]]}},
    {"type": "Feature", "properties": {"name": "Natural gas pipeline", "Operator": "ATMOS PIPELINE - TEXAS", "Commodity": "Natural gas", "Type": "Transmission", "Status": "In Service", "Diameter (inches)": 4.5}, "geometry": {"type": "LineString", "coordinates": [[-96.060661, 30.356296], [-96.060663, 30.356298]]}},
    {"type": "Feature", "properties": {"name": "Natural gas pipeline", "Operator": "ATMOS PIPELINE - TEXAS", "Commodity": "Natural gas", "Type": "Transmission", "Status": "In Service", "Diameter (inches)": 6.63}, "geometry": {"type": "LineString", "coordinates": [[-96.077057, 30.753214], [-96.077118, 30.753193]]}},
    {"type": "Feature", "properties": {"name": "Natural gas pipeline", "Operator": "ATMOS PIPELINE - TEXAS", "Commodity": "Natural gas", "Type": "Transmission", "Status": "In Service", "Diameter (inches)": 30.0}, "geometry": {"type": "LineString", "coordinates": [[-96.10526, 30.800131], [-96.103615, 30.796771]]}},
    {"type": "Feature", "properties": {"name": "Natural gas pipeline", "Operator": "ATMOS PIPELINE - TEXAS", "Commodity": "Natural gas", "Type": "Transmission", "Status": "In Service", "Diameter (inches)": 8.63}, "geometry": {"type": "LineString", "coordinates": [[-96.028748, 30.662488], [-96.028758, 30.662487]]}},
    {"type": "Feature", "properties": {"name": "Natural gas pipeline", "Operator": "ATMOS PIPELINE - TEXAS", "Commodity": "Natural gas", "Type": "Transmission", "Status": "In Service", "Diameter (inches)": 8.63}, "geometry": {"type": "LineString", "coordinates": [[-96.077003, 30.753231], [-96.077057, 30.753214]]}},
    {"type": "Feature", "properties": {"name": "Natural gas pipeline", "Operator": "ATMOS PIPELINE - TEXAS", "Commodity": "Natural gas", "Type": "Transmission", "Status": "In Service", "Diameter (inches)": 24.0}, "geometry": {"type": "LineString", "coordinates": [[-96.095744, 30.783013], [-96.095527, 30.782982], [-96.095478, 30.783227], [-96.095334, 30.783292]]}},
    {"type": "Feature", "properties": {"name": "Natural gas pipeline", "Operator": "ATMOS PIPELINE - TEXAS", "Commodity": "Natural gas", "Type": "Transmission", "Status": "In Service", "Diameter (inches)": 6.63}, "geometry": {"type": "LineString", "coordinates": [[-96.028758, 30.662487], [-96.02886, 30.662485]]}},
    {"type": "Feature", "properties": {"name": "Natural gas pipeline", "Operator": "ATMOS PIPELINE - TEXAS", "Commodity": "Natural gas", "Type": "Transmission", "Status": "In Service", "Diameter (inches)": 8.63}, "geometry": {"type": "LineString", "coordinates": [[-95.996148, 30.358047], [-96.002264, 30.357882], [-96.003779, 30.358363], [-96.004322, 30.358705], [-96.004691, 30.358114], [-96.005014, 30.357277], [-96.007702, 30.356928], [-96.009686, 30.357491]]}},
    {"type": "Feature", "properties": {"name": "Natural gas pipeline", "Operator": "ATMOS PIPELINE - TEXAS", "Commodity": "Natural gas", "Type": "Transmission", "Status": "In Service", "Diameter (inches)": 8.63}, "geometry": {"type": "LineString", "coordinates": [[-96.057938, 30.358416], [-96.058106, 30.358389], [-96.058747, 30.357807]]}},
    {"type": "Feature", "properties": {"name": "Natural gas pipeline", "Operator": "ATMOS PIPELINE - TEXAS", "Commodity": "Natural gas", "Type": "Transmission", "Status": "In Service", "Diameter (inches)": 4.5}, "geometry": {"type": "LineString", "coordinates": [[-96.074954, 30.348377], [-96.074899, 30.348379]]}},
    {"type": "Feature", "properties": {"name": "Natural gas pipeline", "Operator": "ATMOS PIPELINE - TEXAS", "Commodity": "Natural gas", "Type": "Transmission", "Status": "In Service", "Diameter (inches)": 6.63}, "geometry": {"type": "LineString", "coordinates": [[-96.074899, 30.348379], [-96.074907, 30.348494]]}},
    {"type": "Feature", "properties": {"name": "Natural gas pipeline", "Operator": "ATMOS PIPELINE - TEXAS", "Commodity": "Natural gas", "Type": "Transmission", "Status": "In Service", "Diameter (inches)": 3.5}, "geometry": {"type": "LineString", "coordinates": [[-95.998355, 30.578339], [-95.998373, 30.578398]]}},
    {"type": "Feature", "properties": {"name": "Natural gas pipeline", "Operator": "ATMOS PIPELINE - TEXAS", "Commodity": "Natural gas", "Type": "Transmission", "Status": "In Service", "Diameter (inches)": 8.63}, "geometry": {"type": "LineString", "coordinates": [[-95.998291, 30.578343], [-95.998355, 30.578339]]}},
    {"type": "Feature", "properties": {"name": "Natural gas pipeline", "Operator": "ATMOS PIPELINE - TEXAS", "Commodity": "Natural gas", "Type": "Transmission", "Status": "In Service", "Diameter (inches)": 30.0}, "geometry": {"type": "LineString", "coordinates": [[-96.103615, 30.796771], [-96.101937, 30.793518], [-96.100497, 30.791233], [-96.096152, 30.784909], [-96.095537, 30.78368], [-96.095617, 30.783648], [-96.095528, 30.783465], [-96.09566, 30.783454], [-96.095744, 30.783013]]}},
    {"type": "Feature", "properties": {"name": "Natural gas pipeline", "Operator": "ATMOS PIPELINE - TEXAS", "Commodity": "Natural gas", "Type": "Transmission", "Status": "In Service", "Diameter (inches)": 8.63}, "geometry": {"type": "LineString", "coordinates": [[-96.068607, 30.351183], [-96.074115, 30.348411]]}},
    {"type": "Feature", "properties": {"name": "Natural gas pipeline", "Operator": "ATMOS PIPELINE - TEXAS", "Commodity": "Natural gas", "Type": "Transmission", "Status": "In Service", "Diameter (inches)": 8.63}, "geometry": {"type": "LineString", "coordinates": [[-95.998373, 30.578398], [-95.99847, 30.578393], [-95.99853, 30.578601], [-96.005517, 30.582741], [-96.009993, 30.582581], [-96.01335, 30.581706], [-96.01488, 30.581463], [-96.016342, 30.580653], [-96.017236, 30.579992], [-96.018576, 30.579701], [-96.019035, 30.579497], [-96.019466, 30.579457], [-96.036528, 30.579038], [-96.045781, 30.57861], [-96.056572, 30.578444], [-96.056581, 30.579019], [-96.059533, 30.580424], [-96.061688, 30.580431], [-96.061736, 30.585622], [-96.068517, 30.586558], [-96.070309, 30.58867], [-96.073396, 30.589051], [-96.074605, 30.589261], [-96.075419, 30.588921], [-96.081434, 30.588553], [-96.083814, 30.588024], [-96.092821, 30.586382], [-96.097712, 30.589074], [-96.099137, 30.589631], [-96.09933, 30.590306], [-96.099326, 30.591291], [-96.099213, 30.59138], [-96.09923, 30.592245], [-96.101801, 30.592168], [-96.101802, 30.592884], [-96.104063, 30.593912], [-96.110716, 30.593805], [-96.110856, 30.596177], [-96.113951, 30.59718], [-96.11753, 30.598748], [-96.125796, 30.598282], [-96.130467, 30.598236], [-96.132252, 30.598301], [-96.134943, 30.59447], [-96.134863, 30.590874], [-96.13738, 30.590848], [-96.137327, 30.586667], [-96.137991, 30.586085], [-96.138025, 30.585905], [-96.141873, 30.581347], [-96.154264, 30.579436], [-96.163523, 30.578516], [-96.164105, 30.578804], [-96.170113, 30.577371]]}},
    {"type": "Feature", "properties": {"name": "Natural gas pipeline", "Operator": "ATMOS PIPELINE - TEXAS", "Commodity": "Natural gas", "Type": "Transmission", "Status": "In Service", "Diameter (inches)": 30.0}, "geometry": {"type": "LineString", "coordinates": [[-96.119088, 30.827566], [-96.115673, 30.821268], [-96.10526, 30.800131]]}},
    {"type": "Feature", "properties": {"name": "Natural gas pipeline", "Operator": "ATMOS PIPELINE - TEXAS", "Commodity": "Natural gas", "Type": "Transmission", "Status": "In Service", "Diameter (inches)": 30.0}, "geometry": {"type": "MultiLineString", "coordinates": [[[-96.095334, 30.783292], [-96.093527, 30.779635], [-96.091864, 30.776743], [-96.086066, 30.768613], [-96.0797, 30.759311], [-96.077756, 30.754726], [-96.077003, 30.753231]], [[-96.077003, 30.753231], [-96.076838, 30.752822], [-96.074973, 30.750499], [-96.074676, 30.750334], [-96.073722, 30.749331], [-96.07196, 30.745365], [-96.068482, 30.739416], [-96.066558, 30.736383], [-96.063603, 30.730967], [-96.057376, 30.720755], [-96.053198, 30.713506], [-96.051031, 30.709959], [-96.049138, 30.707067], [-96.047949, 30.704972], [-96.043918, 30.698408], [-96.042318, 30.696162], [-96.040895, 30.693946], [-96.037517, 30.68839], [-96.036057, 30.685373], [-96.03491, 30.682508], [-96.034249, 30.68063], [-96.032048, 30.673644], [-96.028748, 30.662488]], [[-96.028748, 30.662488], [-96.027746, 30.659469], [-96.025436, 30.650267], [-96.024672, 30.647592], [-96.021213, 30.638851], [-96.018817, 30.633795], [-96.018335, 30.632173], [-96.018054, 30.631576], [-96.017746, 30.630629], [-96.017005, 30.629061], [-96.015685, 30.625336], [-96.008828, 30.608205], [-96.005493, 30.599467], [-96.004707, 30.597739], [-96.003862, 30.594835], [-96.000566, 30.585631], [-95.998291, 30.578343]], [[-95.998291, 30.578343], [-95.995968, 30.570609]], [[-95.995968, 30.570609], [-95.995004, 30.566328], [-95.992805, 30.559484], [-95.990298, 30.551325], [-95.988648, 30.546307], [-95.987339, 30.541906], [-95.986039, 30.537147], [-95.983384, 30.529516], [-95.982531, 30.528619], [-95.981042, 30.522854], [-95.980385, 30.519412], [-95.978963, 30.513575], [-95.977572, 30.508988], [-95.976849, 30.50711], [-95.97614, 30.505523], [-95.972902, 30.498842], [-95.972544, 30.497756], [-95.971581, 30.495705], [-95.970846, 30.492743]], [[-95.970846, 30.492743], [-95.969958, 30.489276], [-95.968921, 30.484683], [-95.967296, 30.479724], [-95.965363, 30.472605], [-95.964571, 30.470429], [-95.963881, 30.468808], [-95.960437, 30.459088], [-95.958435, 30.452934], [-95.956726, 30.445923], [-95.956139, 30.442654], [-95.955758, 30.436103], [-95.955292, 30.433018], [-95.949842, 30.410072], [-95.949075, 30.405772], [-95.949031, 30.3901], [-95.948664, 30.388089], [-95.945473, 30.379176], [-95.943955, 30.375198], [-95.941014, 30.367044], [-95.940348, 30.364655], [-95.940019, 30.362356]], [[-95.940019, 30.362356], [-95.937221, 30.349843], [-95.936242, 30.346001], [-95.935288, 30.340905], [-95.933904, 30.336484], [-95.933219, 30.333254], [-95.932804, 30.331724], [-95.929912, 30.316364], [-95.927809, 30.306553], [-95.925658, 30.300949], [-95.925312, 30.300226]]]}},
    {"type": "Feature", "properties": {"name": "Natural gas pipeline", "Operator": "ATMOS PIPELINE - TEXAS", "Commodity": "Natural gas", "Type": "Transmission", "Status": "In Service", "Diameter (inches)": 8.63}, "geometry": {"type": "LineString", "coordinates": [[-96.060863, 30.355842], [-96.060858, 30.355426], [-96.061839, 30.355272], [-96.062586, 30.35526], [-96.06324, 30.354681], [-96.06496, 30.352758], [-96.068607, 30.351183]]}},
    {"type": "Feature", "properties": {"name": "Natural gas pipeline", "Operator": "ATMOS PIPELINE - TEXAS", "Commodity": "Natural gas", "Type": "Transmission", "Status": "In Service", "Diameter (inches)": 8.63}, "geometry": {"type": "LineString", "coordinates": [[-96.074115, 30.348411], [-96.074954, 30.348377]]}},
    {"type": "Feature", "properties": {"name": "Natural gas pipeline", "Operator": "ATMOS PIPELINE - TEXAS", "Commodity": "Natural gas", "Type": "Transmission", "Status": "In Service", "Diameter (inches)": 8.63}, "geometry": {"type": "MultiLineString", "coordinates": [[[-96.058747, 30.357807], [-96.0606, 30.356346]], [[-96.0606, 30.356346], [-96.060661, 30.356296]], [[-96.060661, 30.356296], [-96.060866, 30.356112], [-96.060863, 30.355842]]]}},
    {"type": "Feature", "properties": {"name": "Natural gas pipeline", "Operator": "ATMOS PIPELINE - TEXAS", "Commodity": "Natural gas", "Type": "Transmission", "Status": "In Service", "Diameter (inches)": 4.5}, "geometry": {"type": "LineString", "coordinates": [[-96.074047, 30.365878], [-96.074125, 30.36594]]}},
    {"type": "Feature", "properties": {"name": "Natural gas pipeline", "Operator": "ATMOS PIPELINE - TEXAS", "Commodity": "Natural gas", "Type": "Transmission", "Status": "In Service", "Diameter (inches)": 4.5}, "geometry": {"type": "LineString", "coordinates": [[-96.0606, 30.356346], [-96.060769, 30.356408]]}},
    {"type": "Feature", "properties": {"name": "Natural gas pipeline", "Operator": "ATMOS PIPELINE - TEXAS", "Commodity": "Natural gas", "Type": "Transmission", "Status": "In Service", "Diameter (inches)": 6.63}, "geometry": {"type": "MultiLineString", "coordinates": [[[-96.074043, 30.365874], [-96.074047, 30.365878]], [[-96.074, 30.365848], [-96.074043, 30.365874]], [[-96.063019, 30.358295], [-96.065948, 30.360466], [-96.069936, 30.362758], [-96.074, 30.365848]]]}},
    {"type": "Feature", "properties": {"name": "Natural gas pipeline", "Operator": "ATMOS PIPELINE - TEXAS", "Commodity": "Natural gas", "Type": "Transmission", "Status": "In Service", "Diameter (inches)": 6.63}, "geometry": {"type": "LineString", "coordinates": [[-96.060769, 30.356408], [-96.061022, 30.356739], [-96.063019, 30.358295]]}},
    {"type": "Feature", "properties": {"name": "Natural gas pipeline", "Operator": "ATMOS PIPELINE - TEXAS", "Commodity": "Natural gas", "Type": "Transmission", "Status": "In Service", "Diameter (inches)": 8.63}, "geometry": {"type": "MultiLineString", "coordinates": [[[-95.940138, 30.362359], [-95.94185, 30.362545], [-95.943405, 30.362509], [-95.944942, 30.362379], [-95.94595, 30.362025], [-95.947047, 30.361745], [-95.948131, 30.361242], [-95.950343, 30.360465], [-95.951975, 30.359947], [-95.953217, 30.359652], [-95.955323, 30.359589], [-95.958331, 30.359702], [-95.95929, 30.359933], [-95.96004, 30.359886], [-95.96053, 30.359695], [-95.962461, 30.359218], [-95.964026, 30.358452], [-95.967495, 30.356575], [-95.969408, 30.355777], [-95.970969, 30.356392], [-95.972879, 30.357575], [-95.974701, 30.358257], [-95.975996, 30.358168], [-95.98945, 30.358186], [-95.996148, 30.358047]], [[-95.940119, 30.362362], [-95.940138, 30.362359]]]}},
    {"type": "Feature", "properties": {"name": "Natural gas pipeline", "Operator": "ATMOS PIPELINE - TEXAS", "Commodity": "Natural gas", "Type": "Transmission", "Status": "In Service", "Diameter (inches)": 6.63}, "geometry": {"type": "LineString", "coordinates": [[-95.921673, 30.275046], [-95.921514, 30.275055]]}},
    {"type": "Feature", "properties": {"name": "Natural gas pipeline", "Operator": "ATMOS PIPELINE - TEXAS", "Commodity": "Natural gas", "Type": "Transmission", "Status": "In Service", "Diameter (inches)": 3.5}, "geometry": {"type": "MultiLineString", "coordinates": [[[-95.940138, 30.362359], [-95.940148, 30.362413]], [[-95.940119, 30.362348], [-95.940138, 30.362359]], [[-95.940106, 30.362347], [-95.940106, 30.362349], [-95.940119, 30.362348]]]}},
    {"type": "Feature", "properties": {"name": "Natural gas pipeline", "Operator": "ATMOS PIPELINE - TEXAS", "Commodity": "Natural gas", "Type": "Transmission", "Status": "In Service", "Diameter (inches)": 3.5}, "geometry": {"type": "LineString", "coordinates": [[-95.940151, 30.362429], [-95.940154, 30.362454]]}},
    {"type": "Feature", "properties": {"name": "Natural gas pipeline", "Operator": "ATMOS PIPELINE - TEXAS", "Commodity": "Natural gas", "Type": "Transmission", "Status": "In Service", "Diameter (inches)": 3.5}, "geometry": {"type": "LineString", "coordinates": [[-95.940116, 30.362473], [-95.94015, 30.362469]]}},
    {"type": "Feature", "properties": {"name": "Natural gas pipeline", "Operator": "ATMOS PIPELINE - TEXAS", "Commodity": "Natural gas", "Type": "Transmission", "Status": "In Service", "Diameter (inches)": 4.5}, "geometry": {"type": "MultiLineString", "coordinates": [[[-95.940119, 30.362348], [-95.940119, 30.362362]], [[-95.940019, 30.362356], [-95.940105, 30.36234]], [[-95.940105, 30.36234], [-95.940119, 30.362348]]]}},
    {"type": "Feature", "properties": {"name": "Natural gas pipeline", "Operator": "ATMOS PIPELINE - TEXAS", "Commodity": "Natural gas", "Type": "Transmission", "Status": "In Service", "Diameter (inches)": 8.63}, "geometry": {"type": "LineString", "coordinates": [[-96.009686, 30.357491], [-96.018267, 30.359981], [-96.020706, 30.360448], [-96.03061, 30.36154], [-96.032283, 30.361523], [-96.040266, 30.360462], [-96.041261, 30.360271], [-96.044538, 30.359384], [-96.055526, 30.358766], [-96.057938, 30.358416]]}},
    {"type": "Feature", "properties": {"name": "Natural gas pipeline", "Operator": "ATMOS PIPELINE - TEXAS", "Commodity": "Natural gas", "Type": "Transmission", "Status": "In Service", "Diameter (inches)": 30.0}, "geometry": {"type": "MultiLineString", "coordinates": [[[-95.925312, 30.300226], [-95.924263, 30.297906], [-95.923072, 30.294507], [-95.922472, 30.277415], [-95.921673, 30.275046]], [[-95.921673, 30.275046], [-95.916752, 30.260706], [-95.9131, 30.243044], [-95.912518, 30.239031]]]}},
    {"type": "Feature", "properties": {"name": "Natural gas pipeline", "Operator": "ATMOS PIPELINE - TEXAS", "Commodity": "Natural gas", "Type": "Transmission", "Status": "In Service", "Diameter (inches)": 4.5}, "geometry": {"type": "LineString", "coordinates": [[-96.074043, 30.365874], [-96.074036, 30.365881]]}},
    {"type": "Feature", "properties": {"name": "Natural gas pipeline", "Operator": "ATMOS PIPELINE - TEXAS", "Commodity": "Natural gas", "Type": "Transmission", "Status": "In Service", "Diameter (inches)": 4.5}, "geometry": {"type": "LineString", "coordinates": [[-96.074007, 30.365854], [-96.074036, 30.365881]]}},
    {"type": "Feature", "properties": {"name": "Natural gas pipeline", "Operator": "ATMOS PIPELINE - TEXAS", "Commodity": "Natural gas", "Type": "Transmission", "Status": "In Service", "Diameter (inches)": 6.63}, "geometry": {"type": "LineString", "coordinates": [[-96.074, 30.365848], [-96.074007, 30.365854]]}},
    {"type": "Feature", "properties": {"name": "Natural gas pipeline", "Operator": "ATMOS PIPELINE - TEXAS", "Commodity": "Natural gas", "Type": "Transmission", "Status": "In Service", "Diameter (inches)": 2.38}, "geometry": {"type": "LineString", "coordinates": [[-95.940105, 30.36234], [-95.940106, 30.362347]]}},
    {"type": "Feature", "properties": {"name": "Natural gas pipeline", "Operator": "ATMOS PIPELINE - TEXAS", "Commodity": "Natural gas", "Type": "Transmission", "Status": "In Service", "Diameter (inches)": 2.38}, "geometry": {"type": "LineString", "coordinates": [[-95.940148, 30.362413], [-95.940151, 30.362429]]}},
    {"type": "Feature", "properties": {"name": "Natural gas pipeline", "Operator": "ATMOS PIPELINE - TEXAS", "Commodity": "Natural gas", "Type": "Transmission", "Status": "In Service", "Diameter (inches)": 2.38}, "geometry": {"type": "LineString", "coordinates": [[-95.940154, 30.362454], [-95.940116, 30.362473]]}},
    {"type": "Feature", "properties": {"name": "Natural gas pipeline", "Operator": "ATMOS PIPELINE - TEXAS", "Commodity": "Natural gas", "Type": "Transmission", "Status": "In Service", "Diameter (inches)": 2.38}, "geometry": {"type": "LineString", "coordinates": [[-95.94015, 30.362469], [-95.940112, 30.362479]]}},
    {"type": "Feature", "properties": {"name": "Natural gas pipeline", "Operator": "ATMOS PIPELINE - TEXAS", "Commodity": "Natural gas", "Type": "Transmission", "Status": "Abandoned", "Diameter (inches)": 8.63}, "geometry": {"type": "LineString", "coordinates": [[-95.995968, 30.570609], [-95.995962, 30.570605]]}},
    {"type": "Feature", "properties": {"name": "Natural gas pipeline", "Operator": "ATMOS PIPELINE - TEXAS", "Commodity": "Natural gas", "Type": "Transmission", "Status": "Abandoned", "Diameter (inches)": 12.75}, "geometry": {"type": "LineString", "coordinates": [[-95.970846, 30.492743], [-95.970825, 30.492749]]}},
    {"type": "Feature", "properties": {"name": "Natural gas pipeline", "Operator": "COPANO FLD SER/UP GULF COAST LLC", "Commodity": "Natural gas", "Type": "Gathering", "Status": "In Service", "Diameter (inches)": 3.5}, "geometry": {"type": "LineString", "coordinates": [[-96.004577, 30.758543], [-96.004567, 30.758602]]}},
    {"type": "Feature", "properties": {"name": "Natural gas pipeline", "Operator": "COPANO FLD SER/UP GULF COAST LLC", "Commodity": "Natural gas", "Type": "Gathering", "Status": "In Service", "Diameter (inches)": 6.63}, "geometry": {"type": "LineString", "coordinates": [[-96.078294, 30.752968], [-96.077064, 30.752948], [-96.077044, 30.753178]]}},
    {"type": "Feature", "properties": {"name": "Natural gas pipeline", "Operator": "COPANO FLD SER/UP GULF COAST LLC", "Commodity": "Natural gas", "Type": "Gathering", "Status": "In Service", "Diameter (inches)": 12.75}, "geometry": {"type": "LineString", "coordinates": [[-96.068947, 30.758001], [-96.071314, 30.756478], [-96.072209, 30.755987]]}},
    {"type": "Feature", "properties": {"name": "Natural gas pipeline", "Operator": "COPANO FLD SER/UP GULF COAST LLC", "Commodity": "Natural gas", "Type": "Gathering", "Status": "In Service", "Diameter (inches)": 12.75}, "geometry": {"type": "MultiLineString", "coordinates": [[[-96.072209, 30.755987], [-96.075564, 30.754148], [-96.075974, 30.754178], [-96.076734, 30.753408], [-96.07681, 30.753183]], [[-96.07681, 30.753183], [-96.076914, 30.752878], [-96.078112, 30.752896]]]}},
    {"type": "Feature", "properties": {"name": "Natural gas pipeline", "Operator": "COPANO FLD SER/UP GULF COAST LLC", "Commodity": "Natural gas", "Type": "Gathering", "Status": "In Service", "Diameter (inches)": 12.75}, "geometry": {"type": "LineString", "coordinates": [[-96.063697, 30.759819], [-96.064894, 30.759308], [-96.066594, 30.759088], [-96.067264, 30.759088], [-96.068947, 30.758001]]}},
    {"type": "Feature", "properties": {"name": "Natural gas pipeline", "Operator": "COPANO FLD SER/UP GULF COAST LLC", "Commodity": "Natural gas", "Type": "Gathering", "Status": "In Service", "Diameter (inches)": 8.63}, "geometry": {"type": "LineString", "coordinates": [[-96.088724, 30.818628], [-96.088734, 30.818537], [-96.084834, 30.817938], [-96.082134, 30.817628], [-96.076644, 30.816868], [-96.078604, 30.806468], [-96.078624, 30.805928], [-96.079994, 30.797868], [-96.080114, 30.796518], [-96.080054, 30.794978], [-96.080124, 30.794838], [-96.083874, 30.790658], [-96.084864, 30.790358], [-96.085954, 30.789728], [-96.087304, 30.788238], [-96.087954, 30.787918], [-96.090544, 30.787238], [-96.090734, 30.787228], [-96.090954, 30.787308], [-96.091334, 30.787568]]}},
    {"type": "Feature", "properties": {"name": "Natural gas pipeline", "Operator": "COPANO FLD SER/UP GULF COAST LLC", "Commodity": "Natural gas", "Type": "Gathering", "Status": "In Service", "Diameter (inches)": 6.63}, "geometry": {"type": "LineString", "coordinates": [[-96.022554, 30.813778], [-96.022524, 30.813828], [-96.022274, 30.813808], [-96.022364, 30.812868], [-96.022574, 30.811958], [-96.023044, 30.806938], [-96.022994, 30.805638], [-96.023784, 30.805098], [-96.024604, 30.804258], [-96.024894, 30.804248], [-96.025564, 30.800728], [-96.025604, 30.800178], [-96.026594, 30.794498]]}},
    {"type": "Feature", "properties": {"name": "Natural gas pipeline", "Operator": "COPANO FLD SER/UP GULF COAST LLC", "Commodity": "Natural gas", "Type": "Gathering", "Status": "In Service", "Diameter (inches)": 8.63}, "geometry": {"type": "MultiLineString", "coordinates": [[[-96.02041, 30.77912], [-96.019004, 30.778928], [-96.019334, 30.777728], [-96.020654, 30.771268], [-96.020944, 30.768688], [-96.020824, 30.764468], [-96.020297, 30.760855]], [[-96.020297, 30.760855], [-96.020264, 30.760628], [-96.020854, 30.759458]]]}},
    {"type": "Feature", "properties": {"name": "Natural gas pipeline", "Operator": "COPANO FLD SER/UP GULF COAST LLC", "Commodity": "Natural gas", "Type": "Gathering", "Status": "In Service", "Diameter (inches)": 4.5}, "geometry": {"type": "LineString", "coordinates": [[-96.034814, 30.798538], [-96.032644, 30.798118], [-96.030984, 30.797638], [-96.026594, 30.794498]]}},
    {"type": "Feature", "properties": {"name": "Natural gas pipeline", "Operator": "COPANO FLD SER/UP GULF COAST LLC", "Commodity": "Natural gas", "Type": "Gathering", "Status": "In Service", "Diameter (inches)": 8.63}, "geometry": {"type": "MultiLineString", "coordinates": [[[-96.104314, 30.780907], [-96.103494, 30.780578], [-96.102134, 30.780638], [-96.099214, 30.779878], [-96.097424, 30.778858], [-96.095554, 30.779648], [-96.095674, 30.782418]], [[-96.106824, 30.781918], [-96.105514, 30.781558], [-96.105214, 30.781268], [-96.104314, 30.780907]]]}},
    {"type": "Feature", "properties": {"name": "Natural gas pipeline", "Operator": "COPANO FLD SER/UP GULF COAST LLC", "Commodity": "Natural gas", "Type": "Gathering", "Status": "In Service", "Diameter (inches)": 8.63}, "geometry": {"type": "LineString", "coordinates": [[-96.026594, 30.794498], [-96.026674, 30.794178], [-96.025254, 30.793908], [-96.025734, 30.791868], [-96.023864, 30.788718], [-96.023364, 30.786388], [-96.023314, 30.784758], [-96.023424, 30.782788], [-96.020834, 30.781418], [-96.021284, 30.779228], [-96.02041, 30.77912]]}},
    {"type": "Feature", "properties": {"name": "Natural gas pipeline", "Operator": "COPANO FLD SER/UP GULF COAST LLC", "Commodity": "Natural gas", "Type": "Gathering", "Status": "In Service", "Diameter (inches)": 4.5}, "geometry": {"type": "LineString", "coordinates": [[-96.107464, 30.791208], [-96.107304, 30.792498], [-96.104444, 30.792148], [-96.105724, 30.787698], [-96.105474, 30.787138], [-96.105004, 30.786518], [-96.106824, 30.781918]]}},
    {"type": "Feature", "properties": {"name": "Natural gas pipeline", "Operator": "COPANO FLD SER/UP GULF COAST LLC", "Commodity": "Natural gas", "Type": "Gathering", "Status": "In Service", "Diameter (inches)": 3.5}, "geometry": {"type": "LineString", "coordinates": [[-96.065824, 30.776998], [-96.065213, 30.775443], [-96.06602, 30.773291], [-96.066888, 30.773556], [-96.067684, 30.771639], [-96.065663, 30.770993], [-96.066966, 30.767648], [-96.062555, 30.766317], [-96.062415, 30.764722], [-96.061919, 30.763676], [-96.061673, 30.761734], [-96.062152, 30.760553], [-96.062094, 30.760348]]}},
    {"type": "Feature", "properties": {"name": "Natural gas pipeline", "Operator": "COPANO FLD SER/UP GULF COAST LLC", "Commodity": "Natural gas", "Type": "Gathering", "Status": "In Service", "Diameter (inches)": 6.63}, "geometry": {"type": "LineString", "coordinates": [[-96.063554, 30.789098], [-96.065824, 30.776998]]}},
    {"type": "Feature", "properties": {"name": "Natural gas pipeline", "Operator": "COPANO FLD SER/UP GULF COAST LLC", "Commodity": "Natural gas", "Type": "Gathering", "Status": "In Service", "Diameter (inches)": 8.63}, "geometry": {"type": "LineString", "coordinates": [[-96.048764, 30.698048], [-96.047444, 30.701118], [-96.047964, 30.704728], [-96.047634, 30.705498], [-96.047104, 30.705868], [-96.047564, 30.708008], [-96.048294, 30.709098], [-96.049144, 30.710568], [-96.049744, 30.712028], [-96.050024, 30.714138], [-96.048914, 30.719088], [-96.049184, 30.720168], [-96.049104, 30.721088], [-96.048164, 30.722198], [-96.048034, 30.723238], [-96.047574, 30.724318], [-96.046414, 30.725648], [-96.046284, 30.726638], [-96.04666, 30.727065]]}},
    {"type": "Feature", "properties": {"name": "Natural gas pipeline", "Operator": "COPANO FLD SER/UP GULF COAST LLC", "Commodity": "Natural gas", "Type": "Gathering", "Status": "In Service", "Diameter (inches)": 8.63}, "geometry": {"type": "LineString", "coordinates": [[-96.04666, 30.727065], [-96.047104, 30.727568], [-96.047364, 30.728028], [-96.046214, 30.732038], [-96.045724, 30.732928], [-96.045824, 30.733478], [-96.046124, 30.734188], [-96.046374, 30.734518], [-96.046804, 30.734748], [-96.047854, 30.735128], [-96.047184, 30.737018], [-96.045439, 30.738025]]}},
    {"type": "Feature", "properties": {"name": "Natural gas pipeline", "Operator": "COPANO FLD SER/UP GULF COAST LLC", "Commodity": "Natural gas", "Type": "Gathering", "Status": "In Service", "Diameter (inches)": 8.63}, "geometry": {"type": "MultiLineString", "coordinates": [[[-96.040734, 30.741538], [-96.037824, 30.740548], [-96.037784, 30.740628]], [[-96.042715, 30.740002], [-96.041234, 30.740868], [-96.040854, 30.741278], [-96.040734, 30.741538]]]}},
    {"type": "Feature", "properties": {"name": "Natural gas pipeline", "Operator": "COPANO FLD SER/UP GULF COAST LLC", "Commodity": "Natural gas", "Type": "Gathering", "Status": "In Service", "Diameter (inches)": 4.5}, "geometry": {"type": "LineString", "coordinates": [[-95.987064, 30.767628], [-95.987464, 30.766828], [-95.987544, 30.766488], [-95.987214, 30.763958], [-95.987204, 30.763188], [-95.987364, 30.761538], [-95.987674, 30.759568], [-95.988524, 30.756528]]}},
    {"type": "Feature", "properties": {"name": "Natural gas pipeline", "Operator": "COPANO FLD SER/UP GULF COAST LLC", "Commodity": "Natural gas", "Type": "Gathering", "Status": "In Service", "Diameter (inches)": 4.5}, "geometry": {"type": "LineString", "coordinates": [[-96.107394, 30.745778], [-96.103324, 30.743878], [-96.100874, 30.743178], [-96.099794, 30.742978], [-96.099024, 30.743118], [-96.097854, 30.742358], [-96.097014, 30.742178], [-96.095014, 30.741408], [-96.094124, 30.740858], [-96.094014, 30.740278], [-96.094014, 30.739748], [-96.094284, 30.738618], [-96.094424, 30.738408], [-96.094864, 30.736998]]}},
    {"type": "Feature", "properties": {"name": "Natural gas pipeline", "Operator": "COPANO FLD SER/UP GULF COAST LLC", "Commodity": "Natural gas", "Type": "Gathering", "Status": "In Service", "Diameter (inches)": 8.63}, "geometry": {"type": "LineString", "coordinates": [[-96.045439, 30.738025], [-96.044414, 30.738608], [-96.044014, 30.739248], [-96.043854, 30.739368], [-96.042715, 30.740002]]}},
    {"type": "Feature", "properties": {"name": "Natural gas pipeline", "Operator": "COPANO FLD SER/UP GULF COAST LLC", "Commodity": "Natural gas", "Type": "Gathering", "Status": "In Service", "Diameter (inches)": 12.75}, "geometry": {"type": "LineString", "coordinates": [[-96.020854, 30.759458], [-96.027584, 30.761538], [-96.027644, 30.761748]]}},
    {"type": "Feature", "properties": {"name": "Natural gas pipeline", "Operator": "COPANO FLD SER/UP GULF COAST LLC", "Commodity": "Natural gas", "Type": "Gathering", "Status": "In Service", "Diameter (inches)": 4.5}, "geometry": {"type": "LineString", "coordinates": [[-96.073394, 30.733138], [-96.075344, 30.734108], [-96.078254, 30.736948], [-96.081174, 30.738048], [-96.081524, 30.738268], [-96.082461, 30.738587]]}},
    {"type": "Feature", "properties": {"name": "Natural gas pipeline", "Operator": "COPANO FLD SER/UP GULF COAST LLC", "Commodity": "Natural gas", "Type": "Gathering", "Status": "In Service", "Diameter (inches)": 4.5}, "geometry": {"type": "MultiLineString", "coordinates": [[[-96.104314, 30.780907], [-96.104314, 30.780908]], [[-96.113947, 30.772902], [-96.109364, 30.774548], [-96.107534, 30.777758], [-96.107164, 30.778048], [-96.106944, 30.778508], [-96.104964, 30.780088], [-96.104504, 30.780558], [-96.104314, 30.780907]], [[-96.121364, 30.772447], [-96.120884, 30.772307], [-96.120564, 30.772407], [-96.119684, 30.772238], [-96.117804, 30.772138], [-96.113947, 30.772902]]]}},
    {"type": "Feature", "properties": {"name": "Natural gas pipeline", "Operator": "COPANO FLD SER/UP GULF COAST LLC", "Commodity": "Natural gas", "Type": "Gathering", "Status": "In Service", "Diameter (inches)": 4.5}, "geometry": {"type": "MultiLineString", "coordinates": [[[-96.113947, 30.772902], [-96.113944, 30.772908]], [[-96.132874, 30.746077], [-96.132714, 30.746037], [-96.132334, 30.747037], [-96.132064, 30.748237], [-96.132074, 30.748937], [-96.131994, 30.749447], [-96.131654, 30.750607], [-96.130794, 30.752367], [-96.129714, 30.753967], [-96.129254, 30.754267], [-96.128014, 30.754887], [-96.127104, 30.755268], [-96.125494, 30.755768], [-96.125264, 30.755798], [-96.121784, 30.755548], [-96.120984, 30.756068], [-96.119764, 30.757018], [-96.119694, 30.757128], [-96.119364, 30.759778], [-96.117854, 30.763138], [-96.118294, 30.764148], [-96.118284, 30.764608], [-96.115484, 30.769418], [-96.113947, 30.772902]]]}},
    {"type": "Feature", "properties": {"name": "Natural gas pipeline", "Operator": "COPANO FLD SER/UP GULF COAST LLC", "Commodity": "Natural gas", "Type": "Gathering", "Status": "In Service", "Diameter (inches)": 4.5}, "geometry": {"type": "LineString", "coordinates": [[-96.050204, 30.742028], [-96.048154, 30.741568], [-96.040734, 30.741538]]}},
    {"type": "Feature", "properties": {"name": "Natural gas pipeline", "Operator": "COPANO FLD SER/UP GULF COAST LLC", "Commodity": "Natural gas", "Type": "Gathering", "Status": "In Service", "Diameter (inches)": 8.63}, "geometry": {"type": "LineString", "coordinates": [[-96.094864, 30.736998], [-96.092974, 30.736248], [-96.086944, 30.736458], [-96.086284, 30.736568], [-96.085214, 30.736628], [-96.083454, 30.737738], [-96.082394, 30.738558]]}},
    {"type": "Feature", "properties": {"name": "Natural gas pipeline", "Operator": "COPANO FLD SER/UP GULF COAST LLC", "Commodity": "Natural gas", "Type": "Gathering", "Status": "In Service", "Diameter (inches)": 12.75}, "geometry": {"type": "MultiLineString", "coordinates": [[[-96.020297, 30.760855], [-96.027574, 30.761748], [-96.028264, 30.762048], [-96.029464, 30.763298], [-96.030394, 30.764028], [-96.031744, 30.764798], [-96.032364, 30.764998], [-96.034414, 30.766228], [-96.035204, 30.766288], [-96.037704, 30.767028], [-96.038664, 30.767168], [-96.042514, 30.767198], [-96.045724, 30.766028], [-96.062094, 30.760348]], [[-95.988544, 30.756628], [-95.998604, 30.757928], [-96.000044, 30.757638], [-96.003084, 30.758468], [-96.013114, 30.759768], [-96.013724, 30.759948], [-96.016164, 30.760368], [-96.020297, 30.760855]], [[-96.062094, 30.760348], [-96.063697, 30.759819]]]}},
    {"type": "Feature", "properties": {"name": "Natural gas pipeline", "Operator": "COPANO FLD SER/UP GULF COAST LLC", "Commodity": "Natural gas", "Type": "Gathering", "Status": "In Service", "Diameter (inches)": 12.75}, "geometry": {"type": "LineString", "coordinates": [[-96.082461, 30.738587], [-96.081864, 30.741568], [-96.082084, 30.742128], [-96.082044, 30.742558], [-96.081584, 30.742878], [-96.081194, 30.745298], [-96.082324, 30.748248], [-96.082004, 30.749838], [-96.078264, 30.752738], [-96.077024, 30.752728], [-96.077024, 30.752808]]}},
    {"type": "Feature", "properties": {"name": "Natural gas pipeline", "Operator": "COPANO FLD SER/UP GULF COAST LLC", "Commodity": "Natural gas", "Type": "Gathering", "Status": "In Service", "Diameter (inches)": 8.63}, "geometry": {"type": "MultiLineString", "coordinates": [[[-96.095674, 30.782418], [-96.094644, 30.781148], [-96.091874, 30.776408], [-96.087844, 30.770798], [-96.086094, 30.768488], [-96.080074, 30.759368], [-96.079374, 30.758008], [-96.077724, 30.754388], [-96.077194, 30.753408], [-96.077054, 30.753238], [-96.07681, 30.753183]], [[-96.07681, 30.753183], [-96.076744, 30.753168]]]}},
    {"type": "Feature", "properties": {"name": "Natural gas pipeline", "Operator": "COPANO FLD SER/UP GULF COAST LLC", "Commodity": "Natural gas", "Type": "Gathering", "Status": "In Service", "Diameter (inches)": 8.63}, "geometry": {"type": "MultiLineString", "coordinates": [[[-96.092844, 30.797058], [-96.088944, 30.794988], [-96.089194, 30.792758], [-96.089094, 30.791618], [-96.090794, 30.788298], [-96.091334, 30.787568]], [[-96.091334, 30.787568], [-96.091544, 30.787258], [-96.090974, 30.786568], [-96.089774, 30.785348], [-96.089784, 30.785018], [-96.091084, 30.783858], [-96.093264, 30.783908], [-96.094144, 30.783498], [-96.095424, 30.783468], [-96.095464, 30.782998], [-96.095674, 30.782418]]]}},
    {"type": "Feature", "properties": {"name": "Natural gas pipeline", "Operator": "COPANO PIPELINES/UP GLFCOAST LLC", "Commodity": "Natural gas", "Type": "Gathering", "Status": "In Service", "Diameter (inches)": 4.5}, "geometry": {"type": "LineString", "coordinates": [[-96.117892, 30.765312], [-96.117637, 30.765223]]}},
    {"type": "Feature", "properties": {"name": "Natural gas pipeline", "Operator": "COPANO PIPELINES/UP GLFCOAST LLC", "Commodity": "Natural gas", "Type": "Gathering", "Status": "In Service", "Diameter (inches)": 6.63}, "geometry": {"type": "LineString", "coordinates": [[-95.959738, 30.757186], [-95.964764, 30.756591], [-95.968479, 30.756045], [-95.976081, 30.75508], [-95.979109, 30.75541], [-95.988529, 30.756617]]}},
    {"type": "Feature", "properties": {"name": "Natural gas pipeline", "Operator": "COPANO PIPELINES/UP GLFCOAST LLC", "Commodity": "Natural gas", "Type": "Gathering", "Status": "In Service", "Diameter (inches)": 12.75}, "geometry": {"type": "LineString", "coordinates": [[-96.027646, 30.761744], [-96.028302, 30.762013], [-96.029492, 30.763257], [-96.030429, 30.763992], [-96.031767, 30.764742], [-96.03238, 30.764941], [-96.03442, 30.766163], [-96.035211, 30.766241], [-96.037698, 30.766987], [-96.038665, 30.767133], [-96.042499, 30.767154], [-96.063652, 30.759758]]}},
    {"type": "Feature", "properties": {"name": "Natural gas pipeline", "Operator": "COPANO PIPELINES/UP GLFCOAST LLC", "Commodity": "Natural gas", "Type": "Gathering", "Status": "In Service", "Diameter (inches)": 12.75}, "geometry": {"type": "LineString", "coordinates": [[-96.07215, 30.755947], [-96.075534, 30.754098], [-96.075959, 30.754127], [-96.076668, 30.753375], [-96.076863, 30.752803], [-96.078291, 30.752821]]}},
    {"type": "Feature", "properties": {"name": "Natural gas pipeline", "Operator": "COPANO PIPELINES/UP GLFCOAST LLC", "Commodity": "Natural gas", "Type": "Gathering", "Status": "In Service", "Diameter (inches)": 6.63}, "geometry": {"type": "LineString", "coordinates": [[-95.849027, 30.763339], [-95.860685, 30.765172], [-95.863003, 30.765158], [-95.863793, 30.765284], [-95.86565, 30.765345], [-95.871843, 30.766226], [-95.87433, 30.766336], [-95.87521, 30.766685], [-95.875821, 30.766795], [-95.876738, 30.766755], [-95.886685, 30.764989], [-95.900607, 30.767063], [-95.906317, 30.765553], [-95.915253, 30.763054], [-95.932291, 30.753304], [-95.93262, 30.753284], [-95.934222, 30.753517]]}},
    {"type": "Feature", "properties": {"name": "Natural gas pipeline", "Operator": "COPANO PIPELINES/UP GLFCOAST LLC", "Commodity": "Natural gas", "Type": "Gathering", "Status": "In Service", "Diameter (inches)": 12.75}, "geometry": {"type": "LineString", "coordinates": [[-96.063652, 30.759758], [-96.064855, 30.759245], [-96.067248, 30.759012], [-96.068864, 30.757974]]}},
    {"type": "Feature", "properties": {"name": "Natural gas pipeline", "Operator": "COPANO PIPELINES/UP GLFCOAST LLC", "Commodity": "Natural gas", "Type": "Gathering", "Status": "In Service", "Diameter (inches)": 4.5}, "geometry": {"type": "MultiLineString", "coordinates": [[[-96.004611, 30.758607], [-96.004601, 30.758665]], [[-96.004621, 30.758549], [-96.004611, 30.758607]]]}},
    {"type": "Feature", "properties": {"name": "Natural gas pipeline", "Operator": "COPANO PIPELINES/UP GLFCOAST LLC", "Commodity": "Natural gas", "Type": "Gathering", "Status": "In Service", "Diameter (inches)": 6.63}, "geometry": {"type": "LineString", "coordinates": [[-95.934222, 30.753517], [-95.951303, 30.755919], [-95.952839, 30.756181], [-95.95362, 30.756549], [-95.954526, 30.75674], [-95.956605, 30.756799], [-95.959738, 30.757186]]}},
    {"type": "Feature", "properties": {"name": "Natural gas pipeline", "Operator": "COPANO PIPELINES/UP GLFCOAST LLC", "Commodity": "Natural gas", "Type": "Gathering", "Status": "In Service", "Diameter (inches)": 6.63}, "geometry": {"type": "MultiLineString", "coordinates": [[[-96.004611, 30.758607], [-96.013115, 30.759715], [-96.013716, 30.759902], [-96.016266, 30.760342], [-96.020304, 30.760793], [-96.027646, 30.761744]], [[-95.988575, 30.756534], [-95.9986, 30.757862], [-96.000049, 30.757574], [-96.003095, 30.758415], [-96.004611, 30.758607]]]}},
    {"type": "Feature", "properties": {"name": "Natural gas pipeline", "Operator": "COPANO PIPELINES/UP GLFCOAST LLC", "Commodity": "Natural gas", "Type": "Gathering", "Status": "In Service", "Diameter (inches)": 12.75}, "geometry": {"type": "LineString", "coordinates": [[-96.068864, 30.757974], [-96.071296, 30.756409], [-96.07215, 30.755947]]}},
    {"type": "Feature", "properties": {"name": "Natural gas pipeline", "Operator": "DCP OPERATING COMPANY, LP", "Commodity": "Natural gas", "Type": "Gathering", "Status": "In Service", "Diameter (inches)": 8.63}, "geometry": {"type": "MultiLineString", "coordinates": [[[-95.897165, 30.550765], [-95.896625, 30.549579]], [[-95.897235, 30.550761], [-95.897165, 30.550765]], [[-95.896625, 30.549579], [-95.894247, 30.549799], [-95.893909, 30.549459], [-95.893029, 30.549027], [-95.892338, 30.548384], [-95.891453, 30.547886], [-95.890357, 30.54622], [-95.889841, 30.544977], [-95.889542, 30.543857], [-95.88968, 30.542598], [-95.889393, 30.542087]]]}},
    {"type": "Feature", "properties": {"name": "Natural gas pipeline", "Operator": "DCP OPERATING COMPANY, LP", "Commodity": "Natural gas", "Type": "Gathering", "Status": "In Service", "Diameter (inches)": 8.63}, "geometry": {"type": "LineString", "coordinates": [[-95.889393, 30.542087], [-95.889165, 30.541682]]}},
    {"type": "Feature", "properties": {"name": "Natural gas pipeline", "Operator": "DCP OPERATING COMPANY, LP", "Commodity": "Natural gas", "Type": "Gathering", "Status": "In Service", "Diameter (inches)": 8.63}, "geometry": {"type": "LineString", "coordinates": [[-95.889165, 30.541682], [-95.888318, 30.539794], [-95.884944, 30.536278], [-95.878742, 30.532671], [-95.874224, 30.529738], [-95.86877, 30.525932], [-95.865082, 30.52589], [-95.862661, 30.526635], [-95.86164, 30.527271], [-95.857071, 30.528357]]}},
    {"type": "Feature", "properties": {"name": "Natural gas pipeline", "Operator": "DCP OPERATING COMPANY, LP", "Commodity": "Natural gas", "Type": "Gathering", "Status": "In Service", "Diameter (inches)": 8.63}, "geometry": {"type": "LineString", "coordinates": [[-95.85675, 30.528433], [-95.844975, 30.528804], [-95.844001, 30.528747], [-95.843823, 30.528075], [-95.842688, 30.528111]]}},
    {"type": "Feature", "properties": {"name": "Natural gas pipeline", "Operator": "DCP OPERATING COMPANY, LP", "Commodity": "Natural gas", "Type": "Gathering", "Status": "In Service", "Diameter (inches)": 8.63}, "geometry": {"type": "LineString", "coordinates": [[-95.842688, 30.528111], [-95.841926, 30.528136], [-95.84192, 30.528055]]}},
    {"type": "Feature", "properties": {"name": "Natural gas pipeline", "Operator": "DCP OPERATING COMPANY, LP", "Commodity": "Natural gas", "Type": "Gathering", "Status": "In Service", "Diameter (inches)": 8.63}, "geometry": {"type": "LineString", "coordinates": [[-95.841742, 30.525758], [-95.841705, 30.525282]]}},
    {"type": "Feature", "properties": {"name": "Natural gas pipeline", "Operator": "DCP OPERATING COMPANY, LP", "Commodity": "Natural gas", "Type": "Gathering", "Status": "In Service", "Diameter (inches)": 8.63}, "geometry": {"type": "LineString", "coordinates": [[-95.841705, 30.525282], [-95.841278, 30.519738], [-95.84123, 30.519737]]}},
    {"type": "Feature", "properties": {"name": "Natural gas pipeline", "Operator": "DCP OPERATING COMPANY, LP", "Commodity": "Natural gas", "Type": "Gathering", "Status": "In Service", "Diameter (inches)": 8.63}, "geometry": {"type": "LineString", "coordinates": [[-95.84123, 30.519737], [-95.840913, 30.519734]]}},
    {"type": "Feature", "properties": {"name": "Natural gas pipeline", "Operator": "DCP OPERATING COMPANY, LP", "Commodity": "Natural gas", "Type": "Gathering", "Status": "In Service", "Diameter (inches)": 8.63}, "geometry": {"type": "LineString", "coordinates": [[-95.840913, 30.519734], [-95.838043, 30.519704], [-95.83792, 30.5195], [-95.837806, 30.518939]]}},
    {"type": "Feature", "properties": {"name": "Natural gas pipeline", "Operator": "DCP OPERATING COMPANY, LP", "Commodity": "Natural gas", "Type": "Gathering", "Status": "In Service", "Diameter (inches)": 10.75}, "geometry": {"type": "LineString", "coordinates": [[-95.837806, 30.518939], [-95.837796, 30.51889]]}},
    {"type": "Feature", "properties": {"name": "Natural gas pipeline", "Operator": "DCP OPERATING COMPANY, LP", "Commodity": "Natural gas", "Type": "Gathering", "Status": "In Service", "Diameter (inches)": 3.5}, "geometry": {"type": "LineString", "coordinates": [[-96.080998, 30.492087], [-96.080985, 30.492092]]}},
    {"type": "Feature", "properties": {"name": "Natural gas pipeline", "Operator": "DCP OPERATING COMPANY, LP", "Commodity": "Natural gas", "Type": "Gathering", "Status": "In Service", "Diameter (inches)": 4.5}, "geometry": {"type": "LineString", "coordinates": [[-96.081021, 30.49208], [-96.080998, 30.492087]]}},
    {"type": "Feature", "properties": {"name": "Natural gas pipeline", "Operator": "DCP OPERATING COMPANY, LP", "Commodity": "Natural gas", "Type": "Gathering", "Status": "In Service", "Diameter (inches)": 8.63}, "geometry": {"type": "MultiLineString", "coordinates": [[[-96.082251, 30.491481], [-96.081021, 30.49208]], [[-96.080608, 30.487123], [-96.08216, 30.490508], [-96.081983, 30.490924], [-96.082251, 30.491481]]]}},
    {"type": "Feature", "properties": {"name": "Natural gas pipeline", "Operator": "DCP OPERATING COMPANY, LP", "Commodity": "Natural gas", "Type": "Gathering", "Status": "In Service", "Diameter (inches)": 4.5}, "geometry": {"type": "LineString", "coordinates": [[-96.09629, 30.506472], [-96.096313, 30.506518]]}},
    {"type": "Feature", "properties": {"name": "Natural gas pipeline", "Operator": "DCP OPERATING COMPANY, LP", "Commodity": "Natural gas", "Type": "Gathering", "Status": "In Service", "Diameter (inches)": 6.63}, "geometry": {"type": "LineString", "coordinates": [[-96.098045, 30.505614], [-96.09621, 30.506316], [-96.09629, 30.506472]]}},
    {"type": "Feature", "properties": {"name": "Natural gas pipeline", "Operator": "DCP OPERATING COMPANY, LP", "Commodity": "Natural gas", "Type": "Gathering", "Status": "In Service", "Diameter (inches)": 4.5}, "geometry": {"type": "LineString", "coordinates": [[-96.100544, 30.50162], [-96.100541, 30.501647]]}},
    {"type": "Feature", "properties": {"name": "Natural gas pipeline", "Operator": "DCP OPERATING COMPANY, LP", "Commodity": "Natural gas", "Type": "Gathering", "Status": "In Service", "Diameter (inches)": 6.63}, "geometry": {"type": "LineString", "coordinates": [[-96.096723, 30.503135], [-96.098929, 30.502363], [-96.100453, 30.5015], [-96.100544, 30.50162]]}},
    {"type": "Feature", "properties": {"name": "Natural gas pipeline", "Operator": "DCP OPERATING COMPANY, LP", "Commodity": "Natural gas", "Type": "Gathering", "Status": "In Service", "Diameter (inches)": 4.5}, "geometry": {"type": "LineString", "coordinates": [[-96.035462, 30.477897], [-96.035483, 30.477916]]}},
    {"type": "Feature", "properties": {"name": "Natural gas pipeline", "Operator": "DCP OPERATING COMPANY, LP", "Commodity": "Natural gas", "Type": "Gathering", "Status": "In Service", "Diameter (inches)": 6.63}, "geometry": {"type": "MultiLineString", "coordinates": [[[-96.086713, 30.499494], [-96.084741, 30.501352], [-96.080964, 30.50611], [-96.080046, 30.506103], [-96.080035, 30.505935]], [[-96.080035, 30.505935], [-96.080033, 30.505909]]]}},
    {"type": "Feature", "properties": {"name": "Natural gas pipeline", "Operator": "DCP OPERATING COMPANY, LP", "Commodity": "Natural gas", "Type": "Gathering", "Status": "In Service", "Diameter (inches)": 4.5}, "geometry": {"type": "LineString", "coordinates": [[-96.085722, 30.522257], [-96.085691, 30.522292]]}},
    {"type": "Feature", "properties": {"name": "Natural gas pipeline", "Operator": "DCP OPERATING COMPANY, LP", "Commodity": "Natural gas", "Type": "Gathering", "Status": "In Service", "Diameter (inches)": 6.63}, "geometry": {"type": "MultiLineString", "coordinates": [[[-96.083337, 30.503051], [-96.081444, 30.502893], [-96.080933, 30.501551]], [[-96.080933, 30.501551], [-96.080496, 30.500566], [-96.080183, 30.49923], [-96.078612, 30.499239], [-96.077282, 30.496309], [-96.071097, 30.494846], [-96.067916, 30.495912], [-96.066747, 30.493374]], [[-96.066747, 30.493374], [-96.065984, 30.491716], [-96.061795, 30.493093], [-96.057114, 30.490821]], [[-96.057114, 30.490821], [-96.057086, 30.490799]]]}},
    {"type": "Feature", "properties": {"name": "Natural gas pipeline", "Operator": "DCP OPERATING COMPANY, LP", "Commodity": "Natural gas", "Type": "Gathering", "Status": "In Service", "Diameter (inches)": 4.5}, "geometry": {"type": "LineString", "coordinates": [[-96.110377, 30.488655], [-96.110341, 30.488666]]}},
    {"type": "Feature", "properties": {"name": "Natural gas pipeline", "Operator": "DCP OPERATING COMPANY, LP", "Commodity": "Natural gas", "Type": "Gathering", "Status": "In Service", "Diameter (inches)": 8.63}, "geometry": {"type": "LineString", "coordinates": [[-95.965287, 30.499728], [-95.965397, 30.500022]]}},
    {"type": "Feature", "properties": {"name": "Natural gas pipeline", "Operator": "DCP OPERATING COMPANY, LP", "Commodity": "Natural gas", "Type": "Gathering", "Status": "In Service", "Diameter (inches)": 8.63}, "geometry": {"type": "LineString", "coordinates": [[-95.958691, 30.503597], [-95.958413, 30.503398]]}},
    {"type": "Feature", "properties": {"name": "Natural gas pipeline", "Operator": "DCP OPERATING COMPANY, LP", "Commodity": "Natural gas", "Type": "Gathering", "Status": "In Service", "Diameter (inches)": 4.5}, "geometry": {"type": "LineString", "coordinates": [[-95.880237, 30.572733], [-95.880244, 30.572792]]}},
    {"type": "Feature", "properties": {"name": "Natural gas pipeline", "Operator": "DCP OPERATING COMPANY, LP", "Commodity": "Natural gas", "Type": "Gathering", "Status": "In Service", "Diameter (inches)": 8.63}, "geometry": {"type": "LineString", "coordinates": [[-95.918056, 30.527727], [-95.917783, 30.527917]]}},
    {"type": "Feature", "properties": {"name": "Natural gas pipeline", "Operator": "DCP OPERATING COMPANY, LP", "Commodity": "Natural gas", "Type": "Gathering", "Status": "In Service", "Diameter (inches)": 8.63}, "geometry": {"type": "LineString", "coordinates": [[-95.911078, 30.53419], [-95.911193, 30.534454]]}},
    {"type": "Feature", "properties": {"name": "Natural gas pipeline", "Operator": "DCP OPERATING COMPANY, LP", "Commodity": "Natural gas", "Type": "Gathering", "Status": "In Service", "Diameter (inches)": 8.63}, "geometry": {"type": "MultiLineString", "coordinates": [[[-95.880214, 30.572546], [-95.880237, 30.572733]], [[-95.896625, 30.549579], [-95.893291, 30.549947], [-95.888506, 30.5503], [-95.886701, 30.550495], [-95.883811, 30.552806], [-95.882096, 30.556077], [-95.881034, 30.567685], [-95.880041, 30.571517], [-95.880194, 30.572547], [-95.880214, 30.572546]], [[-95.911193, 30.534454], [-95.911263, 30.534612], [-95.909938, 30.538834], [-95.907818, 30.540366], [-95.903875, 30.5461], [-95.901738, 30.54744], [-95.900392, 30.54963], [-95.897151, 30.550762], [-95.896625, 30.549579]]]}},
    {"type": "Feature", "properties": {"name": "Natural gas pipeline", "Operator": "DCP OPERATING COMPANY, LP", "Commodity": "Natural gas", "Type": "Gathering", "Status": "In Service", "Diameter (inches)": 8.63}, "geometry": {"type": "MultiLineString", "coordinates": [[[-95.897165, 30.550765], [-95.897291, 30.550998]], [[-95.897163, 30.55076], [-95.897165, 30.550765]]]}},
    {"type": "Feature", "properties": {"name": "Natural gas pipeline", "Operator": "DCP OPERATING COMPANY, LP", "Commodity": "Natural gas", "Type": "Gathering", "Status": "In Service", "Diameter (inches)": 4.5}, "geometry": {"type": "LineString", "coordinates": [[-95.901395, 30.578982], [-95.901423, 30.579037]]}},
    {"type": "Feature", "properties": {"name": "Natural gas pipeline", "Operator": "DCP OPERATING COMPANY, LP", "Commodity": "Natural gas", "Type": "Gathering", "Status": "In Service", "Diameter (inches)": 8.63}, "geometry": {"type": "LineString", "coordinates": [[-95.880214, 30.572546], [-95.898969, 30.576918], [-95.901258, 30.578653], [-95.901395, 30.578982]]}},
    {"type": "Feature", "properties": {"name": "Natural gas pipeline", "Operator": "DCP OPERATING COMPANY, LP", "Commodity": "Natural gas", "Type": "Gathering", "Status": "In Service", "Diameter (inches)": 4.5}, "geometry": {"type": "LineString", "coordinates": [[-95.837796, 30.51889], [-95.837973, 30.518778]]}},
    {"type": "Feature", "properties": {"name": "Natural gas pipeline", "Operator": "DCP OPERATING COMPANY, LP", "Commodity": "Natural gas", "Type": "Gathering", "Status": "In Service", "Diameter (inches)": 8.63}, "geometry": {"type": "LineString", "coordinates": [[-96.069842, 30.429646], [-96.069698, 30.429663]]}},
    {"type": "Feature", "properties": {"name": "Natural gas pipeline", "Operator": "DCP OPERATING COMPANY, LP", "Commodity": "Natural gas", "Type": "Gathering", "Status": "In Service", "Diameter (inches)": 8.63}, "geometry": {"type": "LineString", "coordinates": [[-96.069698, 30.429663], [-96.068775, 30.429791], [-96.068762, 30.429697]]}},
    {"type": "Feature", "properties": {"name": "Natural gas pipeline", "Operator": "DCP OPERATING COMPANY, LP", "Commodity": "Natural gas", "Type": "Gathering", "Status": "In Service", "Diameter (inches)": 8.63}, "geometry": {"type": "LineString", "coordinates": [[-96.068762, 30.429697], [-96.067101, 30.42561], [-96.066749, 30.424961], [-96.066792, 30.424115], [-96.066683, 30.423535], [-96.065773, 30.42295], [-96.065246, 30.423064], [-96.065144, 30.423303]]}},
    {"type": "Feature", "properties": {"name": "Natural gas pipeline", "Operator": "DCP OPERATING COMPANY, LP", "Commodity": "Natural gas", "Type": "Gathering", "Status": "In Service", "Diameter (inches)": 8.63}, "geometry": {"type": "LineString", "coordinates": [[-96.076785, 30.433546], [-96.077519, 30.432629], [-96.077741, 30.432686]]}},
    {"type": "Feature", "properties": {"name": "Natural gas pipeline", "Operator": "DCP OPERATING COMPANY, LP", "Commodity": "Natural gas", "Type": "Gathering", "Status": "In Service", "Diameter (inches)": 4.5}, "geometry": {"type": "LineString", "coordinates": [[-96.071853, 30.44705], [-96.07188, 30.447063]]}},
    {"type": "Feature", "properties": {"name": "Natural gas pipeline", "Operator": "DCP OPERATING COMPANY, LP", "Commodity": "Natural gas", "Type": "Gathering", "Status": "In Service", "Diameter (inches)": 6.63}, "geometry": {"type": "MultiLineString", "coordinates": [[[-96.035222, 30.477265], [-96.035441, 30.477704], [-96.035462, 30.477897]], [[-96.035197, 30.477214], [-96.035222, 30.477265]]]}},
    {"type": "Feature", "properties": {"name": "Natural gas pipeline", "Operator": "DCP OPERATING COMPANY, LP", "Commodity": "Natural gas", "Type": "Gathering", "Status": "In Service", "Diameter (inches)": 4.5}, "geometry": {"type": "LineString", "coordinates": [[-96.030365, 30.469626], [-96.030341, 30.469557]]}},
    {"type": "Feature", "properties": {"name": "Natural gas pipeline", "Operator": "DCP OPERATING COMPANY, LP", "Commodity": "Natural gas", "Type": "Gathering", "Status": "In Service", "Diameter (inches)": 6.63}, "geometry": {"type": "MultiLineString", "coordinates": [[[-96.035222, 30.477265], [-96.035255, 30.477195]], [[-96.035255, 30.477195], [-96.03374, 30.473772], [-96.033146, 30.472755], [-96.032389, 30.471127], [-96.031843, 30.470881], [-96.030365, 30.469626]]]}},
    {"type": "Feature", "properties": {"name": "Natural gas pipeline", "Operator": "DCP OPERATING COMPANY, LP", "Commodity": "Natural gas", "Type": "Gathering", "Status": "In Service", "Diameter (inches)": 4.5}, "geometry": {"type": "LineString", "coordinates": [[-96.080033, 30.505909], [-96.08003, 30.505867]]}},
    {"type": "Feature", "properties": {"name": "Natural gas pipeline", "Operator": "DCP OPERATING COMPANY, LP", "Commodity": "Natural gas", "Type": "Gathering", "Status": "In Service", "Diameter (inches)": 6.63}, "geometry": {"type": "LineString", "coordinates": [[-96.072686, 30.44895], [-96.071908, 30.448505], [-96.071893, 30.448125], [-96.071661, 30.447082], [-96.071853, 30.44705]]}},
    {"type": "Feature", "properties": {"name": "Natural gas pipeline", "Operator": "DCP OPERATING COMPANY, LP", "Commodity": "Natural gas", "Type": "Gathering", "Status": "In Service", "Diameter (inches)": 8.63}, "geometry": {"type": "MultiLineString", "coordinates": [[[-96.085158, 30.444888], [-96.085256, 30.445065], [-96.088609, 30.446434], [-96.089598, 30.446079], [-96.093202, 30.445492], [-96.094173, 30.445665], [-96.095679, 30.446442], [-96.095951, 30.447494], [-96.096191, 30.447447]], [[-96.085158, 30.444888], [-96.085158, 30.444888]]]}},
    {"type": "Feature", "properties": {"name": "Natural gas pipeline", "Operator": "DCP OPERATING COMPANY, LP", "Commodity": "Natural gas", "Type": "Gathering", "Status": "In Service", "Diameter (inches)": 8.63}, "geometry": {"type": "MultiLineString", "coordinates": [[[-96.086839, 30.477271], [-96.085795, 30.475813], [-96.084581, 30.474988], [-96.084196, 30.475192], [-96.082011, 30.47461]], [[-96.082011, 30.47461], [-96.081205, 30.474396], [-96.080091, 30.474557], [-96.079246, 30.474256], [-96.076819, 30.473766], [-96.073349, 30.471919], [-96.072925, 30.468925], [-96.071692, 30.46626], [-96.071563, 30.46612]], [[-96.071563, 30.46612], [-96.069468, 30.463838], [-96.068464, 30.464149], [-96.06687, 30.463551]], [[-96.06687, 30.463551], [-96.066268, 30.462641], [-96.065736, 30.460575]]]}},
    {"type": "Feature", "properties": {"name": "Natural gas pipeline", "Operator": "DCP OPERATING COMPANY, LP", "Commodity": "Natural gas", "Type": "Gathering", "Status": "In Service", "Diameter (inches)": 4.5}, "geometry": {"type": "LineString", "coordinates": [[-96.077793, 30.462177], [-96.077826, 30.462156]]}},
    {"type": "Feature", "properties": {"name": "Natural gas pipeline", "Operator": "DCP OPERATING COMPANY, LP", "Commodity": "Natural gas", "Type": "Gathering", "Status": "In Service", "Diameter (inches)": 6.63}, "geometry": {"type": "LineString", "coordinates": [[-96.071563, 30.46612], [-96.077793, 30.462177]]}},
    {"type": "Feature", "properties": {"name": "Natural gas pipeline", "Operator": "DCP OPERATING COMPANY, LP", "Commodity": "Natural gas", "Type": "Gathering", "Status": "In Service", "Diameter (inches)": 4.5}, "geometry": {"type": "LineString", "coordinates": [[-96.06504, 30.464612], [-96.065011, 30.464583]]}},
    {"type": "Feature", "properties": {"name": "Natural gas pipeline", "Operator": "DCP OPERATING COMPANY, LP", "Commodity": "Natural gas", "Type": "Gathering", "Status": "In Service", "Diameter (inches)": 6.63}, "geometry": {"type": "LineString", "coordinates": [[-96.06687, 30.463551], [-96.06661, 30.46368], [-96.065198, 30.464765], [-96.06504, 30.464612]]}},
    {"type": "Feature", "properties": {"name": "Natural gas pipeline", "Operator": "DCP OPERATING COMPANY, LP", "Commodity": "Natural gas", "Type": "Gathering", "Status": "In Service", "Diameter (inches)": 4.5}, "geometry": {"type": "LineString", "coordinates": [[-96.081816, 30.467442], [-96.081784, 30.467419]]}},
    {"type": "Feature", "properties": {"name": "Natural gas pipeline", "Operator": "DCP OPERATING COMPANY, LP", "Commodity": "Natural gas", "Type": "Gathering", "Status": "In Service", "Diameter (inches)": 8.63}, "geometry": {"type": "LineString", "coordinates": [[-95.965063, 30.499129], [-95.965287, 30.499728]]}},
    {"type": "Feature", "properties": {"name": "Natural gas pipeline", "Operator": "DCP OPERATING COMPANY, LP", "Commodity": "Natural gas", "Type": "Gathering", "Status": "In Service", "Diameter (inches)": 4.5}, "geometry": {"type": "LineString", "coordinates": [[-95.966555, 30.492493], [-95.966578, 30.492467]]}},
    {"type": "Feature", "properties": {"name": "Natural gas pipeline", "Operator": "DCP OPERATING COMPANY, LP", "Commodity": "Natural gas", "Type": "Gathering", "Status": "In Service", "Diameter (inches)": 6.63}, "geometry": {"type": "MultiLineString", "coordinates": [[[-95.969525, 30.497918], [-95.969525, 30.497918]], [[-95.969525, 30.497918], [-95.969481, 30.497824]]]}},
    {"type": "Feature", "properties": {"name": "Natural gas pipeline", "Operator": "DCP OPERATING COMPANY, LP", "Commodity": "Natural gas", "Type": "Gathering", "Status": "Abandoned", "Diameter (inches)": 4.5}, "geometry": {"type": "LineString", "coordinates": [[-96.116688, 30.466743], [-96.116689, 30.466707]]}},
    {"type": "Feature", "properties": {"name": "Natural gas pipeline", "Operator": "DCP OPERATING COMPANY, LP", "Commodity": "Natural gas", "Type": "Gathering", "Status": "In Service", "Diameter (inches)": 4.5}, "geometry": {"type": "LineString", "coordinates": [[-96.100369, 30.465844], [-96.100343, 30.465875]]}},
    {"type": "Feature", "properties": {"name": "Natural gas pipeline", "Operator": "DCP OPERATING COMPANY, LP", "Commodity": "Natural gas", "Type": "Gathering", "Status": "In Service", "Diameter (inches)": 6.63}, "geometry": {"type": "MultiLineString", "coordinates": [[[-96.103903, 30.467544], [-96.10333, 30.467711], [-96.100604, 30.465578], [-96.100369, 30.465844]], [[-96.103903, 30.467544], [-96.103903, 30.467544]]]}},
    {"type": "Feature", "properties": {"name": "Natural gas pipeline", "Operator": "DCP OPERATING COMPANY, LP", "Commodity": "Natural gas", "Type": "Gathering", "Status": "In Service", "Diameter (inches)": 8.63}, "geometry": {"type": "MultiLineString", "coordinates": [[[-96.090103, 30.486118], [-96.090103, 30.486118]], [[-96.090103, 30.486118], [-96.090064, 30.486], [-96.089772, 30.485729], [-96.088672, 30.48344]], [[-96.088672, 30.48344], [-96.087538, 30.480938], [-96.087276, 30.4798], [-96.086411, 30.47819], [-96.086894, 30.477345]], [[-96.086894, 30.477345], [-96.086872, 30.477315]], [[-96.086872, 30.477315], [-96.086867, 30.477308]], [[-96.086867, 30.477308], [-96.086839, 30.477271]]]}},
    {"type": "Feature", "properties": {"name": "Natural gas pipeline", "Operator": "DCP OPERATING COMPANY, LP", "Commodity": "Natural gas", "Type": "Gathering", "Status": "In Service", "Diameter (inches)": 4.5}, "geometry": {"type": "LineString", "coordinates": [[-96.086992, 30.477238], [-96.087026, 30.477217]]}},
    {"type": "Feature", "properties": {"name": "Natural gas pipeline", "Operator": "DCP OPERATING COMPANY, LP", "Commodity": "Natural gas", "Type": "Gathering", "Status": "In Service", "Diameter (inches)": 6.63}, "geometry": {"type": "LineString", "coordinates": [[-96.086872, 30.477315], [-96.086992, 30.477238]]}},
    {"type": "Feature", "properties": {"name": "Natural gas pipeline", "Operator": "DCP OPERATING COMPANY, LP", "Commodity": "Natural gas", "Type": "Gathering", "Status": "In Service", "Diameter (inches)": 3.5}, "geometry": {"type": "LineString", "coordinates": [[-96.125416, 30.486906], [-96.125381, 30.486905]]}},
    {"type": "Feature", "properties": {"name": "Natural gas pipeline", "Operator": "DCP OPERATING COMPANY, LP", "Commodity": "Natural gas", "Type": "Gathering", "Status": "In Service", "Diameter (inches)": 3.5}, "geometry": {"type": "LineString", "coordinates": [[-96.123572, 30.489765], [-96.123576, 30.489831]]}},
    {"type": "Feature", "properties": {"name": "Natural gas pipeline", "Operator": "DCP OPERATING COMPANY, LP", "Commodity": "Natural gas", "Type": "Gathering", "Status": "In Service", "Diameter (inches)": 4.5}, "geometry": {"type": "LineString", "coordinates": [[-96.12357, 30.489757], [-96.123572, 30.489765]]}},
    {"type": "Feature", "properties": {"name": "Natural gas pipeline", "Operator": "DCP OPERATING COMPANY, LP", "Commodity": "Natural gas", "Type": "Gathering", "Status": "In Service", "Diameter (inches)": 6.63}, "geometry": {"type": "LineString", "coordinates": [[-96.125405, 30.486881], [-96.125083, 30.486958], [-96.12483, 30.48756], [-96.122825, 30.488071], [-96.123334, 30.489484], [-96.12357, 30.489757]]}},
    {"type": "Feature", "properties": {"name": "Natural gas pipeline", "Operator": "DCP OPERATING COMPANY, LP", "Commodity": "Natural gas", "Type": "Gathering", "Status": "In Service", "Diameter (inches)": 8.63}, "geometry": {"type": "MultiLineString", "coordinates": [[[-96.125033, 30.485876], [-96.123553, 30.48575], [-96.12131, 30.48567], [-96.120183, 30.485346], [-96.116314, 30.485254], [-96.115768, 30.485331]], [[-96.115768, 30.485331], [-96.115661, 30.485347], [-96.115659, 30.485207]], [[-96.115659, 30.485207], [-96.115659, 30.485207]]]}},
    {"type": "Feature", "properties": {"name": "Natural gas pipeline", "Operator": "DCP OPERATING COMPANY, LP", "Commodity": "Natural gas", "Type": "Gathering", "Status": "In Service", "Diameter (inches)": 8.63}, "geometry": {"type": "MultiLineString", "coordinates": [[[-96.060194, 30.495151], [-96.060235, 30.495191]], [[-96.057082, 30.490831], [-96.057983, 30.492941], [-96.060194, 30.495151]]]}},
    {"type": "Feature", "properties": {"name": "Natural gas pipeline", "Operator": "DCP OPERATING COMPANY, LP", "Commodity": "Natural gas", "Type": "Gathering", "Status": "In Service", "Diameter (inches)": 4.5}, "geometry": {"type": "LineString", "coordinates": [[-96.061294, 30.508848], [-96.061334, 30.508849]]}},
    {"type": "Feature", "properties": {"name": "Natural gas pipeline", "Operator": "DCP OPERATING COMPANY, LP", "Commodity": "Natural gas", "Type": "Gathering", "Status": "In Service", "Diameter (inches)": 8.63}, "geometry": {"type": "MultiLineString", "coordinates": [[[-96.059471, 30.502391], [-96.058727, 30.504021], [-96.058828, 30.504906], [-96.059117, 30.506046], [-96.058799, 30.507025], [-96.058773, 30.507416], [-96.059015, 30.508072], [-96.059371, 30.508368], [-96.059828, 30.508599], [-96.061138, 30.508905], [-96.061294, 30.508848]], [[-96.060235, 30.495191], [-96.060384, 30.495357], [-96.060275, 30.495889], [-96.061495, 30.498204], [-96.059471, 30.502391]]]}},
    {"type": "Feature", "properties": {"name": "Natural gas pipeline", "Operator": "DCP OPERATING COMPANY, LP", "Commodity": "Natural gas", "Type": "Gathering", "Status": "In Service", "Diameter (inches)": 4.5}, "geometry": {"type": "LineString", "coordinates": [[-96.067809, 30.493239], [-96.067814, 30.493272]]}},
    {"type": "Feature", "properties": {"name": "Natural gas pipeline", "Operator": "DCP OPERATING COMPANY, LP", "Commodity": "Natural gas", "Type": "Gathering", "Status": "In Service", "Diameter (inches)": 6.63}, "geometry": {"type": "MultiLineString", "coordinates": [[[-96.060194, 30.495151], [-96.060375, 30.495024], [-96.066747, 30.493374]], [[-96.066747, 30.493374], [-96.06734, 30.49322], [-96.067796, 30.493164], [-96.067809, 30.493239]]]}},
    {"type": "Feature", "properties": {"name": "Natural gas pipeline", "Operator": "DCP OPERATING COMPANY, LP", "Commodity": "Natural gas", "Type": "Gathering", "Status": "In Service", "Diameter (inches)": 4.5}, "geometry": {"type": "LineString", "coordinates": [[-96.051026, 30.502816], [-96.051022, 30.502809]]}},
    {"type": "Feature", "properties": {"name": "Natural gas pipeline", "Operator": "DCP OPERATING COMPANY, LP", "Commodity": "Natural gas", "Type": "Gathering", "Status": "In Service", "Diameter (inches)": 4.5}, "geometry": {"type": "LineString", "coordinates": [[-96.051022, 30.502809], [-96.051008, 30.502778]]}},
    {"type": "Feature", "properties": {"name": "Natural gas pipeline", "Operator": "DCP OPERATING COMPANY, LP", "Commodity": "Natural gas", "Type": "Gathering", "Status": "In Service", "Diameter (inches)": 6.63}, "geometry": {"type": "LineString", "coordinates": [[-96.059471, 30.502391], [-96.059313, 30.502338], [-96.057813, 30.502741], [-96.05318, 30.503062], [-96.051889, 30.503316]]}},
    {"type": "Feature", "properties": {"name": "Natural gas pipeline", "Operator": "DCP OPERATING COMPANY, LP", "Commodity": "Natural gas", "Type": "Gathering", "Status": "In Service", "Diameter (inches)": 6.63}, "geometry": {"type": "LineString", "coordinates": [[-96.051889, 30.503316], [-96.051319, 30.503428], [-96.051026, 30.502816]]}},
    {"type": "Feature", "properties": {"name": "Natural gas pipeline", "Operator": "DCP OPERATING COMPANY, LP", "Commodity": "Natural gas", "Type": "Gathering", "Status": "In Service", "Diameter (inches)": 4.5}, "geometry": {"type": "LineString", "coordinates": [[-96.025368, 30.490593], [-96.025324, 30.4906]]}},
    {"type": "Feature", "properties": {"name": "Natural gas pipeline", "Operator": "DCP OPERATING COMPANY, LP", "Commodity": "Natural gas", "Type": "Gathering", "Status": "In Service", "Diameter (inches)": 6.63}, "geometry": {"type": "LineString", "coordinates": [[-96.026707, 30.493117], [-96.026718, 30.492567], [-96.025833, 30.490522], [-96.025368, 30.490593]]}},
    {"type": "Feature", "properties": {"name": "Natural gas pipeline", "Operator": "DCP OPERATING COMPANY, LP", "Commodity": "Natural gas", "Type": "Gathering", "Status": "In Service", "Diameter (inches)": 6.63}, "geometry": {"type": "LineString", "coordinates": [[-96.069947, 30.488465], [-96.069995, 30.487953]]}},
    {"type": "Feature", "properties": {"name": "Natural gas pipeline", "Operator": "DCP OPERATING COMPANY, LP", "Commodity": "Natural gas", "Type": "Gathering", "Status": "In Service", "Diameter (inches)": 4.5}, "geometry": {"type": "LineString", "coordinates": [[-96.003971, 30.494683], [-96.003985, 30.494719]]}},
    {"type": "Feature", "properties": {"name": "Natural gas pipeline", "Operator": "DCP OPERATING COMPANY, LP", "Commodity": "Natural gas", "Type": "Gathering", "Status": "In Service", "Diameter (inches)": 6.63}, "geometry": {"type": "MultiLineString", "coordinates": [[[-96.003811, 30.494319], [-96.003971, 30.494683]], [[-96.003799, 30.494292], [-96.003811, 30.494319]]]}},
    {"type": "Feature", "properties": {"name": "Natural gas pipeline", "Operator": "DCP OPERATING COMPANY, LP", "Commodity": "Natural gas", "Type": "Gathering", "Status": "In Service", "Diameter (inches)": 4.5}, "geometry": {"type": "LineString", "coordinates": [[-96.047807, 30.517718], [-96.047842, 30.517706]]}},
    {"type": "Feature", "properties": {"name": "Natural gas pipeline", "Operator": "DCP OPERATING COMPANY, LP", "Commodity": "Natural gas", "Type": "Gathering", "Status": "In Service", "Diameter (inches)": 4.5}, "geometry": {"type": "LineString", "coordinates": [[-96.082416, 30.501216], [-96.082431, 30.501214]]}},
    {"type": "Feature", "properties": {"name": "Natural gas pipeline", "Operator": "DCP OPERATING COMPANY, LP", "Commodity": "Natural gas", "Type": "Gathering", "Status": "In Service", "Diameter (inches)": 6.63}, "geometry": {"type": "LineString", "coordinates": [[-96.081023, 30.501522], [-96.082369, 30.501293], [-96.082416, 30.501216]]}},
    {"type": "Feature", "properties": {"name": "Natural gas pipeline", "Operator": "DCP OPERATING COMPANY, LP", "Commodity": "Natural gas", "Type": "Gathering", "Status": "In Service", "Diameter (inches)": 8.63}, "geometry": {"type": "MultiLineString", "coordinates": [[[-96.038875, 30.504696], [-96.038954, 30.507822], [-96.039269, 30.508074], [-96.040728, 30.508833], [-96.042384, 30.51011], [-96.043669, 30.510995], [-96.043813, 30.511479], [-96.043964, 30.512664], [-96.046021, 30.514812], [-96.04605, 30.515846], [-96.047073, 30.517303], [-96.047264, 30.517763], [-96.047587, 30.517793], [-96.047807, 30.517718]], [[-96.034985, 30.493158], [-96.035092, 30.495443], [-96.036037, 30.495963], [-96.038, 30.497362], [-96.037769, 30.498511], [-96.038502, 30.499952], [-96.038527, 30.500712], [-96.038704, 30.501251], [-96.038875, 30.504696]]]}},
    {"type": "Feature", "properties": {"name": "Natural gas pipeline", "Operator": "DCP OPERATING COMPANY, LP", "Commodity": "Natural gas", "Type": "Gathering", "Status": "In Service", "Diameter (inches)": 4.5}, "geometry": {"type": "LineString", "coordinates": [[-96.092203, 30.480932], [-96.092184, 30.4809]]}},
    {"type": "Feature", "properties": {"name": "Natural gas pipeline", "Operator": "DCP OPERATING COMPANY, LP", "Commodity": "Natural gas", "Type": "Gathering", "Status": "In Service", "Diameter (inches)": 6.63}, "geometry": {"type": "LineString", "coordinates": [[-96.088672, 30.48344], [-96.090142, 30.48309], [-96.090485, 30.482878], [-96.09123, 30.481455], [-96.092238, 30.480987], [-96.092203, 30.480932]]}},
    {"type": "Feature", "properties": {"name": "Natural gas pipeline", "Operator": "DCP OPERATING COMPANY, LP", "Commodity": "Natural gas", "Type": "Gathering", "Status": "In Service", "Diameter (inches)": 4.5}, "geometry": {"type": "LineString", "coordinates": [[-96.09406, 30.476819], [-96.094045, 30.476763]]}},
    {"type": "Feature", "properties": {"name": "Natural gas pipeline", "Operator": "DCP OPERATING COMPANY, LP", "Commodity": "Natural gas", "Type": "Gathering", "Status": "In Service", "Diameter (inches)": 8.63}, "geometry": {"type": "MultiLineString", "coordinates": [[[-96.086894, 30.477345], [-96.089228, 30.478798], [-96.090332, 30.479055], [-96.09424, 30.477723], [-96.093912, 30.476861], [-96.09406, 30.476819]], [[-96.086867, 30.477308], [-96.086894, 30.477345]]]}},
    {"type": "Feature", "properties": {"name": "Natural gas pipeline", "Operator": "DCP OPERATING COMPANY, LP", "Commodity": "Natural gas", "Type": "Gathering", "Status": "In Service", "Diameter (inches)": 4.5}, "geometry": {"type": "LineString", "coordinates": [[-96.037298, 30.503356], [-96.037265, 30.503336]]}},
    {"type": "Feature", "properties": {"name": "Natural gas pipeline", "Operator": "DCP OPERATING COMPANY, LP", "Commodity": "Natural gas", "Type": "Gathering", "Status": "In Service", "Diameter (inches)": 6.63}, "geometry": {"type": "LineString", "coordinates": [[-96.053751, 30.486563], [-96.053959, 30.486591]]}},
    {"type": "Feature", "properties": {"name": "Natural gas pipeline", "Operator": "DCP OPERATING COMPANY, LP", "Commodity": "Natural gas", "Type": "Gathering", "Status": "In Service", "Diameter (inches)": 8.63}, "geometry": {"type": "MultiLineString", "coordinates": [[[-96.057096, 30.490827], [-96.057086, 30.490799]], [[-96.057086, 30.490799], [-96.056524, 30.48941], [-96.055873, 30.489158], [-96.053908, 30.487725], [-96.053694, 30.486837], [-96.053743, 30.486562]], [[-96.053743, 30.486562], [-96.053751, 30.486563]]]}},
    {"type": "Feature", "properties": {"name": "Natural gas pipeline", "Operator": "DCP OPERATING COMPANY, LP", "Commodity": "Natural gas", "Type": "Gathering", "Status": "In Service", "Diameter (inches)": 4.5}, "geometry": {"type": "LineString", "coordinates": [[-96.049962, 30.482688], [-96.049978, 30.482725]]}},
    {"type": "Feature", "properties": {"name": "Natural gas pipeline", "Operator": "DCP OPERATING COMPANY, LP", "Commodity": "Natural gas", "Type": "Gathering", "Status": "In Service", "Diameter (inches)": 6.63}, "geometry": {"type": "LineString", "coordinates": [[-96.051341, 30.481615], [-96.049752, 30.481906], [-96.049962, 30.482688]]}},
    {"type": "Feature", "properties": {"name": "Natural gas pipeline", "Operator": "DCP OPERATING COMPANY, LP", "Commodity": "Natural gas", "Type": "Gathering", "Status": "In Service", "Diameter (inches)": 6.63}, "geometry": {"type": "MultiLineString", "coordinates": [[[-96.108958, 30.485054], [-96.110263, 30.485034]], [[-96.110263, 30.485034], [-96.11027, 30.48481]]]}},
    {"type": "Feature", "properties": {"name": "Natural gas pipeline", "Operator": "DCP OPERATING COMPANY, LP", "Commodity": "Natural gas", "Type": "Gathering", "Status": "Abandoned", "Diameter (inches)": 4.5}, "geometry": {"type": "LineString", "coordinates": [[-96.115525, 30.453668], [-96.115545, 30.453648]]}},
    {"type": "Feature", "properties": {"name": "Natural gas pipeline", "Operator": "DCP OPERATING COMPANY, LP", "Commodity": "Natural gas", "Type": "Gathering", "Status": "In Service", "Diameter (inches)": 8.63}, "geometry": {"type": "MultiLineString", "coordinates": [[[-96.114419, 30.478997], [-96.114172, 30.47889], [-96.113989, 30.477819], [-96.113051, 30.47748], [-96.105404, 30.470338], [-96.104633, 30.469399], [-96.103903, 30.467544]], [[-96.103903, 30.467544], [-96.103903, 30.467543]]]}},
    {"type": "Feature", "properties": {"name": "Natural gas pipeline", "Operator": "DCP OPERATING COMPANY, LP", "Commodity": "Natural gas", "Type": "Gathering", "Status": "Abandoned", "Diameter (inches)": 8.63}, "geometry": {"type": "MultiLineString", "coordinates": [[[-96.103903, 30.467543], [-96.102976, 30.465189], [-96.103026, 30.464757], [-96.104522, 30.462145], [-96.105101, 30.462196], [-96.10988, 30.460003], [-96.111497, 30.459554], [-96.111535, 30.459495]], [[-96.111535, 30.459495], [-96.112932, 30.457308], [-96.113244, 30.457101], [-96.113784, 30.453597], [-96.114752, 30.453702], [-96.115511, 30.453733], [-96.115525, 30.453668]]]}},
    {"type": "Feature", "properties": {"name": "Natural gas pipeline", "Operator": "DCP OPERATING COMPANY, LP", "Commodity": "Natural gas", "Type": "Gathering", "Status": "In Service", "Diameter (inches)": 8.63}, "geometry": {"type": "MultiLineString", "coordinates": [[[-96.053743, 30.486562], [-96.053743, 30.486562]], [[-96.053743, 30.486562], [-96.05389, 30.485556], [-96.051614, 30.482689], [-96.051341, 30.481615]]]}},
    {"type": "Feature", "properties": {"name": "Natural gas pipeline", "Operator": "DCP OPERATING COMPANY, LP", "Commodity": "Natural gas", "Type": "Gathering", "Status": "In Service", "Diameter (inches)": 4.5}, "geometry": {"type": "LineString", "coordinates": [[-96.063878, 30.455144], [-96.063834, 30.45514]]}},
    {"type": "Feature", "properties": {"name": "Natural gas pipeline", "Operator": "DCP OPERATING COMPANY, LP", "Commodity": "Natural gas", "Type": "Gathering", "Status": "In Service", "Diameter (inches)": 8.63}, "geometry": {"type": "LineString", "coordinates": [[-96.133011, 30.486316], [-96.13294, 30.48631]]}},
    {"type": "Feature", "properties": {"name": "Natural gas pipeline", "Operator": "DCP OPERATING COMPANY, LP", "Commodity": "Natural gas", "Type": "Gathering", "Status": "In Service", "Diameter (inches)": 8.63}, "geometry": {"type": "LineString", "coordinates": [[-96.13294, 30.48631], [-96.131617, 30.486188]]}},
    {"type": "Feature", "properties": {"name": "Natural gas pipeline", "Operator": "DCP OPERATING COMPANY, LP", "Commodity": "Natural gas", "Type": "Gathering", "Status": "In Service", "Diameter (inches)": 8.63}, "geometry": {"type": "LineString", "coordinates": [[-96.131617, 30.486188], [-96.129618, 30.486081]]}},
    {"type": "Feature", "properties": {"name": "Natural gas pipeline", "Operator": "DCP OPERATING COMPANY, LP", "Commodity": "Natural gas", "Type": "Gathering", "Status": "In Service", "Diameter (inches)": 8.63}, "geometry": {"type": "MultiLineString", "coordinates": [[[-96.129618, 30.486081], [-96.125035, 30.485836]], [[-96.125035, 30.485836], [-96.121321, 30.485644], [-96.120194, 30.485326], [-96.115659, 30.485207]]]}},
    {"type": "Feature", "properties": {"name": "Natural gas pipeline", "Operator": "DCP OPERATING COMPANY, LP", "Commodity": "Natural gas", "Type": "Gathering", "Status": "In Service", "Diameter (inches)": 8.63}, "geometry": {"type": "LineString", "coordinates": [[-96.052489, 30.492235], [-96.051153, 30.492643], [-96.049499, 30.493486], [-96.048123, 30.493591], [-96.045367, 30.49588], [-96.04098, 30.495468], [-96.038287, 30.492318], [-96.035268, 30.493082]]}},
    {"type": "Feature", "properties": {"name": "Natural gas pipeline", "Operator": "DCP OPERATING COMPANY, LP", "Commodity": "Natural gas", "Type": "Gathering", "Status": "In Service", "Diameter (inches)": 6.63}, "geometry": {"type": "MultiLineString", "coordinates": [[[-96.125416, 30.486906], [-96.125546, 30.487276]], [[-96.125405, 30.486881], [-96.125416, 30.486906]], [[-96.125033, 30.485876], [-96.125405, 30.486881]], [[-96.125035, 30.485836], [-96.125033, 30.485876]]]}},
    {"type": "Feature", "properties": {"name": "Natural gas pipeline", "Operator": "DCP OPERATING COMPANY, LP", "Commodity": "Natural gas", "Type": "Gathering", "Status": "Abandoned", "Diameter (inches)": 6.63}, "geometry": {"type": "LineString", "coordinates": [[-96.125546, 30.487276], [-96.125551, 30.487294]]}},
    {"type": "Feature", "properties": {"name": "Natural gas pipeline", "Operator": "DCP OPERATING COMPANY, LP", "Commodity": "Natural gas", "Type": "Gathering", "Status": "In Service", "Diameter (inches)": 8.63}, "geometry": {"type": "MultiLineString", "coordinates": [[[-95.969525, 30.497918], [-95.96528, 30.499493], [-95.965107, 30.499132]], [[-96.003799, 30.494292], [-95.997069, 30.496742], [-95.99036, 30.496708], [-95.989117, 30.496844], [-95.975363, 30.496526], [-95.974724, 30.496008], [-95.974588, 30.495998], [-95.969525, 30.497918]], [[-96.017315, 30.4929], [-96.012877, 30.493049], [-96.007126, 30.493119], [-96.003799, 30.494292]], [[-96.035268, 30.493082], [-96.034342, 30.493345], [-96.03231, 30.493747], [-96.030299, 30.493589], [-96.028191, 30.493201], [-96.026755, 30.493117]], [[-96.026755, 30.493117], [-96.026707, 30.493117]], [[-96.026707, 30.493117], [-96.017315, 30.4929]]]}},
    {"type": "Feature", "properties": {"name": "Natural gas pipeline", "Operator": "DCP OPERATING COMPANY, LP", "Commodity": "Natural gas", "Type": "Gathering", "Status": "In Service", "Diameter (inches)": 8.63}, "geometry": {"type": "MultiLineString", "coordinates": [[[-96.057114, 30.490821], [-96.052489, 30.492235]], [[-96.069947, 30.488465], [-96.064856, 30.488495], [-96.064009, 30.488834], [-96.063102, 30.489694], [-96.058146, 30.490505], [-96.057114, 30.490821]], [[-96.090103, 30.486118], [-96.089483, 30.486239], [-96.080653, 30.487117], [-96.069947, 30.488465]], [[-96.108958, 30.485004], [-96.097921, 30.484667], [-96.090103, 30.486118]], [[-96.115659, 30.485207], [-96.115644, 30.485206]], [[-96.115644, 30.485206], [-96.110263, 30.485034]], [[-96.110263, 30.485034], [-96.108958, 30.485004]]]}},
    {"type": "Feature", "properties": {"name": "Natural gas pipeline", "Operator": "DCP OPERATING COMPANY, LP", "Commodity": "Natural gas", "Type": "Gathering", "Status": "In Service", "Diameter (inches)": 16.0}, "geometry": {"type": "MultiLineString", "coordinates": [[[-95.965082, 30.499132], [-95.965234, 30.499532], [-95.965733, 30.499382], [-95.974596, 30.496026], [-95.974711, 30.496039], [-95.975342, 30.496546], [-95.975728, 30.49656], [-95.989099, 30.496878], [-95.990321, 30.496741], [-95.997081, 30.496773], [-96.003811, 30.494319]], [[-96.003811, 30.494319], [-96.007129, 30.49316], [-96.012951, 30.493096], [-96.018095, 30.49291], [-96.023048, 30.493063]]]}},
    {"type": "Feature", "properties": {"name": "Natural gas pipeline", "Operator": "DCP OPERATING COMPANY, LP", "Commodity": "Natural gas", "Type": "Gathering", "Status": "In Service", "Diameter (inches)": 16.0}, "geometry": {"type": "MultiLineString", "coordinates": [[[-96.023075, 30.493064], [-96.026743, 30.493179], [-96.026755, 30.493117]], [[-96.026755, 30.493117], [-96.026766, 30.49257], [-96.026192, 30.491235], [-96.026567, 30.489499], [-96.025886, 30.48803], [-96.026494, 30.485858]], [[-96.023048, 30.493063], [-96.023075, 30.493064], [-96.023075, 30.493064]]]}},
    {"type": "Feature", "properties": {"name": "Natural gas pipeline", "Operator": "DCP OPERATING COMPANY, LP", "Commodity": "Natural gas", "Type": "Gathering", "Status": "In Service", "Diameter (inches)": 16.0}, "geometry": {"type": "MultiLineString", "coordinates": [[[-96.026494, 30.485858], [-96.026621, 30.485373], [-96.027284, 30.484868], [-96.02734, 30.481543], [-96.029685, 30.479364], [-96.030188, 30.478993], [-96.035255, 30.477195]], [[-96.035255, 30.477195], [-96.040679, 30.475333], [-96.041151, 30.474475], [-96.041578, 30.471267], [-96.045133, 30.467152], [-96.052852, 30.462557], [-96.056034, 30.461314], [-96.05745, 30.461001], [-96.058092, 30.460757], [-96.065855, 30.460568]]]}},
    {"type": "Feature", "properties": {"name": "Natural gas pipeline", "Operator": "DCP OPERATING COMPANY, LP", "Commodity": "Natural gas", "Type": "Gathering", "Status": "In Service", "Diameter (inches)": 16.0}, "geometry": {"type": "LineString", "coordinates": [[-96.086377, 30.435994], [-96.086437, 30.435949]]}},
    {"type": "Feature", "properties": {"name": "Natural gas pipeline", "Operator": "DCP OPERATING COMPANY, LP", "Commodity": "Natural gas", "Type": "Gathering", "Status": "In Service", "Diameter (inches)": 4.5}, "geometry": {"type": "LineString", "coordinates": [[-96.01746, 30.489317], [-96.017407, 30.489324]]}},
    {"type": "Feature", "properties": {"name": "Natural gas pipeline", "Operator": "DCP OPERATING COMPANY, LP", "Commodity": "Natural gas", "Type": "Gathering", "Status": "In Service", "Diameter (inches)": 6.63}, "geometry": {"type": "MultiLineString", "coordinates": [[[-96.017316, 30.49294], [-96.017315, 30.4929]], [[-96.017315, 30.4929], [-96.017298, 30.492356], [-96.017508, 30.492016], [-96.017584, 30.4904], [-96.017825, 30.490278], [-96.017645, 30.489292]], [[-96.017645, 30.489292], [-96.01746, 30.489317]]]}},
    {"type": "Feature", "properties": {"name": "Natural gas pipeline", "Operator": "DCP OPERATING COMPANY, LP", "Commodity": "Natural gas", "Type": "Gathering", "Status": "In Service", "Diameter (inches)": 8.63}, "geometry": {"type": "LineString", "coordinates": [[-96.04697, 30.466224], [-96.04779, 30.465737], [-96.047927, 30.465724]]}},
    {"type": "Feature", "properties": {"name": "Natural gas pipeline", "Operator": "DCP OPERATING COMPANY, LP", "Commodity": "Natural gas", "Type": "Gathering", "Status": "In Service", "Diameter (inches)": 4.5}, "geometry": {"type": "LineString", "coordinates": [[-96.018075, 30.505516], [-96.018083, 30.505552]]}},
    {"type": "Feature", "properties": {"name": "Natural gas pipeline", "Operator": "DCP OPERATING COMPANY, LP", "Commodity": "Natural gas", "Type": "Gathering", "Status": "In Service", "Diameter (inches)": 6.63}, "geometry": {"type": "LineString", "coordinates": [[-96.023075, 30.493064], [-96.023063, 30.493197], [-96.023668, 30.493797], [-96.026615, 30.498076], [-96.027789, 30.499256], [-96.027827, 30.502227], [-96.027028, 30.502586], [-96.025134, 30.503207], [-96.024206, 30.504183], [-96.020014, 30.50519], [-96.018882, 30.505223], [-96.018044, 30.505381], [-96.018075, 30.505516]]}},
    {"type": "Feature", "properties": {"name": "Natural gas pipeline", "Operator": "DCP OPERATING COMPANY, LP", "Commodity": "Natural gas", "Type": "Gathering", "Status": "In Service", "Diameter (inches)": 4.5}, "geometry": {"type": "MultiLineString", "coordinates": [[[-96.017645, 30.489292], [-96.017645, 30.489292]], [[-96.017645, 30.489292], [-96.017634, 30.489259]]]}},
    {"type": "Feature", "properties": {"name": "Natural gas pipeline", "Operator": "DCP OPERATING COMPANY, LP", "Commodity": "Natural gas", "Type": "Gathering", "Status": "In Service", "Diameter (inches)": 6.63}, "geometry": {"type": "LineString", "coordinates": [[-96.017634, 30.489259], [-96.018585, 30.48759], [-96.018413, 30.485848], [-96.018013, 30.484248], [-96.017134, 30.48257], [-96.017905, 30.479762], [-96.018582, 30.47848], [-96.018416, 30.476152], [-96.01693, 30.473386], [-96.016486, 30.473244], [-96.015712, 30.473474], [-96.015747, 30.47354]]}},
    {"type": "Feature", "properties": {"name": "Natural gas pipeline", "Operator": "DCP OPERATING COMPANY, LP", "Commodity": "Natural gas", "Type": "Gathering", "Status": "In Service", "Diameter (inches)": 4.5}, "geometry": {"type": "LineString", "coordinates": [[-96.079714, 30.448165], [-96.079677, 30.448191]]}},
    {"type": "Feature", "properties": {"name": "Natural gas pipeline", "Operator": "DCP OPERATING COMPANY, LP", "Commodity": "Natural gas", "Type": "Gathering", "Status": "In Service", "Diameter (inches)": 6.63}, "geometry": {"type": "MultiLineString", "coordinates": [[[-96.081236, 30.445624], [-96.080945, 30.446562], [-96.079974, 30.446872], [-96.079012, 30.447423], [-96.079714, 30.448165]], [[-96.081236, 30.445624], [-96.081236, 30.445624]]]}},
    {"type": "Feature", "properties": {"name": "Natural gas pipeline", "Operator": "DCP OPERATING COMPANY, LP", "Commodity": "Natural gas", "Type": "Gathering", "Status": "In Service", "Diameter (inches)": 4.5}, "geometry": {"type": "LineString", "coordinates": [[-95.947335, 30.51459], [-95.947325, 30.51463]]}},
    {"type": "Feature", "properties": {"name": "Natural gas pipeline", "Operator": "DCP OPERATING COMPANY, LP", "Commodity": "Natural gas", "Type": "Gathering", "Status": "In Service", "Diameter (inches)": 8.63}, "geometry": {"type": "LineString", "coordinates": [[-95.965397, 30.500022], [-95.965429, 30.500107], [-95.962355, 30.501307], [-95.958776, 30.503658], [-95.958691, 30.503597]]}},
    {"type": "Feature", "properties": {"name": "Natural gas pipeline", "Operator": "DCP OPERATING COMPANY, LP", "Commodity": "Natural gas", "Type": "Gathering", "Status": "In Service", "Diameter (inches)": 8.63}, "geometry": {"type": "LineString", "coordinates": [[-95.958413, 30.503398], [-95.958337, 30.503345], [-95.957684, 30.503596], [-95.956082, 30.504315], [-95.954886, 30.504307], [-95.954151, 30.504407], [-95.952554, 30.504982], [-95.952047, 30.505061], [-95.949447, 30.504633], [-95.944587, 30.506841], [-95.946139, 30.510206], [-95.945951, 30.511468], [-95.947335, 30.51459]]}},
    {"type": "Feature", "properties": {"name": "Natural gas pipeline", "Operator": "DCP OPERATING COMPANY, LP", "Commodity": "Natural gas", "Type": "Gathering", "Status": "In Service", "Diameter (inches)": 16.0}, "geometry": {"type": "MultiLineString", "coordinates": [[[-96.065855, 30.460568], [-96.065976, 30.460565], [-96.067696, 30.457783], [-96.06773, 30.456328]], [[-96.06773, 30.456328], [-96.067911, 30.45091], [-96.070661, 30.451107], [-96.071958, 30.449906], [-96.072755, 30.448859], [-96.074828, 30.446586], [-96.077828, 30.446234], [-96.079823, 30.445283], [-96.081236, 30.445624]], [[-96.081236, 30.445624], [-96.082305, 30.445869], [-96.085158, 30.444888]]]}},
    {"type": "Feature", "properties": {"name": "Natural gas pipeline", "Operator": "DCP OPERATING COMPANY, LP", "Commodity": "Natural gas", "Type": "Gathering", "Status": "In Service", "Diameter (inches)": 6.63}, "geometry": {"type": "LineString", "coordinates": [[-96.080035, 30.505935], [-96.079486, 30.505996], [-96.079486, 30.50553], [-96.07802, 30.505808], [-96.077959, 30.505892], [-96.078833, 30.50758], [-96.079407, 30.508427], [-96.080333, 30.510132], [-96.08177, 30.514968], [-96.081363, 30.517137], [-96.082844, 30.520438], [-96.085489, 30.521706], [-96.085722, 30.522257]]}},
    {"type": "Feature", "properties": {"name": "Natural gas pipeline", "Operator": "DCP OPERATING COMPANY, LP", "Commodity": "Natural gas", "Type": "Gathering", "Status": "In Service", "Diameter (inches)": 8.63}, "geometry": {"type": "LineString", "coordinates": [[-96.115644, 30.485206], [-96.115647, 30.485104], [-96.11544, 30.484783], [-96.114422, 30.479017]]}},
    {"type": "Feature", "properties": {"name": "Natural gas pipeline", "Operator": "DCP OPERATING COMPANY, LP", "Commodity": "Natural gas", "Type": "Gathering", "Status": "Abandoned", "Diameter (inches)": 6.63}, "geometry": {"type": "LineString", "coordinates": [[-96.111535, 30.459495], [-96.111773, 30.459607], [-96.113528, 30.462179], [-96.113542, 30.462596], [-96.115124, 30.466615], [-96.115745, 30.466871], [-96.116684, 30.466888], [-96.116688, 30.466743]]}},
    {"type": "Feature", "properties": {"name": "Natural gas pipeline", "Operator": "DCP OPERATING COMPANY, LP", "Commodity": "Natural gas", "Type": "Gathering", "Status": "In Service", "Diameter (inches)": 6.63}, "geometry": {"type": "LineString", "coordinates": [[-96.082011, 30.47461], [-96.08009, 30.470339], [-96.080214, 30.470065], [-96.080444, 30.469943], [-96.080856, 30.469052], [-96.080931, 30.468637], [-96.081461, 30.467867], [-96.081854, 30.467471], [-96.081816, 30.467442]]}},
    {"type": "Feature", "properties": {"name": "Natural gas pipeline", "Operator": "DCP OPERATING COMPANY, LP", "Commodity": "Natural gas", "Type": "Gathering", "Status": "In Service", "Diameter (inches)": 8.63}, "geometry": {"type": "LineString", "coordinates": [[-96.114422, 30.479017], [-96.114419, 30.478997]]}},
    {"type": "Feature", "properties": {"name": "Natural gas pipeline", "Operator": "DCP OPERATING COMPANY, LP", "Commodity": "Natural gas", "Type": "Gathering", "Status": "In Service", "Diameter (inches)": 16.0}, "geometry": {"type": "LineString", "coordinates": [[-96.023048, 30.493063], [-96.023048, 30.493063]]}},
    {"type": "Feature", "properties": {"name": "Natural gas pipeline", "Operator": "DCP OPERATING COMPANY, LP", "Commodity": "Natural gas", "Type": "Gathering", "Status": "In Service", "Diameter (inches)": 16.0}, "geometry": {"type": "LineString", "coordinates": [[-96.023048, 30.493063], [-96.023048, 30.493063]]}},
    {"type": "Feature", "properties": {"name": "Natural gas pipeline", "Operator": "DCP OPERATING COMPANY, LP", "Commodity": "Natural gas", "Type": "Gathering", "Status": "In Service", "Diameter (inches)": 4.5}, "geometry": {"type": "LineString", "coordinates": [[-96.069995, 30.487953], [-96.06996, 30.48792]]}},
    {"type": "Feature", "properties": {"name": "Natural gas pipeline", "Operator": "DCP OPERATING COMPANY, LP", "Commodity": "Natural gas", "Type": "Gathering", "Status": "In Service", "Diameter (inches)": 4.5}, "geometry": {"type": "LineString", "coordinates": [[-96.03463, 30.488541], [-96.034614, 30.488508]]}},
    {"type": "Feature", "properties": {"name": "Natural gas pipeline", "Operator": "DCP OPERATING COMPANY, LP", "Commodity": "Natural gas", "Type": "Gathering", "Status": "In Service", "Diameter (inches)": 8.63}, "geometry": {"type": "LineString", "coordinates": [[-95.857071, 30.528357], [-95.85675, 30.528433]]}},
    {"type": "Feature", "properties": {"name": "Natural gas pipeline", "Operator": "DCP OPERATING COMPANY, LP", "Commodity": "Natural gas", "Type": "Gathering", "Status": "In Service", "Diameter (inches)": 16.0}, "geometry": {"type": "MultiLineString", "coordinates": [[[-96.085158, 30.444888], [-96.085158, 30.444888]], [[-96.085158, 30.444888], [-96.083798, 30.44179], [-96.083281, 30.440802], [-96.083266, 30.43993], [-96.082791, 30.438786], [-96.082897, 30.438626]], [[-96.082897, 30.438626], [-96.086377, 30.435994]]]}},
    {"type": "Feature", "properties": {"name": "Natural gas pipeline", "Operator": "DCP OPERATING COMPANY, LP", "Commodity": "Natural gas", "Type": "Gathering", "Status": "In Service", "Diameter (inches)": 8.63}, "geometry": {"type": "LineString", "coordinates": [[-96.046878, 30.466113], [-96.047067, 30.466343], [-96.047022, 30.467299], [-96.055508, 30.473529], [-96.055306, 30.474369], [-96.054598, 30.475041], [-96.054722, 30.47532]]}},
    {"type": "Feature", "properties": {"name": "Natural gas pipeline", "Operator": "DCP OPERATING COMPANY, LP", "Commodity": "Natural gas", "Type": "Gathering", "Status": "In Service", "Diameter (inches)": 6.63}, "geometry": {"type": "LineString", "coordinates": [[-96.034958, 30.493166], [-96.034972, 30.491895], [-96.034381, 30.490437], [-96.034212, 30.489296], [-96.034709, 30.488702], [-96.03463, 30.488541]]}},
    {"type": "Feature", "properties": {"name": "Natural gas pipeline", "Operator": "DCP OPERATING COMPANY, LP", "Commodity": "Natural gas", "Type": "Gathering", "Status": "In Service", "Diameter (inches)": 6.63}, "geometry": {"type": "LineString", "coordinates": [[-96.038875, 30.504696], [-96.038682, 30.504685], [-96.037813, 30.50409], [-96.037409, 30.503424], [-96.037298, 30.503356]]}},
    {"type": "Feature", "properties": {"name": "Natural gas pipeline", "Operator": "DCP OPERATING COMPANY, LP", "Commodity": "Natural gas", "Type": "Gathering", "Status": "In Service", "Diameter (inches)": 4.5}, "geometry": {"type": "LineString", "coordinates": [[-96.053959, 30.486591], [-96.053997, 30.486596]]}},
    {"type": "Feature", "properties": {"name": "Natural gas pipeline", "Operator": "DCP OPERATING COMPANY, LP", "Commodity": "Natural gas", "Type": "Gathering", "Status": "In Service", "Diameter (inches)": 8.63}, "geometry": {"type": "LineString", "coordinates": [[-95.969481, 30.497824], [-95.968753, 30.496027], [-95.967683, 30.495403], [-95.967158, 30.493935], [-95.966513, 30.492543], [-95.966555, 30.492493]]}},
    {"type": "Feature", "properties": {"name": "Natural gas pipeline", "Operator": "DCP OPERATING COMPANY, LP", "Commodity": "Natural gas", "Type": "Gathering", "Status": "In Service", "Diameter (inches)": 3.5}, "geometry": {"type": "LineString", "coordinates": [[-96.05474, 30.475352], [-96.054748, 30.47531]]}},
    {"type": "Feature", "properties": {"name": "Natural gas pipeline", "Operator": "DCP OPERATING COMPANY, LP", "Commodity": "Natural gas", "Type": "Gathering", "Status": "In Service", "Diameter (inches)": 4.5}, "geometry": {"type": "LineString", "coordinates": [[-96.054742, 30.475372], [-96.05474, 30.475352]]}},
    {"type": "Feature", "properties": {"name": "Natural gas pipeline", "Operator": "DCP OPERATING COMPANY, LP", "Commodity": "Natural gas", "Type": "Gathering", "Status": "In Service", "Diameter (inches)": 8.63}, "geometry": {"type": "MultiLineString", "coordinates": [[[-96.082897, 30.438626], [-96.082897, 30.438626]], [[-96.082897, 30.438626], [-96.082646, 30.438367], [-96.081828, 30.436501], [-96.076785, 30.433546]], [[-96.076785, 30.433546], [-96.075794, 30.432998], [-96.074024, 30.428941], [-96.073922, 30.428903], [-96.07311, 30.429261], [-96.069842, 30.429646]]]}},
    {"type": "Feature", "properties": {"name": "Natural gas pipeline", "Operator": "DCP OPERATING COMPANY, LP", "Commodity": "Natural gas", "Type": "Gathering", "Status": "In Service", "Diameter (inches)": 4.5}, "geometry": {"type": "LineString", "coordinates": [[-96.096191, 30.447447], [-96.096233, 30.447439]]}},
    {"type": "Feature", "properties": {"name": "Natural gas pipeline", "Operator": "DCP OPERATING COMPANY, LP", "Commodity": "Natural gas", "Type": "Gathering", "Status": "In Service", "Diameter (inches)": 8.63}, "geometry": {"type": "LineString", "coordinates": [[-95.917783, 30.527917], [-95.91557, 30.529458], [-95.914724, 30.530554], [-95.912002, 30.532635], [-95.910916, 30.533821], [-95.911078, 30.53419]]}},
    {"type": "Feature", "properties": {"name": "Natural gas pipeline", "Operator": "DCP OPERATING COMPANY, LP", "Commodity": "Natural gas", "Type": "Gathering", "Status": "In Service", "Diameter (inches)": 8.63}, "geometry": {"type": "LineString", "coordinates": [[-96.051337, 30.481597], [-96.051324, 30.481543], [-96.05399, 30.479156], [-96.054009, 30.476166], [-96.054734, 30.476167], [-96.054873, 30.475745], [-96.054709, 30.475453], [-96.054742, 30.475372]]}},
    {"type": "Feature", "properties": {"name": "Natural gas pipeline", "Operator": "DCP OPERATING COMPANY, LP", "Commodity": "Natural gas", "Type": "Gathering", "Status": "In Service", "Diameter (inches)": 6.63}, "geometry": {"type": "MultiLineString", "coordinates": [[[-96.115768, 30.485331], [-96.115846, 30.485707], [-96.115996, 30.485784], [-96.11677, 30.487241], [-96.116756, 30.487384]], [[-96.115762, 30.4853], [-96.115768, 30.485331]]]}},
    {"type": "Feature", "properties": {"name": "Natural gas pipeline", "Operator": "DCP OPERATING COMPANY, LP", "Commodity": "Natural gas", "Type": "Gathering", "Status": "In Service", "Diameter (inches)": 8.63}, "geometry": {"type": "MultiLineString", "coordinates": [[[-96.108958, 30.485054], [-96.109173, 30.485401], [-96.110527, 30.488607], [-96.110377, 30.488655]], [[-96.108958, 30.485004], [-96.108958, 30.485054]]]}},
    {"type": "Feature", "properties": {"name": "Natural gas pipeline", "Operator": "DCP OPERATING COMPANY, LP", "Commodity": "Natural gas", "Type": "Gathering", "Status": "In Service", "Diameter (inches)": 6.63}, "geometry": {"type": "MultiLineString", "coordinates": [[[-96.06773, 30.456328], [-96.06773, 30.456328]], [[-96.06773, 30.456328], [-96.067054, 30.456317], [-96.065311, 30.45527], [-96.063878, 30.455144]]]}},
    {"type": "Feature", "properties": {"name": "Natural gas pipeline", "Operator": "DCP OPERATING COMPANY, LP", "Commodity": "Natural gas", "Type": "Gathering", "Status": "In Service", "Diameter (inches)": 8.63}, "geometry": {"type": "MultiLineString", "coordinates": [[[-96.098045, 30.505614], [-96.098069, 30.505667]], [[-96.082251, 30.491481], [-96.083382, 30.493873], [-96.08341, 30.494472], [-96.083892, 30.494983], [-96.085313, 30.49804], [-96.085448, 30.498457], [-96.088984, 30.501354], [-96.093063, 30.501065], [-96.09564, 30.501423], [-96.097411, 30.504222], [-96.098045, 30.505614]]]}},
    {"type": "Feature", "properties": {"name": "Natural gas pipeline", "Operator": "DCP OPERATING COMPANY, LP", "Commodity": "Natural gas", "Type": "Gathering", "Status": "In Service", "Diameter (inches)": 6.63}, "geometry": {"type": "MultiLineString", "coordinates": [[[-96.080933, 30.501551], [-96.080933, 30.501551]], [[-96.080933, 30.501551], [-96.081023, 30.501522]]]}},
    {"type": "Feature", "properties": {"name": "Natural gas pipeline", "Operator": "DCP OPERATING COMPANY, LP", "Commodity": "Natural gas", "Type": "Gathering", "Status": "In Service", "Diameter (inches)": 8.63}, "geometry": {"type": "LineString", "coordinates": [[-95.947179, 30.514573], [-95.946825, 30.514697], [-95.941216, 30.514139], [-95.93881, 30.515612], [-95.933811, 30.516753], [-95.933376, 30.516941], [-95.932715, 30.517785], [-95.929319, 30.518471], [-95.926794, 30.519811], [-95.925923, 30.520152], [-95.923611, 30.523834], [-95.920018, 30.525166], [-95.91914, 30.526246], [-95.918211, 30.527618], [-95.918056, 30.527727]]}},
    {"type": "Feature", "properties": {"name": "Natural gas pipeline", "Operator": "DCP OPERATING COMPANY, LP", "Commodity": "Natural gas", "Type": "Gathering", "Status": "In Service", "Diameter (inches)": 8.63}, "geometry": {"type": "LineString", "coordinates": [[-95.84192, 30.528055], [-95.841742, 30.525758]]}},
    {"type": "Feature", "properties": {"name": "Natural gas pipeline", "Operator": "DOMINION GAS VENTURES, LP", "Commodity": "Natural gas", "Type": "Gathering", "Status": "In Service", "Diameter (inches)": 4.5}, "geometry": {"type": "LineString", "coordinates": [[-96.010029, 30.827835], [-96.001122, 30.835606], [-95.99933, 30.832137], [-95.995497, 30.830027], [-95.991013, 30.823208]]}},
    {"type": "Feature", "properties": {"name": "Natural gas pipeline", "Operator": "DOMINION GAS VENTURES, LP", "Commodity": "Natural gas", "Type": "Gathering", "Status": "In Service", "Diameter (inches)": 6.63}, "geometry": {"type": "LineString", "coordinates": [[-96.022591, 30.812877], [-96.015085, 30.820576], [-96.012917, 30.820404], [-96.011699, 30.826378], [-96.010029, 30.827835]]}},
    {"type": "Feature", "properties": {"name": "Natural gas pipeline", "Operator": "DOMINION GAS VENTURES, LP", "Commodity": "Natural gas", "Type": "Gathering", "Status": "In Service", "Diameter (inches)": 4.5}, "geometry": {"type": "LineString", "coordinates": [[-95.991013, 30.823208], [-95.989277, 30.820097], [-95.990016, 30.812621], [-95.992374, 30.803062], [-95.994819, 30.797551], [-95.995972, 30.792366]]}},
    {"type": "Feature", "properties": {"name": "Natural gas pipeline", "Operator": "ENERGY TRANSFER COMPANY", "Commodity": "Natural gas", "Type": "Gathering", "Status": "In Service", "Diameter (inches)": 6.63}, "geometry": {"type": "LineString", "coordinates": [[-95.968859, 30.536335], [-95.972843, 30.536565], [-95.972994, 30.536295]]}},
    {"type": "Feature", "properties": {"name": "Natural gas pipeline", "Operator": "ENERGY TRANSFER COMPANY", "Commodity": "Natural gas", "Type": "Gathering", "Status": "In Service", "Diameter (inches)": 10.75}, "geometry": {"type": "LineString", "coordinates": [[-96.019912, 30.555697], [-96.020169, 30.55476], [-96.020101, 30.554443], [-96.020048, 30.551466]]}},
    {"type": "Feature", "properties": {"name": "Natural gas pipeline", "Operator": "ENERGY TRANSFER COMPANY", "Commodity": "Natural gas", "Type": "Gathering", "Status": "In Service", "Diameter (inches)": 6.63}, "geometry": {"type": "LineString", "coordinates": [[-96.133765, 30.615894], [-96.131104, 30.612648], [-96.13019, 30.611363]]}},
    {"type": "Feature", "properties": {"name": "Natural gas pipeline", "Operator": "ENERGY TRANSFER COMPANY", "Commodity": "Natural gas", "Type": "Gathering", "Status": "In Service", "Diameter (inches)": 6.63}, "geometry": {"type": "LineString", "coordinates": [[-95.956531, 30.525082], [-95.957816, 30.527958], [-95.958419, 30.52843], [-95.958986, 30.52946], [-95.959204, 30.529381]]}},
    {"type": "Feature", "properties": {"name": "Natural gas pipeline", "Operator": "ENERGY TRANSFER COMPANY", "Commodity": "Natural gas", "Type": "Gathering", "Status": "In Service", "Diameter (inches)": 12.75}, "geometry": {"type": "MultiLineString", "coordinates": [[[-95.881108, 30.473508], [-95.880444, 30.473486], [-95.880154, 30.473561], [-95.879986, 30.473734], [-95.880253, 30.477772], [-95.880124, 30.477976], [-95.880024, 30.478052], [-95.877713, 30.478482], [-95.876286, 30.479458], [-95.87592, 30.479496], [-95.875027, 30.479413], [-95.874738, 30.479458]], [[-95.890263, 30.473126], [-95.889394, 30.47316], [-95.888684, 30.47332], [-95.887395, 30.473795], [-95.88699, 30.473881], [-95.881336, 30.473515]], [[-95.881336, 30.473515], [-95.881108, 30.473508]]]}},
    {"type": "Feature", "properties": {"name": "Natural gas pipeline", "Operator": "ENERGY TRANSFER COMPANY", "Commodity": "Natural gas", "Type": "Gathering", "Status": "In Service", "Diameter (inches)": 6.63}, "geometry": {"type": "MultiLineString", "coordinates": [[[-96.056133, 30.542772], [-96.052892, 30.543658], [-96.050687, 30.544494], [-96.049177, 30.545227], [-96.046781, 30.547532], [-96.046651, 30.548582], [-96.046239, 30.549053], [-96.046423, 30.549974], [-96.045759, 30.550415]], [[-96.056135, 30.542772], [-96.056133, 30.542772]]]}},
    {"type": "Feature", "properties": {"name": "Natural gas pipeline", "Operator": "ENERGY TRANSFER COMPANY", "Commodity": "Natural gas", "Type": "Gathering", "Status": "In Service", "Diameter (inches)": 8.63}, "geometry": {"type": "LineString", "coordinates": [[-96.014829, 30.581544], [-96.014829, 30.581544]]}},
    {"type": "Feature", "properties": {"name": "Natural gas pipeline", "Operator": "ENERGY TRANSFER COMPANY", "Commodity": "Natural gas", "Type": "Gathering", "Status": "In Service", "Diameter (inches)": 12.75}, "geometry": {"type": "LineString", "coordinates": [[-95.950496, 30.48299], [-95.950496, 30.48299]]}},
    {"type": "Feature", "properties": {"name": "Natural gas pipeline", "Operator": "ENERGY TRANSFER COMPANY", "Commodity": "Natural gas", "Type": "Gathering", "Status": "In Service", "Diameter (inches)": 6.63}, "geometry": {"type": "LineString", "coordinates": [[-95.950496, 30.48299], [-95.950496, 30.48299]]}},
    {"type": "Feature", "properties": {"name": "Natural gas pipeline", "Operator": "ENERGY TRANSFER COMPANY", "Commodity": "Natural gas", "Type": "Gathering", "Status": "In Service", "Diameter (inches)": 12.75}, "geometry": {"type": "MultiLineString", "coordinates": [[[-95.881408, 30.55248], [-95.881408, 30.55248]], [[-95.884489, 30.551343], [-95.884489, 30.551343]], [[-95.893849, 30.549767], [-95.893849, 30.549767]], [[-95.897133, 30.549251], [-95.897133, 30.549251]]]}},
    {"type": "Feature", "properties": {"name": "Natural gas pipeline", "Operator": "ENERGY TRANSFER COMPANY", "Commodity": "Natural gas", "Type": "Gathering", "Status": "In Service", "Diameter (inches)": 4.5}, "geometry": {"type": "LineString", "coordinates": [[-96.079284, 30.499666], [-96.079284, 30.499666]]}},
    {"type": "Feature", "properties": {"name": "Natural gas pipeline", "Operator": "ENERGY TRANSFER COMPANY", "Commodity": "Natural gas", "Type": "Gathering", "Status": "In Service", "Diameter (inches)": 12.75}, "geometry": {"type": "LineString", "coordinates": [[-96.079284, 30.499666], [-96.079284, 30.499666]]}},
    {"type": "Feature", "properties": {"name": "Natural gas pipeline", "Operator": "ENERGY TRANSFER COMPANY", "Commodity": "Natural gas", "Type": "Gathering", "Status": "In Service", "Diameter (inches)": 8.63}, "geometry": {"type": "MultiLineString", "coordinates": [[[-95.881408, 30.55248], [-95.881408, 30.55248]], [[-95.884489, 30.551343], [-95.884489, 30.551343]], [[-95.893849, 30.549767], [-95.893849, 30.549767]], [[-95.897133, 30.549251], [-95.897133, 30.549251]]]}},
    {"type": "Feature", "properties": {"name": "Natural gas pipeline", "Operator": "ENERGY TRANSFER COMPANY", "Commodity": "Natural gas", "Type": "Gathering", "Status": "In Service", "Diameter (inches)": 4.5}, "geometry": {"type": "MultiLineString", "coordinates": [[[-96.139058, 30.785534], [-96.142941, 30.785201], [-96.145504, 30.78564], [-96.146362, 30.785683], [-96.148743, 30.784661], [-96.149424, 30.784521], [-96.149254, 30.783689], [-96.149359, 30.783477], [-96.150518, 30.783214]], [[-96.133789, 30.785484], [-96.137463, 30.785597], [-96.139058, 30.785534]]]}},
    {"type": "Feature", "properties": {"name": "Natural gas pipeline", "Operator": "ENERGY TRANSFER COMPANY", "Commodity": "Natural gas", "Type": "Gathering", "Status": "In Service", "Diameter (inches)": 3.5}, "geometry": {"type": "MultiLineString", "coordinates": [[[-96.115578, 30.646199], [-96.11558, 30.646183]], [[-96.11558, 30.646183], [-96.115582, 30.645181], [-96.1113, 30.640461]], [[-96.1113, 30.640461], [-96.10667, 30.635894], [-96.103607, 30.622175], [-96.099839, 30.619955]]]}},
    {"type": "Feature", "properties": {"name": "Natural gas pipeline", "Operator": "ENERGY TRANSFER COMPANY", "Commodity": "Natural gas", "Type": "Gathering", "Status": "In Service", "Diameter (inches)": 2.38}, "geometry": {"type": "LineString", "coordinates": [[-96.101977, 30.6196], [-96.09273, 30.618303]]}},
    {"type": "Feature", "properties": {"name": "Natural gas pipeline", "Operator": "ENERGY TRANSFER COMPANY", "Commodity": "Natural gas", "Type": "Gathering", "Status": "In Service", "Diameter (inches)": 2.38}, "geometry": {"type": "LineString", "coordinates": [[-96.092553, 30.615858], [-96.090588, 30.615027]]}},
    {"type": "Feature", "properties": {"name": "Natural gas pipeline", "Operator": "ENERGY TRANSFER COMPANY", "Commodity": "Natural gas", "Type": "Gathering", "Status": "In Service", "Diameter (inches)": 4.5}, "geometry": {"type": "LineString", "coordinates": [[-96.157104, 30.746162], [-96.146744, 30.739703], [-96.145344, 30.727713], [-96.146877, 30.725971], [-96.146201, 30.724887]]}},
    {"type": "Feature", "properties": {"name": "Natural gas pipeline", "Operator": "ENERGY TRANSFER COMPANY", "Commodity": "Natural gas", "Type": "Gathering", "Status": "In Service", "Diameter (inches)": 12.75}, "geometry": {"type": "LineString", "coordinates": [[-96.110991, 30.401089], [-96.110038, 30.400371], [-96.109398, 30.399616]]}},
    {"type": "Feature", "properties": {"name": "Natural gas pipeline", "Operator": "ENERGY TRANSFER COMPANY", "Commodity": "Natural gas", "Type": "Gathering", "Status": "In Service", "Diameter (inches)": 12.75}, "geometry": {"type": "LineString", "coordinates": [[-96.10851, 30.398569], [-96.107625, 30.397474]]}},
    {"type": "Feature", "properties": {"name": "Natural gas pipeline", "Operator": "ENERGY TRANSFER COMPANY", "Commodity": "Natural gas", "Type": "Gathering", "Status": "In Service", "Diameter (inches)": 12.75}, "geometry": {"type": "LineString", "coordinates": [[-96.109398, 30.399616], [-96.10851, 30.398569]]}},
    {"type": "Feature", "properties": {"name": "Natural gas pipeline", "Operator": "ENERGY TRANSFER COMPANY", "Commodity": "Natural gas", "Type": "Gathering", "Status": "In Service", "Diameter (inches)": 6.63}, "geometry": {"type": "MultiLineString", "coordinates": [[[-96.138257, 30.600254], [-96.134257, 30.599253], [-96.130612, 30.599429], [-96.1261, 30.599536], [-96.125869, 30.598384], [-96.12069, 30.598623]], [[-96.120788, 30.595988], [-96.121968, 30.594562], [-96.122282, 30.593812], [-96.122256, 30.593052], [-96.122527, 30.592672], [-96.12262, 30.592148]]]}},
    {"type": "Feature", "properties": {"name": "Natural gas pipeline", "Operator": "ENERGY TRANSFER COMPANY", "Commodity": "Natural gas", "Type": "Gathering", "Status": "In Service", "Diameter (inches)": 6.63}, "geometry": {"type": "LineString", "coordinates": [[-96.12069, 30.598623], [-96.1206, 30.596249], [-96.120788, 30.595988]]}},
    {"type": "Feature", "properties": {"name": "Natural gas pipeline", "Operator": "ENERGY TRANSFER COMPANY", "Commodity": "Natural gas", "Type": "Gathering", "Status": "In Service", "Diameter (inches)": 8.63}, "geometry": {"type": "MultiLineString", "coordinates": [[[-96.150884, 30.571472], [-96.149032, 30.572945], [-96.148595, 30.573753], [-96.147941, 30.574261], [-96.147198, 30.574225], [-96.146774, 30.574024], [-96.145963, 30.57313], [-96.145187, 30.572735], [-96.144359, 30.572111], [-96.143709, 30.571389], [-96.140925, 30.567604], [-96.13571, 30.570583], [-96.133463, 30.569958], [-96.131462, 30.568725], [-96.129666, 30.568027], [-96.129652, 30.568706], [-96.129965, 30.56952]], [[-96.129965, 30.56952], [-96.130359, 30.569642]]]}},
    {"type": "Feature", "properties": {"name": "Natural gas pipeline", "Operator": "ENERGY TRANSFER COMPANY", "Commodity": "Natural gas", "Type": "Gathering", "Status": "In Service", "Diameter (inches)": 12.75}, "geometry": {"type": "LineString", "coordinates": [[-96.111752, 30.401446], [-96.110991, 30.401089]]}},
    {"type": "Feature", "properties": {"name": "Natural gas pipeline", "Operator": "ENERGY TRANSFER COMPANY", "Commodity": "Natural gas", "Type": "Gathering", "Status": "In Service", "Diameter (inches)": 12.75}, "geometry": {"type": "LineString", "coordinates": [[-96.112968, 30.402016], [-96.111752, 30.401446]]}},
    {"type": "Feature", "properties": {"name": "Natural gas pipeline", "Operator": "ENERGY TRANSFER COMPANY", "Commodity": "Natural gas", "Type": "Gathering", "Status": "In Service", "Diameter (inches)": 4.5}, "geometry": {"type": "LineString", "coordinates": [[-96.03456, 30.765138], [-96.032377, 30.76558]]}},
    {"type": "Feature", "properties": {"name": "Natural gas pipeline", "Operator": "ENERGY TRANSFER COMPANY", "Commodity": "Natural gas", "Type": "Gathering", "Status": "In Service", "Diameter (inches)": 8.63}, "geometry": {"type": "LineString", "coordinates": [[-96.129965, 30.56952], [-96.12533, 30.569792], [-96.115669, 30.56954]]}},
    {"type": "Feature", "properties": {"name": "Natural gas pipeline", "Operator": "ENERGY TRANSFER COMPANY", "Commodity": "Natural gas", "Type": "Gathering", "Status": "In Service", "Diameter (inches)": 6.63}, "geometry": {"type": "LineString", "coordinates": [[-96.121943, 30.580378], [-96.118776, 30.580475], [-96.113571, 30.581698], [-96.112252, 30.583155], [-96.112437, 30.584366]]}},
    {"type": "Feature", "properties": {"name": "Natural gas pipeline", "Operator": "ENERGY TRANSFER COMPANY", "Commodity": "Natural gas", "Type": "Gathering", "Status": "In Service", "Diameter (inches)": 4.5}, "geometry": {"type": "LineString", "coordinates": [[-96.115669, 30.56954], [-96.116013, 30.569127], [-96.116125, 30.568704], [-96.116181, 30.565544], [-96.115585, 30.565098], [-96.114834, 30.565221], [-96.114353, 30.565155], [-96.113873, 30.564858], [-96.11314, 30.564149], [-96.112582, 30.56417], [-96.111948, 30.563474], [-96.110101, 30.55575], [-96.110418, 30.555112], [-96.110481, 30.554507], [-96.110721, 30.554474]]}},
    {"type": "Feature", "properties": {"name": "Natural gas pipeline", "Operator": "ENERGY TRANSFER COMPANY", "Commodity": "Natural gas", "Type": "Gathering", "Status": "In Service", "Diameter (inches)": 4.5}, "geometry": {"type": "LineString", "coordinates": [[-96.096664, 30.573147], [-96.096074, 30.572613], [-96.094283, 30.570268], [-96.093949, 30.566909], [-96.092904, 30.56711]]}},
    {"type": "Feature", "properties": {"name": "Natural gas pipeline", "Operator": "ENERGY TRANSFER COMPANY", "Commodity": "Natural gas", "Type": "Gathering", "Status": "In Service", "Diameter (inches)": 8.63}, "geometry": {"type": "MultiLineString", "coordinates": [[[-96.096792, 30.573263], [-96.096664, 30.573147]], [[-96.115669, 30.56954], [-96.096792, 30.573263]]]}},
    {"type": "Feature", "properties": {"name": "Natural gas pipeline", "Operator": "ENERGY TRANSFER COMPANY", "Commodity": "Natural gas", "Type": "Gathering", "Status": "In Service", "Diameter (inches)": 6.63}, "geometry": {"type": "MultiLineString", "coordinates": [[[-96.098839, 30.58139], [-96.098463, 30.581352]], [[-96.102848, 30.578283], [-96.10286, 30.578485]]]}},
    {"type": "Feature", "properties": {"name": "Natural gas pipeline", "Operator": "ENERGY TRANSFER COMPANY", "Commodity": "Natural gas", "Type": "Gathering", "Status": "In Service", "Diameter (inches)": 6.63}, "geometry": {"type": "MultiLineString", "coordinates": [[[-96.098463, 30.581352], [-96.098063, 30.581312], [-96.095148, 30.581443], [-96.091987, 30.581831], [-96.091824, 30.581547]], [[-96.10286, 30.578485], [-96.10304, 30.578724], [-96.103139, 30.579232], [-96.102692, 30.580422], [-96.099963, 30.581505], [-96.098839, 30.58139]], [[-96.097155, 30.573544], [-96.099347, 30.575245], [-96.100123, 30.575627], [-96.100981, 30.575869], [-96.10174, 30.576309], [-96.102436, 30.576959], [-96.102824, 30.577493], [-96.102848, 30.578283]], [[-96.096792, 30.573263], [-96.097155, 30.573544]]]}},
    {"type": "Feature", "properties": {"name": "Natural gas pipeline", "Operator": "ENERGY TRANSFER COMPANY", "Commodity": "Natural gas", "Type": "Gathering", "Status": "In Service", "Diameter (inches)": 8.63}, "geometry": {"type": "LineString", "coordinates": [[-96.08428, 30.57811], [-96.082819, 30.579012]]}},
    {"type": "Feature", "properties": {"name": "Natural gas pipeline", "Operator": "ENERGY TRANSFER COMPANY", "Commodity": "Natural gas", "Type": "Gathering", "Status": "In Service", "Diameter (inches)": 18.0}, "geometry": {"type": "MultiLineString", "coordinates": [[[-96.060711, 30.430355], [-96.060341, 30.430284]], [[-96.040308, 30.429062], [-96.039989, 30.42942]], [[-96.075873, 30.428038], [-96.075583, 30.428164]], [[-96.094028, 30.414023], [-96.094044, 30.414532]], [[-96.101979, 30.411774], [-96.100767, 30.412106], [-96.099774, 30.412462], [-96.098546, 30.412298], [-96.094876, 30.410935], [-96.094816, 30.411029]]]}},
    {"type": "Feature", "properties": {"name": "Natural gas pipeline", "Operator": "ENERGY TRANSFER COMPANY", "Commodity": "Natural gas", "Type": "Gathering", "Status": "In Service", "Diameter (inches)": 18.0}, "geometry": {"type": "MultiLineString", "coordinates": [[[-96.0608, 30.430372], [-96.060711, 30.430355]], [[-96.060341, 30.430284], [-96.060251, 30.430267]], [[-96.039989, 30.42942], [-96.039895, 30.429525]], [[-96.040375, 30.428987], [-96.040308, 30.429062]], [[-96.075583, 30.428164], [-96.075411, 30.428243]], [[-96.075965, 30.427999], [-96.075873, 30.428038]], [[-96.094044, 30.414532], [-96.092762, 30.415662]], [[-96.102078, 30.411614], [-96.101979, 30.411774]], [[-96.104733, 30.407135], [-96.104616, 30.407292]]]}},
    {"type": "Feature", "properties": {"name": "Natural gas pipeline", "Operator": "ENERGY TRANSFER COMPANY", "Commodity": "Natural gas", "Type": "Gathering", "Status": "In Service", "Diameter (inches)": 18.0}, "geometry": {"type": "MultiLineString", "coordinates": [[[-96.038584, 30.431207], [-96.036544, 30.433275]], [[-96.039895, 30.429525], [-96.039009, 30.430785], [-96.038584, 30.431207]], [[-96.075411, 30.428243], [-96.07313, 30.429204], [-96.067876, 30.429841], [-96.064532, 30.430576], [-96.062177, 30.431004], [-96.061492, 30.430556], [-96.0608, 30.430372]], [[-96.060251, 30.430267], [-96.05647, 30.429539], [-96.051044, 30.427078], [-96.047387, 30.427857], [-96.043744, 30.428778], [-96.042248, 30.4278], [-96.041098, 30.428177], [-96.040375, 30.428987]], [[-96.092762, 30.415662], [-96.092295, 30.415963], [-96.091034, 30.416252], [-96.089208, 30.41644], [-96.087575, 30.416907], [-96.085164, 30.41931], [-96.081775, 30.421592], [-96.079539, 30.424988], [-96.077669, 30.427094], [-96.075965, 30.427999]], [[-96.104616, 30.407292], [-96.104007, 30.408124], [-96.103589, 30.409058], [-96.102078, 30.411614]], [[-96.107625, 30.397474], [-96.107403, 30.397486], [-96.107159, 30.397703], [-96.106412, 30.401234], [-96.106496, 30.403126], [-96.10594, 30.405477], [-96.104733, 30.407135]]]}},
    {"type": "Feature", "properties": {"name": "Natural gas pipeline", "Operator": "ENERGY TRANSFER COMPANY", "Commodity": "Natural gas", "Type": "Gathering", "Status": "In Service", "Diameter (inches)": 4.5}, "geometry": {"type": "MultiLineString", "coordinates": [[[-96.1509, 30.57335], [-96.150943, 30.573217], [-96.15199, 30.573042]], [[-96.15199, 30.573042], [-96.156892, 30.572225], [-96.15736, 30.572629]]]}},
    {"type": "Feature", "properties": {"name": "Natural gas pipeline", "Operator": "ENERGY TRANSFER COMPANY", "Commodity": "Natural gas", "Type": "Gathering", "Status": "In Service", "Diameter (inches)": 6.63}, "geometry": {"type": "MultiLineString", "coordinates": [[[-96.158092, 30.579787], [-96.153435, 30.57702]], [[-96.153435, 30.57702], [-96.151512, 30.575878], [-96.151329, 30.57543], [-96.15111, 30.573898], [-96.1509, 30.57335]]]}},
    {"type": "Feature", "properties": {"name": "Natural gas pipeline", "Operator": "ENERGY TRANSFER COMPANY", "Commodity": "Natural gas", "Type": "Gathering", "Status": "In Service", "Diameter (inches)": 8.63}, "geometry": {"type": "MultiLineString", "coordinates": [[[-95.973305, 30.467392], [-95.972353, 30.467728], [-95.971913, 30.467509]], [[-95.97182, 30.467463], [-95.970765, 30.466937]], [[-95.985918, 30.462936], [-95.973305, 30.467392]], [[-95.970765, 30.466937], [-95.969368, 30.466242]], [[-95.987387, 30.462417], [-95.985918, 30.462936]], [[-95.992036, 30.460775], [-95.987877, 30.462244]], [[-95.993928, 30.452676], [-95.996241, 30.457083], [-95.995182, 30.459663], [-95.992226, 30.460708]], [[-95.993699, 30.45206], [-95.993928, 30.452676]]]}},
    {"type": "Feature", "properties": {"name": "Natural gas pipeline", "Operator": "ENERGY TRANSFER COMPANY", "Commodity": "Natural gas", "Type": "Gathering", "Status": "In Service", "Diameter (inches)": 6.63}, "geometry": {"type": "LineString", "coordinates": [[-96.042479, 30.463292], [-96.042084, 30.463394]]}},
    {"type": "Feature", "properties": {"name": "Natural gas pipeline", "Operator": "ENERGY TRANSFER COMPANY", "Commodity": "Natural gas", "Type": "Gathering", "Status": "In Service", "Diameter (inches)": 6.63}, "geometry": {"type": "MultiLineString", "coordinates": [[[-96.035274, 30.465159], [-96.034294, 30.465413], [-96.033358, 30.465096], [-96.032575, 30.465429], [-96.031967, 30.465183], [-96.030822, 30.465841], [-96.03082, 30.466393], [-96.031272, 30.467012], [-96.031151, 30.467928], [-96.029451, 30.46849], [-96.028017, 30.469067], [-96.028137, 30.470986], [-96.025336, 30.471901], [-96.025149, 30.472111], [-96.023669, 30.47148], [-96.022927, 30.470424], [-96.021537, 30.470325], [-96.020358, 30.471539], [-96.01986, 30.471796], [-96.016714, 30.473006], [-96.015363, 30.471888], [-96.01511, 30.471979], [-96.015158, 30.472078]], [[-96.035335, 30.465143], [-96.035274, 30.465159]], [[-96.042084, 30.463394], [-96.035335, 30.465143]], [[-96.04344, 30.463043], [-96.042479, 30.463292]], [[-96.043856, 30.462935], [-96.04344, 30.463043]], [[-96.048249, 30.461795], [-96.043856, 30.462935]]]}},
    {"type": "Feature", "properties": {"name": "Natural gas pipeline", "Operator": "ENERGY TRANSFER COMPANY", "Commodity": "Natural gas", "Type": "Gathering", "Status": "In Service", "Diameter (inches)": 18.0}, "geometry": {"type": "MultiLineString", "coordinates": [[[-96.002304, 30.44974], [-95.995892, 30.451761], [-95.993483, 30.44969]], [[-95.993483, 30.44969], [-95.992803, 30.449105], [-95.988179, 30.446248], [-95.987286, 30.446399], [-95.985775, 30.445621], [-95.985512, 30.44421], [-95.982769, 30.438243], [-95.982312, 30.437907], [-95.980338, 30.437908]], [[-96.015543, 30.441127], [-96.014264, 30.442893], [-96.012061, 30.444123], [-96.010071, 30.445342], [-96.004618, 30.449296], [-96.004202, 30.449376]], [[-96.024705, 30.436468], [-96.024045, 30.436929], [-96.016435, 30.440385], [-96.015543, 30.441127]], [[-95.980124, 30.437908], [-95.97767, 30.437909]], [[-96.036544, 30.433275], [-96.036038, 30.433856], [-96.034977, 30.433347], [-96.034108, 30.433592], [-96.031186, 30.435122], [-96.029387, 30.435035], [-96.027195, 30.434731], [-96.024705, 30.436468]]]}},
    {"type": "Feature", "properties": {"name": "Natural gas pipeline", "Operator": "ENERGY TRANSFER COMPANY", "Commodity": "Natural gas", "Type": "Gathering", "Status": "In Service", "Diameter (inches)": 18.0}, "geometry": {"type": "LineString", "coordinates": [[-95.976379, 30.437569], [-95.973562, 30.436151], [-95.973071, 30.436218], [-95.971379, 30.436799], [-95.970806, 30.437219], [-95.960338, 30.440523]]}},
    {"type": "Feature", "properties": {"name": "Natural gas pipeline", "Operator": "ENERGY TRANSFER COMPANY", "Commodity": "Natural gas", "Type": "Gathering", "Status": "In Service", "Diameter (inches)": 6.63}, "geometry": {"type": "MultiLineString", "coordinates": [[[-96.043856, 30.462935], [-96.036557, 30.465582], [-96.035274, 30.465159]], [[-96.035274, 30.465159], [-96.034374, 30.464705], [-96.034222, 30.464682], [-96.034184, 30.464764]], [[-96.048282, 30.461441], [-96.047596, 30.461495], [-96.046307, 30.461972], [-96.045995, 30.462257], [-96.043856, 30.462935]]]}},
    {"type": "Feature", "properties": {"name": "Natural gas pipeline", "Operator": "ENERGY TRANSFER COMPANY", "Commodity": "Natural gas", "Type": "Gathering", "Status": "In Service", "Diameter (inches)": 6.63}, "geometry": {"type": "LineString", "coordinates": [[-96.047762, 30.451998], [-96.053118, 30.450243], [-96.05461, 30.450706]]}},
    {"type": "Feature", "properties": {"name": "Natural gas pipeline", "Operator": "ENERGY TRANSFER COMPANY", "Commodity": "Natural gas", "Type": "Gathering", "Status": "In Service", "Diameter (inches)": 8.63}, "geometry": {"type": "MultiLineString", "coordinates": [[[-95.971913, 30.467509], [-95.97182, 30.467463]], [[-95.987877, 30.462244], [-95.987387, 30.462417]], [[-95.992226, 30.460708], [-95.992036, 30.460775]]]}},
    {"type": "Feature", "properties": {"name": "Natural gas pipeline", "Operator": "ENERGY TRANSFER COMPANY", "Commodity": "Natural gas", "Type": "Gathering", "Status": "In Service", "Diameter (inches)": 18.0}, "geometry": {"type": "LineString", "coordinates": [[-96.094816, 30.411029], [-96.093968, 30.412373], [-96.09398, 30.41269]]}},
    {"type": "Feature", "properties": {"name": "Natural gas pipeline", "Operator": "ENERGY TRANSFER COMPANY", "Commodity": "Natural gas", "Type": "Gathering", "Status": "In Service", "Diameter (inches)": 18.0}, "geometry": {"type": "LineString", "coordinates": [[-96.09398, 30.41269], [-96.094028, 30.414023]]}},
    {"type": "Feature", "properties": {"name": "Natural gas pipeline", "Operator": "ENERGY TRANSFER COMPANY", "Commodity": "Natural gas", "Type": "Gathering", "Status": "In Service", "Diameter (inches)": 18.0}, "geometry": {"type": "LineString", "coordinates": [[-95.97767, 30.437909], [-95.977055, 30.437909], [-95.976379, 30.437569]]}},
    {"type": "Feature", "properties": {"name": "Natural gas pipeline", "Operator": "ENERGY TRANSFER COMPANY", "Commodity": "Natural gas", "Type": "Gathering", "Status": "In Service", "Diameter (inches)": 18.0}, "geometry": {"type": "LineString", "coordinates": [[-95.980338, 30.437908], [-95.980124, 30.437908]]}},
    {"type": "Feature", "properties": {"name": "Natural gas pipeline", "Operator": "ENERGY TRANSFER COMPANY", "Commodity": "Natural gas", "Type": "Gathering", "Status": "In Service", "Diameter (inches)": 18.0}, "geometry": {"type": "LineString", "coordinates": [[-96.004202, 30.449376], [-96.002304, 30.44974]]}},
    {"type": "Feature", "properties": {"name": "Natural gas pipeline", "Operator": "ENERGY TRANSFER COMPANY", "Commodity": "Natural gas", "Type": "Gathering", "Status": "In Service", "Diameter (inches)": 8.63}, "geometry": {"type": "LineString", "coordinates": [[-96.044157, 30.444123], [-96.044014, 30.443801]]}},
    {"type": "Feature", "properties": {"name": "Natural gas pipeline", "Operator": "ENERGY TRANSFER COMPANY", "Commodity": "Natural gas", "Type": "Gathering", "Status": "In Service", "Diameter (inches)": 8.63}, "geometry": {"type": "MultiLineString", "coordinates": [[[-96.047905, 30.465782], [-96.048249, 30.461795]], [[-96.048249, 30.461795], [-96.048487, 30.460178], [-96.048944, 30.458512], [-96.049153, 30.456535], [-96.048055, 30.452643], [-96.045631, 30.4473], [-96.043661, 30.446254], [-96.043627, 30.446116], [-96.044157, 30.444123]], [[-96.044014, 30.443801], [-96.042646, 30.441018]]]}},
    {"type": "Feature", "properties": {"name": "Natural gas pipeline", "Operator": "ENERGY TRANSFER COMPANY", "Commodity": "Natural gas", "Type": "Gathering", "Status": "In Service", "Diameter (inches)": 8.63}, "geometry": {"type": "LineString", "coordinates": [[-96.047903, 30.465811], [-96.047905, 30.465782]]}},
    {"type": "Feature", "properties": {"name": "Natural gas pipeline", "Operator": "ENERGY TRANSFER COMPANY", "Commodity": "Natural gas", "Type": "Gathering", "Status": "In Service", "Diameter (inches)": 6.63}, "geometry": {"type": "MultiLineString", "coordinates": [[[-96.04344, 30.463043], [-96.036557, 30.465547], [-96.035335, 30.465143]], [[-96.035335, 30.465143], [-96.034375, 30.464669], [-96.034222, 30.464647], [-96.034184, 30.464729]], [[-96.048307, 30.461403], [-96.047597, 30.461459], [-96.046308, 30.461936], [-96.045995, 30.462222], [-96.04344, 30.463043]]]}},
    {"type": "Feature", "properties": {"name": "Natural gas pipeline", "Operator": "ENERGY TRANSFER COMPANY", "Commodity": "Natural gas", "Type": "Gathering", "Status": "In Service", "Diameter (inches)": 6.63}, "geometry": {"type": "LineString", "coordinates": [[-96.02599, 30.43903], [-96.024705, 30.436468]]}},
    {"type": "Feature", "properties": {"name": "Natural gas pipeline", "Operator": "ENERGY TRANSFER COMPANY", "Commodity": "Natural gas", "Type": "Gathering", "Status": "In Service", "Diameter (inches)": 6.63}, "geometry": {"type": "LineString", "coordinates": [[-96.039164, 30.442478], [-96.039613, 30.442317]]}},
    {"type": "Feature", "properties": {"name": "Natural gas pipeline", "Operator": "ENERGY TRANSFER COMPANY", "Commodity": "Natural gas", "Type": "Gathering", "Status": "In Service", "Diameter (inches)": 6.63}, "geometry": {"type": "MultiLineString", "coordinates": [[[-96.039058, 30.443164], [-96.039164, 30.442478]], [[-96.039613, 30.442317], [-96.040717, 30.441919], [-96.040972, 30.441503], [-96.041433, 30.441517], [-96.04215, 30.441332], [-96.042362, 30.44104], [-96.042601, 30.441021]], [[-96.042601, 30.441021], [-96.042646, 30.441018]], [[-96.042646, 30.441018], [-96.042532, 30.439912], [-96.042232, 30.439544], [-96.042219, 30.439287], [-96.041572, 30.438137], [-96.040551, 30.435945], [-96.040152, 30.43478], [-96.037804, 30.434242], [-96.036544, 30.433275]]]}},
    {"type": "Feature", "properties": {"name": "Natural gas pipeline", "Operator": "ENERGY TRANSFER COMPANY", "Commodity": "Natural gas", "Type": "Gathering", "Status": "In Service", "Diameter (inches)": 16.0}, "geometry": {"type": "MultiLineString", "coordinates": [[[-95.937039, 30.436306], [-95.933781, 30.436071], [-95.931469, 30.43478], [-95.923054, 30.434905], [-95.920376, 30.435081], [-95.920006, 30.43519], [-95.911236, 30.435368], [-95.90617, 30.435106], [-95.901993, 30.435164]], [[-95.901565, 30.43517], [-95.887469, 30.435389], [-95.869549, 30.435785], [-95.869266, 30.435848], [-95.866223, 30.435909], [-95.861316, 30.431921], [-95.854397, 30.428091], [-95.852736, 30.428419]], [[-95.852416, 30.428543], [-95.851391, 30.428921], [-95.849964, 30.429089], [-95.848072, 30.428659], [-95.846266, 30.428418], [-95.845791, 30.4282], [-95.845511, 30.4282]], [[-95.845119, 30.428201], [-95.834126, 30.428228], [-95.833511, 30.427987], [-95.827702, 30.428093], [-95.824368, 30.42659], [-95.815861, 30.425099], [-95.814236, 30.423494], [-95.811304, 30.422767]]]}},
    {"type": "Feature", "properties": {"name": "Natural gas pipeline", "Operator": "ENERGY TRANSFER COMPANY", "Commodity": "Natural gas", "Type": "Gathering", "Status": "In Service", "Diameter (inches)": 6.63}, "geometry": {"type": "MultiLineString", "coordinates": [[[-95.991858, 30.479189], [-95.991907, 30.479377], [-95.991549, 30.479447], [-95.991446, 30.47905], [-95.991336, 30.474608], [-95.989895, 30.472728], [-95.989971, 30.470431], [-95.988551, 30.469798], [-95.987381, 30.468775], [-95.987175, 30.467936], [-95.98667, 30.46695], [-95.986198, 30.464279], [-95.985932, 30.46367], [-95.985918, 30.462936]], [[-95.985918, 30.462936], [-95.985918, 30.462936]]]}},
    {"type": "Feature", "properties": {"name": "Natural gas pipeline", "Operator": "ENERGY TRANSFER COMPANY", "Commodity": "Natural gas", "Type": "Gathering", "Status": "In Service", "Diameter (inches)": 8.63}, "geometry": {"type": "LineString", "coordinates": [[-96.068997, 30.429376], [-96.067234, 30.425253], [-96.066882, 30.424667], [-96.06686, 30.423598], [-96.066735, 30.423224], [-96.065786, 30.422666], [-96.065292, 30.422813], [-96.06526, 30.422943]]}},
    {"type": "Feature", "properties": {"name": "Natural gas pipeline", "Operator": "ENERGY TRANSFER COMPANY", "Commodity": "Natural gas", "Type": "Gathering", "Status": "In Service", "Diameter (inches)": 4.5}, "geometry": {"type": "LineString", "coordinates": [[-96.015543, 30.441127], [-96.017671, 30.442906], [-96.018016, 30.443533], [-96.020113, 30.444842], [-96.020523, 30.445305]]}},
    {"type": "Feature", "properties": {"name": "Natural gas pipeline", "Operator": "ENERGY TRANSFER COMPANY", "Commodity": "Natural gas", "Type": "Gathering", "Status": "In Service", "Diameter (inches)": 6.63}, "geometry": {"type": "MultiLineString", "coordinates": [[[-95.993708, 30.452708], [-95.988756, 30.453437]], [[-95.993928, 30.452676], [-95.993708, 30.452708]]]}},
    {"type": "Feature", "properties": {"name": "Natural gas pipeline", "Operator": "ENERGY TRANSFER COMPANY", "Commodity": "Natural gas", "Type": "Gathering", "Status": "In Service", "Diameter (inches)": 16.0}, "geometry": {"type": "MultiLineString", "coordinates": [[[-95.95835, 30.440772], [-95.95726, 30.439793]], [[-95.95726, 30.439793], [-95.956671, 30.439307]], [[-95.956671, 30.439307], [-95.954699, 30.437924], [-95.954009, 30.436744], [-95.953706, 30.434884], [-95.953022, 30.433715], [-95.945874, 30.436119], [-95.945065, 30.435846], [-95.937039, 30.436306]]]}},
    {"type": "Feature", "properties": {"name": "Natural gas pipeline", "Operator": "ENERGY TRANSFER COMPANY", "Commodity": "Natural gas", "Type": "Gathering", "Status": "In Service", "Diameter (inches)": 16.0}, "geometry": {"type": "MultiLineString", "coordinates": [[[-95.901993, 30.435164], [-95.901565, 30.43517]], [[-95.852736, 30.428419], [-95.852416, 30.428543]], [[-95.845511, 30.4282], [-95.845119, 30.428201]]]}},
    {"type": "Feature", "properties": {"name": "Natural gas pipeline", "Operator": "ENERGY TRANSFER COMPANY", "Commodity": "Natural gas", "Type": "Gathering", "Status": "In Service", "Diameter (inches)": 12.75}, "geometry": {"type": "MultiLineString", "coordinates": [[[-95.956804, 30.439937], [-95.956458, 30.440046]], [[-95.95726, 30.439793], [-95.956804, 30.439937]], [[-95.958078, 30.439536], [-95.95726, 30.439793]]]}},
    {"type": "Feature", "properties": {"name": "Natural gas pipeline", "Operator": "ENERGY TRANSFER COMPANY", "Commodity": "Natural gas", "Type": "Gathering", "Status": "In Service", "Diameter (inches)": 4.5}, "geometry": {"type": "MultiLineString", "coordinates": [[[-96.082721, 30.795228], [-96.080974, 30.796418], [-96.075297, 30.795705]], [[-96.075297, 30.795705], [-96.069271, 30.795]], [[-96.069271, 30.795], [-96.065219, 30.79448], [-96.064007, 30.794814]]]}},
    {"type": "Feature", "properties": {"name": "Natural gas pipeline", "Operator": "ENERGY TRANSFER COMPANY", "Commodity": "Natural gas", "Type": "Gathering", "Status": "In Service", "Diameter (inches)": 2.38}, "geometry": {"type": "LineString", "coordinates": [[-96.075297, 30.795705], [-96.075428, 30.798463]]}},
    {"type": "Feature", "properties": {"name": "Natural gas pipeline", "Operator": "ENERGY TRANSFER COMPANY", "Commodity": "Natural gas", "Type": "Gathering", "Status": "In Service", "Diameter (inches)": 4.5}, "geometry": {"type": "MultiLineString", "coordinates": [[[-96.073697, 30.803146], [-96.073716, 30.803054]], [[-96.073716, 30.803054], [-96.074118, 30.801026], [-96.069271, 30.795]], [[-96.069271, 30.795], [-96.063639, 30.787996], [-96.063755, 30.787221]]]}},
    {"type": "Feature", "properties": {"name": "Natural gas pipeline", "Operator": "ENERGY TRANSFER COMPANY", "Commodity": "Natural gas", "Type": "Gathering", "Status": "In Service", "Diameter (inches)": 4.5}, "geometry": {"type": "LineString", "coordinates": [[-96.057684, 30.803753], [-96.057811, 30.803778]]}},
    {"type": "Feature", "properties": {"name": "Natural gas pipeline", "Operator": "ENERGY TRANSFER COMPANY", "Commodity": "Natural gas", "Type": "Gathering", "Status": "In Service", "Diameter (inches)": 4.5}, "geometry": {"type": "MultiLineString", "coordinates": [[[-96.057811, 30.803778], [-96.057826, 30.803781]], [[-96.057665, 30.80375], [-96.057684, 30.803753]]]}},
    {"type": "Feature", "properties": {"name": "Natural gas pipeline", "Operator": "ENERGY TRANSFER COMPANY", "Commodity": "Natural gas", "Type": "Gathering", "Status": "In Service", "Diameter (inches)": 4.5}, "geometry": {"type": "MultiLineString", "coordinates": [[[-96.060519, 30.80403], [-96.062171, 30.804485], [-96.06441, 30.804836], [-96.065598, 30.803978], [-96.067603, 30.80405], [-96.068176, 30.803758]], [[-96.057826, 30.803781], [-96.05891, 30.803992], [-96.060519, 30.80403]], [[-96.068176, 30.803758], [-96.068604, 30.803541], [-96.06895, 30.803741], [-96.071834, 30.803894], [-96.07312, 30.80352], [-96.073697, 30.803146]], [[-96.045349, 30.801403], [-96.045473, 30.801294], [-96.051707, 30.802968], [-96.054271, 30.80309], [-96.057665, 30.80375]]]}},
    {"type": "Feature", "properties": {"name": "Natural gas pipeline", "Operator": "ENERGY TRANSFER COMPANY", "Commodity": "Natural gas", "Type": "Gathering", "Status": "In Service", "Diameter (inches)": 4.5}, "geometry": {"type": "LineString", "coordinates": [[-96.027782, 30.760545], [-96.028606, 30.759105]]}},
    {"type": "Feature", "properties": {"name": "Natural gas pipeline", "Operator": "ENERGY TRANSFER COMPANY", "Commodity": "Natural gas", "Type": "Gathering", "Status": "In Service", "Diameter (inches)": 8.63}, "geometry": {"type": "MultiLineString", "coordinates": [[[-96.068105, 30.803711], [-96.067624, 30.803955], [-96.065619, 30.803884], [-96.064396, 30.804794], [-96.062165, 30.804457], [-96.060553, 30.804011]], [[-96.060553, 30.804011], [-96.058927, 30.803956]], [[-96.058927, 30.803956], [-96.054251, 30.803058], [-96.051719, 30.802943], [-96.045462, 30.801251], [-96.045328, 30.801397]], [[-96.073542, 30.803163], [-96.073101, 30.803437], [-96.071855, 30.8038], [-96.068971, 30.803646], [-96.068625, 30.803447], [-96.068105, 30.803711]]]}},
    {"type": "Feature", "properties": {"name": "Natural gas pipeline", "Operator": "ENERGY TRANSFER COMPANY", "Commodity": "Natural gas", "Type": "Gathering", "Status": "In Service", "Diameter (inches)": 6.63}, "geometry": {"type": "MultiLineString", "coordinates": [[[-96.045147, 30.801051], [-96.045048, 30.799884], [-96.043941, 30.797502], [-96.04401, 30.796393], [-96.04343, 30.795106], [-96.043133, 30.794764], [-96.042858, 30.794164], [-96.043049, 30.792741], [-96.041759, 30.788051], [-96.040302, 30.785543], [-96.039615, 30.784894], [-96.037563, 30.781871], [-96.035381, 30.777425], [-96.035221, 30.776742], [-96.034999, 30.774659], [-96.034, 30.772818], [-96.03397, 30.76962], [-96.034302, 30.769128]], [[-96.034302, 30.769128], [-96.034519, 30.768512], [-96.032376, 30.76558]], [[-96.032376, 30.76558], [-96.031849, 30.764842], [-96.031055, 30.764155], [-96.029049, 30.763471], [-96.028758, 30.763283], [-96.02779, 30.761437]]]}},
    {"type": "Feature", "properties": {"name": "Natural gas pipeline", "Operator": "ENERGY TRANSFER COMPANY", "Commodity": "Natural gas", "Type": "Gathering", "Status": "In Service", "Diameter (inches)": 8.63}, "geometry": {"type": "MultiLineString", "coordinates": [[[-96.077051, 30.752294], [-96.080572, 30.753032], [-96.083624, 30.750023], [-96.086599, 30.747988], [-96.091988, 30.746171], [-96.092701, 30.74522], [-96.093379, 30.744798], [-96.096251, 30.743557]], [[-96.096251, 30.743557], [-96.096386, 30.743499]], [[-96.096386, 30.743499], [-96.09895, 30.737148], [-96.102385, 30.737128], [-96.103484, 30.736757], [-96.105583, 30.735744], [-96.109547, 30.734077], [-96.117527, 30.72654], [-96.117832, 30.725503], [-96.118491, 30.725505], [-96.120267, 30.720559], [-96.120836, 30.719278], [-96.122642, 30.717913], [-96.123532, 30.714733], [-96.123633, 30.712493], [-96.124559, 30.708249], [-96.126934, 30.705032], [-96.129779, 30.70205], [-96.13162, 30.699619], [-96.134875, 30.694651], [-96.135577, 30.687114], [-96.135903, 30.685939], [-96.134081, 30.685538], [-96.13214, 30.686324]]]}},
    {"type": "Feature", "properties": {"name": "Natural gas pipeline", "Operator": "ENERGY TRANSFER COMPANY", "Commodity": "Natural gas", "Type": "Gathering", "Status": "In Service", "Diameter (inches)": 8.63}, "geometry": {"type": "MultiLineString", "coordinates": [[[-96.132817, 30.791761], [-96.132531, 30.792016], [-96.125851, 30.79664], [-96.125066, 30.796674], [-96.124368, 30.79874], [-96.123888, 30.798959], [-96.123271, 30.798843], [-96.122471, 30.798379]], [[-96.133789, 30.785484], [-96.132782, 30.791295], [-96.132817, 30.791761]], [[-96.11084, 30.779393], [-96.11117, 30.779703], [-96.111592, 30.782438], [-96.12017, 30.783604], [-96.124454, 30.78429], [-96.128921, 30.784835], [-96.130946, 30.785179], [-96.133789, 30.785484]], [[-96.110747, 30.779332], [-96.11084, 30.779393]], [[-96.110094, 30.779089], [-96.110747, 30.779332]], [[-96.109567, 30.778893], [-96.110094, 30.779089]], [[-96.107281, 30.777784], [-96.109567, 30.778893]]]}},
    {"type": "Feature", "properties": {"name": "Natural gas pipeline", "Operator": "ENERGY TRANSFER COMPANY", "Commodity": "Natural gas", "Type": "Gathering", "Status": "In Service", "Diameter (inches)": 8.63}, "geometry": {"type": "MultiLineString", "coordinates": [[[-96.150936, 30.571687], [-96.150884, 30.571472]], [[-96.150884, 30.571472], [-96.151557, 30.570894], [-96.153347, 30.569028], [-96.154751, 30.567885], [-96.15469, 30.566274]], [[-96.154639, 30.564904], [-96.15447, 30.560379], [-96.156383, 30.557716], [-96.156327, 30.553349], [-96.155326, 30.552671], [-96.154976, 30.551666], [-96.15483, 30.550187], [-96.154722, 30.549882], [-96.154879, 30.549768]], [[-96.154879, 30.549768], [-96.158447, 30.547506], [-96.160744, 30.547994]]]}},
    {"type": "Feature", "properties": {"name": "Natural gas pipeline", "Operator": "ENERGY TRANSFER COMPANY", "Commodity": "Natural gas", "Type": "Gathering", "Status": "In Service", "Diameter (inches)": 3.5}, "geometry": {"type": "MultiLineString", "coordinates": [[[-96.143581, 30.793539], [-96.143815, 30.793309], [-96.143682, 30.793024], [-96.142983, 30.790166], [-96.140852, 30.787878], [-96.139058, 30.785534]], [[-96.139058, 30.785534], [-96.138708, 30.785077], [-96.135389, 30.781604], [-96.134616, 30.780472], [-96.133938, 30.78019], [-96.133637, 30.779954], [-96.128741, 30.777965], [-96.128385, 30.777268], [-96.125768, 30.775562], [-96.120628, 30.772786]], [[-96.120628, 30.772786], [-96.120122, 30.772512]], [[-96.120122, 30.772512], [-96.11991, 30.772398], [-96.118327, 30.770194], [-96.117029, 30.768821]], [[-96.117029, 30.768821], [-96.116995, 30.768786]], [[-96.116995, 30.768786], [-96.116942, 30.76873]]]}},
    {"type": "Feature", "properties": {"name": "Natural gas pipeline", "Operator": "ENERGY TRANSFER COMPANY", "Commodity": "Natural gas", "Type": "Gathering", "Status": "In Service", "Diameter (inches)": 2.38}, "geometry": {"type": "LineString", "coordinates": [[-96.119214, 30.767939], [-96.117822, 30.76853], [-96.116942, 30.76873]]}},
    {"type": "Feature", "properties": {"name": "Natural gas pipeline", "Operator": "ENERGY TRANSFER COMPANY", "Commodity": "Natural gas", "Type": "Gathering", "Status": "In Service", "Diameter (inches)": 4.5}, "geometry": {"type": "MultiLineString", "coordinates": [[[-96.151356, 30.756143], [-96.153505, 30.756831], [-96.156974, 30.758102], [-96.155805, 30.761024], [-96.15557, 30.761371], [-96.155486, 30.762318], [-96.155606, 30.763503], [-96.155448, 30.764105], [-96.154784, 30.764194]], [[-96.146218, 30.754498], [-96.151356, 30.756143]]]}},
    {"type": "Feature", "properties": {"name": "Natural gas pipeline", "Operator": "ENERGY TRANSFER COMPANY", "Commodity": "Natural gas", "Type": "Gathering", "Status": "In Service", "Diameter (inches)": 4.5}, "geometry": {"type": "LineString", "coordinates": [[-96.151356, 30.756143], [-96.15089, 30.757202]]}},
    {"type": "Feature", "properties": {"name": "Natural gas pipeline", "Operator": "ENERGY TRANSFER COMPANY", "Commodity": "Natural gas", "Type": "Gathering", "Status": "In Service", "Diameter (inches)": 8.63}, "geometry": {"type": "LineString", "coordinates": [[-96.091729, 30.786911], [-96.091656, 30.786255], [-96.09121, 30.786243]]}},
    {"type": "Feature", "properties": {"name": "Natural gas pipeline", "Operator": "ENERGY TRANSFER COMPANY", "Commodity": "Natural gas", "Type": "Gathering", "Status": "In Service", "Diameter (inches)": 4.5}, "geometry": {"type": "LineString", "coordinates": [[-96.083183, 30.796369], [-96.082797, 30.795928], [-96.082721, 30.795228]]}},
    {"type": "Feature", "properties": {"name": "Natural gas pipeline", "Operator": "ENERGY TRANSFER COMPANY", "Commodity": "Natural gas", "Type": "Gathering", "Status": "In Service", "Diameter (inches)": 18.0}, "geometry": {"type": "MultiLineString", "coordinates": [[[-96.110356, 30.390959], [-96.110508, 30.391241], [-96.110879, 30.392926], [-96.110669, 30.394154], [-96.109113, 30.395192], [-96.108906, 30.395634], [-96.108784, 30.396358], [-96.108014, 30.397347], [-96.107625, 30.397474]], [[-96.124437, 30.378089], [-96.11887, 30.379503], [-96.117153, 30.380557], [-96.116053, 30.381743], [-96.113041, 30.387491], [-96.112254, 30.388002], [-96.111492, 30.390455], [-96.110447, 30.390865]]]}},
    {"type": "Feature", "properties": {"name": "Natural gas pipeline", "Operator": "ENERGY TRANSFER COMPANY", "Commodity": "Natural gas", "Type": "Gathering", "Status": "In Service", "Diameter (inches)": 8.63}, "geometry": {"type": "MultiLineString", "coordinates": [[[-96.073716, 30.803054], [-96.073542, 30.803163]], [[-96.075918, 30.802094], [-96.075522, 30.802293], [-96.074695, 30.80244], [-96.073716, 30.803054]], [[-96.078055, 30.800112], [-96.076347, 30.801346], [-96.076346, 30.801879], [-96.075918, 30.802094]], [[-96.082597, 30.79683], [-96.078055, 30.800112]], [[-96.082628, 30.796807], [-96.082597, 30.796829]], [[-96.083605, 30.796119], [-96.083354, 30.796228], [-96.082628, 30.796807]], [[-96.092341, 30.787145], [-96.091423, 30.787295], [-96.090518, 30.788669], [-96.08904, 30.791498], [-96.087764, 30.793152], [-96.087813, 30.794308], [-96.083605, 30.796119]], [[-96.09345, 30.786965], [-96.092341, 30.787145]], [[-96.10032, 30.784773], [-96.094932, 30.785915], [-96.09345, 30.786965]], [[-96.103092, 30.782013], [-96.102381, 30.782256], [-96.10032, 30.784773]], [[-96.110697, 30.77935], [-96.103092, 30.782013]], [[-96.110747, 30.779332], [-96.110697, 30.77935]], [[-96.112284, 30.778366], [-96.111909, 30.778909], [-96.110747, 30.779332]], [[-96.120628, 30.772786], [-96.117879, 30.7741], [-96.115013, 30.77503], [-96.11388, 30.776056], [-96.112284, 30.778366]], [[-96.13487, 30.760216], [-96.132946, 30.761852], [-96.127312, 30.76495], [-96.125105, 30.768885], [-96.122763, 30.77162], [-96.120628, 30.772786]], [[-96.134877, 30.760211], [-96.13487, 30.760216]], [[-96.146218, 30.754498], [-96.141015, 30.756639], [-96.139242, 30.75744], [-96.136522, 30.758812], [-96.134877, 30.760211]], [[-96.149837, 30.752617], [-96.1464, 30.754259], [-96.146218, 30.754498]], [[-96.151067, 30.75203], [-96.149837, 30.752617]], [[-96.15173, 30.751713], [-96.151067, 30.75203]], [[-96.151935, 30.751615], [-96.15173, 30.751713]], [[-96.15709, 30.746178], [-96.152625, 30.751285], [-96.151935, 30.751615]], [[-96.157104, 30.746162], [-96.15709, 30.746178]], [[-96.157435, 30.746098], [-96.157104, 30.746162]], [[-96.165898, 30.742587], [-96.165809, 30.74258], [-96.16394, 30.743729], [-96.161163, 30.744947], [-96.158591, 30.745874], [-96.157435, 30.746098]]]}},
    {"type": "Feature", "properties": {"name": "Natural gas pipeline", "Operator": "ENERGY TRANSFER COMPANY", "Commodity": "Natural gas", "Type": "Gathering", "Status": "In Service", "Diameter (inches)": 6.63}, "geometry": {"type": "MultiLineString", "coordinates": [[[-96.075787, 30.755431], [-96.075443, 30.756241], [-96.07204, 30.755279], [-96.068874, 30.758353], [-96.0657, 30.758964], [-96.062511, 30.760266], [-96.054309, 30.757934], [-96.052677, 30.758784]], [[-96.076854, 30.752919], [-96.075787, 30.755431]]]}},
    {"type": "Feature", "properties": {"name": "Natural gas pipeline", "Operator": "ENERGY TRANSFER COMPANY", "Commodity": "Natural gas", "Type": "Gathering", "Status": "In Service", "Diameter (inches)": 4.5}, "geometry": {"type": "MultiLineString", "coordinates": [[[-96.051543, 30.758839], [-96.051871, 30.758763], [-96.052008, 30.758882], [-96.043227, 30.766645], [-96.042753, 30.767251], [-96.041388, 30.767655], [-96.036826, 30.769246], [-96.035658, 30.769366], [-96.034865, 30.769276], [-96.034302, 30.769128]], [[-96.034302, 30.769128], [-96.034301, 30.769128]]]}},
    {"type": "Feature", "properties": {"name": "Natural gas pipeline", "Operator": "ENERGY TRANSFER COMPANY", "Commodity": "Natural gas", "Type": "Gathering", "Status": "In Service", "Diameter (inches)": 8.63}, "geometry": {"type": "LineString", "coordinates": [[-96.15469, 30.566274], [-96.154639, 30.564904]]}},
    {"type": "Feature", "properties": {"name": "Natural gas pipeline", "Operator": "ENERGY TRANSFER COMPANY", "Commodity": "Natural gas", "Type": "Gathering", "Status": "In Service", "Diameter (inches)": 4.5}, "geometry": {"type": "MultiLineString", "coordinates": [[[-96.020497, 30.836682], [-96.021164, 30.836149]], [[-96.021164, 30.836149], [-96.021503, 30.835879], [-96.027903, 30.826183], [-96.032145, 30.819152], [-96.034237, 30.818207], [-96.037444, 30.815495]], [[-96.037444, 30.815495], [-96.037862, 30.81514], [-96.038011, 30.814924]], [[-96.038011, 30.814924], [-96.040229, 30.811702], [-96.043363, 30.8052], [-96.045262, 30.801478]]]}},
    {"type": "Feature", "properties": {"name": "Natural gas pipeline", "Operator": "ENERGY TRANSFER COMPANY", "Commodity": "Natural gas", "Type": "Gathering", "Status": "In Service", "Diameter (inches)": 2.38}, "geometry": {"type": "LineString", "coordinates": [[-96.058927, 30.803956], [-96.059301, 30.802523]]}},
    {"type": "Feature", "properties": {"name": "Natural gas pipeline", "Operator": "ENERGY TRANSFER COMPANY", "Commodity": "Natural gas", "Type": "Gathering", "Status": "In Service", "Diameter (inches)": 6.63}, "geometry": {"type": "MultiLineString", "coordinates": [[[-96.146865, 30.813599], [-96.145636, 30.813072], [-96.14192, 30.812838], [-96.13965, 30.812115], [-96.130916, 30.810886], [-96.129752, 30.810398]], [[-96.129752, 30.810398], [-96.129747, 30.810396]]]}},
    {"type": "Feature", "properties": {"name": "Natural gas pipeline", "Operator": "ENERGY TRANSFER COMPANY", "Commodity": "Natural gas", "Type": "Gathering", "Status": "In Service", "Diameter (inches)": 6.63}, "geometry": {"type": "LineString", "coordinates": [[-96.161637, 30.815522], [-96.161403, 30.816057], [-96.154817, 30.814557], [-96.150433, 30.814834], [-96.147798, 30.813999], [-96.146865, 30.813599]]}},
    {"type": "Feature", "properties": {"name": "Natural gas pipeline", "Operator": "ENERGY TRANSFER COMPANY", "Commodity": "Natural gas", "Type": "Gathering", "Status": "In Service", "Diameter (inches)": 6.63}, "geometry": {"type": "LineString", "coordinates": [[-95.951246, 30.795232], [-95.946902, 30.794682], [-95.938342, 30.801062], [-95.933955, 30.80046], [-95.933528, 30.800004]]}},
    {"type": "Feature", "properties": {"name": "Natural gas pipeline", "Operator": "ENERGY TRANSFER COMPANY", "Commodity": "Natural gas", "Type": "Gathering", "Status": "In Service", "Diameter (inches)": 6.63}, "geometry": {"type": "LineString", "coordinates": [[-96.13214, 30.686324], [-96.132351, 30.685981], [-96.140244, 30.681495], [-96.142301, 30.681], [-96.14674, 30.680305], [-96.148848, 30.676641], [-96.15217, 30.671382], [-96.151581, 30.670144]]}},
    {"type": "Feature", "properties": {"name": "Natural gas pipeline", "Operator": "ENERGY TRANSFER COMPANY", "Commodity": "Natural gas", "Type": "Gathering", "Status": "In Service", "Diameter (inches)": 6.63}, "geometry": {"type": "LineString", "coordinates": [[-96.115578, 30.646199], [-96.114977, 30.646539]]}},
    {"type": "Feature", "properties": {"name": "Natural gas pipeline", "Operator": "ENERGY TRANSFER COMPANY", "Commodity": "Natural gas", "Type": "Gathering", "Status": "In Service", "Diameter (inches)": 3.5}, "geometry": {"type": "LineString", "coordinates": [[-96.063755, 30.787221], [-96.064028, 30.787028], [-96.063259, 30.7844], [-96.061312, 30.781242], [-96.060635, 30.780311], [-96.058998, 30.777332], [-96.053743, 30.769884], [-96.054238, 30.768944], [-96.051095, 30.76568], [-96.051411, 30.764934]]}},
    {"type": "Feature", "properties": {"name": "Natural gas pipeline", "Operator": "ENERGY TRANSFER COMPANY", "Commodity": "Natural gas", "Type": "Gathering", "Status": "In Service", "Diameter (inches)": 3.5}, "geometry": {"type": "LineString", "coordinates": [[-96.108588, 30.798518], [-96.10578, 30.79737], [-96.102377, 30.79555], [-96.096686, 30.794922], [-96.095107, 30.793608], [-96.094649, 30.793511]]}},
    {"type": "Feature", "properties": {"name": "Natural gas pipeline", "Operator": "ENERGY TRANSFER COMPANY", "Commodity": "Natural gas", "Type": "Gathering", "Status": "In Service", "Diameter (inches)": 3.5}, "geometry": {"type": "MultiLineString", "coordinates": [[[-96.10297, 30.783753], [-96.102839, 30.783757], [-96.102768, 30.783619]], [[-96.103195, 30.783372], [-96.103223, 30.783746], [-96.10297, 30.783753]], [[-96.103092, 30.782013], [-96.103195, 30.783372]], [[-96.103994, 30.781133], [-96.103604, 30.781258], [-96.103079, 30.781841], [-96.103092, 30.782013]], [[-96.107536, 30.777352], [-96.105206, 30.779694], [-96.103994, 30.781133]], [[-96.107781, 30.777106], [-96.107536, 30.777352]], [[-96.107928, 30.776877], [-96.107781, 30.777106]], [[-96.11381, 30.772827], [-96.10899, 30.774567], [-96.107928, 30.776877]], [[-96.114319, 30.772414], [-96.114285, 30.772504], [-96.11381, 30.772827]], [[-96.116995, 30.768786], [-96.115406, 30.769514], [-96.114319, 30.772414]]]}},
    {"type": "Feature", "properties": {"name": "Natural gas pipeline", "Operator": "ENERGY TRANSFER COMPANY", "Commodity": "Natural gas", "Type": "Gathering", "Status": "In Service", "Diameter (inches)": 3.5}, "geometry": {"type": "MultiLineString", "coordinates": [[[-96.104029, 30.781092], [-96.103901, 30.781058]], [[-96.103901, 30.781058], [-96.098734, 30.779689], [-96.097503, 30.778946]], [[-96.095376, 30.77939], [-96.093268, 30.780071]], [[-96.097256, 30.779013], [-96.095745, 30.779419], [-96.095376, 30.77939]], [[-96.097503, 30.778946], [-96.097256, 30.779013]]]}},
    {"type": "Feature", "properties": {"name": "Natural gas pipeline", "Operator": "ENERGY TRANSFER COMPANY", "Commodity": "Natural gas", "Type": "Gathering", "Status": "In Service", "Diameter (inches)": 4.5}, "geometry": {"type": "LineString", "coordinates": [[-96.13214, 30.686324], [-96.130724, 30.687697], [-96.129735, 30.688282], [-96.12826, 30.688228]]}},
    {"type": "Feature", "properties": {"name": "Natural gas pipeline", "Operator": "ENERGY TRANSFER COMPANY", "Commodity": "Natural gas", "Type": "Gathering", "Status": "In Service", "Diameter (inches)": 8.63}, "geometry": {"type": "LineString", "coordinates": [[-96.129773, 30.810295], [-96.131587, 30.801625], [-96.131236, 30.800031], [-96.131774, 30.799669], [-96.131842, 30.79776], [-96.131979, 30.797096], [-96.132254, 30.794152], [-96.13255, 30.792481], [-96.132817, 30.791761]]}},
    {"type": "Feature", "properties": {"name": "Natural gas pipeline", "Operator": "ENERGY TRANSFER COMPANY", "Commodity": "Natural gas", "Type": "Gathering", "Status": "In Service", "Diameter (inches)": 8.63}, "geometry": {"type": "LineString", "coordinates": [[-96.129956, 30.814352], [-96.129808, 30.814194]]}},
    {"type": "Feature", "properties": {"name": "Natural gas pipeline", "Operator": "ENERGY TRANSFER COMPANY", "Commodity": "Natural gas", "Type": "Gathering", "Status": "In Service", "Diameter (inches)": 8.63}, "geometry": {"type": "MultiLineString", "coordinates": [[[-96.129808, 30.814194], [-96.129114, 30.813447], [-96.129752, 30.810398]], [[-96.129752, 30.810398], [-96.129773, 30.810295]]]}},
    {"type": "Feature", "properties": {"name": "Natural gas pipeline", "Operator": "ENERGY TRANSFER COMPANY", "Commodity": "Natural gas", "Type": "Gathering", "Status": "In Service", "Diameter (inches)": 6.63}, "geometry": {"type": "MultiLineString", "coordinates": [[[-96.111192, 30.78], [-96.111087, 30.779675], [-96.110818, 30.779402]], [[-96.110818, 30.779402], [-96.110697, 30.77935]], [[-96.110697, 30.77935], [-96.110094, 30.779089]], [[-96.110094, 30.779089], [-96.109567, 30.778893]], [[-96.109567, 30.778893], [-96.108888, 30.778683], [-96.108019, 30.778231]]]}},
    {"type": "Feature", "properties": {"name": "Natural gas pipeline", "Operator": "ENERGY TRANSFER COMPANY", "Commodity": "Natural gas", "Type": "Gathering", "Status": "In Service", "Diameter (inches)": 6.63}, "geometry": {"type": "MultiLineString", "coordinates": [[[-96.032376, 30.76558], [-96.027594, 30.766551], [-96.026747, 30.766803], [-96.02529, 30.767899], [-96.0232, 30.76817], [-96.018782, 30.770055], [-96.018034, 30.77191], [-96.004134, 30.772427]], [[-96.032377, 30.76558], [-96.032376, 30.76558]]]}},
    {"type": "Feature", "properties": {"name": "Natural gas pipeline", "Operator": "ENERGY TRANSFER COMPANY", "Commodity": "Natural gas", "Type": "Gathering", "Status": "In Service", "Diameter (inches)": 6.63}, "geometry": {"type": "LineString", "coordinates": [[-96.006377, 30.801696], [-95.980139, 30.798192], [-95.978369, 30.798379], [-95.97592, 30.797874], [-95.974226, 30.798142], [-95.951246, 30.795232]]}},
    {"type": "Feature", "properties": {"name": "Natural gas pipeline", "Operator": "ENERGY TRANSFER COMPANY", "Commodity": "Natural gas", "Type": "Gathering", "Status": "In Service", "Diameter (inches)": 4.5}, "geometry": {"type": "LineString", "coordinates": [[-96.01427, 30.83913], [-96.015598, 30.838914], [-96.018535, 30.839368], [-96.020687, 30.839804], [-96.022281, 30.839684], [-96.024158, 30.838889], [-96.023792, 30.837666], [-96.020389, 30.837806]]}},
    {"type": "Feature", "properties": {"name": "Natural gas pipeline", "Operator": "ENERGY TRANSFER COMPANY", "Commodity": "Natural gas", "Type": "Gathering", "Status": "In Service", "Diameter (inches)": 18.0}, "geometry": {"type": "LineString", "coordinates": [[-96.145366, 30.370708], [-96.142812, 30.370988], [-96.139894, 30.37416], [-96.124437, 30.378089]]}},
    {"type": "Feature", "properties": {"name": "Natural gas pipeline", "Operator": "ENERGY TRANSFER COMPANY", "Commodity": "Natural gas", "Type": "Gathering", "Status": "In Service", "Diameter (inches)": 18.0}, "geometry": {"type": "LineString", "coordinates": [[-96.110447, 30.390865], [-96.110356, 30.390959]]}},
    {"type": "Feature", "properties": {"name": "Natural gas pipeline", "Operator": "ENERGY TRANSFER COMPANY", "Commodity": "Natural gas", "Type": "Gathering", "Status": "In Service", "Diameter (inches)": 4.5}, "geometry": {"type": "MultiLineString", "coordinates": [[[-96.107972, 30.77689], [-96.107892, 30.777065], [-96.10523, 30.779731], [-96.103994, 30.781133]], [[-96.103994, 30.781133], [-96.103864, 30.781098]], [[-96.103864, 30.781098], [-96.098725, 30.7797], [-96.097503, 30.778946]], [[-96.097503, 30.778946], [-96.091999, 30.777176], [-96.089931, 30.773897], [-96.083502, 30.764655], [-96.082092, 30.762381], [-96.079917, 30.759187], [-96.07854, 30.756261], [-96.075787, 30.755431]], [[-96.113788, 30.772883], [-96.109023, 30.774603], [-96.107972, 30.77689]], [[-96.117029, 30.768821], [-96.11544, 30.76955], [-96.114318, 30.77254], [-96.113979, 30.772814], [-96.113788, 30.772883]], [[-96.075787, 30.755431], [-96.075719, 30.75541], [-96.076258, 30.753417], [-96.076871, 30.752722]]]}},
    {"type": "Feature", "properties": {"name": "Natural gas pipeline", "Operator": "ENERGY TRANSFER COMPANY", "Commodity": "Natural gas", "Type": "Gathering", "Status": "In Service", "Diameter (inches)": 3.5}, "geometry": {"type": "MultiLineString", "coordinates": [[[-96.119201, 30.754698], [-96.119784, 30.754962], [-96.120622, 30.753529]], [[-96.120622, 30.753529], [-96.120624, 30.753526]], [[-96.120624, 30.753526], [-96.12012, 30.753253]], [[-96.12012, 30.753253], [-96.117962, 30.752165], [-96.116127, 30.751133], [-96.114899, 30.75061], [-96.113573, 30.750168], [-96.112218, 30.749889], [-96.111279, 30.749311], [-96.109413, 30.748526], [-96.100008, 30.745548], [-96.099306, 30.747432], [-96.097905, 30.747071], [-96.097552, 30.746873], [-96.095597, 30.746266]], [[-96.095597, 30.746266], [-96.095468, 30.746201], [-96.09649, 30.743937], [-96.096251, 30.743557]], [[-96.096251, 30.743557], [-96.09636, 30.743485], [-96.096106, 30.743349]]]}},
    {"type": "Feature", "properties": {"name": "Natural gas pipeline", "Operator": "ENERGY TRANSFER COMPANY", "Commodity": "Natural gas", "Type": "Gathering", "Status": "In Service", "Diameter (inches)": 6.63}, "geometry": {"type": "LineString", "coordinates": [[-96.162497, 30.70197], [-96.162822, 30.701901], [-96.162948, 30.7016], [-96.151454, 30.697957], [-96.141784, 30.695111], [-96.13509, 30.692532]]}},
    {"type": "Feature", "properties": {"name": "Natural gas pipeline", "Operator": "ENERGY TRANSFER COMPANY", "Commodity": "Natural gas", "Type": "Gathering", "Status": "In Service", "Diameter (inches)": 6.63}, "geometry": {"type": "MultiLineString", "coordinates": [[[-96.13214, 30.686324], [-96.131679, 30.685858], [-96.131875, 30.684772], [-96.131546, 30.682945]], [[-96.128619, 30.670076], [-96.128357, 30.668198]], [[-96.123954, 30.651701], [-96.123572, 30.651109], [-96.119952, 30.64737], [-96.117038, 30.646507], [-96.115578, 30.646199]]]}},
    {"type": "Feature", "properties": {"name": "Natural gas pipeline", "Operator": "ENERGY TRANSFER COMPANY", "Commodity": "Natural gas", "Type": "Gathering", "Status": "In Service", "Diameter (inches)": 6.63}, "geometry": {"type": "MultiLineString", "coordinates": [[[-96.131546, 30.682945], [-96.13083, 30.67978], [-96.129047, 30.673184], [-96.128619, 30.670076]], [[-96.128357, 30.668198], [-96.12605, 30.654946], [-96.123954, 30.651701]]]}},
    {"type": "Feature", "properties": {"name": "Natural gas pipeline", "Operator": "ENERGY TRANSFER COMPANY", "Commodity": "Natural gas", "Type": "Gathering", "Status": "In Service", "Diameter (inches)": 2.38}, "geometry": {"type": "LineString", "coordinates": [[-96.118933, 30.638483], [-96.113913, 30.638786]]}},
    {"type": "Feature", "properties": {"name": "Natural gas pipeline", "Operator": "ENERGY TRANSFER COMPANY", "Commodity": "Natural gas", "Type": "Gathering", "Status": "In Service", "Diameter (inches)": 2.38}, "geometry": {"type": "LineString", "coordinates": [[-96.113913, 30.638786], [-96.113826, 30.636551]]}},
    {"type": "Feature", "properties": {"name": "Natural gas pipeline", "Operator": "ENERGY TRANSFER COMPANY", "Commodity": "Natural gas", "Type": "Gathering", "Status": "In Service", "Diameter (inches)": 6.63}, "geometry": {"type": "LineString", "coordinates": [[-96.1113, 30.640461], [-96.112424, 30.639597], [-96.113865, 30.636466], [-96.116618, 30.633164], [-96.119614, 30.628578], [-96.120076, 30.628643]]}},
    {"type": "Feature", "properties": {"name": "Natural gas pipeline", "Operator": "ENERGY TRANSFER COMPANY", "Commodity": "Natural gas", "Type": "Gathering", "Status": "In Service", "Diameter (inches)": 6.63}, "geometry": {"type": "MultiLineString", "coordinates": [[[-96.121943, 30.580378], [-96.12195, 30.581375], [-96.121218, 30.582436], [-96.121681, 30.588783], [-96.12262, 30.592148]], [[-96.130359, 30.569642], [-96.130151, 30.570509], [-96.127359, 30.573455], [-96.122114, 30.575824], [-96.122063, 30.577642], [-96.122295, 30.57828], [-96.121931, 30.578721], [-96.121943, 30.580378]]]}},
    {"type": "Feature", "properties": {"name": "Natural gas pipeline", "Operator": "ENERGY TRANSFER COMPANY", "Commodity": "Natural gas", "Type": "Gathering", "Status": "In Service", "Diameter (inches)": 3.5}, "geometry": {"type": "MultiLineString", "coordinates": [[[-96.139921, 30.763792], [-96.139914, 30.763389], [-96.139694, 30.76302]], [[-96.139694, 30.76302], [-96.138478, 30.761911], [-96.137138, 30.761125], [-96.134877, 30.760211]], [[-96.134877, 30.760211], [-96.134706, 30.760141]], [[-96.134706, 30.760141], [-96.133138, 30.759507], [-96.131104, 30.758476], [-96.129992, 30.758074], [-96.126746, 30.756705]], [[-96.126746, 30.756705], [-96.125304, 30.756091]], [[-96.125304, 30.756091], [-96.12209, 30.75471], [-96.121766, 30.754525], [-96.121412, 30.753965], [-96.12094, 30.753705]], [[-96.12094, 30.753705], [-96.120622, 30.753529]], [[-96.120622, 30.753529], [-96.12012, 30.753253]], [[-96.12012, 30.753253], [-96.117951, 30.752153], [-96.116116, 30.75112], [-96.114888, 30.750597], [-96.113562, 30.750155], [-96.112207, 30.749877], [-96.111268, 30.749298], [-96.109402, 30.748513], [-96.099997, 30.745535], [-96.099295, 30.74742], [-96.097894, 30.747058]]]}},
    {"type": "Feature", "properties": {"name": "Natural gas pipeline", "Operator": "ENERGY TRANSFER COMPANY", "Commodity": "Natural gas", "Type": "Gathering", "Status": "In Service", "Diameter (inches)": 4.5}, "geometry": {"type": "MultiLineString", "coordinates": [[[-96.114446, 30.766098], [-96.116942, 30.76873]], [[-96.095597, 30.746266], [-96.095878, 30.74636], [-96.095979, 30.746989], [-96.09658, 30.748248], [-96.097804, 30.74941], [-96.099407, 30.753117], [-96.100185, 30.75397], [-96.100832, 30.7543], [-96.103278, 30.755095], [-96.107077, 30.758797], [-96.109623, 30.761468], [-96.110999, 30.762574], [-96.112371, 30.763911], [-96.114446, 30.766098]], [[-96.096386, 30.743499], [-96.096542, 30.74394], [-96.095597, 30.746266]]]}},
    {"type": "Feature", "properties": {"name": "Natural gas pipeline", "Operator": "ENERGY TRANSFER COMPANY", "Commodity": "Natural gas", "Type": "Gathering", "Status": "In Service", "Diameter (inches)": 4.5}, "geometry": {"type": "MultiLineString", "coordinates": [[[-96.139694, 30.76302], [-96.139924, 30.763401], [-96.139932, 30.763805]], [[-96.13487, 30.760216], [-96.137149, 30.761138], [-96.138489, 30.761924], [-96.139694, 30.76302]], [[-96.134699, 30.760147], [-96.13487, 30.760216]], [[-96.126746, 30.756705], [-96.129986, 30.758085], [-96.131104, 30.75849], [-96.133149, 30.75952], [-96.134699, 30.760147]], [[-96.125304, 30.756091], [-96.126746, 30.756705]], [[-96.12094, 30.753705], [-96.121409, 30.753969], [-96.121763, 30.754537], [-96.122085, 30.754721], [-96.125304, 30.756091]], [[-96.120624, 30.753526], [-96.12094, 30.753705]]]}},
    {"type": "Feature", "properties": {"name": "Natural gas pipeline", "Operator": "ENERGY TRANSFER COMPANY", "Commodity": "Natural gas", "Type": "Gathering", "Status": "In Service", "Diameter (inches)": 8.63}, "geometry": {"type": "LineString", "coordinates": [[-95.929391, 30.541166], [-95.931163, 30.537299], [-95.934064, 30.536314], [-95.936272, 30.533952]]}},
    {"type": "Feature", "properties": {"name": "Natural gas pipeline", "Operator": "ENERGY TRANSFER COMPANY", "Commodity": "Natural gas", "Type": "Gathering", "Status": "Abandoned", "Diameter (inches)": 4.5}, "geometry": {"type": "LineString", "coordinates": [[-96.188088, 30.599995], [-96.184958, 30.600062], [-96.181287, 30.601931], [-96.179848, 30.604187]]}},
    {"type": "Feature", "properties": {"name": "Natural gas pipeline", "Operator": "ENERGY TRANSFER COMPANY", "Commodity": "Natural gas", "Type": "Gathering", "Status": "In Service", "Diameter (inches)": 16.0}, "geometry": {"type": "MultiLineString", "coordinates": [[[-95.991027, 30.575101], [-95.99085, 30.575556], [-95.987256, 30.577675], [-95.981756, 30.580431], [-95.978116, 30.584461], [-95.975576, 30.585758], [-95.977506, 30.592333], [-95.976873, 30.5923], [-95.976567, 30.591086]], [[-95.996259, 30.570515], [-95.996808, 30.571093], [-95.996701, 30.571171], [-95.995733, 30.570158], [-95.995489, 30.570057], [-95.994756, 30.570745], [-95.992986, 30.574238], [-95.991201, 30.574658], [-95.991027, 30.575101]], [[-96.015534, 30.559799], [-96.013486, 30.561369], [-96.009451, 30.563543], [-96.008512, 30.564527], [-96.002324, 30.565658], [-95.999143, 30.567049], [-95.996274, 30.569088], [-95.996259, 30.570515]], [[-96.032313, 30.550525], [-96.030698, 30.551273], [-96.025846, 30.554252], [-96.024854, 30.554433], [-96.021131, 30.556434], [-96.019307, 30.558111], [-96.016012, 30.559457], [-96.015534, 30.559799]], [[-96.056133, 30.542772], [-96.054174, 30.542785], [-96.049039, 30.54472], [-96.047254, 30.546798], [-96.046239, 30.546682], [-96.035642, 30.548982], [-96.032313, 30.550525]], [[-96.056295, 30.542771], [-96.056133, 30.542772]], [[-96.072011, 30.536173], [-96.067953, 30.537805], [-96.066076, 30.537627], [-96.064748, 30.538695], [-96.063978, 30.540492], [-96.062841, 30.54071], [-96.06175, 30.542736], [-96.056295, 30.542771]], [[-96.076338, 30.534432], [-96.072011, 30.536173]], [[-96.087011, 30.530397], [-96.082746, 30.531205], [-96.079633, 30.532273], [-96.07858, 30.53353], [-96.076338, 30.534432]], [[-96.087656, 30.530109], [-96.087011, 30.530397]], [[-96.110677, 30.521866], [-96.095937, 30.525327], [-96.09458, 30.527017], [-96.087656, 30.530109]], [[-96.112508, 30.521436], [-96.110677, 30.521866]]]}},
    {"type": "Feature", "properties": {"name": "Natural gas pipeline", "Operator": "ENERGY TRANSFER COMPANY", "Commodity": "Natural gas", "Type": "Gathering", "Status": "In Service", "Diameter (inches)": 16.0}, "geometry": {"type": "MultiLineString", "coordinates": [[[-96.126717, 30.519576], [-96.119727, 30.519739], [-96.112508, 30.521436]], [[-96.12967, 30.519417], [-96.12941, 30.519514], [-96.126717, 30.519576]], [[-96.144258, 30.51401], [-96.12967, 30.519417]]]}},
    {"type": "Feature", "properties": {"name": "Natural gas pipeline", "Operator": "ENERGY TRANSFER COMPANY", "Commodity": "Natural gas", "Type": "Gathering", "Status": "In Service", "Diameter (inches)": 8.63}, "geometry": {"type": "MultiLineString", "coordinates": [[[-96.048177, 30.518453], [-96.048001, 30.518323], [-96.047643, 30.517743], [-96.047841, 30.517303], [-96.047315, 30.516445], [-96.047735, 30.51572], [-96.04881, 30.512807], [-96.05174, 30.512086], [-96.051923, 30.511863]], [[-96.051923, 30.511863], [-96.051946, 30.506881]]]}},
    {"type": "Feature", "properties": {"name": "Natural gas pipeline", "Operator": "ENERGY TRANSFER COMPANY", "Commodity": "Natural gas", "Type": "Gathering", "Status": "In Service", "Diameter (inches)": 8.63}, "geometry": {"type": "LineString", "coordinates": [[-96.125166, 30.550408], [-96.126272, 30.551759], [-96.126554, 30.551879], [-96.127607, 30.551684], [-96.130384, 30.551541], [-96.132475, 30.550549], [-96.132795, 30.55029], [-96.133382, 30.548541], [-96.133757, 30.548213], [-96.13526, 30.547334], [-96.135298, 30.54717], [-96.135229, 30.546994], [-96.131804, 30.544278], [-96.131422, 30.543582], [-96.130125, 30.542512], [-96.130483, 30.542195], [-96.131109, 30.541812], [-96.132399, 30.541381], [-96.133634, 30.541184], [-96.134351, 30.54079]]}},
    {"type": "Feature", "properties": {"name": "Natural gas pipeline", "Operator": "ENERGY TRANSFER COMPANY", "Commodity": "Natural gas", "Type": "Gathering", "Status": "In Service", "Diameter (inches)": 6.63}, "geometry": {"type": "LineString", "coordinates": [[-96.134161, 30.540534], [-96.133505, 30.540898], [-96.132299, 30.541089], [-96.130941, 30.541543], [-96.130254, 30.541965], [-96.129644, 30.5425], [-96.130186, 30.543033], [-96.13114, 30.543767], [-96.131521, 30.544465], [-96.134931, 30.547173], [-96.133535, 30.547976], [-96.13307, 30.548384], [-96.132475, 30.550147], [-96.132284, 30.550294], [-96.130278, 30.551244], [-96.127554, 30.551385], [-96.126607, 30.551564], [-96.126501, 30.551521], [-96.125433, 30.550214]]}},
    {"type": "Feature", "properties": {"name": "Natural gas pipeline", "Operator": "ENERGY TRANSFER COMPANY", "Commodity": "Natural gas", "Type": "Gathering", "Status": "In Service", "Diameter (inches)": 12.75}, "geometry": {"type": "MultiLineString", "coordinates": [[[-96.051946, 30.506551], [-96.051946, 30.506862]], [[-96.058995, 30.504447], [-96.052846, 30.506616], [-96.051946, 30.506551]], [[-96.078741, 30.500466], [-96.078313, 30.500886], [-96.076635, 30.504987], [-96.072973, 30.505935], [-96.070508, 30.50604], [-96.066076, 30.505416], [-96.065733, 30.504793], [-96.06355, 30.505471], [-96.058995, 30.504447]]]}},
    {"type": "Feature", "properties": {"name": "Natural gas pipeline", "Operator": "ENERGY TRANSFER COMPANY", "Commodity": "Natural gas", "Type": "Gathering", "Status": "In Service", "Diameter (inches)": 6.63}, "geometry": {"type": "LineString", "coordinates": [[-96.093458, 30.538859], [-96.09342, 30.538203], [-96.090796, 30.535752], [-96.089414, 30.535315], [-96.087011, 30.530397]]}},
    {"type": "Feature", "properties": {"name": "Natural gas pipeline", "Operator": "ENERGY TRANSFER COMPANY", "Commodity": "Natural gas", "Type": "Gathering", "Status": "In Service", "Diameter (inches)": 6.63}, "geometry": {"type": "LineString", "coordinates": [[-96.110677, 30.521866], [-96.110444, 30.521614], [-96.110167, 30.520979], [-96.109583, 30.519103], [-96.109933, 30.518383], [-96.110057, 30.516965], [-96.109602, 30.516165]]}},
    {"type": "Feature", "properties": {"name": "Natural gas pipeline", "Operator": "ENERGY TRANSFER COMPANY", "Commodity": "Natural gas", "Type": "Gathering", "Status": "In Service", "Diameter (inches)": 8.63}, "geometry": {"type": "MultiLineString", "coordinates": [[[-96.056295, 30.542772], [-96.056295, 30.542771]], [[-96.056295, 30.542771], [-96.056127, 30.542219], [-96.054975, 30.54001], [-96.054014, 30.539363], [-96.053915, 30.5384], [-96.052938, 30.53724], [-96.052198, 30.536483], [-96.050458, 30.536296], [-96.048238, 30.53638], [-96.04804, 30.534875], [-96.048344, 30.534501]], [[-96.048344, 30.534501], [-96.04839, 30.534444]]]}},
    {"type": "Feature", "properties": {"name": "Natural gas pipeline", "Operator": "ENERGY TRANSFER COMPANY", "Commodity": "Natural gas", "Type": "Gathering", "Status": "In Service", "Diameter (inches)": 6.63}, "geometry": {"type": "MultiLineString", "coordinates": [[[-96.00559, 30.587457], [-96.004751, 30.587998]], [[-96.005177, 30.585591], [-96.005725, 30.58737], [-96.00559, 30.587457]], [[-96.007364, 30.583005], [-96.005177, 30.585591]], [[-96.014597, 30.58165], [-96.012689, 30.581903], [-96.009322, 30.582922], [-96.007364, 30.583005]], [[-96.014829, 30.581544], [-96.014597, 30.58165]], [[-96.016231, 30.580896], [-96.014829, 30.581544]], [[-96.017028, 30.580367], [-96.016231, 30.580896]], [[-96.018951, 30.580421], [-96.017028, 30.580367]]]}},
    {"type": "Feature", "properties": {"name": "Natural gas pipeline", "Operator": "ENERGY TRANSFER COMPANY", "Commodity": "Natural gas", "Type": "Gathering", "Status": "In Service", "Diameter (inches)": 8.63}, "geometry": {"type": "MultiLineString", "coordinates": [[[-96.00559, 30.587457], [-96.004805, 30.588008]], [[-96.005177, 30.585591], [-96.005055, 30.585734], [-96.00559, 30.587457]], [[-96.007364, 30.583005], [-96.005177, 30.585591]], [[-96.014597, 30.58165], [-96.012837, 30.581846], [-96.009489, 30.582868], [-96.007364, 30.583005]], [[-96.014829, 30.581544], [-96.014597, 30.58165]], [[-96.016231, 30.580896], [-96.014829, 30.581544]], [[-96.017028, 30.580367], [-96.016231, 30.580896]], [[-96.01918, 30.580345], [-96.017142, 30.580291], [-96.017028, 30.580367]]]}},
    {"type": "Feature", "properties": {"name": "Natural gas pipeline", "Operator": "ENERGY TRANSFER COMPANY", "Commodity": "Natural gas", "Type": "Gathering", "Status": "In Service", "Diameter (inches)": 8.63}, "geometry": {"type": "MultiLineString", "coordinates": [[[-96.149204, 30.585944], [-96.148388, 30.585727], [-96.149124, 30.584988], [-96.149635, 30.583866], [-96.150163, 30.583273], [-96.150853, 30.58159], [-96.152276, 30.580691], [-96.152478, 30.579625], [-96.152398, 30.578398], [-96.152623, 30.578065], [-96.153305, 30.577423], [-96.153435, 30.57702]], [[-96.153435, 30.57702], [-96.153594, 30.576532], [-96.153483, 30.575982], [-96.15199, 30.573042]], [[-96.15199, 30.573042], [-96.151611, 30.572297], [-96.151575, 30.57161]]]}},
    {"type": "Feature", "properties": {"name": "Natural gas pipeline", "Operator": "ENERGY TRANSFER COMPANY", "Commodity": "Natural gas", "Type": "Gathering", "Status": "In Service", "Diameter (inches)": 8.63}, "geometry": {"type": "LineString", "coordinates": [[-96.020883, 30.532909], [-96.019448, 30.53331], [-96.0184, 30.535117], [-96.017657, 30.535263], [-96.017065, 30.535024], [-96.01619, 30.535025], [-96.015968, 30.532514], [-96.015029, 30.532325], [-96.011888, 30.529838], [-96.010809, 30.530002]]}},
    {"type": "Feature", "properties": {"name": "Natural gas pipeline", "Operator": "ENERGY TRANSFER COMPANY", "Commodity": "Natural gas", "Type": "Gathering", "Status": "In Service", "Diameter (inches)": 6.63}, "geometry": {"type": "LineString", "coordinates": [[-96.126512, 30.50942], [-96.12618, 30.509695], [-96.125081, 30.510281]]}},
    {"type": "Feature", "properties": {"name": "Natural gas pipeline", "Operator": "ENERGY TRANSFER COMPANY", "Commodity": "Natural gas", "Type": "Gathering", "Status": "In Service", "Diameter (inches)": 8.63}, "geometry": {"type": "MultiLineString", "coordinates": [[[-96.134542, 30.525058], [-96.135765, 30.527139], [-96.13887, 30.527066], [-96.139624, 30.52712], [-96.141974, 30.527021], [-96.142523, 30.526922], [-96.142743, 30.527391], [-96.143765, 30.528616], [-96.144196, 30.528969], [-96.144114, 30.529364], [-96.144406, 30.531434], [-96.144247, 30.53231], [-96.144014, 30.532701], [-96.144022, 30.533071]], [[-96.134349, 30.524729], [-96.134542, 30.525058]], [[-96.126717, 30.519576], [-96.126742, 30.519623], [-96.129515, 30.519656], [-96.130232, 30.52004], [-96.131646, 30.521835], [-96.132408, 30.522102], [-96.132829, 30.522947], [-96.133653, 30.524139], [-96.134349, 30.524729]], [[-96.126605, 30.519369], [-96.126717, 30.519576], [-96.126717, 30.519576]]]}},
    {"type": "Feature", "properties": {"name": "Natural gas pipeline", "Operator": "ENERGY TRANSFER COMPANY", "Commodity": "Natural gas", "Type": "Gathering", "Status": "In Service", "Diameter (inches)": 6.63}, "geometry": {"type": "MultiLineString", "coordinates": [[[-96.134634, 30.524702], [-96.135979, 30.526825], [-96.139616, 30.526802], [-96.141924, 30.526718], [-96.142725, 30.526557], [-96.143047, 30.527256], [-96.14403, 30.528411], [-96.14457, 30.52886], [-96.144475, 30.529376], [-96.144757, 30.531432], [-96.144579, 30.532401], [-96.144413, 30.532698], [-96.144497, 30.533121]], [[-96.134518, 30.524518], [-96.134634, 30.524702]], [[-96.134252, 30.524422], [-96.134432, 30.524383], [-96.134518, 30.524518]], [[-96.134086, 30.524457], [-96.134252, 30.524422]]]}},
    {"type": "Feature", "properties": {"name": "Natural gas pipeline", "Operator": "ENERGY TRANSFER COMPANY", "Commodity": "Natural gas", "Type": "Gathering", "Status": "In Service", "Diameter (inches)": 8.63}, "geometry": {"type": "MultiLineString", "coordinates": [[[-96.010809, 30.530002], [-96.01074, 30.528457], [-96.006078, 30.52563], [-96.00443, 30.524179], [-96.000615, 30.521839], [-95.997938, 30.520456], [-95.996457, 30.519542], [-95.99616, 30.519318], [-95.995785, 30.518745], [-95.994512, 30.51808], [-95.994169, 30.51783], [-95.992833, 30.515632], [-95.991445, 30.514142], [-95.99136, 30.51367], [-95.991423, 30.513444]], [[-95.991423, 30.513444], [-95.991811, 30.512054], [-95.991632, 30.511834]], [[-95.991632, 30.511834], [-95.990476, 30.510406], [-95.990515, 30.509841]], [[-95.990515, 30.509841], [-95.990529, 30.509641], [-95.991239, 30.509619]]]}},
    {"type": "Feature", "properties": {"name": "Natural gas pipeline", "Operator": "ENERGY TRANSFER COMPANY", "Commodity": "Natural gas", "Type": "Gathering", "Status": "In Service", "Diameter (inches)": 4.5}, "geometry": {"type": "LineString", "coordinates": [[-96.134718, 30.524222], [-96.134435, 30.524382]]}},
    {"type": "Feature", "properties": {"name": "Natural gas pipeline", "Operator": "ENERGY TRANSFER COMPANY", "Commodity": "Natural gas", "Type": "Gathering", "Status": "In Service", "Diameter (inches)": 6.63}, "geometry": {"type": "LineString", "coordinates": [[-96.01958, 30.578858], [-96.019572, 30.57947], [-96.032917, 30.57918], [-96.033336, 30.588061], [-96.034632, 30.588517], [-96.034373, 30.59019], [-96.033336, 30.591447], [-96.033389, 30.593035], [-96.033641, 30.593562], [-96.033618, 30.5943], [-96.03435, 30.595013], [-96.034335, 30.595751], [-96.034862, 30.595881]]}},
    {"type": "Feature", "properties": {"name": "Natural gas pipeline", "Operator": "ENERGY TRANSFER COMPANY", "Commodity": "Natural gas", "Type": "Gathering", "Status": "In Service", "Diameter (inches)": 4.5}, "geometry": {"type": "LineString", "coordinates": [[-96.035077, 30.595811], [-96.035133, 30.596166], [-96.036, 30.595685], [-96.036413, 30.595675], [-96.037307, 30.595958], [-96.040543, 30.59613], [-96.041892, 30.59605], [-96.043204, 30.596625]]}},
    {"type": "Feature", "properties": {"name": "Natural gas pipeline", "Operator": "ENERGY TRANSFER COMPANY", "Commodity": "Natural gas", "Type": "Gathering", "Status": "In Service", "Diameter (inches)": 8.63}, "geometry": {"type": "MultiLineString", "coordinates": [[[-95.920274, 30.546253], [-95.919778, 30.546005], [-95.918695, 30.54508], [-95.918283, 30.544149], [-95.918046, 30.544222]], [[-95.924392, 30.544942], [-95.920274, 30.546253]], [[-95.930085, 30.541242], [-95.929308, 30.541245], [-95.927369, 30.542147], [-95.92489, 30.544142], [-95.924392, 30.544942]]]}},
    {"type": "Feature", "properties": {"name": "Natural gas pipeline", "Operator": "ENERGY TRANSFER COMPANY", "Commodity": "Natural gas", "Type": "Gathering", "Status": "In Service", "Diameter (inches)": 12.75}, "geometry": {"type": "MultiLineString", "coordinates": [[[-96.126287, 30.487208], [-96.126294, 30.486878]], [[-96.126294, 30.486878], [-96.126255, 30.485744], [-96.12601, 30.485256], [-96.126317, 30.484961], [-96.127118, 30.484626], [-96.127024, 30.484378], [-96.126863, 30.48421], [-96.126858, 30.483745], [-96.128126, 30.483339], [-96.128646, 30.48328], [-96.130957, 30.482643], [-96.132549, 30.482062], [-96.133644, 30.480799], [-96.133599, 30.479633], [-96.134349, 30.476649], [-96.135509, 30.474641], [-96.136756, 30.473952], [-96.137414, 30.471391], [-96.135347, 30.469454], [-96.134747, 30.468538], [-96.135394, 30.466212]]]}},
    {"type": "Feature", "properties": {"name": "Natural gas pipeline", "Operator": "ENERGY TRANSFER COMPANY", "Commodity": "Natural gas", "Type": "Gathering", "Status": "In Service", "Diameter (inches)": 6.63}, "geometry": {"type": "MultiLineString", "coordinates": [[[-96.151133, 30.624567], [-96.150682, 30.624563], [-96.150584, 30.624365]], [[-96.150584, 30.624365], [-96.150502, 30.6242], [-96.150509, 30.623967]], [[-96.150509, 30.623967], [-96.15051, 30.623947]], [[-96.15051, 30.623947], [-96.150532, 30.623219], [-96.150433, 30.622239], [-96.150362, 30.62213]], [[-96.150362, 30.62213], [-96.150346, 30.622106]], [[-96.150346, 30.622106], [-96.149899, 30.621415], [-96.149299, 30.620807]], [[-96.149299, 30.620807], [-96.148839, 30.62053], [-96.14835, 30.620509], [-96.147686, 30.62065], [-96.146599, 30.620476], [-96.146594, 30.620314]], [[-96.146594, 30.620314], [-96.146585, 30.620054]], [[-96.146585, 30.620054], [-96.146585, 30.620053]], [[-96.146585, 30.620053], [-96.146532, 30.618483], [-96.146238, 30.618087], [-96.146132, 30.617602], [-96.146078, 30.615492], [-96.145887, 30.614017], [-96.146643, 30.612703], [-96.147742, 30.61124], [-96.148306, 30.609431], [-96.148419, 30.608498]], [[-96.148419, 30.608498], [-96.148425, 30.608453]], [[-96.148425, 30.608453], [-96.148499, 30.607844], [-96.149576, 30.604391], [-96.149484, 30.603853], [-96.150385, 30.601423], [-96.150126, 30.600981], [-96.14982, 30.599732], [-96.150308, 30.599393], [-96.150416, 30.599123], [-96.150722, 30.597053], [-96.148408, 30.591415], [-96.149522, 30.590791], [-96.151418, 30.59021]], [[-96.151418, 30.59021], [-96.151421, 30.590209]], [[-96.151421, 30.590209], [-96.151844, 30.590079], [-96.151975, 30.588325], [-96.150465, 30.586271], [-96.150213, 30.585845], [-96.15016, 30.585277], [-96.149966, 30.585414]], [[-96.149957, 30.58542], [-96.149202, 30.585952]], [[-96.149966, 30.585414], [-96.149957, 30.58542]]]}},
    {"type": "Feature", "properties": {"name": "Natural gas pipeline", "Operator": "ENERGY TRANSFER COMPANY", "Commodity": "Natural gas", "Type": "Gathering", "Status": "In Service", "Diameter (inches)": 4.5}, "geometry": {"type": "LineString", "coordinates": [[-96.115839, 30.764736], [-96.116233, 30.76395]]}},
    {"type": "Feature", "properties": {"name": "Natural gas pipeline", "Operator": "ENERGY TRANSFER COMPANY", "Commodity": "Natural gas", "Type": "Gathering", "Status": "In Service", "Diameter (inches)": 8.63}, "geometry": {"type": "MultiLineString", "coordinates": [[[-96.126607, 30.519366], [-96.126571, 30.519021]], [[-96.126571, 30.519021], [-96.126325, 30.516706], [-96.125844, 30.516224], [-96.125784, 30.515265], [-96.12673, 30.51261], [-96.126951, 30.511634], [-96.126646, 30.510375], [-96.126512, 30.50942]], [[-96.126512, 30.50942], [-96.126348, 30.50825], [-96.12612, 30.507291], [-96.12589, 30.506989], [-96.126646, 30.505919], [-96.12795, 30.503571], [-96.128149, 30.502526], [-96.128698, 30.500789], [-96.12866, 30.500377], [-96.128416, 30.499716], [-96.126882, 30.496615], [-96.127149, 30.495511], [-96.127614, 30.494431], [-96.127951, 30.493737], [-96.128263, 30.49342], [-96.128957, 30.490346], [-96.128965, 30.488863], [-96.128057, 30.487372], [-96.12705, 30.487038], [-96.126294, 30.486878]], [[-96.126294, 30.486878], [-96.125501, 30.48671]]]}},
    {"type": "Feature", "properties": {"name": "Natural gas pipeline", "Operator": "ENERGY TRANSFER COMPANY", "Commodity": "Natural gas", "Type": "Gathering", "Status": "In Service", "Diameter (inches)": 10.75}, "geometry": {"type": "MultiLineString", "coordinates": [[[-96.087812, 30.530519], [-96.087656, 30.530109]], [[-96.087656, 30.530109], [-96.087229, 30.52898], [-96.087318, 30.527925], [-96.087547, 30.52759], [-96.088493, 30.526931], [-96.08793, 30.526052], [-96.087604, 30.525334], [-96.086572, 30.524062], [-96.083679, 30.525042], [-96.082822, 30.525139], [-96.082467, 30.52409], [-96.082627, 30.523853], [-96.083738, 30.523156], [-96.083893, 30.522518], [-96.083469, 30.521894], [-96.082191, 30.518941]], [[-96.082191, 30.518941], [-96.0814, 30.517115], [-96.081843, 30.515127], [-96.081432, 30.513932], [-96.081196, 30.513494], [-96.080406, 30.510311], [-96.079576, 30.509634], [-96.079162, 30.508226], [-96.07866, 30.507731], [-96.077386, 30.504776], [-96.079107, 30.500811], [-96.079125, 30.500314]], [[-96.079125, 30.500314], [-96.079289, 30.495866], [-96.079687, 30.494206], [-96.080579, 30.491912]]]}},
    {"type": "Feature", "properties": {"name": "Natural gas pipeline", "Operator": "ENERGY TRANSFER COMPANY", "Commodity": "Natural gas", "Type": "Gathering", "Status": "In Service", "Diameter (inches)": 8.63}, "geometry": {"type": "MultiLineString", "coordinates": [[[-96.154879, 30.549768], [-96.152807, 30.549645], [-96.150549, 30.549906], [-96.149321, 30.550318], [-96.147321, 30.550834], [-96.146322, 30.550462]], [[-96.155225, 30.549798], [-96.154879, 30.549768]]]}},
    {"type": "Feature", "properties": {"name": "Natural gas pipeline", "Operator": "ENERGY TRANSFER COMPANY", "Commodity": "Natural gas", "Type": "Gathering", "Status": "In Service", "Diameter (inches)": 8.63}, "geometry": {"type": "MultiLineString", "coordinates": [[[-96.14281, 30.538893], [-96.141813, 30.539183], [-96.140989, 30.539203], [-96.140104, 30.539056], [-96.139021, 30.539008], [-96.137228, 30.53918], [-96.136663, 30.539445], [-96.135443, 30.53978], [-96.134161, 30.540534]], [[-96.143201, 30.538779], [-96.14281, 30.538893]]]}},
    {"type": "Feature", "properties": {"name": "Natural gas pipeline", "Operator": "ENERGY TRANSFER COMPANY", "Commodity": "Natural gas", "Type": "Gathering", "Status": "In Service", "Diameter (inches)": 6.63}, "geometry": {"type": "MultiLineString", "coordinates": [[[-96.108313, 30.529864], [-96.108251, 30.529207], [-96.10806, 30.528981], [-96.108114, 30.52773], [-96.108655, 30.526853], [-96.108846, 30.52498], [-96.110014, 30.523986], [-96.11054, 30.523259], [-96.110731, 30.522467], [-96.110677, 30.521866]], [[-96.110677, 30.521866], [-96.110677, 30.521866]]]}},
    {"type": "Feature", "properties": {"name": "Natural gas pipeline", "Operator": "ENERGY TRANSFER COMPANY", "Commodity": "Natural gas", "Type": "Gathering", "Status": "In Service", "Diameter (inches)": 8.63}, "geometry": {"type": "MultiLineString", "coordinates": [[[-96.048345, 30.534502], [-96.048344, 30.534501]], [[-96.048344, 30.534501], [-96.047918, 30.534202], [-96.043027, 30.532775], [-96.042913, 30.531816], [-96.037343, 30.532078], [-96.037099, 30.531846], [-96.036336, 30.531894], [-96.035726, 30.53185], [-96.032727, 30.531053], [-96.032294, 30.53068]], [[-96.032294, 30.53068], [-96.032453, 30.530523]]]}},
    {"type": "Feature", "properties": {"name": "Natural gas pipeline", "Operator": "ENERGY TRANSFER COMPANY", "Commodity": "Natural gas", "Type": "Gathering", "Status": "In Service", "Diameter (inches)": 8.63}, "geometry": {"type": "MultiLineString", "coordinates": [[[-95.97524, 30.546717], [-95.97231, 30.546299], [-95.970441, 30.544914], [-95.970067, 30.543547]], [[-95.970067, 30.543547], [-95.968839, 30.537691], [-95.968885, 30.530363], [-95.967785, 30.519711]]]}},
    {"type": "Feature", "properties": {"name": "Natural gas pipeline", "Operator": "ENERGY TRANSFER COMPANY", "Commodity": "Natural gas", "Type": "Gathering", "Status": "In Service", "Diameter (inches)": 12.75}, "geometry": {"type": "MultiLineString", "coordinates": [[[-95.914693, 30.532982], [-95.914618, 30.533542], [-95.914736, 30.538094], [-95.91707, 30.543127]], [[-95.912563, 30.508296], [-95.913598, 30.510376], [-95.91472, 30.514124], [-95.914804, 30.516073], [-95.914736, 30.519312], [-95.912979, 30.523875], [-95.912857, 30.524585], [-95.914227, 30.530814], [-95.914648, 30.531809], [-95.914769, 30.532483], [-95.914693, 30.532982]], [[-95.923699, 30.502246], [-95.923585, 30.502382], [-95.921587, 30.503702], [-95.913705, 30.506439], [-95.912752, 30.506927], [-95.912248, 30.507662], [-95.912563, 30.508296]], [[-95.92377, 30.50216], [-95.923699, 30.502246]], [[-95.929224, 30.493399], [-95.928445, 30.494408], [-95.92682, 30.497637], [-95.925219, 30.499788], [-95.924288, 30.501539], [-95.92377, 30.50216]], [[-95.95048, 30.482995], [-95.950937, 30.484728], [-95.946283, 30.489137], [-95.945855, 30.489346], [-95.943468, 30.489984], [-95.940195, 30.491226], [-95.937913, 30.4915], [-95.933458, 30.492865], [-95.931337, 30.493296], [-95.929224, 30.493399]], [[-95.950496, 30.48299], [-95.95048, 30.482995]], [[-95.96187, 30.472079], [-95.963465, 30.477587], [-95.963564, 30.478224], [-95.959352, 30.479957], [-95.956575, 30.481251], [-95.952432, 30.482269], [-95.950496, 30.48299]]]}},
    {"type": "Feature", "properties": {"name": "Natural gas pipeline", "Operator": "ENERGY TRANSFER COMPANY", "Commodity": "Natural gas", "Type": "Gathering", "Status": "In Service", "Diameter (inches)": 6.63}, "geometry": {"type": "LineString", "coordinates": [[-95.965626, 30.471897], [-95.964917, 30.471605], [-95.963795, 30.471488], [-95.961873, 30.472078]]}},
    {"type": "Feature", "properties": {"name": "Natural gas pipeline", "Operator": "ENERGY TRANSFER COMPANY", "Commodity": "Natural gas", "Type": "Gathering", "Status": "In Service", "Diameter (inches)": 8.63}, "geometry": {"type": "MultiLineString", "coordinates": [[[-96.032309, 30.550526], [-96.0305, 30.548559], [-96.031057, 30.5482], [-96.03169, 30.545706], [-96.03124, 30.544801], [-96.030931, 30.542355]], [[-96.030931, 30.542355], [-96.030797, 30.541292], [-96.023688, 30.53656]], [[-96.023688, 30.53656], [-96.020841, 30.53474], [-96.020986, 30.533968], [-96.020826, 30.532314], [-96.019254, 30.530586], [-96.01872, 30.528801], [-96.019231, 30.528114], [-96.019689, 30.527284], [-96.018941, 30.523193]]]}},
    {"type": "Feature", "properties": {"name": "Natural gas pipeline", "Operator": "ENERGY TRANSFER COMPANY", "Commodity": "Natural gas", "Type": "Gathering", "Status": "In Service", "Diameter (inches)": 24.0}, "geometry": {"type": "MultiLineString", "coordinates": [[[-95.906557, 30.83756], [-95.906285, 30.837525]], [[-96.004223, 30.834924], [-96.004157, 30.834919]], [[-95.975817, 30.833292], [-95.973045, 30.832901]], [[-95.970404, 30.83252], [-95.969718, 30.832742]], [[-95.947353, 30.831277], [-95.946839, 30.831217]]]}},
    {"type": "Feature", "properties": {"name": "Natural gas pipeline", "Operator": "ENERGY TRANSFER COMPANY", "Commodity": "Natural gas", "Type": "Gathering", "Status": "In Service", "Diameter (inches)": 16.0}, "geometry": {"type": "MultiLineString", "coordinates": [[[-96.126571, 30.519021], [-96.120992, 30.519085], [-96.11327, 30.5209]], [[-96.144053, 30.512425], [-96.142935, 30.512092], [-96.127614, 30.519009], [-96.126571, 30.519021]]]}},
    {"type": "Feature", "properties": {"name": "Natural gas pipeline", "Operator": "ENERGY TRANSFER COMPANY", "Commodity": "Natural gas", "Type": "Gathering", "Status": "In Service", "Diameter (inches)": 8.63}, "geometry": {"type": "MultiLineString", "coordinates": [[[-95.929354, 30.541245], [-95.929391, 30.541166]], [[-95.936272, 30.533952], [-95.93789, 30.532221], [-95.943373, 30.530197], [-95.944439, 30.530435], [-95.945892, 30.52987], [-95.947465, 30.528049], [-95.95501, 30.525585], [-95.955562, 30.525532], [-95.956332, 30.525106], [-95.961569, 30.523152], [-95.962531, 30.521561], [-95.962618, 30.52153]]]}},
    {"type": "Feature", "properties": {"name": "Natural gas pipeline", "Operator": "ENERGY TRANSFER COMPANY", "Commodity": "Natural gas", "Type": "Gathering", "Status": "In Service", "Diameter (inches)": 12.75}, "geometry": {"type": "MultiLineString", "coordinates": [[[-96.079125, 30.500314], [-96.078741, 30.500466]], [[-96.079284, 30.499666], [-96.079274, 30.500255], [-96.079125, 30.500314]], [[-96.079297, 30.499314], [-96.079284, 30.499666]], [[-96.079892, 30.498949], [-96.079297, 30.499314]], [[-96.122084, 30.487833], [-96.121214, 30.488034], [-96.119092, 30.485995], [-96.114179, 30.48741], [-96.111631, 30.482724], [-96.099301, 30.486956], [-96.09638, 30.488782], [-96.095144, 30.489821], [-96.089101, 30.492665], [-96.08373, 30.496594], [-96.079892, 30.498949]], [[-96.125295, 30.486014], [-96.124402, 30.48648], [-96.124311, 30.487318], [-96.122084, 30.487833]]]}},
    {"type": "Feature", "properties": {"name": "Natural gas pipeline", "Operator": "ENERGY TRANSFER COMPANY", "Commodity": "Natural gas", "Type": "Gathering", "Status": "In Service", "Diameter (inches)": 6.63}, "geometry": {"type": "MultiLineString", "coordinates": [[[-96.146322, 30.550462], [-96.145796, 30.548875], [-96.145208, 30.548265], [-96.14517, 30.548051], [-96.144819, 30.547843], [-96.143255, 30.545827], [-96.143278, 30.545613], [-96.143644, 30.544873], [-96.143629, 30.544632], [-96.14382, 30.544129], [-96.143827, 30.543877], [-96.143598, 30.543479], [-96.143468, 30.542098], [-96.142912, 30.54053], [-96.142911, 30.539889], [-96.143201, 30.538779]], [[-96.143201, 30.538779], [-96.143492, 30.537782], [-96.143141, 30.536671], [-96.143133, 30.536278], [-96.142759, 30.534445], [-96.142843, 30.534308], [-96.143072, 30.534204], [-96.14369, 30.534127], [-96.143713, 30.53373], [-96.144064, 30.533227], [-96.144361, 30.533273], [-96.144497, 30.533121]]]}},
    {"type": "Feature", "properties": {"name": "Natural gas pipeline", "Operator": "ENERGY TRANSFER COMPANY", "Commodity": "Natural gas", "Type": "Gathering", "Status": "In Service", "Diameter (inches)": 8.63}, "geometry": {"type": "MultiLineString", "coordinates": [[[-96.14591, 30.550437], [-96.145475, 30.549008], [-96.14488, 30.548403], [-96.14485, 30.548247], [-96.144559, 30.548047], [-96.142897, 30.545888], [-96.142942, 30.545524], [-96.143293, 30.544841], [-96.143271, 30.544593], [-96.143476, 30.543946], [-96.143247, 30.54355], [-96.143126, 30.542159], [-96.142561, 30.540557], [-96.142561, 30.539851], [-96.14281, 30.538893]], [[-96.14281, 30.538893], [-96.143141, 30.537804], [-96.14279, 30.536719], [-96.142782, 30.536307], [-96.142393, 30.534398], [-96.142584, 30.534085], [-96.142996, 30.533898], [-96.143354, 30.533883], [-96.143369, 30.533637], [-96.143766, 30.533068], [-96.144022, 30.533071]]]}},
    {"type": "Feature", "properties": {"name": "Natural gas pipeline", "Operator": "ENERGY TRANSFER COMPANY", "Commodity": "Natural gas", "Type": "Gathering", "Status": "In Service", "Diameter (inches)": 6.63}, "geometry": {"type": "LineString", "coordinates": [[-96.14272, 30.539238], [-96.141881, 30.539485], [-96.140966, 30.539506], [-96.140066, 30.539357], [-96.139021, 30.539311], [-96.137343, 30.539471], [-96.136801, 30.539724], [-96.135596, 30.540055], [-96.134351, 30.54079]]}},
    {"type": "Feature", "properties": {"name": "Natural gas pipeline", "Operator": "ENERGY TRANSFER COMPANY", "Commodity": "Natural gas", "Type": "Gathering", "Status": "In Service", "Diameter (inches)": 24.0}, "geometry": {"type": "MultiLineString", "coordinates": [[[-96.004223, 30.834924], [-96.013304, 30.836249], [-96.021164, 30.836149]], [[-96.021164, 30.836149], [-96.021628, 30.836143], [-96.023373, 30.833098], [-96.02461, 30.831442], [-96.02572, 30.829732], [-96.03184, 30.819805], [-96.032689, 30.819025], [-96.03345, 30.819126], [-96.036093, 30.816734], [-96.036844, 30.81617], [-96.037444, 30.815495]], [[-96.037444, 30.815495], [-96.038011, 30.814924]], [[-96.038011, 30.814924], [-96.040231, 30.811902], [-96.041948, 30.808644], [-96.043089, 30.806162], [-96.045026, 30.802314], [-96.045201, 30.802155], [-96.046004, 30.801816], [-96.046431, 30.80172], [-96.051666, 30.80314], [-96.054533, 30.803244], [-96.059579, 30.804215], [-96.060204, 30.804217], [-96.060519, 30.80403]], [[-96.060553, 30.804011], [-96.060805, 30.803954], [-96.063598, 30.804526], [-96.064977, 30.803792], [-96.067984, 30.803631], [-96.068105, 30.803711]], [[-96.068176, 30.803758], [-96.068522, 30.803987], [-96.071967, 30.80411], [-96.073272, 30.803635], [-96.073852, 30.803061], [-96.074348, 30.802756], [-96.074883, 30.802507], [-96.075896, 30.80222], [-96.075918, 30.802094]], [[-96.060519, 30.80403], [-96.060553, 30.804011]], [[-96.068105, 30.803711], [-96.068176, 30.803758]], [[-96.075918, 30.802094], [-96.076155, 30.800707], [-96.077727, 30.800094], [-96.078055, 30.800112]], [[-96.078055, 30.800112], [-96.078184, 30.800119], [-96.082597, 30.79683]], [[-96.082597, 30.796829], [-96.082628, 30.796807]], [[-96.082628, 30.796807], [-96.083579, 30.796395], [-96.083605, 30.796119]], [[-96.083605, 30.796119], [-96.083762, 30.794461], [-96.087791, 30.792519], [-96.088801, 30.79065], [-96.090128, 30.789235], [-96.091456, 30.787157], [-96.092341, 30.787145]], [[-96.092341, 30.787145], [-96.093214, 30.787134], [-96.09345, 30.786965]], [[-96.09345, 30.786965], [-96.094928, 30.785909], [-96.10032, 30.784773]], [[-96.10032, 30.784773], [-96.10266, 30.784279], [-96.10297, 30.783753]], [[-96.10297, 30.783753], [-96.103195, 30.783372]], [[-96.103195, 30.783372], [-96.104132, 30.781748], [-96.110657, 30.779473]]]}},
    {"type": "Feature", "properties": {"name": "Natural gas pipeline", "Operator": "ENERGY TRANSFER COMPANY", "Commodity": "Natural gas", "Type": "Gathering", "Status": "In Service", "Diameter (inches)": 6.63}, "geometry": {"type": "LineString", "coordinates": [[-96.128288, 30.493308], [-96.12334, 30.494861], [-96.122783, 30.494979], [-96.122467, 30.4949], [-96.121983, 30.494441]]}},
    {"type": "Feature", "properties": {"name": "Natural gas pipeline", "Operator": "ENERGY TRANSFER COMPANY", "Commodity": "Natural gas", "Type": "Gathering", "Status": "In Service", "Diameter (inches)": 6.63}, "geometry": {"type": "LineString", "coordinates": [[-96.06252, 30.541303], [-96.060789, 30.541135]]}},
    {"type": "Feature", "properties": {"name": "Natural gas pipeline", "Operator": "ENERGY TRANSFER COMPANY", "Commodity": "Natural gas", "Type": "Gathering", "Status": "In Service", "Diameter (inches)": 6.63}, "geometry": {"type": "MultiLineString", "coordinates": [[[-96.033588, 30.530986], [-96.034292, 30.531217], [-96.03639, 30.530029], [-96.036221, 30.52273], [-96.036143, 30.522132]], [[-96.032933, 30.53059], [-96.033323, 30.530899], [-96.033588, 30.530986]], [[-96.036143, 30.522132], [-96.036092, 30.521741]], [[-96.036092, 30.521741], [-96.036008, 30.521106], [-96.033773, 30.521198], [-96.032048, 30.519683]]]}},
    {"type": "Feature", "properties": {"name": "Natural gas pipeline", "Operator": "ENERGY TRANSFER COMPANY", "Commodity": "Natural gas", "Type": "Gathering", "Status": "In Service", "Diameter (inches)": 6.63}, "geometry": {"type": "MultiLineString", "coordinates": [[[-96.051946, 30.506881], [-96.051359, 30.506742]], [[-96.051359, 30.506742], [-96.047246, 30.505767], [-96.045377, 30.505773], [-96.044721, 30.506118], [-96.042974, 30.506106], [-96.03864, 30.505418], [-96.037794, 30.504945], [-96.037183, 30.504094]]]}},
    {"type": "Feature", "properties": {"name": "Natural gas pipeline", "Operator": "ENERGY TRANSFER COMPANY", "Commodity": "Natural gas", "Type": "Gathering", "Status": "In Service", "Diameter (inches)": 6.63}, "geometry": {"type": "MultiLineString", "coordinates": [[[-96.082191, 30.518941], [-96.08164, 30.519028]], [[-96.092703, 30.51809], [-96.09242, 30.518024], [-96.09226, 30.517726], [-96.09229, 30.517303], [-96.092108, 30.51677], [-96.090437, 30.516854], [-96.089223, 30.517234], [-96.085783, 30.518056], [-96.083265, 30.518769], [-96.082191, 30.518941]]]}},
    {"type": "Feature", "properties": {"name": "Natural gas pipeline", "Operator": "ENERGY TRANSFER COMPANY", "Commodity": "Natural gas", "Type": "Gathering", "Status": "In Service", "Diameter (inches)": 6.63}, "geometry": {"type": "LineString", "coordinates": [[-95.920274, 30.546253], [-95.911013, 30.549418], [-95.910696, 30.549369], [-95.910288, 30.549962], [-95.904345, 30.552358], [-95.903223, 30.551943], [-95.901864, 30.551058], [-95.897743, 30.552319], [-95.89767, 30.552436]]}},
    {"type": "Feature", "properties": {"name": "Natural gas pipeline", "Operator": "ENERGY TRANSFER COMPANY", "Commodity": "Natural gas", "Type": "Gathering", "Status": "In Service", "Diameter (inches)": 6.63}, "geometry": {"type": "LineString", "coordinates": [[-96.072377, 30.552873], [-96.071256, 30.552894], [-96.070616, 30.552344], [-96.065633, 30.551145], [-96.065198, 30.55048], [-96.064649, 30.549411], [-96.0641, 30.546497], [-96.064046, 30.544197], [-96.063687, 30.540548]]}},
    {"type": "Feature", "properties": {"name": "Natural gas pipeline", "Operator": "ENERGY TRANSFER COMPANY", "Commodity": "Natural gas", "Type": "Gathering", "Status": "In Service", "Diameter (inches)": 24.0}, "geometry": {"type": "MultiLineString", "coordinates": [[[-95.956804, 30.439937], [-95.957227, 30.441124]], [[-95.956671, 30.439307], [-95.95667, 30.439546], [-95.956804, 30.439937]], [[-95.997842, 30.328233], [-95.997608, 30.328431], [-95.997512, 30.328613], [-95.995746, 30.33546], [-95.995651, 30.335581], [-95.99526, 30.3358], [-95.993558, 30.336313], [-95.992719, 30.336431], [-95.992328, 30.336841], [-95.991941, 30.337848], [-95.992202, 30.339013], [-95.992265, 30.341962], [-95.988679, 30.346251], [-95.988077, 30.347126], [-95.988154, 30.3489], [-95.986976, 30.351067], [-95.985015, 30.352537], [-95.984696, 30.352968], [-95.984564, 30.35358], [-95.984539, 30.357941], [-95.984473, 30.358229], [-95.984352, 30.358425], [-95.982479, 30.360009], [-95.980906, 30.361842], [-95.98051, 30.362907], [-95.980356, 30.364278], [-95.979218, 30.367174], [-95.978111, 30.368532], [-95.976836, 30.369526], [-95.972426, 30.371723], [-95.971599, 30.372294], [-95.971264, 30.37298], [-95.970894, 30.375015], [-95.971196, 30.376361], [-95.971958, 30.378123], [-95.971885, 30.380286], [-95.972067, 30.381826], [-95.971702, 30.382665], [-95.969855, 30.386035], [-95.969796, 30.386285], [-95.96868, 30.388195], [-95.967856, 30.388969], [-95.967029, 30.389316], [-95.966792, 30.389542], [-95.966541, 30.390047], [-95.966407, 30.391063], [-95.964979, 30.393515], [-95.964364, 30.3953], [-95.964231, 30.395559], [-95.963436, 30.396414], [-95.963302, 30.396683], [-95.963301, 30.39877], [-95.963543, 30.406391], [-95.963621, 30.407152], [-95.963629, 30.409125], [-95.963738, 30.409623], [-95.964629, 30.411505], [-95.964924, 30.411955], [-95.964472, 30.41349], [-95.964637, 30.416717], [-95.964732, 30.416896], [-95.964762, 30.41761], [-95.964482, 30.418114], [-95.963285, 30.421343], [-95.962662, 30.422733], [-95.962353, 30.423046], [-95.961397, 30.423246], [-95.960871, 30.42343], [-95.959643, 30.423918], [-95.959106, 30.424214], [-95.95875, 30.424759], [-95.958476, 30.425356], [-95.958056, 30.429803], [-95.958014, 30.429936], [-95.957497, 30.430428], [-95.956695, 30.431459], [-95.956683, 30.431692], [-95.957417, 30.433304], [-95.956729, 30.436162], [-95.956671, 30.439307]], [[-96.074882, 30.338162], [-96.073502, 30.338196], [-96.073178, 30.338152], [-96.064035, 30.330697], [-96.058398, 30.322727], [-96.052241, 30.320152], [-96.05193, 30.320126], [-96.050712, 30.320319], [-96.050104, 30.320327], [-96.048588, 30.320044], [-96.047035, 30.319864], [-96.045832, 30.319873], [-96.04465, 30.31968], [-96.042784, 30.319578], [-96.038699, 30.319573], [-96.032951, 30.319843], [-96.029544, 30.319672], [-96.024236, 30.320631], [-96.022255, 30.323088], [-96.021813, 30.323351], [-96.020135, 30.323549], [-96.015797, 30.323646]], [[-96.013516, 30.323343], [-96.011263, 30.32291], [-96.005823, 30.32375], [-96.001687, 30.325437], [-96.000292, 30.326357]]]}},
    {"type": "Feature", "properties": {"name": "Natural gas pipeline", "Operator": "ENERGY TRANSFER COMPANY", "Commodity": "Natural gas", "Type": "Gathering", "Status": "In Service", "Diameter (inches)": 24.0}, "geometry": {"type": "MultiLineString", "coordinates": [[[-96.000292, 30.326357], [-95.999348, 30.326987], [-95.997842, 30.328233]], [[-96.015797, 30.323646], [-96.015206, 30.323672], [-96.013516, 30.323343]]]}},
    {"type": "Feature", "properties": {"name": "Natural gas pipeline", "Operator": "ENERGY TRANSFER COMPANY", "Commodity": "Natural gas", "Type": "Gathering", "Status": "In Service", "Diameter (inches)": 6.63}, "geometry": {"type": "MultiLineString", "coordinates": [[[-96.034533, 30.60645], [-96.03442, 30.606735], [-96.034222, 30.608109], [-96.034371, 30.609002], [-96.03501, 30.609757], [-96.035993, 30.610172], [-96.036952, 30.610328], [-96.037388, 30.610593], [-96.038238, 30.610832], [-96.038408, 30.611067], [-96.038593, 30.612736], [-96.038541, 30.613002], [-96.037838, 30.613431], [-96.037529, 30.613924], [-96.036422, 30.614326]], [[-96.035056, 30.595836], [-96.035209, 30.601313], [-96.034344, 30.601428], [-96.034602, 30.605731], [-96.03477, 30.606084], [-96.034533, 30.60645]]]}},
    {"type": "Feature", "properties": {"name": "Natural gas pipeline", "Operator": "ENERGY TRANSFER COMPANY", "Commodity": "Natural gas", "Type": "Gathering", "Status": "In Service", "Diameter (inches)": 4.5}, "geometry": {"type": "LineString", "coordinates": [[-96.032326, 30.542758], [-96.032376, 30.543138]]}},
    {"type": "Feature", "properties": {"name": "Natural gas pipeline", "Operator": "ENERGY TRANSFER COMPANY", "Commodity": "Natural gas", "Type": "Gathering", "Status": "In Service", "Diameter (inches)": 4.5}, "geometry": {"type": "MultiLineString", "coordinates": [[[-96.030931, 30.542355], [-96.03227, 30.54231], [-96.032326, 30.542758]], [[-96.030931, 30.542355], [-96.030931, 30.542355]]]}},
    {"type": "Feature", "properties": {"name": "Natural gas pipeline", "Operator": "ENERGY TRANSFER COMPANY", "Commodity": "Natural gas", "Type": "Gathering", "Status": "In Service", "Diameter (inches)": 6.63}, "geometry": {"type": "MultiLineString", "coordinates": [[[-95.883455, 30.4858], [-95.882184, 30.486562], [-95.882501, 30.487239], [-95.882482, 30.48744], [-95.882893, 30.488057], [-95.883571, 30.48933], [-95.883595, 30.489638], [-95.881594, 30.490431], [-95.881013, 30.490576], [-95.880569, 30.490797], [-95.8792, 30.491206], [-95.881134, 30.495122], [-95.881152, 30.49576], [-95.880985, 30.497757], [-95.881059, 30.498098], [-95.882415, 30.499915], [-95.882523, 30.500224], [-95.882427, 30.500442]], [[-95.883455, 30.4858], [-95.883455, 30.4858]]]}},
    {"type": "Feature", "properties": {"name": "Natural gas pipeline", "Operator": "ENERGY TRANSFER COMPANY", "Commodity": "Natural gas", "Type": "Gathering", "Status": "In Service", "Diameter (inches)": 8.63}, "geometry": {"type": "MultiLineString", "coordinates": [[[-95.991886, 30.845611], [-95.992088, 30.845338], [-95.994042, 30.84349], [-95.99526, 30.84307], [-95.99713, 30.841714], [-95.997269, 30.841454], [-95.998051, 30.837043]], [[-95.998051, 30.837043], [-95.998101, 30.836761], [-95.99821, 30.836651], [-95.998581, 30.836498], [-96.002916, 30.83514], [-96.003926, 30.83485], [-96.003933, 30.834913]], [[-96.003933, 30.834913], [-96.003943, 30.835012], [-96.00423, 30.835038], [-96.004258, 30.834953]]]}},
    {"type": "Feature", "properties": {"name": "Natural gas pipeline", "Operator": "ENERGY TRANSFER COMPANY", "Commodity": "Natural gas", "Type": "Gathering", "Status": "In Service", "Diameter (inches)": 8.63}, "geometry": {"type": "MultiLineString", "coordinates": [[[-96.019171, 30.564739], [-96.021239, 30.565973], [-96.021888, 30.566923], [-96.019637, 30.57033], [-96.019427, 30.580424]], [[-96.015534, 30.559799], [-96.01631, 30.559847], [-96.018127, 30.560965], [-96.018235, 30.563481], [-96.01801, 30.564047], [-96.019171, 30.564739]], [[-96.014598, 30.559742], [-96.015534, 30.559799]], [[-96.014598, 30.559742], [-96.014598, 30.559742]]]}},
    {"type": "Feature", "properties": {"name": "Natural gas pipeline", "Operator": "ENERGY TRANSFER COMPANY", "Commodity": "Natural gas", "Type": "Gathering", "Status": "In Service", "Diameter (inches)": 6.63}, "geometry": {"type": "LineString", "coordinates": [[-96.08164, 30.519028], [-96.079557, 30.518355], [-96.07607, 30.519973], [-96.075903, 30.520393], [-96.075628, 30.520677], [-96.074995, 30.520578], [-96.073736, 30.521104], [-96.071897, 30.521649], [-96.071478, 30.521331], [-96.071386, 30.520198], [-96.070341, 30.519973]]}},
    {"type": "Feature", "properties": {"name": "Natural gas pipeline", "Operator": "ENERGY TRANSFER COMPANY", "Commodity": "Natural gas", "Type": "Gathering", "Status": "In Service", "Diameter (inches)": 6.63}, "geometry": {"type": "MultiLineString", "coordinates": [[[-95.977925, 30.483243], [-95.977837, 30.483236]], [[-95.977837, 30.483236], [-95.976613, 30.483125], [-95.97479, 30.481756], [-95.970181, 30.480669], [-95.967488, 30.481432], [-95.964741, 30.482744], [-95.963559, 30.480339], [-95.962971, 30.479969], [-95.962491, 30.478689]]]}},
    {"type": "Feature", "properties": {"name": "Natural gas pipeline", "Operator": "ENERGY TRANSFER COMPANY", "Commodity": "Natural gas", "Type": "Gathering", "Status": "In Service", "Diameter (inches)": 6.63}, "geometry": {"type": "MultiLineString", "coordinates": [[[-95.855428, 30.482397], [-95.855061, 30.481695]], [[-95.855061, 30.481695], [-95.854954, 30.481492], [-95.855259, 30.478923], [-95.855282, 30.474945], [-95.855107, 30.473317], [-95.855183, 30.472281], [-95.855145, 30.470915], [-95.853177, 30.469162], [-95.845123, 30.469244]]]}},
    {"type": "Feature", "properties": {"name": "Natural gas pipeline", "Operator": "ENERGY TRANSFER COMPANY", "Commodity": "Natural gas", "Type": "Gathering", "Status": "In Service", "Diameter (inches)": 6.63}, "geometry": {"type": "MultiLineString", "coordinates": [[[-95.98821, 30.513586], [-95.988034, 30.512457], [-95.987004, 30.510681]], [[-95.988347, 30.51357], [-95.98821, 30.513586]], [[-95.987004, 30.510681], [-95.986852, 30.509844], [-95.986081, 30.508863], [-95.985059, 30.508072], [-95.985143, 30.506957], [-95.983426, 30.504061], [-95.983403, 30.502769], [-95.983083, 30.502113], [-95.982129, 30.501357], [-95.981626, 30.501114], [-95.980969, 30.500336]]]}},
    {"type": "Feature", "properties": {"name": "Natural gas pipeline", "Operator": "ENERGY TRANSFER COMPANY", "Commodity": "Natural gas", "Type": "Gathering", "Status": "In Service", "Diameter (inches)": 8.63}, "geometry": {"type": "MultiLineString", "coordinates": [[[-95.969999, 30.468613], [-95.969632, 30.469589], [-95.967671, 30.470126], [-95.966329, 30.470629], [-95.965626, 30.471897]], [[-95.970765, 30.466937], [-95.969999, 30.468613]], [[-95.971463, 30.466634], [-95.971035, 30.466344], [-95.970765, 30.466937]]]}},
    {"type": "Feature", "properties": {"name": "Natural gas pipeline", "Operator": "ENERGY TRANSFER COMPANY", "Commodity": "Natural gas", "Type": "Gathering", "Status": "In Service", "Diameter (inches)": 6.63}, "geometry": {"type": "MultiLineString", "coordinates": [[[-95.89449, 30.48757], [-95.895504, 30.487872], [-95.895611, 30.48667], [-95.896367, 30.484858], [-95.896733, 30.483208], [-95.901325, 30.48308], [-95.900944, 30.482429], [-95.900723, 30.477048]], [[-95.900723, 30.477048], [-95.900723, 30.47704]]]}},
    {"type": "Feature", "properties": {"name": "Natural gas pipeline", "Operator": "ENERGY TRANSFER COMPANY", "Commodity": "Natural gas", "Type": "Gathering", "Status": "In Service", "Diameter (inches)": 6.63}, "geometry": {"type": "LineString", "coordinates": [[-95.923699, 30.502246], [-95.924568, 30.503872], [-95.921703, 30.505242], [-95.921403, 30.505724], [-95.920987, 30.506066], [-95.919437, 30.506344], [-95.918961, 30.506162], [-95.918824, 30.505102], [-95.918877, 30.505097]]}},
    {"type": "Feature", "properties": {"name": "Natural gas pipeline", "Operator": "ENERGY TRANSFER COMPANY", "Commodity": "Natural gas", "Type": "Gathering", "Status": "In Service", "Diameter (inches)": 6.63}, "geometry": {"type": "LineString", "coordinates": [[-95.988826, 30.513599], [-95.988347, 30.513572]]}},
    {"type": "Feature", "properties": {"name": "Natural gas pipeline", "Operator": "ENERGY TRANSFER COMPANY", "Commodity": "Natural gas", "Type": "Gathering", "Status": "In Service", "Diameter (inches)": 6.63}, "geometry": {"type": "MultiLineString", "coordinates": [[[-95.998006, 30.519697], [-95.997548, 30.519803], [-95.996068, 30.518762], [-95.99558, 30.518133], [-95.993871, 30.516926], [-95.992436, 30.514436], [-95.991628, 30.513504], [-95.991423, 30.513444]], [[-95.991423, 30.513444], [-95.99104, 30.51333], [-95.989919, 30.513546], [-95.989461, 30.513519], [-95.989383, 30.513619], [-95.988826, 30.513599]]]}},
    {"type": "Feature", "properties": {"name": "Natural gas pipeline", "Operator": "ENERGY TRANSFER COMPANY", "Commodity": "Natural gas", "Type": "Gathering", "Status": "In Service", "Diameter (inches)": 4.5}, "geometry": {"type": "LineString", "coordinates": [[-96.043251, 30.59676], [-96.043182, 30.596751], [-96.043396, 30.595501], [-96.048531, 30.595412], [-96.048538, 30.594994], [-96.049965, 30.594975], [-96.050148, 30.59477], [-96.049889, 30.593386], [-96.05053, 30.593264]]}},
    {"type": "Feature", "properties": {"name": "Natural gas pipeline", "Operator": "ENERGY TRANSFER COMPANY", "Commodity": "Natural gas", "Type": "Gathering", "Status": "In Service", "Diameter (inches)": 6.63}, "geometry": {"type": "MultiLineString", "coordinates": [[[-95.883862, 30.485899], [-95.883455, 30.4858]], [[-95.883455, 30.4858], [-95.882458, 30.485556], [-95.881596, 30.485518], [-95.879139, 30.480578], [-95.877148, 30.481165], [-95.87637, 30.481081], [-95.875767, 30.48086], [-95.875165, 30.480522], [-95.875111, 30.480066], [-95.874555, 30.479485]]]}},
    {"type": "Feature", "properties": {"name": "Natural gas pipeline", "Operator": "ENERGY TRANSFER COMPANY", "Commodity": "Natural gas", "Type": "Gathering", "Status": "In Service", "Diameter (inches)": 6.63}, "geometry": {"type": "LineString", "coordinates": [[-96.061399, 30.508968], [-96.06117, 30.509072], [-96.060445, 30.509071], [-96.05956, 30.508945], [-96.059225, 30.508474], [-96.059003, 30.507773], [-96.05911, 30.506719], [-96.059468, 30.505979], [-96.058995, 30.504447]]}},
    {"type": "Feature", "properties": {"name": "Natural gas pipeline", "Operator": "ENERGY TRANSFER COMPANY", "Commodity": "Natural gas", "Type": "Gathering", "Status": "In Service", "Diameter (inches)": 6.63}, "geometry": {"type": "MultiLineString", "coordinates": [[[-95.980817, 30.576099], [-95.980169, 30.575085], [-95.98055, 30.572985], [-95.980886, 30.569246], [-95.981222, 30.568218], [-95.980771, 30.564345], [-95.978871, 30.562653], [-95.978818, 30.56238], [-95.978864, 30.561533], [-95.978086, 30.560151], [-95.975462, 30.556656], [-95.974889, 30.556002], [-95.973477, 30.554974], [-95.973226, 30.554519], [-95.972981, 30.553567]], [[-95.972981, 30.553567], [-95.972921, 30.553335]]]}},
    {"type": "Feature", "properties": {"name": "Natural gas pipeline", "Operator": "ENERGY TRANSFER COMPANY", "Commodity": "Natural gas", "Type": "Gathering", "Status": "In Service", "Diameter (inches)": 6.63}, "geometry": {"type": "LineString", "coordinates": [[-96.032313, 30.550525], [-96.032701, 30.550918], [-96.031334, 30.551524], [-96.032861, 30.553864], [-96.033598, 30.555578], [-96.033503, 30.557834]]}},
    {"type": "Feature", "properties": {"name": "Natural gas pipeline", "Operator": "ENERGY TRANSFER COMPANY", "Commodity": "Natural gas", "Type": "Gathering", "Status": "In Service", "Diameter (inches)": 6.63}, "geometry": {"type": "MultiLineString", "coordinates": [[[-95.9988, 30.557693], [-95.999906, 30.558247], [-96.002736, 30.554548], [-96.006963, 30.549564], [-96.005612, 30.548689], [-96.004858, 30.545896], [-96.003896, 30.542829], [-96.004018, 30.542271], [-96.003972, 30.537519], [-96.004544, 30.536533], [-96.003599, 30.534874], [-96.002918, 30.533905]], [[-96.002918, 30.533905], [-96.002918, 30.533905]]]}},
    {"type": "Feature", "properties": {"name": "Natural gas pipeline", "Operator": "ENERGY TRANSFER COMPANY", "Commodity": "Natural gas", "Type": "Gathering", "Status": "In Service", "Diameter (inches)": 4.5}, "geometry": {"type": "LineString", "coordinates": [[-96.134542, 30.525058], [-96.133604, 30.525143], [-96.132467, 30.523267], [-96.13162, 30.522826], [-96.130933, 30.522678], [-96.130781, 30.522303], [-96.127836, 30.522006], [-96.126859, 30.522034], [-96.123396, 30.524119], [-96.122724, 30.524451], [-96.121969, 30.524523], [-96.121244, 30.526068]]}},
    {"type": "Feature", "properties": {"name": "Natural gas pipeline", "Operator": "ENERGY TRANSFER COMPANY", "Commodity": "Natural gas", "Type": "Gathering", "Status": "In Service", "Diameter (inches)": 6.63}, "geometry": {"type": "MultiLineString", "coordinates": [[[-95.82693, 30.519921], [-95.826016, 30.520128], [-95.823915, 30.519781], [-95.822405, 30.518496], [-95.821624, 30.516833], [-95.821169, 30.515542], [-95.820857, 30.514341], [-95.821177, 30.509615], [-95.821436, 30.507755], [-95.821713, 30.501987], [-95.826105, 30.500989], [-95.825845, 30.4997]], [[-95.828016, 30.519674], [-95.82693, 30.519921]]]}},
    {"type": "Feature", "properties": {"name": "Natural gas pipeline", "Operator": "ENERGY TRANSFER COMPANY", "Commodity": "Natural gas", "Type": "Gathering", "Status": "In Service", "Diameter (inches)": 6.63}, "geometry": {"type": "MultiLineString", "coordinates": [[[-95.846679, 30.526645], [-95.846727, 30.527573], [-95.846575, 30.52876], [-95.843948, 30.528779], [-95.843912, 30.528168], [-95.841506, 30.52825], [-95.841464, 30.529136], [-95.834896, 30.52908], [-95.834734, 30.528867]], [[-95.834734, 30.528867], [-95.830087, 30.525133], [-95.825482, 30.521283], [-95.82693, 30.519921]], [[-95.82693, 30.519921], [-95.828344, 30.51859]]]}},
    {"type": "Feature", "properties": {"name": "Natural gas pipeline", "Operator": "ENERGY TRANSFER COMPANY", "Commodity": "Natural gas", "Type": "Gathering", "Status": "In Service", "Diameter (inches)": 12.75}, "geometry": {"type": "MultiLineString", "coordinates": [[[-95.929224, 30.493399], [-95.927739, 30.491158], [-95.927228, 30.488899], [-95.926991, 30.488533], [-95.926068, 30.488121], [-95.925405, 30.487724], [-95.924146, 30.487522], [-95.920201, 30.487772], [-95.919755, 30.487607]], [[-95.919755, 30.487607], [-95.919422, 30.487484], [-95.917378, 30.486155], [-95.915547, 30.485102], [-95.914716, 30.484755], [-95.912976, 30.484694], [-95.912236, 30.485012], [-95.910436, 30.485529], [-95.909604, 30.485884], [-95.909207, 30.485857], [-95.907636, 30.484739], [-95.906949, 30.483809], [-95.906705, 30.483158], [-95.906399, 30.482968], [-95.904362, 30.482321], [-95.903409, 30.481871], [-95.903164, 30.481546], [-95.902958, 30.480463], [-95.901913, 30.478022], [-95.900982, 30.477327], [-95.900723, 30.477048]], [[-95.900723, 30.477048], [-95.900686, 30.477006]], [[-95.900686, 30.477006], [-95.900722, 30.476982]], [[-95.900722, 30.476982], [-95.900959, 30.476824]]]}},
    {"type": "Feature", "properties": {"name": "Natural gas pipeline", "Operator": "ENERGY TRANSFER COMPANY", "Commodity": "Natural gas", "Type": "Gathering", "Status": "In Service", "Diameter (inches)": 6.63}, "geometry": {"type": "MultiLineString", "coordinates": [[[-95.978397, 30.516103], [-95.973729, 30.517515], [-95.971898, 30.516672], [-95.971349, 30.516169], [-95.970113, 30.515501], [-95.968945, 30.514606], [-95.968152, 30.512607], [-95.96874, 30.510267]], [[-95.98821, 30.513586], [-95.988171, 30.514059], [-95.97994, 30.515665], [-95.978397, 30.516103]]]}},
    {"type": "Feature", "properties": {"name": "Natural gas pipeline", "Operator": "ENERGY TRANSFER COMPANY", "Commodity": "Natural gas", "Type": "Gathering", "Status": "In Service", "Diameter (inches)": 6.63}, "geometry": {"type": "LineString", "coordinates": [[-95.932212, 30.494388], [-95.932149, 30.49429], [-95.93134, 30.494579]]}},
    {"type": "Feature", "properties": {"name": "Natural gas pipeline", "Operator": "ENERGY TRANSFER COMPANY", "Commodity": "Natural gas", "Type": "Gathering", "Status": "In Service", "Diameter (inches)": 4.5}, "geometry": {"type": "LineString", "coordinates": [[-96.062452, 30.576494], [-96.059949, 30.57694], [-96.059172, 30.576414], [-96.058271, 30.575596], [-96.056135, 30.573194], [-96.053792, 30.572582], [-96.053106, 30.571931], [-96.05274, 30.571676], [-96.052068, 30.570919], [-96.052018, 30.570741]]}},
    {"type": "Feature", "properties": {"name": "Natural gas pipeline", "Operator": "ENERGY TRANSFER COMPANY", "Commodity": "Natural gas", "Type": "Gathering", "Status": "In Service", "Diameter (inches)": 4.5}, "geometry": {"type": "LineString", "coordinates": [[-96.052018, 30.570741], [-96.05084, 30.568811], [-96.050672, 30.567957], [-96.050497, 30.566617], [-96.050519, 30.565713], [-96.051137, 30.564243], [-96.051695, 30.563606], [-96.052885, 30.5627], [-96.053327, 30.562023], [-96.053853, 30.561422], [-96.055868, 30.560392], [-96.056531, 30.559776], [-96.056898, 30.559625], [-96.058187, 30.559438], [-96.059996, 30.558645], [-96.060422, 30.558048], [-96.060537, 30.557758]]}},
    {"type": "Feature", "properties": {"name": "Natural gas pipeline", "Operator": "ENERGY TRANSFER COMPANY", "Commodity": "Natural gas", "Type": "Gathering", "Status": "In Service", "Diameter (inches)": 6.63}, "geometry": {"type": "MultiLineString", "coordinates": [[[-95.980969, 30.500336], [-95.980664, 30.49996], [-95.983426, 30.497541], [-95.983777, 30.497024], [-95.983502, 30.492979], [-95.981945, 30.490991], [-95.979657, 30.490042], [-95.977758, 30.488863], [-95.977689, 30.488739], [-95.977872, 30.488275], [-95.976788, 30.486124], [-95.977837, 30.483236]], [[-95.977837, 30.483236], [-95.977841, 30.483224]]]}},
    {"type": "Feature", "properties": {"name": "Natural gas pipeline", "Operator": "ENERGY TRANSFER COMPANY", "Commodity": "Natural gas", "Type": "Gathering", "Status": "In Service", "Diameter (inches)": 6.63}, "geometry": {"type": "LineString", "coordinates": [[-95.929968, 30.493507], [-95.929959, 30.493366], [-95.929807, 30.493372]]}},
    {"type": "Feature", "properties": {"name": "Natural gas pipeline", "Operator": "ENERGY TRANSFER COMPANY", "Commodity": "Natural gas", "Type": "Gathering", "Status": "In Service", "Diameter (inches)": 6.63}, "geometry": {"type": "LineString", "coordinates": [[-95.93102, 30.495001], [-95.930577, 30.495148], [-95.93031, 30.494957], [-95.929983, 30.493891], [-95.929968, 30.493507]]}},
    {"type": "Feature", "properties": {"name": "Natural gas pipeline", "Operator": "ENERGY TRANSFER COMPANY", "Commodity": "Natural gas", "Type": "Gathering", "Status": "In Service", "Diameter (inches)": 6.63}, "geometry": {"type": "LineString", "coordinates": [[-96.042211, 30.565845], [-96.039175, 30.565943], [-96.038603, 30.56496], [-96.037412, 30.563598], [-96.036627, 30.563723], [-96.032774, 30.563148], [-96.032568, 30.563015], [-96.03259, 30.562462], [-96.032522, 30.562017], [-96.032629, 30.561245], [-96.032651, 30.55927], [-96.032606, 30.557983], [-96.033503, 30.557834]]}},
    {"type": "Feature", "properties": {"name": "Natural gas pipeline", "Operator": "ENERGY TRANSFER COMPANY", "Commodity": "Natural gas", "Type": "Gathering", "Status": "In Service", "Diameter (inches)": 6.63}, "geometry": {"type": "LineString", "coordinates": [[-95.944768, 30.497152], [-95.944806, 30.49723], [-95.943814, 30.497597], [-95.942792, 30.497644], [-95.93652, 30.499733], [-95.935269, 30.499667], [-95.935101, 30.498913], [-95.93385, 30.497862], [-95.933255, 30.496619], [-95.933102, 30.495867], [-95.932212, 30.494388]]}},
    {"type": "Feature", "properties": {"name": "Natural gas pipeline", "Operator": "ENERGY TRANSFER COMPANY", "Commodity": "Natural gas", "Type": "Gathering", "Status": "In Service", "Diameter (inches)": 6.63}, "geometry": {"type": "MultiLineString", "coordinates": [[[-95.976247, 30.523676], [-95.972867, 30.520832], [-95.972067, 30.520019]], [[-95.972067, 30.520019], [-95.972066, 30.520018]]]}},
    {"type": "Feature", "properties": {"name": "Natural gas pipeline", "Operator": "ENERGY TRANSFER COMPANY", "Commodity": "Natural gas", "Type": "Gathering", "Status": "In Service", "Diameter (inches)": 6.63}, "geometry": {"type": "MultiLineString", "coordinates": [[[-95.900723, 30.47704], [-95.900722, 30.477001]], [[-95.900722, 30.477001], [-95.900722, 30.476982]], [[-95.900722, 30.476982], [-95.900708, 30.476156], [-95.90083, 30.475765], [-95.900884, 30.474905], [-95.901203, 30.474672], [-95.903554, 30.474653], [-95.903599, 30.473824], [-95.904011, 30.473013], [-95.903676, 30.472113], [-95.903592, 30.471102], [-95.903615, 30.467442], [-95.904087, 30.466996], [-95.904438, 30.466812], [-95.905216, 30.466827]]]}},
    {"type": "Feature", "properties": {"name": "Natural gas pipeline", "Operator": "ENERGY TRANSFER COMPANY", "Commodity": "Natural gas", "Type": "Gathering", "Status": "In Service", "Diameter (inches)": 6.63}, "geometry": {"type": "LineString", "coordinates": [[-95.865627, 30.482428], [-95.866765, 30.479735], [-95.868382, 30.47728], [-95.869046, 30.475355], [-95.868939, 30.474575], [-95.868794, 30.474148], [-95.86858, 30.47381], [-95.867024, 30.472624], [-95.866368, 30.471442], [-95.864826, 30.469307], [-95.864834, 30.468932], [-95.865276, 30.468413]]}},
    {"type": "Feature", "properties": {"name": "Natural gas pipeline", "Operator": "ENERGY TRANSFER COMPANY", "Commodity": "Natural gas", "Type": "Gathering", "Status": "In Service", "Diameter (inches)": 6.63}, "geometry": {"type": "LineString", "coordinates": [[-95.879659, 30.53863], [-95.878712, 30.539192], [-95.879025, 30.539659], [-95.87918, 30.540142], [-95.879592, 30.540267], [-95.880693, 30.541738], [-95.880546, 30.542404], [-95.880732, 30.543027], [-95.881261, 30.544174], [-95.880651, 30.544383], [-95.880802, 30.544713], [-95.879306, 30.545178], [-95.878494, 30.54621], [-95.877986, 30.546402], [-95.872839, 30.547264], [-95.869666, 30.547011], [-95.866823, 30.545679], [-95.865799, 30.545978]]}},
    {"type": "Feature", "properties": {"name": "Natural gas pipeline", "Operator": "ENERGY TRANSFER COMPANY", "Commodity": "Natural gas", "Type": "Gathering", "Status": "In Service", "Diameter (inches)": 6.63}, "geometry": {"type": "MultiLineString", "coordinates": [[[-95.897297, 30.551009], [-95.897313, 30.550472], [-95.898, 30.55011]], [[-95.898, 30.55011], [-95.897464, 30.549165]]]}},
    {"type": "Feature", "properties": {"name": "Natural gas pipeline", "Operator": "ENERGY TRANSFER COMPANY", "Commodity": "Natural gas", "Type": "Gathering", "Status": "In Service", "Diameter (inches)": 6.63}, "geometry": {"type": "MultiLineString", "coordinates": [[[-95.826684, 30.533465], [-95.826371, 30.533358]], [[-95.826371, 30.533358], [-95.824863, 30.532844], [-95.824769, 30.531296], [-95.822647, 30.530795], [-95.822427, 30.53035], [-95.82049, 30.528995]]]}},
    {"type": "Feature", "properties": {"name": "Natural gas pipeline", "Operator": "ENERGY TRANSFER COMPANY", "Commodity": "Natural gas", "Type": "Gathering", "Status": "In Service", "Diameter (inches)": 6.63}, "geometry": {"type": "LineString", "coordinates": [[-95.877561, 30.464455], [-95.876779, 30.464541], [-95.875532, 30.465081], [-95.872791, 30.46543], [-95.872758, 30.465229]]}},
    {"type": "Feature", "properties": {"name": "Natural gas pipeline", "Operator": "ENERGY TRANSFER COMPANY", "Commodity": "Natural gas", "Type": "Gathering", "Status": "In Service", "Diameter (inches)": 8.63}, "geometry": {"type": "LineString", "coordinates": [[-95.86915, 30.56087], [-95.867803, 30.560707], [-95.864977, 30.562357], [-95.862618, 30.563022], [-95.860638, 30.563039], [-95.860717, 30.566443], [-95.860154, 30.566453]]}},
    {"type": "Feature", "properties": {"name": "Natural gas pipeline", "Operator": "ENERGY TRANSFER COMPANY", "Commodity": "Natural gas", "Type": "Gathering", "Status": "In Service", "Diameter (inches)": 3.5}, "geometry": {"type": "LineString", "coordinates": [[-95.847554, 30.469387], [-95.847613, 30.471908], [-95.847899, 30.47253], [-95.848006, 30.472537]]}},
    {"type": "Feature", "properties": {"name": "Natural gas pipeline", "Operator": "ENERGY TRANSFER COMPANY", "Commodity": "Natural gas", "Type": "Gathering", "Status": "In Service", "Diameter (inches)": 12.75}, "geometry": {"type": "MultiLineString", "coordinates": [[[-95.871574, 30.55453], [-95.871143, 30.554721]], [[-95.871928, 30.554373], [-95.871574, 30.55453]], [[-95.872574, 30.554225], [-95.871928, 30.554373]], [[-95.875047, 30.553752], [-95.874975, 30.55387], [-95.872574, 30.554225]], [[-95.881408, 30.55248], [-95.88067, 30.552752], [-95.87556, 30.552912], [-95.875047, 30.553752]], [[-95.884489, 30.551343], [-95.881408, 30.55248]], [[-95.916754, 30.543598], [-95.920053, 30.546312], [-95.911378, 30.549293], [-95.910527, 30.54908], [-95.910101, 30.550038], [-95.90446, 30.552273], [-95.900202, 30.549239], [-95.898, 30.55011]], [[-95.891895, 30.549901], [-95.889079, 30.550038], [-95.886897, 30.550357], [-95.884489, 30.551343]], [[-95.898, 30.55011], [-95.897913, 30.550144], [-95.897434, 30.549186], [-95.897133, 30.549251]], [[-95.892243, 30.549885], [-95.891895, 30.549901]], [[-95.893849, 30.549767], [-95.892243, 30.549885]], [[-95.895536, 30.549593], [-95.893849, 30.549767]], [[-95.897133, 30.549251], [-95.895536, 30.549593]]]}},
    {"type": "Feature", "properties": {"name": "Natural gas pipeline", "Operator": "ENERGY TRANSFER COMPANY", "Commodity": "Natural gas", "Type": "Gathering", "Status": "In Service", "Diameter (inches)": 8.63}, "geometry": {"type": "LineString", "coordinates": [[-95.860154, 30.566453], [-95.86014, 30.567737], [-95.854185, 30.567739], [-95.853875, 30.567652], [-95.850859, 30.567801], [-95.8507, 30.567294]]}},
    {"type": "Feature", "properties": {"name": "Natural gas pipeline", "Operator": "ENERGY TRANSFER COMPANY", "Commodity": "Natural gas", "Type": "Gathering", "Status": "In Service", "Diameter (inches)": 8.63}, "geometry": {"type": "LineString", "coordinates": [[-95.870763, 30.554517], [-95.870501, 30.554167], [-95.870129, 30.55408], [-95.869056, 30.554014], [-95.868465, 30.554255], [-95.867787, 30.553992], [-95.867109, 30.553992], [-95.865117, 30.554364], [-95.865052, 30.550338], [-95.864702, 30.550031], [-95.864702, 30.547777], [-95.865467, 30.546028]]}},
    {"type": "Feature", "properties": {"name": "Natural gas pipeline", "Operator": "ENERGY TRANSFER COMPANY", "Commodity": "Natural gas", "Type": "Gathering", "Status": "In Service", "Diameter (inches)": 8.63}, "geometry": {"type": "LineString", "coordinates": [[-95.844131, 30.488615], [-95.834307, 30.488664], [-95.834291, 30.488356], [-95.831162, 30.488372], [-95.830465, 30.486783]]}},
    {"type": "Feature", "properties": {"name": "Natural gas pipeline", "Operator": "ENERGY TRANSFER COMPANY", "Commodity": "Natural gas", "Type": "Gathering", "Status": "In Service", "Diameter (inches)": 8.63}, "geometry": {"type": "MultiLineString", "coordinates": [[[-95.85088, 30.543887], [-95.849008, 30.543934], [-95.847114, 30.544403], [-95.846719, 30.544753], [-95.840476, 30.544861], [-95.839116, 30.543925], [-95.83805, 30.544368], [-95.836336, 30.544931], [-95.833478, 30.545048], [-95.829591, 30.545694], [-95.828008, 30.545374], [-95.828074, 30.545129]], [[-95.851361, 30.543668], [-95.851376, 30.543875], [-95.85088, 30.543887]]]}},
    {"type": "Feature", "properties": {"name": "Natural gas pipeline", "Operator": "ENERGY TRANSFER COMPANY", "Commodity": "Natural gas", "Type": "Gathering", "Status": "In Service", "Diameter (inches)": 12.75}, "geometry": {"type": "MultiLineString", "coordinates": [[[-95.900686, 30.477006], [-95.895619, 30.47765], [-95.894291, 30.478005], [-95.894063, 30.477972], [-95.893864, 30.477896], [-95.893757, 30.477728], [-95.893765, 30.477501], [-95.893429, 30.476158], [-95.892956, 30.474707], [-95.892048, 30.473294], [-95.891255, 30.473086], [-95.890263, 30.473126]], [[-95.900722, 30.477001], [-95.900686, 30.477006]], [[-95.90141, 30.476914], [-95.900722, 30.477001]]]}},
    {"type": "Feature", "properties": {"name": "Natural gas pipeline", "Operator": "ENERGY TRANSFER COMPANY", "Commodity": "Natural gas", "Type": "Gathering", "Status": "In Service", "Diameter (inches)": 8.63}, "geometry": {"type": "MultiLineString", "coordinates": [[[-95.862873, 30.492548], [-95.861294, 30.491368], [-95.859822, 30.490443], [-95.859616, 30.490178], [-95.859402, 30.487705], [-95.85941, 30.485867]], [[-95.85941, 30.485867], [-95.865627, 30.482428]], [[-95.865627, 30.482428], [-95.870526, 30.481434], [-95.870831, 30.481312], [-95.871106, 30.481089], [-95.87122, 30.480855], [-95.87109, 30.480301], [-95.871304, 30.479863], [-95.871915, 30.479679], [-95.873219, 30.479672], [-95.874738, 30.479458]]]}},
    {"type": "Feature", "properties": {"name": "Natural gas pipeline", "Operator": "ENERGY TRANSFER COMPANY", "Commodity": "Natural gas", "Type": "Gathering", "Status": "In Service", "Diameter (inches)": 6.63}, "geometry": {"type": "LineString", "coordinates": [[-96.002172, 30.522793], [-96.003606, 30.521074], [-96.004361, 30.51989], [-96.004491, 30.51964], [-96.004415, 30.518547], [-96.004666, 30.518047], [-96.005102, 30.517568], [-96.00543, 30.5175], [-96.005933, 30.517238], [-96.006284, 30.516998], [-96.006429, 30.516805], [-96.006627, 30.516006], [-96.006642, 30.515201], [-96.005933, 30.512847], [-96.006009, 30.512384], [-96.006459, 30.511211]]}},
    {"type": "Feature", "properties": {"name": "Natural gas pipeline", "Operator": "ENERGY TRANSFER COMPANY", "Commodity": "Natural gas", "Type": "Gathering", "Status": "In Service", "Diameter (inches)": 8.63}, "geometry": {"type": "LineString", "coordinates": [[-96.155076, 30.549785], [-96.155186, 30.551456], [-96.155744, 30.552257], [-96.156802, 30.552811], [-96.157015, 30.557548], [-96.15485, 30.560148], [-96.155125, 30.567789], [-96.15355, 30.569172], [-96.151575, 30.57161]]}},
    {"type": "Feature", "properties": {"name": "Natural gas pipeline", "Operator": "ENERGY TRANSFER COMPANY", "Commodity": "Natural gas", "Type": "Gathering", "Status": "In Service", "Diameter (inches)": 6.63}, "geometry": {"type": "LineString", "coordinates": [[-95.972921, 30.553335], [-95.974126, 30.5517], [-95.976201, 30.550754], [-95.977216, 30.549393], [-95.976255, 30.547272]]}},
    {"type": "Feature", "properties": {"name": "Natural gas pipeline", "Operator": "ENERGY TRANSFER COMPANY", "Commodity": "Natural gas", "Type": "Gathering", "Status": "In Service", "Diameter (inches)": 6.63}, "geometry": {"type": "LineString", "coordinates": [[-95.86501, 30.493972], [-95.865308, 30.494078], [-95.864895, 30.494763], [-95.863774, 30.49441], [-95.863316, 30.493289], [-95.863003, 30.492645], [-95.862873, 30.492548]]}},
    {"type": "Feature", "properties": {"name": "Natural gas pipeline", "Operator": "ENERGY TRANSFER COMPANY", "Commodity": "Natural gas", "Type": "Gathering", "Status": "In Service", "Diameter (inches)": 6.63}, "geometry": {"type": "LineString", "coordinates": [[-95.929078, 30.539954], [-95.929445, 30.53965], [-95.93012, 30.538159], [-95.929533, 30.535828], [-95.929003, 30.534694], [-95.927932, 30.534164], [-95.92729, 30.532031], [-95.926903, 30.531868]]}},
    {"type": "Feature", "properties": {"name": "Natural gas pipeline", "Operator": "ENERGY TRANSFER COMPANY", "Commodity": "Natural gas", "Type": "Gathering", "Status": "In Service", "Diameter (inches)": 6.63}, "geometry": {"type": "LineString", "coordinates": [[-95.894003, 30.523795], [-95.894026, 30.523868], [-95.892893, 30.524046], [-95.890453, 30.522483], [-95.888206, 30.521622], [-95.875867, 30.52595], [-95.870017, 30.526501], [-95.869341, 30.527561], [-95.868033, 30.526956]]}},
    {"type": "Feature", "properties": {"name": "Natural gas pipeline", "Operator": "ENERGY TRANSFER COMPANY", "Commodity": "Natural gas", "Type": "Gathering", "Status": "In Service", "Diameter (inches)": 6.63}, "geometry": {"type": "LineString", "coordinates": [[-95.927679, 30.471196], [-95.926967, 30.471668], [-95.92739, 30.473626], [-95.926992, 30.475543], [-95.926551, 30.476278]]}},
    {"type": "Feature", "properties": {"name": "Natural gas pipeline", "Operator": "ENERGY TRANSFER COMPANY", "Commodity": "Natural gas", "Type": "Gathering", "Status": "In Service", "Diameter (inches)": 6.63}, "geometry": {"type": "LineString", "coordinates": [[-95.915252, 30.483996], [-95.915252, 30.483996]]}},
    {"type": "Feature", "properties": {"name": "Natural gas pipeline", "Operator": "ENERGY TRANSFER COMPANY", "Commodity": "Natural gas", "Type": "Gathering", "Status": "In Service", "Diameter (inches)": 6.63}, "geometry": {"type": "MultiLineString", "coordinates": [[[-95.91783, 30.483188], [-95.915252, 30.483996]], [[-95.926336, 30.47666], [-95.925948, 30.477098], [-95.925658, 30.477199], [-95.924835, 30.478243], [-95.924525, 30.478474], [-95.924162, 30.478609], [-95.921692, 30.478363], [-95.920991, 30.478044], [-95.92082, 30.47831], [-95.919947, 30.479134], [-95.919762, 30.479043], [-95.918637, 30.479967], [-95.918708, 30.480489], [-95.917734, 30.48132], [-95.918495, 30.48298], [-95.91783, 30.483188]]]}},
    {"type": "Feature", "properties": {"name": "Natural gas pipeline", "Operator": "ENERGY TRANSFER COMPANY", "Commodity": "Natural gas", "Type": "Gathering", "Status": "In Service", "Diameter (inches)": 6.63}, "geometry": {"type": "MultiLineString", "coordinates": [[[-95.868033, 30.526956], [-95.866831, 30.526078], [-95.864104, 30.526199], [-95.862588, 30.526857], [-95.861175, 30.527657], [-95.858969, 30.528206], [-95.858869, 30.527973], [-95.856774, 30.528386], [-95.847583, 30.528634], [-95.846975, 30.527557], [-95.846937, 30.526763]], [[-95.869172, 30.527208], [-95.868033, 30.526956]]]}},
    {"type": "Feature", "properties": {"name": "Natural gas pipeline", "Operator": "ENERGY TRANSFER COMPANY", "Commodity": "Natural gas", "Type": "Gathering", "Status": "In Service", "Diameter (inches)": 8.63}, "geometry": {"type": "MultiLineString", "coordinates": [[[-95.859411, 30.485868], [-95.85941, 30.485867]], [[-95.85941, 30.485867], [-95.859277, 30.485805], [-95.858211, 30.48231], [-95.857732, 30.482233], [-95.855986, 30.482313], [-95.855187, 30.482476], [-95.855036, 30.482669], [-95.855359, 30.483385], [-95.85527, 30.483462]]]}},
    {"type": "Feature", "properties": {"name": "Natural gas pipeline", "Operator": "ENERGY TRANSFER COMPANY", "Commodity": "Natural gas", "Type": "Gathering", "Status": "In Service", "Diameter (inches)": 6.63}, "geometry": {"type": "LineString", "coordinates": [[-95.914693, 30.532982], [-95.914649, 30.532196], [-95.914523, 30.531874], [-95.912705, 30.532186], [-95.911975, 30.532782], [-95.911628, 30.532893]]}},
    {"type": "Feature", "properties": {"name": "Natural gas pipeline", "Operator": "ENERGY TRANSFER COMPANY", "Commodity": "Natural gas", "Type": "Gathering", "Status": "In Service", "Diameter (inches)": 6.63}, "geometry": {"type": "LineString", "coordinates": [[-95.896401, 30.536644], [-95.894397, 30.53732], [-95.88289, 30.537345], [-95.881391, 30.538078], [-95.879659, 30.53863]]}},
    {"type": "Feature", "properties": {"name": "Natural gas pipeline", "Operator": "ENERGY TRANSFER COMPANY", "Commodity": "Natural gas", "Type": "Gathering", "Status": "In Service", "Diameter (inches)": 6.63}, "geometry": {"type": "LineString", "coordinates": [[-95.893623, 30.523589], [-95.89291, 30.523912], [-95.890542, 30.52245], [-95.888151, 30.521486], [-95.887583, 30.521313], [-95.883717, 30.522559], [-95.875884, 30.504267], [-95.873229, 30.505172], [-95.87279, 30.504144]]}},
    {"type": "Feature", "properties": {"name": "Natural gas pipeline", "Operator": "ENERGY TRANSFER COMPANY", "Commodity": "Natural gas", "Type": "Gathering", "Status": "In Service", "Diameter (inches)": 6.63}, "geometry": {"type": "MultiLineString", "coordinates": [[[-95.826371, 30.533358], [-95.826371, 30.533359]], [[-95.834734, 30.528867], [-95.830024, 30.529492], [-95.82806, 30.529849], [-95.826371, 30.533358]]]}},
    {"type": "Feature", "properties": {"name": "Natural gas pipeline", "Operator": "ENERGY TRANSFER COMPANY", "Commodity": "Natural gas", "Type": "Gathering", "Status": "In Service", "Diameter (inches)": 6.63}, "geometry": {"type": "LineString", "coordinates": [[-95.911401, 30.532755], [-95.911303, 30.533084], [-95.909718, 30.534722], [-95.903098, 30.536958], [-95.902519, 30.536878], [-95.90057, 30.537494], [-95.900549, 30.537939], [-95.899402, 30.538285], [-95.898869, 30.53794], [-95.897622, 30.537452], [-95.897323, 30.536491], [-95.896401, 30.536644]]}},
    {"type": "Feature", "properties": {"name": "Natural gas pipeline", "Operator": "ENERGY TRANSFER COMPANY", "Commodity": "Natural gas", "Type": "Gathering", "Status": "In Service", "Diameter (inches)": 8.63}, "geometry": {"type": "MultiLineString", "coordinates": [[[-95.871143, 30.554721], [-95.869596, 30.555558], [-95.868371, 30.55675], [-95.865621, 30.558075], [-95.863236, 30.555061], [-95.862242, 30.554862], [-95.861348, 30.554034], [-95.857008, 30.552146], [-95.856081, 30.550987], [-95.856412, 30.549562], [-95.856445, 30.547078], [-95.855849, 30.546448], [-95.855816, 30.544626], [-95.851343, 30.544626], [-95.85088, 30.544196], [-95.85088, 30.543887]], [[-95.85088, 30.543887], [-95.85088, 30.543268], [-95.851609, 30.543268]]]}},
    {"type": "Feature", "properties": {"name": "Natural gas pipeline", "Operator": "ENERGY TRANSFER COMPANY", "Commodity": "Natural gas", "Type": "Gathering", "Status": "In Service", "Diameter (inches)": 6.63}, "geometry": {"type": "MultiLineString", "coordinates": [[[-95.86168, 30.496087], [-95.854374, 30.498652], [-95.851727, 30.499646], [-95.851689, 30.499777], [-95.853177, 30.503261], [-95.852719, 30.503633], [-95.851605, 30.504025], [-95.849575, 30.504176]], [[-95.861706, 30.496077], [-95.86168, 30.496087]]]}},
    {"type": "Feature", "properties": {"name": "Natural gas pipeline", "Operator": "ENERGY TRANSFER COMPANY", "Commodity": "Natural gas", "Type": "Gathering", "Status": "In Service", "Diameter (inches)": 6.63}, "geometry": {"type": "LineString", "coordinates": [[-95.936871, 30.533384], [-95.937676, 30.534256], [-95.939922, 30.537513], [-95.939987, 30.537725]]}},
    {"type": "Feature", "properties": {"name": "Natural gas pipeline", "Operator": "ENERGY TRANSFER COMPANY", "Commodity": "Natural gas", "Type": "Gathering", "Status": "In Service", "Diameter (inches)": 6.63}, "geometry": {"type": "LineString", "coordinates": [[-95.948543, 30.43522], [-95.947257, 30.432957]]}},
    {"type": "Feature", "properties": {"name": "Natural gas pipeline", "Operator": "ENERGY TRANSFER COMPANY", "Commodity": "Natural gas", "Type": "Gathering", "Status": "In Service", "Diameter (inches)": 6.63}, "geometry": {"type": "MultiLineString", "coordinates": [[[-95.855061, 30.481695], [-95.854825, 30.481672], [-95.851086, 30.48274], [-95.850049, 30.483166], [-95.849347, 30.483181], [-95.849354, 30.483453]], [[-95.855168, 30.481705], [-95.855061, 30.481695]]]}},
    {"type": "Feature", "properties": {"name": "Natural gas pipeline", "Operator": "ENERGY TRANSFER COMPANY", "Commodity": "Natural gas", "Type": "Gathering", "Status": "In Service", "Diameter (inches)": 6.63}, "geometry": {"type": "MultiLineString", "coordinates": [[[-95.937961, 30.476061], [-95.938123, 30.475933]], [[-95.938123, 30.475933], [-95.937587, 30.475424], [-95.936982, 30.475386], [-95.935942, 30.474658], [-95.9363, 30.473207], [-95.935741, 30.472918], [-95.930796, 30.473212], [-95.929184, 30.471749], [-95.925846, 30.469329], [-95.925763, 30.469197], [-95.925762, 30.468989], [-95.92605, 30.467264], [-95.925647, 30.466271], [-95.922897, 30.464597], [-95.922571, 30.463296], [-95.92259, 30.462938]], [[-95.92259, 30.462938], [-95.922639, 30.462027], [-95.922799, 30.461732]]]}},
    {"type": "Feature", "properties": {"name": "Natural gas pipeline", "Operator": "ENERGY TRANSFER COMPANY", "Commodity": "Natural gas", "Type": "Gathering", "Status": "In Service", "Diameter (inches)": 6.63}, "geometry": {"type": "MultiLineString", "coordinates": [[[-95.991632, 30.511834], [-95.991217, 30.512533], [-95.990772, 30.513108]], [[-95.995846, 30.507542], [-95.996545, 30.508513], [-95.993023, 30.509927], [-95.992419, 30.510737], [-95.992226, 30.510836], [-95.991632, 30.511834]]]}},
    {"type": "Feature", "properties": {"name": "Natural gas pipeline", "Operator": "ENERGY TRANSFER COMPANY", "Commodity": "Natural gas", "Type": "Gathering", "Status": "In Service", "Diameter (inches)": 4.5}, "geometry": {"type": "MultiLineString", "coordinates": [[[-95.918288, 30.462618], [-95.916954, 30.463399], [-95.91605, 30.463569], [-95.912037, 30.463688], [-95.912004, 30.46249], [-95.910687, 30.462522], [-95.910689, 30.462607]], [[-95.92259, 30.462938], [-95.920785, 30.463044], [-95.919682, 30.463356], [-95.91883, 30.463061], [-95.918414, 30.462694]], [[-95.922898, 30.461873], [-95.922769, 30.462311], [-95.922733, 30.46293], [-95.92259, 30.462938]]]}},
    {"type": "Feature", "properties": {"name": "Natural gas pipeline", "Operator": "ENERGY TRANSFER COMPANY", "Commodity": "Natural gas", "Type": "Gathering", "Status": "In Service", "Diameter (inches)": 6.63}, "geometry": {"type": "LineString", "coordinates": [[-95.918414, 30.462694], [-95.918288, 30.462618]]}},
    {"type": "Feature", "properties": {"name": "Natural gas pipeline", "Operator": "ENERGY TRANSFER COMPANY", "Commodity": "Natural gas", "Type": "Gathering", "Status": "In Service", "Diameter (inches)": 8.63}, "geometry": {"type": "LineString", "coordinates": [[-95.933004, 30.583664], [-95.932592, 30.583267], [-95.931828, 30.581605], [-95.930669, 30.57787], [-95.930806, 30.57734], [-95.930219, 30.576111], [-95.930287, 30.575974], [-95.930723, 30.575251], [-95.931234, 30.575037], [-95.935918, 30.572378], [-95.941495, 30.568081], [-95.941731, 30.56653]]}},
    {"type": "Feature", "properties": {"name": "Natural gas pipeline", "Operator": "ENERGY TRANSFER COMPANY", "Commodity": "Natural gas", "Type": "Gathering", "Status": "In Service", "Diameter (inches)": 4.5}, "geometry": {"type": "LineString", "coordinates": [[-96.01138, 30.574257], [-96.011343, 30.574093], [-96.011846, 30.573534], [-96.011846, 30.573301], [-96.011403, 30.572742], [-96.012471, 30.571365], [-96.013799, 30.569471], [-96.014669, 30.569918], [-96.019162, 30.564748]]}},
    {"type": "Feature", "properties": {"name": "Natural gas pipeline", "Operator": "ENERGY TRANSFER COMPANY", "Commodity": "Natural gas", "Type": "Gathering", "Status": "In Service", "Diameter (inches)": 6.63}, "geometry": {"type": "MultiLineString", "coordinates": [[[-96.002918, 30.533905], [-96.002858, 30.533928]], [[-96.009689, 30.530173], [-96.007276, 30.530615], [-96.006139, 30.531013], [-96.005849, 30.531385], [-96.005628, 30.532047], [-96.005361, 30.532436], [-96.00427, 30.533394], [-96.002918, 30.533905]]]}},
    {"type": "Feature", "properties": {"name": "Natural gas pipeline", "Operator": "ENERGY TRANSFER COMPANY", "Commodity": "Natural gas", "Type": "Gathering", "Status": "In Service", "Diameter (inches)": 12.75}, "geometry": {"type": "MultiLineString", "coordinates": [[[-95.881336, 30.473515], [-95.881336, 30.473515]], [[-95.881336, 30.473515], [-95.881337, 30.470625], [-95.881291, 30.470581], [-95.878758, 30.47057], [-95.87862, 30.470496], [-95.878071, 30.466448], [-95.878354, 30.465853], [-95.878331, 30.462929], [-95.879773, 30.460795], [-95.879698, 30.46073]]]}},
    {"type": "Feature", "properties": {"name": "Natural gas pipeline", "Operator": "ENERGY TRANSFER COMPANY", "Commodity": "Natural gas", "Type": "Gathering", "Status": "In Service", "Diameter (inches)": 8.63}, "geometry": {"type": "MultiLineString", "coordinates": [[[-95.864682, 30.508221], [-95.864758, 30.508194], [-95.864506, 30.507616], [-95.864178, 30.507271], [-95.860928, 30.500441], [-95.859486, 30.497086], [-95.859547, 30.49697], [-95.861462, 30.496314], [-95.86168, 30.496087]], [[-95.86168, 30.496087], [-95.862713, 30.495121], [-95.862828, 30.494843], [-95.861966, 30.492911], [-95.862873, 30.492548]]]}},
    {"type": "Feature", "properties": {"name": "Natural gas pipeline", "Operator": "ENERGY TRANSFER COMPANY", "Commodity": "Natural gas", "Type": "Gathering", "Status": "In Service", "Diameter (inches)": 6.63}, "geometry": {"type": "LineString", "coordinates": [[-96.065511, 30.525512], [-96.067296, 30.522178], [-96.068212, 30.520807], [-96.068693, 30.520389], [-96.070341, 30.519973]]}},
    {"type": "Feature", "properties": {"name": "Natural gas pipeline", "Operator": "ENERGY TRANSFER COMPANY", "Commodity": "Natural gas", "Type": "Gathering", "Status": "In Service", "Diameter (inches)": 4.5}, "geometry": {"type": "LineString", "coordinates": [[-96.002858, 30.533928], [-96.002248, 30.533768], [-96.001783, 30.533737], [-96.001111, 30.533979], [-96.000547, 30.53409], [-95.999746, 30.534445], [-95.999288, 30.534973], [-95.997564, 30.537475], [-95.995488, 30.54149]]}},
    {"type": "Feature", "properties": {"name": "Natural gas pipeline", "Operator": "ENERGY TRANSFER COMPANY", "Commodity": "Natural gas", "Type": "Gathering", "Status": "In Service", "Diameter (inches)": 6.63}, "geometry": {"type": "MultiLineString", "coordinates": [[[-95.919755, 30.487607], [-95.919179, 30.486242], [-95.918801, 30.485615], [-95.91783, 30.483188]], [[-95.91783, 30.483188], [-95.917774, 30.483047], [-95.917864, 30.482715], [-95.917091, 30.480913], [-95.918194, 30.480169], [-95.918146, 30.479609], [-95.919172, 30.479029], [-95.919279, 30.479103]]]}},
    {"type": "Feature", "properties": {"name": "Natural gas pipeline", "Operator": "ENERGY TRANSFER COMPANY", "Commodity": "Natural gas", "Type": "Gathering", "Status": "In Service", "Diameter (inches)": 6.63}, "geometry": {"type": "LineString", "coordinates": [[-95.880778, 30.455632], [-95.883542, 30.455685], [-95.889976, 30.455608], [-95.890598, 30.456112], [-95.891621, 30.457861]]}},
    {"type": "Feature", "properties": {"name": "Natural gas pipeline", "Operator": "ENERGY TRANSFER COMPANY", "Commodity": "Natural gas", "Type": "Gathering", "Status": "In Service", "Diameter (inches)": 12.75}, "geometry": {"type": "LineString", "coordinates": [[-95.879271, 30.460976], [-95.879971, 30.459785], [-95.88038, 30.458129], [-95.880714, 30.45571], [-95.880778, 30.455632]]}},
    {"type": "Feature", "properties": {"name": "Natural gas pipeline", "Operator": "ENERGY TRANSFER COMPANY", "Commodity": "Natural gas", "Type": "Gathering", "Status": "In Service", "Diameter (inches)": 8.63}, "geometry": {"type": "MultiLineString", "coordinates": [[[-95.871574, 30.55453], [-95.870878, 30.555355], [-95.870724, 30.555673], [-95.869228, 30.561863]], [[-95.871928, 30.554373], [-95.871685, 30.554428], [-95.871574, 30.55453]], [[-95.872574, 30.554225], [-95.871928, 30.554373]], [[-95.875047, 30.553752], [-95.874905, 30.553876], [-95.872574, 30.554225]], [[-95.881408, 30.55248], [-95.880602, 30.552853], [-95.875842, 30.553057], [-95.875047, 30.553752]], [[-95.884489, 30.551343], [-95.882729, 30.551868], [-95.881408, 30.55248]], [[-95.891895, 30.549901], [-95.891769, 30.549973], [-95.888438, 30.550242], [-95.886721, 30.550446], [-95.886214, 30.550828], [-95.884489, 30.551343]], [[-95.893849, 30.549767], [-95.892351, 30.549922], [-95.892243, 30.549885]], [[-95.892243, 30.549885], [-95.892044, 30.549817], [-95.891895, 30.549901]], [[-95.893941, 30.549758], [-95.893849, 30.549767]], [[-95.895536, 30.549593], [-95.894105, 30.549741]], [[-95.897133, 30.549251], [-95.896527, 30.549491], [-95.895536, 30.549593]], [[-95.897494, 30.549108], [-95.897133, 30.549251]]]}},
    {"type": "Feature", "properties": {"name": "Natural gas pipeline", "Operator": "ENERGY TRANSFER COMPANY", "Commodity": "Natural gas", "Type": "Gathering", "Status": "In Service", "Diameter (inches)": 6.63}, "geometry": {"type": "MultiLineString", "coordinates": [[[-96.134349, 30.524729], [-96.133787, 30.524781], [-96.132719, 30.523022], [-96.131727, 30.522509], [-96.131193, 30.522393], [-96.131025, 30.521993], [-96.127813, 30.521672], [-96.126707, 30.521706], [-96.12583, 30.522183], [-96.123182, 30.523843], [-96.122602, 30.524131], [-96.121694, 30.524218], [-96.120893, 30.525931]], [[-96.134634, 30.524702], [-96.134349, 30.524729]], [[-96.134634, 30.524702], [-96.134634, 30.524702]]]}},
    {"type": "Feature", "properties": {"name": "Natural gas pipeline", "Operator": "ENERGY TRANSFER COMPANY", "Commodity": "Natural gas", "Type": "Gathering", "Status": "In Service", "Diameter (inches)": 6.63}, "geometry": {"type": "LineString", "coordinates": [[-96.036422, 30.614326], [-96.035858, 30.614754], [-96.035507, 30.615339], [-96.035241, 30.615994], [-96.034813, 30.616404], [-96.033516, 30.617232], [-96.032929, 30.617839], [-96.03257, 30.618407], [-96.032647, 30.624041], [-96.012177, 30.624482], [-96.011269, 30.624141], [-96.010216, 30.623473], [-96.009461, 30.623212], [-96.007149, 30.622674], [-96.006936, 30.623677], [-96.00618, 30.624688], [-96.004532, 30.624728], [-95.999947, 30.625052], [-95.991913, 30.62518], [-95.991592, 30.625624], [-95.991547, 30.625917], [-95.991844, 30.626205], [-95.991974, 30.627191]]}},
    {"type": "Feature", "properties": {"name": "Natural gas pipeline", "Operator": "ENERGY TRANSFER COMPANY", "Commodity": "Natural gas", "Type": "Gathering", "Status": "In Service", "Diameter (inches)": 6.63}, "geometry": {"type": "LineString", "coordinates": [[-95.946401, 30.569532], [-95.946157, 30.568879], [-95.94463, 30.56879], [-95.944685, 30.567978], [-95.942075, 30.567284], [-95.941731, 30.56653]]}},
    {"type": "Feature", "properties": {"name": "Natural gas pipeline", "Operator": "ENERGY TRANSFER COMPANY", "Commodity": "Natural gas", "Type": "Gathering", "Status": "In Service", "Diameter (inches)": 8.63}, "geometry": {"type": "MultiLineString", "coordinates": [[[-95.941731, 30.56653], [-95.940152, 30.563116], [-95.93987, 30.562926]], [[-95.93987, 30.562926], [-95.938459, 30.56197], [-95.93538, 30.558879]], [[-95.93538, 30.558879], [-95.932546, 30.555537], [-95.93047, 30.553349], [-95.926175, 30.549889], [-95.924711, 30.546784], [-95.925076, 30.546223], [-95.924392, 30.544942]], [[-95.924392, 30.544942], [-95.924375, 30.544911]]]}},
    {"type": "Feature", "properties": {"name": "Natural gas pipeline", "Operator": "ENERGY TRANSFER COMPANY", "Commodity": "Natural gas", "Type": "Gathering", "Status": "In Service", "Diameter (inches)": 6.63}, "geometry": {"type": "MultiLineString", "coordinates": [[[-96.056341, 30.557212], [-96.057844, 30.557056], [-96.058851, 30.558387], [-96.05937, 30.558252], [-96.059888, 30.557714], [-96.060537, 30.557758]], [[-96.060537, 30.557758], [-96.061032, 30.555846], [-96.061689, 30.555118], [-96.06336, 30.552173], [-96.063757, 30.551334], [-96.064115, 30.550403], [-96.064503, 30.548638]]]}},
    {"type": "Feature", "properties": {"name": "Natural gas pipeline", "Operator": "ENERGY TRANSFER COMPANY", "Commodity": "Natural gas", "Type": "Gathering", "Status": "In Service", "Diameter (inches)": 6.63}, "geometry": {"type": "LineString", "coordinates": [[-95.96098, 30.557417], [-95.960813, 30.5576], [-95.960889, 30.557854], [-95.96047, 30.558176], [-95.957364, 30.558985], [-95.956342, 30.55896], [-95.953382, 30.558356], [-95.949666, 30.559437], [-95.948194, 30.559576], [-95.947987, 30.559969], [-95.947667, 30.560127], [-95.942075, 30.562182], [-95.93987, 30.562926]]}},
    {"type": "Feature", "properties": {"name": "Natural gas pipeline", "Operator": "ENERGY TRANSFER COMPANY", "Commodity": "Natural gas", "Type": "Gathering", "Status": "In Service", "Diameter (inches)": 8.63}, "geometry": {"type": "MultiLineString", "coordinates": [[[-95.976567, 30.591086], [-95.976415, 30.590439], [-95.974584, 30.58956], [-95.972692, 30.586125], [-95.970105, 30.585078], [-95.969066, 30.585024]], [[-95.969066, 30.585024], [-95.969066, 30.585024]]]}},
    {"type": "Feature", "properties": {"name": "Natural gas pipeline", "Operator": "ENERGY TRANSFER COMPANY", "Commodity": "Natural gas", "Type": "Gathering", "Status": "In Service", "Diameter (inches)": 8.63}, "geometry": {"type": "MultiLineString", "coordinates": [[[-95.828726, 30.545519], [-95.828308, 30.546529], [-95.826935, 30.547219], [-95.82588, 30.547164]], [[-95.82588, 30.547164], [-95.82223, 30.546971]]]}},
    {"type": "Feature", "properties": {"name": "Natural gas pipeline", "Operator": "ENERGY TRANSFER COMPANY", "Commodity": "Natural gas", "Type": "Gathering", "Status": "In Service", "Diameter (inches)": 10.75}, "geometry": {"type": "MultiLineString", "coordinates": [[[-95.988305, 30.461981], [-95.98874, 30.461818]], [[-95.992681, 30.460211], [-95.992738, 30.460102]]]}},
    {"type": "Feature", "properties": {"name": "Natural gas pipeline", "Operator": "ENERGY TRANSFER COMPANY", "Commodity": "Natural gas", "Type": "Gathering", "Status": "In Service", "Diameter (inches)": 10.75}, "geometry": {"type": "MultiLineString", "coordinates": [[[-95.963204, 30.470966], [-95.964006, 30.471078], [-95.964541, 30.470431], [-95.96626, 30.469909], [-95.969999, 30.468613]], [[-95.969999, 30.468613], [-95.972268, 30.467836], [-95.973305, 30.467392]], [[-95.973305, 30.467392], [-95.976895, 30.465858], [-95.985722, 30.462771], [-95.988305, 30.461981]], [[-95.98874, 30.461818], [-95.992596, 30.460376], [-95.992681, 30.460211]], [[-95.992738, 30.460102], [-95.994351, 30.456977], [-95.993708, 30.452708]], [[-95.993708, 30.452708], [-95.993222, 30.450103], [-95.993483, 30.44969]]]}},
    {"type": "Feature", "properties": {"name": "Natural gas pipeline", "Operator": "ENERGY TRANSFER COMPANY", "Commodity": "Natural gas", "Type": "Gathering", "Status": "In Service", "Diameter (inches)": 24.0}, "geometry": {"type": "MultiLineString", "coordinates": [[[-96.12135, 30.772222], [-96.120953, 30.772414]], [[-96.1328, 30.761894], [-96.130185, 30.763346]], [[-96.139769, 30.757038], [-96.136329, 30.758817]], [[-96.147279, 30.753616], [-96.141971, 30.756018]], [[-96.165578, 30.742304], [-96.163683, 30.743224]]]}},
    {"type": "Feature", "properties": {"name": "Natural gas pipeline", "Operator": "ENERGY TRANSFER COMPANY", "Commodity": "Natural gas", "Type": "Gathering", "Status": "In Service", "Diameter (inches)": 6.63}, "geometry": {"type": "LineString", "coordinates": [[-95.927335, 30.514613], [-95.925527, 30.513048], [-95.924229, 30.510458], [-95.924367, 30.509443], [-95.923962, 30.509068], [-95.923177, 30.508644], [-95.922459, 30.506882], [-95.922772, 30.505476], [-95.923566, 30.505201], [-95.925, 30.50436], [-95.92377, 30.50216]]}},
    {"type": "Feature", "properties": {"name": "Natural gas pipeline", "Operator": "ENERGY TRANSFER COMPANY", "Commodity": "Natural gas", "Type": "Gathering", "Status": "In Service", "Diameter (inches)": 6.63}, "geometry": {"type": "LineString", "coordinates": [[-95.946988, 30.600529], [-95.946683, 30.600359], [-95.943059, 30.601635], [-95.940053, 30.602606], [-95.939802, 30.602728], [-95.939558, 30.603045], [-95.936628, 30.603827], [-95.93633, 30.604018], [-95.933049, 30.605065], [-95.93221, 30.603526], [-95.931775, 30.602305], [-95.935307, 30.596495], [-95.935822, 30.59615]]}},
    {"type": "Feature", "properties": {"name": "Natural gas pipeline", "Operator": "ENERGY TRANSFER COMPANY", "Commodity": "Natural gas", "Type": "Gathering", "Status": "In Service", "Diameter (inches)": 4.5}, "geometry": {"type": "LineString", "coordinates": [[-95.942624, 30.565991], [-95.941731, 30.56653]]}},
    {"type": "Feature", "properties": {"name": "Natural gas pipeline", "Operator": "ENERGY TRANSFER COMPANY", "Commodity": "Natural gas", "Type": "Gathering", "Status": "In Service", "Diameter (inches)": 6.63}, "geometry": {"type": "LineString", "coordinates": [[-95.961965, 30.573548], [-95.962308, 30.573772], [-95.962614, 30.574306], [-95.962522, 30.574575], [-95.961224, 30.574942], [-95.960149, 30.576853], [-95.955579, 30.578312], [-95.954473, 30.578362], [-95.954175, 30.578774], [-95.954503, 30.579512], [-95.95403, 30.58009], [-95.950719, 30.581783], [-95.948415, 30.581675]]}},
    {"type": "Feature", "properties": {"name": "Natural gas pipeline", "Operator": "ENERGY TRANSFER COMPANY", "Commodity": "Natural gas", "Type": "Gathering", "Status": "In Service", "Diameter (inches)": 4.5}, "geometry": {"type": "MultiLineString", "coordinates": [[[-96.103864, 30.781098], [-96.099356, 30.780009], [-96.097256, 30.779013]], [[-96.103901, 30.781058], [-96.103864, 30.781098]], [[-96.106857, 30.777918], [-96.103901, 30.781058]], [[-96.095376, 30.77939], [-96.096019, 30.78055], [-96.096965, 30.780218], [-96.097082, 30.780345]], [[-96.097256, 30.779013], [-96.095634, 30.778376], [-96.09494, 30.778605], [-96.095376, 30.77939]]]}},
    {"type": "Feature", "properties": {"name": "Natural gas pipeline", "Operator": "ENERGY TRANSFER COMPANY", "Commodity": "Natural gas", "Type": "Gathering", "Status": "In Service", "Diameter (inches)": 6.63}, "geometry": {"type": "MultiLineString", "coordinates": [[[-96.160239, 30.819297], [-96.159175, 30.819208], [-96.159109, 30.819672], [-96.158718, 30.820728], [-96.15851, 30.821684], [-96.158664, 30.82171]], [[-96.161336, 30.816091], [-96.160172, 30.817106], [-96.160386, 30.817983], [-96.160239, 30.819297]]]}},
    {"type": "Feature", "properties": {"name": "Natural gas pipeline", "Operator": "ENERGY TRANSFER COMPANY", "Commodity": "Natural gas", "Type": "Gathering", "Status": "In Service", "Diameter (inches)": 6.63}, "geometry": {"type": "LineString", "coordinates": [[-96.160239, 30.819297], [-96.164284, 30.819808], [-96.164246, 30.819994]]}},
    {"type": "Feature", "properties": {"name": "Natural gas pipeline", "Operator": "ENERGY TRANSFER COMPANY", "Commodity": "Natural gas", "Type": "Gathering", "Status": "In Service", "Diameter (inches)": 6.63}, "geometry": {"type": "MultiLineString", "coordinates": [[[-96.028165, 30.565475], [-96.027723, 30.565153], [-96.02683, 30.565071], [-96.025221, 30.565126], [-96.024747, 30.565079], [-96.024183, 30.565155], [-96.023794, 30.564897], [-96.023061, 30.564905], [-96.022664, 30.565176], [-96.022046, 30.565165], [-96.02139, 30.565754], [-96.019902, 30.56481], [-96.019338, 30.564565], [-96.019171, 30.564739]], [[-96.019171, 30.564739], [-96.019162, 30.564748]]]}},
    {"type": "Feature", "properties": {"name": "Natural gas pipeline", "Operator": "ENERGY TRANSFER COMPANY", "Commodity": "Natural gas", "Type": "Gathering", "Status": "In Service", "Diameter (inches)": 6.63}, "geometry": {"type": "MultiLineString", "coordinates": [[[-95.991027, 30.575101], [-95.984403, 30.578545], [-95.983289, 30.578556], [-95.981245, 30.577496], [-95.980817, 30.576099]], [[-95.996038, 30.575346], [-95.994786, 30.576748], [-95.993497, 30.576113], [-95.993177, 30.575564], [-95.992345, 30.575054], [-95.991918, 30.574887], [-95.991529, 30.574896], [-95.991027, 30.575101]]]}},
    {"type": "Feature", "properties": {"name": "Natural gas pipeline", "Operator": "ENERGY TRANSFER COMPANY", "Commodity": "Natural gas", "Type": "Gathering", "Status": "In Service", "Diameter (inches)": 6.63}, "geometry": {"type": "MultiLineString", "coordinates": [[[-95.912563, 30.508296], [-95.913381, 30.510625], [-95.91389, 30.512334], [-95.91036, 30.512196], [-95.905974, 30.513229], [-95.904894, 30.514507], [-95.905364, 30.515492], [-95.905736, 30.515419]], [[-95.912518, 30.508166], [-95.912563, 30.508296]]]}},
    {"type": "Feature", "properties": {"name": "Natural gas pipeline", "Operator": "ENERGY TRANSFER COMPANY", "Commodity": "Natural gas", "Type": "Gathering", "Status": "In Service", "Diameter (inches)": 8.63}, "geometry": {"type": "LineString", "coordinates": [[-95.849203, 30.567767], [-95.849221, 30.567988]]}},
    {"type": "Feature", "properties": {"name": "Natural gas pipeline", "Operator": "ENERGY TRANSFER COMPANY", "Commodity": "Natural gas", "Type": "Gathering", "Status": "In Service", "Diameter (inches)": 8.63}, "geometry": {"type": "MultiLineString", "coordinates": [[[-95.849221, 30.567988], [-95.849708, 30.573875], [-95.849053, 30.575554], [-95.8448, 30.576142], [-95.838695, 30.576004], [-95.834381, 30.576127], [-95.830834, 30.579362], [-95.829687, 30.580549], [-95.828958, 30.580914], [-95.828254, 30.580795]], [[-95.850527, 30.567038], [-95.850486, 30.567693], [-95.849203, 30.567767]]]}},
    {"type": "Feature", "properties": {"name": "Natural gas pipeline", "Operator": "ENERGY TRANSFER COMPANY", "Commodity": "Natural gas", "Type": "Gathering", "Status": "In Service", "Diameter (inches)": 8.63}, "geometry": {"type": "MultiLineString", "coordinates": [[[-95.82588, 30.547164], [-95.824896, 30.548269], [-95.824218, 30.551239], [-95.82476, 30.557391], [-95.82482, 30.559813], [-95.825496, 30.559803], [-95.826761, 30.560426]], [[-95.827997, 30.545185], [-95.82794, 30.545189], [-95.827591, 30.546287], [-95.826075, 30.546944], [-95.82588, 30.547164]]]}},
    {"type": "Feature", "properties": {"name": "Natural gas pipeline", "Operator": "ENERGY TRANSFER COMPANY", "Commodity": "Natural gas", "Type": "Gathering", "Status": "In Service", "Diameter (inches)": 6.63}, "geometry": {"type": "LineString", "coordinates": [[-96.034533, 30.60645], [-96.033356, 30.606415], [-96.033243, 30.606652]]}},
    {"type": "Feature", "properties": {"name": "Natural gas pipeline", "Operator": "ENERGY TRANSFER COMPANY", "Commodity": "Natural gas", "Type": "Gathering", "Status": "In Service", "Diameter (inches)": 24.0}, "geometry": {"type": "MultiLineString", "coordinates": [[[-95.870153, 30.850962], [-95.862836, 30.851703], [-95.861324, 30.851665]], [[-95.87897, 30.848357], [-95.877828, 30.849229]], [[-95.906285, 30.837525], [-95.904417, 30.837287], [-95.900686, 30.841365], [-95.900305, 30.841626], [-95.897269, 30.842224], [-95.890745, 30.84772], [-95.890516, 30.848033], [-95.886229, 30.848619], [-95.885094, 30.848554]], [[-95.946839, 30.831217], [-95.934528, 30.82952], [-95.933671, 30.829603], [-95.931058, 30.829231], [-95.930349, 30.828954], [-95.925711, 30.82984], [-95.919905, 30.832576], [-95.916723, 30.832816], [-95.906645, 30.837571], [-95.906557, 30.83756]], [[-95.998051, 30.837043], [-95.987158, 30.835629], [-95.985492, 30.83466], [-95.975817, 30.833292]], [[-96.003933, 30.834913], [-96.003417, 30.835019], [-95.998484, 30.83656], [-95.998235, 30.83673], [-95.998051, 30.837043]], [[-96.004157, 30.834919], [-96.003933, 30.834913]], [[-95.969718, 30.832742], [-95.966486, 30.83379], [-95.966322, 30.833827], [-95.965803, 30.83372], [-95.965361, 30.83393], [-95.964695, 30.833886], [-95.957389, 30.832928], [-95.957106, 30.83286], [-95.956846, 30.832612], [-95.947353, 30.831277]], [[-95.973045, 30.832901], [-95.970404, 30.83252]]]}},
    {"type": "Feature", "properties": {"name": "Natural gas pipeline", "Operator": "ENERGY TRANSFER COMPANY", "Commodity": "Natural gas", "Type": "Gathering", "Status": "In Service", "Diameter (inches)": 24.0}, "geometry": {"type": "MultiLineString", "coordinates": [[[-95.874388, 30.850534], [-95.873885, 30.850585]], [[-95.882209, 30.848389], [-95.881892, 30.848371]]]}},
    {"type": "Feature", "properties": {"name": "Natural gas pipeline", "Operator": "ENERGY TRANSFER COMPANY", "Commodity": "Natural gas", "Type": "Gathering", "Status": "In Service", "Diameter (inches)": 24.0}, "geometry": {"type": "MultiLineString", "coordinates": [[[-95.873885, 30.850585], [-95.870153, 30.850962]], [[-95.877828, 30.849229], [-95.876661, 30.850116], [-95.875111, 30.85046], [-95.874388, 30.850534]], [[-95.885094, 30.848554], [-95.882209, 30.848389]], [[-95.881892, 30.848371], [-95.881582, 30.848353], [-95.881102, 30.847888], [-95.879774, 30.847743], [-95.87897, 30.848357]]]}},
    {"type": "Feature", "properties": {"name": "Natural gas pipeline", "Operator": "ENERGY TRANSFER COMPANY", "Commodity": "Natural gas", "Type": "Gathering", "Status": "In Service", "Diameter (inches)": 6.63}, "geometry": {"type": "LineString", "coordinates": [[-95.946373, 30.581239], [-95.946119, 30.58164], [-95.945562, 30.581532], [-95.944463, 30.581114], [-95.943601, 30.580875], [-95.934697, 30.583788], [-95.933624, 30.58387]]}},
    {"type": "Feature", "properties": {"name": "Natural gas pipeline", "Operator": "ENERGY TRANSFER COMPANY", "Commodity": "Natural gas", "Type": "Gathering", "Status": "In Service", "Diameter (inches)": 6.63}, "geometry": {"type": "MultiLineString", "coordinates": [[[-95.950496, 30.48299], [-95.950482, 30.482996]], [[-95.957066, 30.479339], [-95.956754, 30.47933], [-95.956563, 30.479541], [-95.95609, 30.479584], [-95.955854, 30.480295], [-95.954198, 30.481504], [-95.952291, 30.482153], [-95.950496, 30.48299]]]}},
    {"type": "Feature", "properties": {"name": "Natural gas pipeline", "Operator": "ENERGY TRANSFER COMPANY", "Commodity": "Natural gas", "Type": "Gathering", "Status": "In Service", "Diameter (inches)": 8.63}, "geometry": {"type": "LineString", "coordinates": [[-95.907056, 30.606251], [-95.908254, 30.604102], [-95.907865, 30.603299], [-95.907895, 30.602458], [-95.905996, 30.597651], [-95.906599, 30.59737]]}},
    {"type": "Feature", "properties": {"name": "Natural gas pipeline", "Operator": "ENERGY TRANSFER COMPANY", "Commodity": "Natural gas", "Type": "Gathering", "Status": "In Service", "Diameter (inches)": 8.63}, "geometry": {"type": "LineString", "coordinates": [[-95.826684, 30.533465], [-95.826833, 30.533464], [-95.826837, 30.534939], [-95.82643, 30.535883], [-95.826456, 30.540586], [-95.826924, 30.541861], [-95.827798, 30.544837], [-95.827798, 30.545271], [-95.827648, 30.54527]]}},
    {"type": "Feature", "properties": {"name": "Natural gas pipeline", "Operator": "ENERGY TRANSFER COMPANY", "Commodity": "Natural gas", "Type": "Gathering", "Status": "In Service", "Diameter (inches)": 6.63}, "geometry": {"type": "LineString", "coordinates": [[-95.910615, 30.463384], [-95.910656, 30.463917], [-95.90675, 30.464118], [-95.906827, 30.465342], [-95.906751, 30.466249], [-95.905829, 30.466181], [-95.905829, 30.46632]]}},
    {"type": "Feature", "properties": {"name": "Natural gas pipeline", "Operator": "ENERGY TRANSFER COMPANY", "Commodity": "Natural gas", "Type": "Gathering", "Status": "In Service", "Diameter (inches)": 8.63}, "geometry": {"type": "LineString", "coordinates": [[-95.849378, 30.483536], [-95.849408, 30.48495], [-95.849627, 30.486811], [-95.849504, 30.487541], [-95.845861, 30.487533], [-95.845843, 30.488584], [-95.844412, 30.488622], [-95.844453, 30.488782], [-95.844325, 30.489613], [-95.844199, 30.489721], [-95.843872, 30.489723]]}},
    {"type": "Feature", "properties": {"name": "Natural gas pipeline", "Operator": "ENERGY TRANSFER COMPANY", "Commodity": "Natural gas", "Type": "Gathering", "Status": "In Service", "Diameter (inches)": 6.63}, "geometry": {"type": "LineString", "coordinates": [[-95.917532, 30.591168], [-95.914647, 30.593983], [-95.910947, 30.59536], [-95.906599, 30.59737]]}},
    {"type": "Feature", "properties": {"name": "Natural gas pipeline", "Operator": "ENERGY TRANSFER COMPANY", "Commodity": "Natural gas", "Type": "Gathering", "Status": "In Service", "Diameter (inches)": 6.63}, "geometry": {"type": "LineString", "coordinates": [[-96.014607, 30.559709], [-96.014486, 30.559614], [-96.015112, 30.559271], [-96.015051, 30.558858], [-96.015157, 30.558741]]}},
    {"type": "Feature", "properties": {"name": "Natural gas pipeline", "Operator": "ENERGY TRANSFER COMPANY", "Commodity": "Natural gas", "Type": "Gathering", "Status": "In Service", "Diameter (inches)": 6.63}, "geometry": {"type": "LineString", "coordinates": [[-95.935571, 30.596181], [-95.935822, 30.59615]]}},
    {"type": "Feature", "properties": {"name": "Natural gas pipeline", "Operator": "ENERGY TRANSFER COMPANY", "Commodity": "Natural gas", "Type": "Gathering", "Status": "In Service", "Diameter (inches)": 6.63}, "geometry": {"type": "LineString", "coordinates": [[-95.928229, 30.58513], [-95.929204, 30.587616], [-95.929741, 30.58812], [-95.930845, 30.588862], [-95.931195, 30.589469], [-95.931913, 30.591571], [-95.932782, 30.591952], [-95.934446, 30.596323], [-95.935571, 30.596181]]}},
    {"type": "Feature", "properties": {"name": "Natural gas pipeline", "Operator": "ENERGY TRANSFER COMPANY", "Commodity": "Natural gas", "Type": "Gathering", "Status": "In Service", "Diameter (inches)": 6.63}, "geometry": {"type": "MultiLineString", "coordinates": [[[-95.972981, 30.553567], [-95.972165, 30.553911], [-95.971158, 30.552759], [-95.970822, 30.552238], [-95.970441, 30.552078], [-95.969541, 30.552338], [-95.969319, 30.552313], [-95.96816, 30.55154], [-95.966405, 30.554016], [-95.965146, 30.554609], [-95.963628, 30.555796], [-95.963033, 30.55616], [-95.962621, 30.556559], [-95.962316, 30.556648], [-95.96098, 30.557417]], [[-95.973259, 30.553311], [-95.973157, 30.55332], [-95.973172, 30.553486], [-95.972981, 30.553567]]]}},
    {"type": "Feature", "properties": {"name": "Natural gas pipeline", "Operator": "ENERGY TRANSFER COMPANY", "Commodity": "Natural gas", "Type": "Gathering", "Status": "In Service", "Diameter (inches)": 8.63}, "geometry": {"type": "MultiLineString", "coordinates": [[[-95.969739, 30.585867], [-95.969066, 30.585024]], [[-95.969066, 30.585024], [-95.967382, 30.582916], [-95.963468, 30.578476], [-95.961172, 30.579083], [-95.955632, 30.58109], [-95.953618, 30.581679], [-95.951909, 30.582587], [-95.951245, 30.582142], [-95.949964, 30.581963], [-95.948201, 30.581875], [-95.948415, 30.581675]], [[-95.948415, 30.581675], [-95.947942, 30.581549]]]}},
    {"type": "Feature", "properties": {"name": "Natural gas pipeline", "Operator": "ENERGY TRANSFER COMPANY", "Commodity": "Natural gas", "Type": "Gathering", "Status": "In Service", "Diameter (inches)": 8.63}, "geometry": {"type": "LineString", "coordinates": [[-95.933157, 30.583828], [-95.931821, 30.584425], [-95.928449, 30.585099], [-95.923192, 30.585835], [-95.921331, 30.586926], [-95.920537, 30.587792], [-95.919156, 30.589951], [-95.917532, 30.591168]]}},
    {"type": "Feature", "properties": {"name": "Natural gas pipeline", "Operator": "ENERGY TRANSFER COMPANY", "Commodity": "Natural gas", "Type": "Gathering", "Status": "In Service", "Diameter (inches)": 6.63}, "geometry": {"type": "MultiLineString", "coordinates": [[[-95.933624, 30.58387], [-95.933225, 30.583901], [-95.933157, 30.583828]], [[-95.933157, 30.583828], [-95.933004, 30.583664]], [[-95.947942, 30.581549], [-95.946568, 30.580931], [-95.946373, 30.581239]]]}},
    {"type": "Feature", "properties": {"name": "Natural gas pipeline", "Operator": "ENERGY TRANSFER COMPANY", "Commodity": "Natural gas", "Type": "Gathering", "Status": "In Service", "Diameter (inches)": 24.0}, "geometry": {"type": "MultiLineString", "coordinates": [[[-96.110818, 30.779402], [-96.110657, 30.779473]], [[-96.11084, 30.779393], [-96.110818, 30.779402]], [[-96.112284, 30.778366], [-96.111952, 30.778899], [-96.11084, 30.779393]], [[-96.120122, 30.772512], [-96.117882, 30.772388], [-96.117155, 30.772457], [-96.115862, 30.772741], [-96.114932, 30.772871], [-96.113797, 30.775821], [-96.112219, 30.77809], [-96.112284, 30.778366]], [[-96.120953, 30.772414], [-96.120677, 30.772548], [-96.120122, 30.772512]], [[-96.130185, 30.763346], [-96.129798, 30.763562], [-96.12966, 30.763544], [-96.129207, 30.763747], [-96.127186, 30.764857], [-96.12492, 30.768807], [-96.123022, 30.77102], [-96.122241, 30.771333], [-96.121845, 30.771983], [-96.12135, 30.772222]], [[-96.134699, 30.760147], [-96.133002, 30.761578], [-96.132903, 30.761837], [-96.1328, 30.761894]], [[-96.134706, 30.760141], [-96.134699, 30.760147]], [[-96.136329, 30.758817], [-96.134706, 30.760141]], [[-96.141971, 30.756018], [-96.141524, 30.756256], [-96.140593, 30.756272], [-96.139971, 30.756933], [-96.139769, 30.757038]], [[-96.149837, 30.752617], [-96.147279, 30.753616]], [[-96.151067, 30.75203], [-96.149837, 30.752617]], [[-96.15173, 30.751713], [-96.151067, 30.75203]], [[-96.151935, 30.751615], [-96.15173, 30.751713]], [[-96.15709, 30.746178], [-96.156722, 30.746274], [-96.152617, 30.751157], [-96.151935, 30.751615]], [[-96.157435, 30.746098], [-96.15709, 30.746178]], [[-96.163683, 30.743224], [-96.158082, 30.745948], [-96.157435, 30.746098]]]}},
    {"type": "Feature", "properties": {"name": "Natural gas pipeline", "Operator": "ENERGY TRANSFER COMPANY", "Commodity": "Natural gas", "Type": "Gathering", "Status": "In Service", "Diameter (inches)": 8.63}, "geometry": {"type": "LineString", "coordinates": [[-95.826738, 30.560493], [-95.823604, 30.561028]]}},
    {"type": "Feature", "properties": {"name": "Natural gas pipeline", "Operator": "ENERGY TRANSFER COMPANY", "Commodity": "Natural gas", "Type": "Gathering", "Status": "In Service", "Diameter (inches)": 4.5}, "geometry": {"type": "MultiLineString", "coordinates": [[[-96.133793, 30.615932], [-96.133781, 30.615915]], [[-96.133772, 30.615903], [-96.133765, 30.615894]]]}},
    {"type": "Feature", "properties": {"name": "Natural gas pipeline", "Operator": "ENERGY TRANSFER COMPANY", "Commodity": "Natural gas", "Type": "Gathering", "Status": "In Service", "Diameter (inches)": 4.5}, "geometry": {"type": "LineString", "coordinates": [[-96.130178, 30.611375], [-96.129753, 30.612068], [-96.128449, 30.614662], [-96.127992, 30.614787], [-96.122653, 30.614479], [-96.122134, 30.61453], [-96.117007, 30.614318], [-96.11696, 30.614259], [-96.1177, 30.611186], [-96.117693, 30.610984], [-96.116949, 30.611034], [-96.116854, 30.61003], [-96.116583, 30.609983], [-96.103845, 30.610267], [-96.103764, 30.61], [-96.1035, 30.602679]]}},
    {"type": "Feature", "properties": {"name": "Natural gas pipeline", "Operator": "ENERGY TRANSFER COMPANY", "Commodity": "Natural gas", "Type": "Gathering", "Status": "In Service", "Diameter (inches)": 8.63}, "geometry": {"type": "MultiLineString", "coordinates": [[[-96.114446, 30.766098], [-96.11443, 30.766105]], [[-96.115807, 30.764789], [-96.115644, 30.765035], [-96.11513, 30.765314], [-96.114446, 30.766098]]]}},
    {"type": "Feature", "properties": {"name": "Natural gas pipeline", "Operator": "ENERGY TRANSFER COMPANY", "Commodity": "Natural gas", "Type": "Gathering", "Status": "In Service", "Diameter (inches)": 10.75}, "geometry": {"type": "LineString", "coordinates": [[-96.039861, 30.517781], [-96.0405, 30.518226], [-96.041217, 30.518177], [-96.042697, 30.518276], [-96.043254, 30.518548], [-96.043605, 30.518596], [-96.045734, 30.51922], [-96.046138, 30.519025], [-96.046214, 30.518247], [-96.047191, 30.517549], [-96.046321, 30.516237], [-96.046862, 30.515424], [-96.047801, 30.512943], [-96.048511, 30.512096], [-96.051455, 30.511926], [-96.05138, 30.510484]]}},
    {"type": "Feature", "properties": {"name": "Natural gas pipeline", "Operator": "ENERGY TRANSFER COMPANY", "Commodity": "Natural gas", "Type": "Gathering", "Status": "In Service", "Diameter (inches)": 4.5}, "geometry": {"type": "MultiLineString", "coordinates": [[[-96.082387, 30.500964], [-96.082044, 30.500983], [-96.080183, 30.49895], [-96.079892, 30.498949]], [[-96.079284, 30.499666], [-96.079282, 30.499713]], [[-96.079297, 30.499314], [-96.079284, 30.499666]], [[-96.079892, 30.498949], [-96.079572, 30.498948], [-96.079305, 30.499097], [-96.079297, 30.499314]]]}},
    {"type": "Feature", "properties": {"name": "Natural gas pipeline", "Operator": "ENERGY TRANSFER COMPANY", "Commodity": "Natural gas", "Type": "Gathering", "Status": "In Service", "Diameter (inches)": 16.0}, "geometry": {"type": "MultiLineString", "coordinates": [[[-96.135183, 30.52493], [-96.135153, 30.524749], [-96.134518, 30.524518]], [[-96.134518, 30.524518], [-96.134252, 30.524422]], [[-96.134252, 30.524422], [-96.134008, 30.524333], [-96.133825, 30.524169], [-96.132833, 30.522559], [-96.132605, 30.521796], [-96.131841, 30.521609], [-96.129904, 30.519557], [-96.12967, 30.519417]], [[-96.12967, 30.519417], [-96.129354, 30.519229], [-96.127714, 30.519353]]]}},
    {"type": "Feature", "properties": {"name": "Natural gas pipeline", "Operator": "ENERGY TRANSFER COMPANY", "Commodity": "Natural gas", "Type": "Gathering", "Status": "In Service", "Diameter (inches)": 6.63}, "geometry": {"type": "LineString", "coordinates": [[-96.047696, 30.517623], [-96.046598, 30.51842], [-96.046521, 30.519235], [-96.045782, 30.519594], [-96.043508, 30.51893], [-96.043127, 30.518879], [-96.042577, 30.518613], [-96.041219, 30.51852], [-96.040372, 30.518579], [-96.038915, 30.517562], [-96.038122, 30.517662], [-96.038312, 30.520839], [-96.036381, 30.521996]]}},
    {"type": "Feature", "properties": {"name": "Natural gas pipeline", "Operator": "ENERGY TRANSFER COMPANY", "Commodity": "Natural gas", "Type": "Gathering", "Status": "In Service", "Diameter (inches)": 6.63}, "geometry": {"type": "MultiLineString", "coordinates": [[[-96.036143, 30.522132], [-96.036143, 30.522132]], [[-96.036381, 30.521996], [-96.036143, 30.522132]]]}},
    {"type": "Feature", "properties": {"name": "Natural gas pipeline", "Operator": "ENERGY TRANSFER COMPANY", "Commodity": "Natural gas", "Type": "Gathering", "Status": "In Service", "Diameter (inches)": 4.5}, "geometry": {"type": "MultiLineString", "coordinates": [[[-96.133793, 30.615932], [-96.133787, 30.615932]], [[-96.133799, 30.615931], [-96.133793, 30.615932]]]}},
    {"type": "Feature", "properties": {"name": "Natural gas pipeline", "Operator": "ENERGY TRANSFER COMPANY", "Commodity": "Natural gas", "Type": "Gathering", "Status": "In Service", "Diameter (inches)": 4.5}, "geometry": {"type": "MultiLineString", "coordinates": [[[-96.133787, 30.615932], [-96.132215, 30.616056], [-96.130769, 30.616364], [-96.129505, 30.616737], [-96.128508, 30.617778], [-96.127221, 30.61975], [-96.125928, 30.62002], [-96.124489, 30.620092], [-96.123404, 30.620904], [-96.123453, 30.621534]], [[-96.146111, 30.616835], [-96.145895, 30.616808]], [[-96.145895, 30.616808], [-96.145881, 30.616806]], [[-96.145881, 30.616806], [-96.142823, 30.616426], [-96.141096, 30.616], [-96.139009, 30.616509], [-96.138506, 30.616473], [-96.136758, 30.616042], [-96.133799, 30.615931]]]}},
    {"type": "Feature", "properties": {"name": "Natural gas pipeline", "Operator": "ENERGY TRANSFER COMPANY", "Commodity": "Natural gas", "Type": "Gathering", "Status": "In Service", "Diameter (inches)": 4.5}, "geometry": {"type": "MultiLineString", "coordinates": [[[-96.149208, 30.605494], [-96.149831, 30.605473]], [[-96.149831, 30.605473], [-96.149846, 30.605472]], [[-96.149846, 30.605472], [-96.154275, 30.605422], [-96.154883, 30.605023], [-96.154938, 30.605228]]]}},
    {"type": "Feature", "properties": {"name": "Natural gas pipeline", "Operator": "ENERGY TRANSFER COMPANY", "Commodity": "Natural gas", "Type": "Gathering", "Status": "Abandoned", "Diameter (inches)": 2.38}, "geometry": {"type": "LineString", "coordinates": [[-96.134581, 30.639173], [-96.134525, 30.638288], [-96.13403, 30.637966], [-96.133203, 30.637956]]}},
    {"type": "Feature", "properties": {"name": "Natural gas pipeline", "Operator": "ENERGY TRANSFER COMPANY", "Commodity": "Natural gas", "Type": "Gathering", "Status": "In Service", "Diameter (inches)": 6.63}, "geometry": {"type": "LineString", "coordinates": [[-95.905806, 30.515732], [-95.905272, 30.515713], [-95.904596, 30.514473], [-95.903198, 30.510856], [-95.901804, 30.507725], [-95.901053, 30.507388], [-95.898241, 30.50158], [-95.896218, 30.501455], [-95.895273, 30.499238], [-95.894393, 30.499535], [-95.893506, 30.497165], [-95.893758, 30.496738], [-95.893693, 30.496482], [-95.893315, 30.496053], [-95.892982, 30.495912], [-95.892765, 30.49569], [-95.892627, 30.494986], [-95.892542, 30.494899], [-95.893025, 30.494245], [-95.893519, 30.493406], [-95.89355, 30.492042], [-95.894372, 30.490831], [-95.89456, 30.489986], [-95.893543, 30.489427], [-95.893332, 30.489566]]}},
    {"type": "Feature", "properties": {"name": "Natural gas pipeline", "Operator": "ENERGY TRANSFER COMPANY", "Commodity": "Natural gas", "Type": "Gathering", "Status": "In Service", "Diameter (inches)": 10.75}, "geometry": {"type": "MultiLineString", "coordinates": [[[-95.996259, 30.570515], [-95.995962, 30.569763], [-95.995725, 30.568779], [-95.998846, 30.56656], [-96.002164, 30.565119], [-96.008215, 30.564011], [-96.009099, 30.563085], [-96.013158, 30.560897], [-96.014598, 30.559742]], [[-96.014598, 30.559742], [-96.015981, 30.558626], [-96.01946, 30.557369], [-96.019912, 30.555697]], [[-96.020048, 30.551466], [-96.019961, 30.55019], [-96.02048, 30.549381], [-96.020732, 30.548542], [-96.020457, 30.547266], [-96.020457, 30.543751], [-96.019679, 30.542837], [-96.017085, 30.540981], [-96.017047, 30.539208], [-96.017345, 30.537985], [-96.018794, 30.536854], [-96.023456, 30.536741], [-96.023688, 30.53656]], [[-96.023688, 30.53656], [-96.023829, 30.536449], [-96.023952, 30.536138], [-96.023906, 30.534805], [-96.024615, 30.534399], [-96.025721, 30.534044], [-96.026813, 30.533453], [-96.030154, 30.530647], [-96.030573, 30.530106], [-96.031459, 30.530098], [-96.032294, 30.53068]], [[-96.032294, 30.53068], [-96.032695, 30.53096], [-96.033366, 30.531129], [-96.033588, 30.530986]], [[-96.033588, 30.530986], [-96.035555, 30.529718], [-96.03522, 30.522528], [-96.03538, 30.522165], [-96.036092, 30.521741]], [[-96.036092, 30.521741], [-96.037898, 30.520666], [-96.037707, 30.517366], [-96.039027, 30.5172], [-96.039861, 30.517781]], [[-96.05138, 30.510484], [-96.051303, 30.508558], [-96.051402, 30.507528], [-96.051359, 30.506742]], [[-96.051359, 30.506742], [-96.051341, 30.5065], [-96.051946, 30.506551]]]}},
    {"type": "Feature", "properties": {"name": "Natural gas pipeline", "Operator": "ENERGY TRANSFER COMPANY", "Commodity": "Natural gas", "Type": "Gathering", "Status": "In Service", "Diameter (inches)": 8.63}, "geometry": {"type": "LineString", "coordinates": [[-96.042525, 30.440334], [-96.042426, 30.439856]]}},
    {"type": "Feature", "properties": {"name": "Natural gas pipeline", "Operator": "ENERGY TRANSFER COMPANY", "Commodity": "Natural gas", "Type": "Gathering", "Status": "In Service", "Diameter (inches)": 8.63}, "geometry": {"type": "MultiLineString", "coordinates": [[[-96.042601, 30.441021], [-96.042601, 30.441021]], [[-96.042601, 30.441021], [-96.042525, 30.440334]], [[-96.042426, 30.439856], [-96.042196, 30.439576], [-96.042163, 30.439301], [-96.041529, 30.438172], [-96.040509, 30.435985], [-96.040099, 30.434819], [-96.037779, 30.434296], [-96.037131, 30.433799]]]}},
    {"type": "Feature", "properties": {"name": "Natural gas pipeline", "Operator": "ENERGY TRANSFER COMPANY", "Commodity": "Natural gas", "Type": "Gathering", "Status": "In Service", "Diameter (inches)": 8.63}, "geometry": {"type": "LineString", "coordinates": [[-96.118466, 30.542489], [-96.117958, 30.5425], [-96.117867, 30.540065], [-96.117963, 30.538987], [-96.118339, 30.53678], [-96.118297, 30.535627], [-96.117697, 30.53384], [-96.117231, 30.533005], [-96.11709, 30.532357], [-96.117048, 30.531557], [-96.116462, 30.530929], [-96.11894, 30.528749], [-96.120953, 30.526751], [-96.121077, 30.526186]]}},
    {"type": "Feature", "properties": {"name": "Natural gas pipeline", "Operator": "ENERGY TRANSFER COMPANY", "Commodity": "Natural gas", "Type": "Gathering", "Status": "In Service", "Diameter (inches)": 6.63}, "geometry": {"type": "LineString", "coordinates": [[-96.09062, 30.553621], [-96.090429, 30.553235], [-96.095007, 30.550685], [-96.095273, 30.550555], [-96.095548, 30.550519], [-96.101476, 30.545726], [-96.101896, 30.545148], [-96.102125, 30.544366], [-96.102308, 30.543981], [-96.102506, 30.543753], [-96.102575, 30.543405], [-96.102704, 30.542054], [-96.102217, 30.539573], [-96.096853, 30.537915], [-96.093458, 30.538859]]}},
    {"type": "Feature", "properties": {"name": "Natural gas pipeline", "Operator": "ENERGY TRANSFER COMPANY", "Commodity": "Natural gas", "Type": "Gathering", "Status": "In Service", "Diameter (inches)": 4.5}, "geometry": {"type": "MultiLineString", "coordinates": [[[-96.12248, 30.489367], [-96.122084, 30.487833]], [[-96.122084, 30.487833], [-96.122083, 30.487831]]]}},
    {"type": "Feature", "properties": {"name": "Natural gas pipeline", "Operator": "ENERGY TRANSFER COMPANY", "Commodity": "Natural gas", "Type": "Gathering", "Status": "In Service", "Diameter (inches)": 6.63}, "geometry": {"type": "LineString", "coordinates": [[-95.970067, 30.543547], [-95.969059, 30.543926], [-95.968004, 30.543579], [-95.963948, 30.544801], [-95.962506, 30.545126], [-95.962208, 30.545334], [-95.961598, 30.545289], [-95.961039, 30.545458], [-95.960092, 30.545971], [-95.957777, 30.547036], [-95.957163, 30.54752], [-95.956414, 30.547322], [-95.956101, 30.547738]]}},
    {"type": "Feature", "properties": {"name": "Natural gas pipeline", "Operator": "ENERGY TRANSFER COMPANY", "Commodity": "Natural gas", "Type": "Gathering", "Status": "In Service", "Diameter (inches)": 6.63}, "geometry": {"type": "MultiLineString", "coordinates": [[[-95.893659, 30.489485], [-95.894139, 30.488177], [-95.89449, 30.48757]], [[-95.89449, 30.48757], [-95.891843, 30.486475], [-95.88876, 30.485603], [-95.886517, 30.485313], [-95.885464, 30.485363], [-95.883458, 30.4858]]]}},
    {"type": "Feature", "properties": {"name": "Natural gas pipeline", "Operator": "ENERGY TRANSFER COMPANY", "Commodity": "Natural gas", "Type": "Gathering", "Status": "In Service", "Diameter (inches)": 6.63}, "geometry": {"type": "LineString", "coordinates": [[-95.93538, 30.558879], [-95.932775, 30.559878], [-95.929281, 30.564595]]}},
    {"type": "Feature", "properties": {"name": "Natural gas pipeline", "Operator": "ENERGY TRANSFER COMPANY", "Commodity": "Natural gas", "Type": "Gathering", "Status": "In Service", "Diameter (inches)": 6.63}, "geometry": {"type": "LineString", "coordinates": [[-96.055402, 30.513689], [-96.055387, 30.513248], [-96.053922, 30.512345], [-96.052564, 30.51188], [-96.051923, 30.511863]]}},
    {"type": "Feature", "properties": {"name": "Natural gas pipeline", "Operator": "ENERGY TRANSFER COMPANY", "Commodity": "Natural gas", "Type": "Gathering", "Status": "In Service", "Diameter (inches)": 6.63}, "geometry": {"type": "MultiLineString", "coordinates": [[[-95.950482, 30.482996], [-95.95048, 30.482995]], [[-95.95048, 30.482995], [-95.947888, 30.482218], [-95.946667, 30.482229], [-95.943539, 30.481126], [-95.941197, 30.480138], [-95.94064, 30.479666], [-95.938039, 30.476587], [-95.938336, 30.476252], [-95.938123, 30.475933]]]}},
    {"type": "Feature", "properties": {"name": "Natural gas pipeline", "Operator": "ENERGY TRANSFER COMPANY", "Commodity": "Natural gas", "Type": "Gathering", "Status": "In Service", "Diameter (inches)": 6.63}, "geometry": {"type": "LineString", "coordinates": [[-95.995007, 30.518344], [-95.993406, 30.519508], [-95.992787, 30.520044], [-95.990254, 30.522879]]}},
    {"type": "Feature", "properties": {"name": "Natural gas pipeline", "Operator": "ENERGY TRANSFER COMPANY", "Commodity": "Natural gas", "Type": "Gathering", "Status": "In Service", "Diameter (inches)": 6.63}, "geometry": {"type": "MultiLineString", "coordinates": [[[-96.009689, 30.530173], [-96.009719, 30.530382]], [[-96.010809, 30.530002], [-96.009689, 30.530173]]]}},
    {"type": "Feature", "properties": {"name": "Natural gas pipeline", "Operator": "ENERGY TRANSFER COMPANY", "Commodity": "Natural gas", "Type": "Gathering", "Status": "In Service", "Diameter (inches)": 8.63}, "geometry": {"type": "MultiLineString", "coordinates": [[[-96.113999, 30.772365], [-96.114319, 30.772414]], [[-96.11443, 30.766105], [-96.11379, 30.766874], [-96.112348, 30.769404], [-96.112084, 30.770092], [-96.112026, 30.770441], [-96.112057, 30.770673], [-96.112448, 30.771361], [-96.112392, 30.771618], [-96.112454, 30.771859], [-96.113999, 30.772365]]]}},
    {"type": "Feature", "properties": {"name": "Natural gas pipeline", "Operator": "ENERGY TRANSFER COMPANY", "Commodity": "Natural gas", "Type": "Gathering", "Status": "In Service", "Diameter (inches)": 8.63}, "geometry": {"type": "MultiLineString", "coordinates": [[[-96.113788, 30.772883], [-96.113676, 30.773163]], [[-96.11381, 30.772827], [-96.113788, 30.772883]], [[-96.113999, 30.772365], [-96.11381, 30.772827]]]}},
    {"type": "Feature", "properties": {"name": "Natural gas pipeline", "Operator": "ENERGY TRANSFER COMPANY", "Commodity": "Natural gas", "Type": "Gathering", "Status": "In Service", "Diameter (inches)": 8.63}, "geometry": {"type": "MultiLineString", "coordinates": [[[-96.107536, 30.777352], [-96.107131, 30.777633]], [[-96.107781, 30.777106], [-96.107536, 30.777352]], [[-96.107928, 30.776877], [-96.10788, 30.776862], [-96.107781, 30.777106]], [[-96.113676, 30.773163], [-96.109699, 30.774572], [-96.109374, 30.77484], [-96.10829, 30.776986], [-96.107972, 30.77689]], [[-96.107972, 30.77689], [-96.107928, 30.776877]]]}},
    {"type": "Feature", "properties": {"name": "Natural gas pipeline", "Operator": "ENERGY TRANSFER COMPANY", "Commodity": "Natural gas", "Type": "Gathering", "Status": "Abandoned", "Diameter (inches)": 6.63}, "geometry": {"type": "LineString", "coordinates": [[-96.035575, 30.426276], [-96.035566, 30.425161], [-96.037925, 30.424555], [-96.038887, 30.424489], [-96.039119, 30.424367], [-96.041517, 30.424205]]}},
    {"type": "Feature", "properties": {"name": "Natural gas pipeline", "Operator": "ENERGY TRANSFER COMPANY", "Commodity": "Natural gas", "Type": "Gathering", "Status": "Abandoned", "Diameter (inches)": 8.63}, "geometry": {"type": "MultiLineString", "coordinates": [[[-96.038825, 30.431556], [-96.038756, 30.431234], [-96.038584, 30.431207]], [[-96.038584, 30.431207], [-96.037912, 30.431189], [-96.037491, 30.430914], [-96.036026, 30.42961], [-96.03583, 30.428935], [-96.035655, 30.427804], [-96.035575, 30.426276]]]}},
    {"type": "Feature", "properties": {"name": "Natural gas pipeline", "Operator": "ENERGY TRANSFER COMPANY", "Commodity": "Natural gas", "Type": "Gathering", "Status": "Abandoned", "Diameter (inches)": 16.0}, "geometry": {"type": "LineString", "coordinates": [[-96.074367, 30.341864], [-96.074185, 30.339491]]}},
    {"type": "Feature", "properties": {"name": "Natural gas pipeline", "Operator": "ENERGY TRANSFER COMPANY", "Commodity": "Natural gas", "Type": "Gathering", "Status": "Abandoned", "Diameter (inches)": 16.0}, "geometry": {"type": "LineString", "coordinates": [[-96.076099, 30.342289], [-96.074367, 30.341864]]}},
    {"type": "Feature", "properties": {"name": "Natural gas pipeline", "Operator": "ENERGY TRANSFER COMPANY", "Commodity": "Natural gas", "Type": "Gathering", "Status": "Abandoned", "Diameter (inches)": 16.0}, "geometry": {"type": "LineString", "coordinates": [[-96.074665, 30.341652], [-96.074505, 30.339476]]}},
    {"type": "Feature", "properties": {"name": "Natural gas pipeline", "Operator": "ENERGY TRANSFER COMPANY", "Commodity": "Natural gas", "Type": "Gathering", "Status": "Abandoned", "Diameter (inches)": 16.0}, "geometry": {"type": "LineString", "coordinates": [[-96.076336, 30.34206], [-96.074665, 30.341652]]}},
    {"type": "Feature", "properties": {"name": "Natural gas pipeline", "Operator": "ENERGY TRANSFER COMPANY", "Commodity": "Natural gas", "Type": "Gathering", "Status": "Abandoned", "Diameter (inches)": 18.0}, "geometry": {"type": "LineString", "coordinates": [[-95.94906, 30.44378], [-95.946566, 30.444542]]}},
    {"type": "Feature", "properties": {"name": "Natural gas pipeline", "Operator": "ENERGY TRANSFER COMPANY", "Commodity": "Natural gas", "Type": "Gathering", "Status": "Abandoned", "Diameter (inches)": 4.5}, "geometry": {"type": "MultiLineString", "coordinates": [[[-96.115572, 30.646186], [-96.11558, 30.646183]], [[-96.11558, 30.646183], [-96.117198, 30.645864], [-96.118907, 30.645212], [-96.122656, 30.644354], [-96.1266, 30.643351], [-96.134581, 30.639173]], [[-96.134581, 30.639173], [-96.134597, 30.639171]]]}},
    {"type": "Feature", "properties": {"name": "Natural gas pipeline", "Operator": "ENERGY TRANSFER COMPANY", "Commodity": "Natural gas", "Type": "Gathering", "Status": "Abandoned", "Diameter (inches)": 4.5}, "geometry": {"type": "LineString", "coordinates": [[-96.134597, 30.639171], [-96.137642, 30.638847], [-96.137944, 30.638677], [-96.1393, 30.637556], [-96.139857, 30.637179], [-96.140358, 30.63704], [-96.141183, 30.636609], [-96.141476, 30.635815], [-96.142746, 30.635151], [-96.142502, 30.634492]]}},
    {"type": "Feature", "properties": {"name": "Natural gas pipeline", "Operator": "ENERGY TRANSFER COMPANY", "Commodity": "Natural gas", "Type": "Gathering", "Status": "Abandoned", "Diameter (inches)": 6.63}, "geometry": {"type": "LineString", "coordinates": [[-95.990434, 30.625633], [-95.989863, 30.626172], [-95.990338, 30.626901], [-95.990941, 30.626901], [-95.991131, 30.62988], [-95.991765, 30.629944], [-95.992431, 30.629532], [-95.9969, 30.629056], [-95.999689, 30.628993], [-96.000228, 30.629214], [-96.00026, 30.645253], [-96.007772, 30.645063], [-96.009357, 30.645982]]}},
    {"type": "Feature", "properties": {"name": "Natural gas pipeline", "Operator": "ENERGY TRANSFER COMPANY", "Commodity": "Natural gas", "Type": "Gathering", "Status": "Abandoned", "Diameter (inches)": 4.5}, "geometry": {"type": "LineString", "coordinates": [[-96.1508, 30.643208], [-96.151078, 30.642486], [-96.150335, 30.641499], [-96.148375, 30.640353], [-96.146684, 30.63871], [-96.14327, 30.636689], [-96.143605, 30.636144], [-96.142602, 30.6345]]}},
    {"type": "Feature", "properties": {"name": "Natural gas pipeline", "Operator": "ENERGY TRANSFER COMPANY", "Commodity": "Natural gas", "Type": "Gathering", "Status": "Abandoned", "Diameter (inches)": 6.63}, "geometry": {"type": "LineString", "coordinates": [[-96.164427, 30.61851], [-96.16043, 30.618648], [-96.159942, 30.619062], [-96.159499, 30.619161], [-96.15895, 30.61991], [-96.15824, 30.620256], [-96.156745, 30.62071], [-96.156585, 30.621133], [-96.156203, 30.621261], [-96.155059, 30.621623], [-96.150511, 30.621928]]}},
    {"type": "Feature", "properties": {"name": "Natural gas pipeline", "Operator": "ENERGY TRANSFER COMPANY", "Commodity": "Natural gas", "Type": "Gathering", "Status": "In Service", "Diameter (inches)": 24.0}, "geometry": {"type": "MultiLineString", "coordinates": [[[-96.149837, 30.752617], [-96.149837, 30.752617]], [[-96.157435, 30.746098], [-96.157435, 30.746098]]]}},
    {"type": "Feature", "properties": {"name": "Natural gas pipeline", "Operator": "ENERGY TRANSFER COMPANY", "Commodity": "Natural gas", "Type": "Gathering", "Status": "In Service", "Diameter (inches)": 8.63}, "geometry": {"type": "MultiLineString", "coordinates": [[[-96.110094, 30.779089], [-96.110094, 30.779089]], [[-96.109567, 30.778893], [-96.109567, 30.778893]]]}},
    {"type": "Feature", "properties": {"name": "Natural gas pipeline", "Operator": "ENERGY TRANSFER COMPANY", "Commodity": "Natural gas", "Type": "Gathering", "Status": "In Service", "Diameter (inches)": 6.63}, "geometry": {"type": "MultiLineString", "coordinates": [[[-96.110094, 30.779089], [-96.110094, 30.779089]], [[-96.109567, 30.778893], [-96.109567, 30.778893]]]}},
    {"type": "Feature", "properties": {"name": "Natural gas pipeline", "Operator": "ENERGY TRANSFER COMPANY", "Commodity": "Natural gas", "Type": "Gathering", "Status": "In Service", "Diameter (inches)": 3.5}, "geometry": {"type": "LineString", "coordinates": [[-96.12012, 30.753253], [-96.12012, 30.753253]]}},
    {"type": "Feature", "properties": {"name": "Natural gas pipeline", "Operator": "ENERGY TRANSFER COMPANY", "Commodity": "Natural gas", "Type": "Gathering", "Status": "In Service", "Diameter (inches)": 3.5}, "geometry": {"type": "LineString", "coordinates": [[-96.12012, 30.753253], [-96.12012, 30.753253]]}},
    {"type": "Feature", "properties": {"name": "Natural gas pipeline", "Operator": "ENERGY TRANSFER COMPANY", "Commodity": "Natural gas", "Type": "Gathering", "Status": "In Service", "Diameter (inches)": 4.5}, "geometry": {"type": "MultiLineString", "coordinates": [[[-96.126746, 30.756705], [-96.126746, 30.756705]], [[-96.125304, 30.756091], [-96.125304, 30.756091]], [[-96.12094, 30.753705], [-96.12094, 30.753705]]]}},
    {"type": "Feature", "properties": {"name": "Natural gas pipeline", "Operator": "ENERGY TRANSFER COMPANY", "Commodity": "Natural gas", "Type": "Gathering", "Status": "In Service", "Diameter (inches)": 3.5}, "geometry": {"type": "MultiLineString", "coordinates": [[[-96.126746, 30.756705], [-96.126746, 30.756705]], [[-96.125304, 30.756091], [-96.125304, 30.756091]], [[-96.12094, 30.753705], [-96.12094, 30.753705]]]}},
    {"type": "Feature", "properties": {"name": "Natural gas pipeline", "Operator": "ENERGY TRANSFER COMPANY", "Commodity": "Natural gas", "Type": "Gathering", "Status": "In Service", "Diameter (inches)": 8.63}, "geometry": {"type": "LineString", "coordinates": [[-96.082597, 30.796829], [-96.082597, 30.79683]]}},
    {"type": "Feature", "properties": {"name": "Natural gas pipeline", "Operator": "ENERGY TRANSFER COMPANY", "Commodity": "Natural gas", "Type": "Gathering", "Status": "In Service", "Diameter (inches)": 24.0}, "geometry": {"type": "LineString", "coordinates": [[-96.082597, 30.796829], [-96.082597, 30.79683]]}},
    {"type": "Feature", "properties": {"name": "Natural gas pipeline", "Operator": "ENERGY TRANSFER COMPANY", "Commodity": "Natural gas", "Type": "Gathering", "Status": "In Service", "Diameter (inches)": 24.0}, "geometry": {"type": "LineString", "coordinates": [[-96.133455, 30.313005], [-96.133094, 30.313441], [-96.131529, 30.316292], [-96.126621, 30.321855], [-96.126911, 30.333711], [-96.126637, 30.334002], [-96.126011, 30.334384], [-96.118622, 30.337813], [-96.105001, 30.34288], [-96.104317, 30.34296], [-96.103785, 30.342959], [-96.102967, 30.342797], [-96.100281, 30.341999], [-96.094158, 30.3409], [-96.090883, 30.33986], [-96.082495, 30.338052], [-96.074882, 30.338162]]}},
    {"type": "Feature", "properties": {"name": "Natural gas pipeline", "Operator": "ENERGY TRANSFER COMPANY", "Commodity": "Natural gas", "Type": "Gathering", "Status": "In Service", "Diameter (inches)": 8.63}, "geometry": {"type": "MultiLineString", "coordinates": [[[-96.149837, 30.752617], [-96.149837, 30.752617]], [[-96.157435, 30.746098], [-96.157435, 30.746098]]]}},
    {"type": "Feature", "properties": {"name": "Natural gas pipeline", "Operator": "ENERGY TRANSFER COMPANY", "Commodity": "Natural gas", "Type": "Gathering", "Status": "In Service", "Diameter (inches)": 6.63}, "geometry": {"type": "MultiLineString", "coordinates": [[[-96.071989, 30.536979], [-96.072011, 30.536173]], [[-96.072011, 30.536173], [-96.072011, 30.536172]]]}},
    {"type": "Feature", "properties": {"name": "Natural gas pipeline", "Operator": "ENERGY TRANSFER COMPANY", "Commodity": "Natural gas", "Type": "Gathering", "Status": "In Service", "Diameter (inches)": 12.75}, "geometry": {"type": "MultiLineString", "coordinates": [[[-95.972067, 30.520019], [-95.971898, 30.520121], [-95.968022, 30.519625], [-95.96262, 30.521528]], [[-95.978397, 30.516103], [-95.978063, 30.516418], [-95.972067, 30.520019]], [[-95.987004, 30.510681], [-95.980298, 30.514312], [-95.978397, 30.516103]], [[-95.990515, 30.509841], [-95.989293, 30.509441], [-95.987004, 30.510681]], [[-95.991178, 30.510057], [-95.990515, 30.509841]]]}},
    {"type": "Feature", "properties": {"name": "Natural gas pipeline", "Operator": "ENERGY TRANSFER COMPANY", "Commodity": "Natural gas", "Type": "Gathering", "Status": "In Service", "Diameter (inches)": 8.63}, "geometry": {"type": "LineString", "coordinates": [[-95.894105, 30.549741], [-95.893941, 30.549758]]}},
    {"type": "Feature", "properties": {"name": "Natural gas pipeline", "Operator": "ENERGY TRANSFER COMPANY", "Commodity": "Natural gas", "Type": "Gathering", "Status": "In Service", "Diameter (inches)": 8.63}, "geometry": {"type": "MultiLineString", "coordinates": [[[-96.082819, 30.579012], [-96.08224, 30.57937], [-96.07976, 30.580225], [-96.079837, 30.580397]], [[-96.097155, 30.573544], [-96.08893, 30.576863], [-96.087229, 30.57686], [-96.086078, 30.577001], [-96.08428, 30.57811]], [[-96.097575, 30.573374], [-96.097155, 30.573544]]]}},
    {"type": "Feature", "properties": {"name": "Natural gas pipeline", "Operator": "ENERGY TRANSFER COMPANY", "Commodity": "Natural gas", "Type": "Gathering", "Status": "In Service", "Diameter (inches)": 6.63}, "geometry": {"type": "LineString", "coordinates": [[-96.078459, 30.537263], [-96.078267, 30.537412], [-96.077162, 30.537468], [-96.076818, 30.537004], [-96.076437, 30.536271], [-96.076338, 30.534432]]}},
    {"type": "Feature", "properties": {"name": "Natural gas pipeline", "Operator": "ENERGY TRANSFER COMPANY", "Commodity": "Natural gas", "Type": "Gathering", "Status": "In Service", "Diameter (inches)": 6.63}, "geometry": {"type": "LineString", "coordinates": [[-95.845123, 30.469244], [-95.843617, 30.46926], [-95.843472, 30.469183]]}},
    {"type": "Feature", "properties": {"name": "Natural gas pipeline", "Operator": "ENERGY TRANSFER COMPANY", "Commodity": "Natural gas", "Type": "Gathering", "Status": "In Service", "Diameter (inches)": 6.63}, "geometry": {"type": "MultiLineString", "coordinates": [[[-95.881817, 30.476223], [-95.881108, 30.473508]], [[-95.881108, 30.473508], [-95.881108, 30.473507]]]}},
    {"type": "Feature", "properties": {"name": "Natural gas pipeline", "Operator": "ENERGY TRANSFER COMPANY", "Commodity": "Natural gas", "Type": "Gathering", "Status": "In Service", "Diameter (inches)": 6.63}, "geometry": {"type": "LineString", "coordinates": [[-96.014829, 30.581544], [-96.014829, 30.581544]]}},
    {"type": "Feature", "properties": {"name": "Natural gas pipeline", "Operator": "ENERGY TRANSFER COMPANY", "Commodity": "Natural gas", "Type": "Gathering", "Status": "In Service", "Diameter (inches)": 3.5}, "geometry": {"type": "LineString", "coordinates": [[-96.133781, 30.615915], [-96.133772, 30.615903]]}},
    {"type": "Feature", "properties": {"name": "Natural gas pipeline", "Operator": "ENERGY TRANSFER COMPANY", "Commodity": "Natural gas", "Type": "Transmission", "Status": "In Service", "Diameter (inches)": 36.0}, "geometry": {"type": "MultiLineString", "coordinates": [[[-95.938177, 30.250721], [-95.937816, 30.247125]], [[-95.937791, 30.246879], [-95.937244, 30.241432], [-95.936955, 30.240672], [-95.936928, 30.239348], [-95.936696, 30.237663]]]}},
    {"type": "Feature", "properties": {"name": "Natural gas pipeline", "Operator": "ENERGY TRANSFER COMPANY", "Commodity": "Natural gas", "Type": "Transmission", "Status": "In Service", "Diameter (inches)": 6.63}, "geometry": {"type": "MultiLineString", "coordinates": [[[-96.048778, 30.340892], [-96.050377, 30.344636], [-96.05074, 30.344628]], [[-96.046343, 30.315607], [-96.046655, 30.318788], [-96.046337, 30.320403], [-96.045828, 30.322145], [-96.045987, 30.330089], [-96.046109, 30.33249], [-96.046609, 30.335197], [-96.047154, 30.336895], [-96.0476, 30.337832]], [[-96.04992, 30.291868], [-96.048613, 30.293986]], [[-96.056709, 30.280213], [-96.054078, 30.284096], [-96.052826, 30.286213]], [[-96.070882, 30.229755], [-96.070675, 30.231388], [-96.069726, 30.237013], [-96.068809, 30.244886], [-96.068551, 30.255777], [-96.068453, 30.263567]]]}},
    {"type": "Feature", "properties": {"name": "Natural gas pipeline", "Operator": "ENERGY TRANSFER COMPANY", "Commodity": "Natural gas", "Type": "Transmission", "Status": "In Service", "Diameter (inches)": 6.63}, "geometry": {"type": "MultiLineString", "coordinates": [[[-96.05074, 30.344628], [-96.052489, 30.344584], [-96.056694, 30.351068], [-96.057868, 30.352574], [-96.058378, 30.353126], [-96.06064, 30.356212]], [[-96.0476, 30.337832], [-96.048186, 30.338999], [-96.048778, 30.340892]], [[-96.045313, 30.307666], [-96.045207, 30.309138], [-96.045304, 30.311296], [-96.045835, 30.313059], [-96.046343, 30.315607]], [[-96.048613, 30.293986], [-96.04747, 30.295827], [-96.046189, 30.299758], [-96.045321, 30.299794], [-96.045273, 30.303145], [-96.045361, 30.305809]], [[-96.052826, 30.286213], [-96.050959, 30.289718], [-96.04992, 30.291868]], [[-96.068453, 30.263567], [-96.068427, 30.265655], [-96.068206, 30.266444], [-96.067876, 30.267191], [-96.065532, 30.267316], [-96.064728, 30.267928], [-96.061737, 30.27161], [-96.057362, 30.279313], [-96.056709, 30.280213]]]}},
    {"type": "Feature", "properties": {"name": "Natural gas pipeline", "Operator": "ENERGY TRANSFER COMPANY", "Commodity": "Natural gas", "Type": "Transmission", "Status": "In Service", "Diameter (inches)": 6.63}, "geometry": {"type": "LineString", "coordinates": [[-96.045361, 30.305809], [-96.045388, 30.30664], [-96.045313, 30.307666]]}},
    {"type": "Feature", "properties": {"name": "Natural gas pipeline", "Operator": "ENERGY TRANSFER COMPANY", "Commodity": "Natural gas", "Type": "Transmission", "Status": "In Service", "Diameter (inches)": 4.5}, "geometry": {"type": "LineString", "coordinates": [[-96.068422, 30.264139], [-96.064455, 30.264196], [-96.064452, 30.264465], [-96.063875, 30.264476], [-96.063865, 30.26521], [-96.060356, 30.26522], [-96.06035, 30.265072]]}},
    {"type": "Feature", "properties": {"name": "Natural gas pipeline", "Operator": "ENERGY TRANSFER COMPANY", "Commodity": "Natural gas", "Type": "Transmission", "Status": "In Service", "Diameter (inches)": 4.5}, "geometry": {"type": "LineString", "coordinates": [[-96.094779, 30.32248], [-96.094153, 30.319731], [-96.093684, 30.31821], [-96.093024, 30.316716], [-96.091708, 30.314663], [-96.087943, 30.309487], [-96.087118, 30.308685], [-96.086356, 30.308089], [-96.07523, 30.301084], [-96.074089, 30.300321], [-96.071436, 30.29836], [-96.070168, 30.297861], [-96.069408, 30.297739], [-96.063755, 30.297626], [-96.059274, 30.297922], [-96.047625, 30.298196], [-96.047342, 30.296212]]}},
    {"type": "Feature", "properties": {"name": "Natural gas pipeline", "Operator": "ENERGY TRANSFER COMPANY", "Commodity": "Natural gas", "Type": "Transmission", "Status": "In Service", "Diameter (inches)": 4.5}, "geometry": {"type": "LineString", "coordinates": [[-96.095778, 30.326042], [-96.0956, 30.326089], [-96.094779, 30.32248]]}},
    {"type": "Feature", "properties": {"name": "Natural gas pipeline", "Operator": "ENERGY TRANSFER COMPANY", "Commodity": "Natural gas", "Type": "Transmission", "Status": "In Service", "Diameter (inches)": 30.0}, "geometry": {"type": "MultiLineString", "coordinates": [[[-95.996021, 30.570298], [-95.995301, 30.567319]], [[-95.995301, 30.567319], [-95.995088, 30.566318], [-95.993379, 30.561063], [-95.991379, 30.554368]], [[-95.991379, 30.554368], [-95.989931, 30.549213]], [[-95.989931, 30.549213], [-95.989823, 30.54833], [-95.983551, 30.529484], [-95.98271, 30.528592], [-95.982263, 30.52719], [-95.981554, 30.52473], [-95.980845, 30.521886], [-95.980428, 30.519501], [-95.978933, 30.513239], [-95.97767, 30.508699], [-95.976185, 30.505234], [-95.973848, 30.500173], [-95.973866, 30.499014], [-95.972832, 30.497452], [-95.972213, 30.496033], [-95.97172, 30.495198], [-95.969028, 30.484484], [-95.966667, 30.476284], [-95.966465, 30.474984], [-95.966073, 30.474103], [-95.965672, 30.472689], [-95.965663, 30.472428], [-95.965764, 30.472172], [-95.965709, 30.471748], [-95.965228, 30.471322], [-95.964553, 30.470908], [-95.963634, 30.468674], [-95.963794, 30.467985], [-95.961727, 30.462158], [-95.960168, 30.457491], [-95.960016, 30.457317], [-95.957252, 30.455906], [-95.956854, 30.455581], [-95.956738, 30.45525], [-95.956466, 30.452081], [-95.954259, 30.447254], [-95.954466, 30.446863], [-95.95678, 30.444154], [-95.956851, 30.443724], [-95.956441, 30.440731], [-95.9562, 30.43607], [-95.956013, 30.435053], [-95.955448, 30.432441], [-95.953207, 30.423195], [-95.952521, 30.420813], [-95.951681, 30.416567], [-95.95018, 30.409985], [-95.950163, 30.409113], [-95.949875, 30.407038], [-95.949704, 30.406548], [-95.949661, 30.40542], [-95.949319, 30.404078], [-95.949315, 30.392731], [-95.949232, 30.392525], [-95.948443, 30.391914], [-95.9483, 30.391734], [-95.948103, 30.389816], [-95.948145, 30.38949], [-95.948899, 30.388104], [-95.948208, 30.386102], [-95.948101, 30.38524], [-95.946658, 30.381365], [-95.946595, 30.376541], [-95.947045, 30.369499], [-95.946618, 30.365078], [-95.946254, 30.362164], [-95.94608, 30.358619], [-95.945885, 30.351211], [-95.945562, 30.342871], [-95.945262, 30.330362], [-95.945246, 30.328297], [-95.945588, 30.326444], [-95.945316, 30.323662], [-95.944886, 30.323006], [-95.944831, 30.322703]], [[-95.944831, 30.322703], [-95.944522, 30.318256]], [[-95.944522, 30.318256], [-95.943911, 30.313423], [-95.94258, 30.304757], [-95.942284, 30.297814], [-95.942203, 30.297608], [-95.94183, 30.297282], [-95.941733, 30.29708], [-95.940802, 30.276733], [-95.940349, 30.271187], [-95.940052, 30.269877], [-95.939586, 30.269019], [-95.939103, 30.2678], [-95.939504, 30.267015], [-95.939378, 30.265858], [-95.939179, 30.265245], [-95.939596, 30.264464], [-95.939684, 30.264016], [-95.939381, 30.261921]], [[-95.939381, 30.261921], [-95.939044, 30.258423], [-95.938843, 30.255378], [-95.938002, 30.246762]]]}},
    {"type": "Feature", "properties": {"name": "Natural gas pipeline", "Operator": "ENERGY TRANSFER COMPANY", "Commodity": "Natural gas", "Type": "Transmission", "Status": "In Service", "Diameter (inches)": 30.0}, "geometry": {"type": "LineString", "coordinates": [[-95.938002, 30.246762], [-95.93751, 30.241741], [-95.936874, 30.237653]]}},
    {"type": "Feature", "properties": {"name": "Natural gas pipeline", "Operator": "ENERGY TRANSFER COMPANY", "Commodity": "Natural gas", "Type": "Transmission", "Status": "In Service", "Diameter (inches)": 36.0}, "geometry": {"type": "MultiLineString", "coordinates": [[[-96.116575, 30.823196], [-96.115498, 30.821396], [-96.11344, 30.817095], [-96.1117, 30.813764], [-96.111271, 30.813422], [-96.111145, 30.813226], [-96.111145, 30.812665], [-96.110844, 30.811994]], [[-96.110288, 30.810853], [-96.109375, 30.808986]]]}},
    {"type": "Feature", "properties": {"name": "Natural gas pipeline", "Operator": "ENERGY TRANSFER COMPANY", "Commodity": "Natural gas", "Type": "Transmission", "Status": "In Service", "Diameter (inches)": 36.0}, "geometry": {"type": "MultiLineString", "coordinates": [[[-96.118866, 30.827597], [-96.11724, 30.824514], [-96.117198, 30.824187], [-96.116754, 30.823358], [-96.116575, 30.823196]], [[-96.110844, 30.811994], [-96.110288, 30.810853]], [[-96.109375, 30.808986], [-96.106577, 30.803306], [-96.106754, 30.802935], [-96.106147, 30.801587], [-96.102133, 30.793477], [-96.096781, 30.785697], [-96.096967, 30.784962], [-96.096563, 30.78325], [-96.096581, 30.782462], [-96.094968, 30.778866], [-96.09382, 30.777922], [-96.088192, 30.77622], [-96.088198, 30.775074], [-96.087983, 30.771548], [-96.08475, 30.767031], [-96.083445, 30.764915], [-96.079741, 30.75954], [-96.078446, 30.756563], [-96.076643, 30.753282], [-96.073989, 30.752444], [-96.074435, 30.751198], [-96.074405, 30.750992], [-96.071816, 30.745473], [-96.065906, 30.735517], [-96.06529, 30.734974], [-96.065196, 30.734292], [-96.06222, 30.72926], [-96.061223, 30.727074], [-96.059084, 30.723908], [-96.054021, 30.715378], [-96.054144, 30.714964], [-96.047558, 30.70444], [-96.043805, 30.698177], [-96.041103, 30.694078], [-96.038651, 30.68992], [-96.038799, 30.689456], [-96.03839, 30.688761], [-96.037849, 30.688603], [-96.036074, 30.68553], [-96.032941, 30.676617], [-96.03175, 30.672496], [-96.030283, 30.66684], [-96.02951, 30.66313], [-96.029411, 30.66019], [-96.027831, 30.659303], [-96.024964, 30.648199], [-96.024956, 30.647035], [-96.02408, 30.644648], [-96.023163, 30.644229], [-96.021714, 30.640166], [-96.020643, 30.637656], [-96.020202, 30.636984], [-96.017752, 30.631438], [-96.017415, 30.630177], [-96.015934, 30.626907], [-96.01612, 30.626576], [-96.013029, 30.618475], [-96.00985, 30.610536], [-96.006711, 30.602347], [-96.006302, 30.602165], [-96.004595, 30.597905], [-96.003849, 30.594737], [-96.002861, 30.592719], [-95.996616, 30.573847], [-95.996051, 30.571819], [-95.996371, 30.571378], [-95.996102, 30.570109]]]}},
    {"type": "Feature", "properties": {"name": "Natural gas pipeline", "Operator": "ENERGY TRANSFER COMPANY", "Commodity": "Natural gas", "Type": "Transmission", "Status": "In Service", "Diameter (inches)": 36.0}, "geometry": {"type": "MultiLineString", "coordinates": [[[-95.993429, 30.57161], [-95.993202, 30.570617], [-95.993362, 30.570346], [-95.99412, 30.569909], [-95.995301, 30.567319]], [[-95.995301, 30.567319], [-95.995435, 30.567025], [-95.995262, 30.566385], [-95.992969, 30.55937], [-95.992838, 30.558648], [-95.991563, 30.554463], [-95.991379, 30.554368]], [[-95.991379, 30.554368], [-95.990773, 30.554056], [-95.989599, 30.549689], [-95.989931, 30.549213]], [[-95.989931, 30.549213], [-95.990042, 30.549053], [-95.989991, 30.548362], [-95.985997, 30.536271], [-95.98361, 30.529294], [-95.982846, 30.528501], [-95.981139, 30.522614], [-95.980473, 30.518798], [-95.979842, 30.516222], [-95.979687, 30.512422], [-95.979598, 30.511926], [-95.978914, 30.510779], [-95.977981, 30.508492], [-95.977171, 30.506863], [-95.974588, 30.501112], [-95.974976, 30.500396], [-95.974635, 30.499631], [-95.973612, 30.498168], [-95.972643, 30.495705], [-95.971712, 30.494215], [-95.971533, 30.493793], [-95.969501, 30.485666], [-95.967162, 30.477513], [-95.966646, 30.474986], [-95.966612, 30.470327], [-95.965387, 30.467839], [-95.96418, 30.466196], [-95.962725, 30.464453], [-95.961043, 30.459633], [-95.960015, 30.456221], [-95.959799, 30.455695], [-95.959011, 30.455242], [-95.958383, 30.453492], [-95.957407, 30.452831], [-95.956807, 30.451994], [-95.954633, 30.447322], [-95.954604, 30.447098], [-95.954722, 30.446793], [-95.956879, 30.444286], [-95.957996, 30.442306], [-95.957864, 30.441743], [-95.95741, 30.440737], [-95.956832, 30.43907], [-95.956852, 30.436127], [-95.956565, 30.435066], [-95.956023, 30.434386], [-95.953821, 30.424974], [-95.953033, 30.421994], [-95.952787, 30.421336], [-95.952431, 30.419775], [-95.95233, 30.418748], [-95.950316, 30.409865], [-95.950324, 30.408871], [-95.949972, 30.406771], [-95.94983, 30.406347], [-95.949733, 30.40502], [-95.949454, 30.404001], [-95.949524, 30.394338], [-95.950671, 30.390341], [-95.950671, 30.39012], [-95.950584, 30.389918], [-95.949059, 30.387959], [-95.948389, 30.386158], [-95.948231, 30.385126], [-95.946814, 30.381367], [-95.946781, 30.376907], [-95.947197, 30.369428], [-95.946697, 30.364407], [-95.946393, 30.362482], [-95.946436, 30.362042], [-95.946356, 30.360006], [-95.946261, 30.359418], [-95.945434, 30.330028], [-95.945424, 30.328008], [-95.94577, 30.326444], [-95.945521, 30.323691], [-95.945437, 30.323491], [-95.944831, 30.322703]], [[-95.944831, 30.322703], [-95.944402, 30.322146], [-95.944179, 30.318573], [-95.944522, 30.318256]], [[-95.944522, 30.318256], [-95.944644, 30.318144], [-95.944721, 30.317085], [-95.944686, 30.31369], [-95.944126, 30.313201], [-95.943994, 30.313006], [-95.942815, 30.305464], [-95.942858, 30.304178], [-95.943598, 30.302821], [-95.94353, 30.302474], [-95.942634, 30.301133], [-95.942565, 30.300916], [-95.942406, 30.297685], [-95.942163, 30.296705], [-95.942027, 30.292414], [-95.942701, 30.29064], [-95.942672, 30.290421], [-95.941803, 30.288366], [-95.941313, 30.277623], [-95.940609, 30.268597], [-95.940612, 30.267286], [-95.94047, 30.266765], [-95.93978, 30.262193], [-95.939381, 30.261921]], [[-95.939381, 30.261921], [-95.939161, 30.261771], [-95.938864, 30.258804], [-95.938625, 30.255181], [-95.938177, 30.250721]], [[-95.937816, 30.247125], [-95.937791, 30.246879]]]}},
    {"type": "Feature", "properties": {"name": "Natural gas pipeline", "Operator": "GALLOWAY ENERGY CO.", "Commodity": "Natural gas", "Type": "Gathering", "Status": "Abandoned", "Diameter (inches)": 2.38}, "geometry": {"type": "LineString", "coordinates": [[-95.850379, 30.243838], [-95.849999, 30.242665]]}},
    {"type": "Feature", "properties": {"name": "Natural gas pipeline", "Operator": "GALLOWAY ENERGY CO.", "Commodity": "Natural gas", "Type": "Gathering", "Status": "In Service", "Diameter (inches)": 6.63}, "geometry": {"type": "LineString", "coordinates": [[-95.912069, 30.275186], [-95.916422, 30.275132]]}},
    {"type": "Feature", "properties": {"name": "Natural gas pipeline", "Operator": "GALLOWAY ENERGY CO.", "Commodity": "Natural gas", "Type": "Gathering", "Status": "In Service", "Diameter (inches)": 6.63}, "geometry": {"type": "LineString", "coordinates": [[-95.916422, 30.275132], [-95.921625, 30.275042]]}},
    {"type": "Feature", "properties": {"name": "Natural gas pipeline", "Operator": "GALLOWAY ENERGY CO.", "Commodity": "Natural gas", "Type": "Gathering", "Status": "In Service", "Diameter (inches)": 6.63}, "geometry": {"type": "LineString", "coordinates": [[-95.899115, 30.275376], [-95.912069, 30.275186]]}},
    {"type": "Feature", "properties": {"name": "Natural gas pipeline", "Operator": "GALLOWAY ENERGY CO.", "Commodity": "Natural gas", "Type": "Gathering", "Status": "In Service", "Diameter (inches)": 6.63}, "geometry": {"type": "LineString", "coordinates": [[-95.869141, 30.272946], [-95.873695, 30.27285], [-95.876198, 30.272866], [-95.879207, 30.272774], [-95.880325, 30.272597], [-95.886967, 30.272456], [-95.891377, 30.2747], [-95.893022, 30.275467], [-95.899115, 30.275376]]}},
    {"type": "Feature", "properties": {"name": "Natural gas pipeline", "Operator": "GALLOWAY ENERGY CO.", "Commodity": "Natural gas", "Type": "Gathering", "Status": "In Service", "Diameter (inches)": 2.38}, "geometry": {"type": "LineString", "coordinates": [[-95.830584, 30.254915], [-95.831839, 30.254876], [-95.83207, 30.254779], [-95.836144, 30.261341], [-95.836909, 30.262292], [-95.839327, 30.262236], [-95.842507, 30.262274]]}},
    {"type": "Feature", "properties": {"name": "Natural gas pipeline", "Operator": "GALLOWAY ENERGY CO.", "Commodity": "Natural gas", "Type": "Gathering", "Status": "In Service", "Diameter (inches)": 3.5}, "geometry": {"type": "LineString", "coordinates": [[-95.842507, 30.262274], [-95.842763, 30.268787]]}},
    {"type": "Feature", "properties": {"name": "Natural gas pipeline", "Operator": "GALLOWAY ENERGY CO.", "Commodity": "Natural gas", "Type": "Gathering", "Status": "In Service", "Diameter (inches)": 6.63}, "geometry": {"type": "LineString", "coordinates": [[-95.842763, 30.268787], [-95.843876, 30.26882], [-95.853826, 30.268616], [-95.859346, 30.272288], [-95.860347, 30.273076], [-95.869141, 30.272946]]}},
    {"type": "Feature", "properties": {"name": "Natural gas pipeline", "Operator": "GIBBONS LAKE AND LAND, LLC", "Commodity": "Natural gas", "Type": "Gathering", "Status": "In Service", "Diameter (inches)": 8.63}, "geometry": {"type": "LineString", "coordinates": [[-96.079009, 30.617543], [-96.079012, 30.617652], [-96.078815, 30.617779], [-96.078473, 30.621573], [-96.078681, 30.624755]]}},
    {"type": "Feature", "properties": {"name": "Natural gas pipeline", "Operator": "GIBBONS LAKE AND LAND, LLC", "Commodity": "Natural gas", "Type": "Transmission", "Status": "In Service", "Diameter (inches)": 8.63}, "geometry": {"type": "MultiLineString", "coordinates": [[[-96.07937, 30.660438], [-96.075402, 30.658226], [-96.074242, 30.657389], [-96.074298, 30.656876], [-96.074203, 30.65663], [-96.073952, 30.656491]], [[-96.073952, 30.656491], [-96.073562, 30.656366], [-96.073033, 30.656536], [-96.07275, 30.656555], [-96.0719, 30.656238], [-96.059377, 30.649335], [-96.059209, 30.648023], [-96.058613, 30.647325], [-96.055814, 30.645904]]]}},
    {"type": "Feature", "properties": {"name": "Natural gas pipeline", "Operator": "GIBBONS LAKE AND LAND, LLC", "Commodity": "Natural gas", "Type": "Transmission", "Status": "In Service", "Diameter (inches)": 8.63}, "geometry": {"type": "LineString", "coordinates": [[-96.042412, 30.639067], [-96.031055, 30.632395], [-96.020756, 30.626039], [-96.015174, 30.624296], [-96.006549, 30.602432], [-96.004947, 30.602421], [-96.003675, 30.602191], [-96.002377, 30.602404], [-95.994229, 30.60267], [-95.993898, 30.602796], [-95.991921, 30.602946], [-95.990376, 30.602882], [-95.987682, 30.603054], [-95.987363, 30.602879], [-95.985657, 30.60291], [-95.98483, 30.602555], [-95.984126, 30.602155], [-95.98106, 30.600253], [-95.980534, 30.599859], [-95.98009, 30.599325], [-95.980026, 30.599366], [-95.977941, 30.598477], [-95.969862, 30.593478], [-95.963182, 30.589859]]}},
    {"type": "Feature", "properties": {"name": "Natural gas pipeline", "Operator": "GIBBONS LAKE AND LAND, LLC", "Commodity": "Natural gas", "Type": "Transmission", "Status": "In Service", "Diameter (inches)": 8.63}, "geometry": {"type": "LineString", "coordinates": [[-96.055814, 30.645904], [-96.042412, 30.639067]]}},
    {"type": "Feature", "properties": {"name": "Natural gas pipeline", "Operator": "IRON RIDGE OPERATING, LLC", "Commodity": "Natural gas", "Type": "Gathering", "Status": "In Service", "Diameter (inches)": 6.63}, "geometry": {"type": "LineString", "coordinates": [[-96.15588, 30.624092], [-96.155417, 30.623688], [-96.154612, 30.623603], [-96.15454, 30.623673], [-96.15223, 30.623699], [-96.152254, 30.62449], [-96.151157, 30.624456]]}},
    {"type": "Feature", "properties": {"name": "Natural gas pipeline", "Operator": "KINDER MORGAN TEJAS PIPELINE LLC", "Commodity": "Natural gas", "Type": "Transmission", "Status": "In Service", "Diameter (inches)": 16.0}, "geometry": {"type": "LineString", "coordinates": [[-95.955846, 30.442023], [-95.952344, 30.443199], [-95.956413, 30.452119], [-95.956677, 30.45523], [-95.957034, 30.457002], [-95.95773, 30.465265], [-95.958982, 30.468315], [-95.959194, 30.468419], [-95.961213, 30.473415], [-95.963638, 30.474509], [-95.966431, 30.476987], [-95.968664, 30.484574], [-95.969959, 30.489876], [-95.97082, 30.49283], [-95.968297, 30.497343], [-95.966016, 30.498197], [-95.96678, 30.499757], [-95.965072, 30.501682], [-95.964091, 30.504849], [-95.958268, 30.515249], [-95.958151, 30.516108], [-95.954521, 30.522576], [-95.952191, 30.52718], [-95.949393, 30.531735], [-95.945988, 30.53781], [-95.945248, 30.539387], [-95.944998, 30.540912], [-95.942271, 30.545752], [-95.940512, 30.549476], [-95.940486, 30.551328], [-95.935735, 30.559647], [-95.928192, 30.575725], [-95.928038, 30.576617], [-95.92713, 30.577984], [-95.926939, 30.578388], [-95.92641, 30.578864], [-95.926257, 30.579183], [-95.924988, 30.581897], [-95.924945, 30.582652], [-95.921538, 30.5899], [-95.918166, 30.591028], [-95.918491, 30.591777]]}},
    {"type": "Feature", "properties": {"name": "Natural gas pipeline", "Operator": "KINDER MORGAN TEJAS PIPELINE LLC", "Commodity": "Natural gas", "Type": "Transmission", "Status": "In Service", "Diameter (inches)": 20.0}, "geometry": {"type": "LineString", "coordinates": [[-95.94742, 30.505574], [-95.949661, 30.504567], [-95.952049, 30.505005], [-95.953979, 30.504232]]}},
    {"type": "Feature", "properties": {"name": "Natural gas pipeline", "Operator": "KINDER MORGAN TEJAS PIPELINE LLC", "Commodity": "Natural gas", "Type": "Transmission", "Status": "In Service", "Diameter (inches)": 16.0}, "geometry": {"type": "LineString", "coordinates": [[-95.822782, 30.530688], [-95.823033, 30.530706]]}},
    {"type": "Feature", "properties": {"name": "Natural gas pipeline", "Operator": "KINDER MORGAN TEJAS PIPELINE LLC", "Commodity": "Natural gas", "Type": "Transmission", "Status": "In Service", "Diameter (inches)": 20.0}, "geometry": {"type": "LineString", "coordinates": [[-95.953979, 30.504232], [-95.956985, 30.503121]]}},
    {"type": "Feature", "properties": {"name": "Natural gas pipeline", "Operator": "KINDER MORGAN TEJAS PIPELINE LLC", "Commodity": "Natural gas", "Type": "Transmission", "Status": "In Service", "Diameter (inches)": 20.0}, "geometry": {"type": "LineString", "coordinates": [[-95.822983, 30.530697], [-95.823948, 30.53081], [-95.82996, 30.52938], [-95.842472, 30.529047], [-95.843642, 30.528786], [-95.844326, 30.52888], [-95.856527, 30.528557], [-95.861584, 30.527363], [-95.862713, 30.526697], [-95.865081, 30.525981], [-95.870316, 30.526011], [-95.875628, 30.525825], [-95.88762, 30.521676], [-95.88984, 30.521031], [-95.897887, 30.518177], [-95.900316, 30.518619], [-95.902226, 30.51797], [-95.903978, 30.517802], [-95.905482, 30.517011], [-95.919314, 30.512498], [-95.920834, 30.512224], [-95.922093, 30.511602], [-95.936414, 30.506917], [-95.939139, 30.506883], [-95.943419, 30.507528], [-95.944084, 30.507439], [-95.944627, 30.506829], [-95.94742, 30.505574]]}},
    {"type": "Feature", "properties": {"name": "Natural gas pipeline", "Operator": "KINDER MORGAN TEJAS PIPELINE LLC", "Commodity": "Natural gas", "Type": "Transmission", "Status": "In Service", "Diameter (inches)": 20.0}, "geometry": {"type": "LineString", "coordinates": [[-95.956985, 30.503121], [-95.957592, 30.502913], [-95.958141, 30.503107], [-95.95881, 30.50356], [-95.962293, 30.501289], [-95.96603, 30.499847], [-95.965431, 30.498626]]}},
    {"type": "Feature", "properties": {"name": "Natural gas pipeline", "Operator": "KINDER MORGAN TEJAS PIPELINE LLC", "Commodity": "Natural gas", "Type": "Transmission", "Status": "In Service", "Diameter (inches)": 12.75}, "geometry": {"type": "LineString", "coordinates": [[-95.956536, 30.441642], [-95.955913, 30.441869], [-95.955925, 30.441923]]}},
    {"type": "Feature", "properties": {"name": "Natural gas pipeline", "Operator": "KINDER MORGAN TEJAS PIPELINE LLC", "Commodity": "Natural gas", "Type": "Transmission", "Status": "In Service", "Diameter (inches)": 26.0}, "geometry": {"type": "LineString", "coordinates": [[-95.816393, 30.484743], [-95.817551, 30.487182], [-95.820174, 30.491398], [-95.821493, 30.495292], [-95.821964, 30.496403], [-95.82421, 30.502663], [-95.825951, 30.505043], [-95.826047, 30.505298], [-95.826418, 30.515692], [-95.825494, 30.52093], [-95.825046, 30.521756], [-95.823976, 30.52647], [-95.823561, 30.527308], [-95.821279, 30.53724]]}},
    {"type": "Feature", "properties": {"name": "Natural gas pipeline", "Operator": "MAGNOLIA OIL & GAS OPERATING LLC", "Commodity": "Natural gas", "Type": "Gathering", "Status": "In Service", "Diameter (inches)": 6.63}, "geometry": {"type": "LineString", "coordinates": [[-96.078637, 30.753217], [-96.076542, 30.753416], [-96.071083, 30.751713], [-96.071206, 30.745914], [-96.072325, 30.743192], [-96.068476, 30.741917], [-96.068974, 30.735962], [-96.065867, 30.734975], [-96.056585, 30.720026], [-96.051736, 30.719234]]}},
    {"type": "Feature", "properties": {"name": "Natural gas pipeline", "Operator": "MILLENNIUM POWER OF TEXAS, INC.", "Commodity": "Natural gas", "Type": "Transmission", "Status": "In Service", "Diameter (inches)": 8.63}, "geometry": {"type": "LineString", "coordinates": [[-96.078681, 30.624755], [-96.078269, 30.624687], [-96.077391, 30.633917], [-96.077186, 30.634404], [-96.07674, 30.638692]]}},
    {"type": "Feature", "properties": {"name": "Natural gas pipeline", "Operator": "MILLENNIUM POWER OF TEXAS, INC.", "Commodity": "Natural gas", "Type": "Transmission", "Status": "In Service", "Diameter (inches)": 8.63}, "geometry": {"type": "LineString", "coordinates": [[-96.07674, 30.638692], [-96.076448, 30.642277], [-96.075953, 30.646205], [-96.075113, 30.655216], [-96.070075, 30.660661], [-96.068455, 30.662548], [-96.06606, 30.662516], [-96.048804, 30.662751], [-96.047201, 30.661606], [-96.045119, 30.662799], [-96.029052, 30.66306], [-96.023507, 30.663243], [-96.008422, 30.663569], [-95.995451, 30.662406], [-95.990392, 30.662129], [-95.98858, 30.662125], [-95.988474, 30.662059], [-95.988472, 30.661663]]}},
    {"type": "Feature", "properties": {"name": "Natural gas pipeline", "Operator": "NAVITAS PIPELINE TEXAS, LLC", "Commodity": "Natural gas", "Type": "Gathering", "Status": "Abandoned", "Diameter (inches)": 16.0}, "geometry": {"type": "LineString", "coordinates": [[-96.176636, 30.623167], [-96.175764, 30.622392], [-96.164228, 30.614765], [-96.164045, 30.614714], [-96.160009, 30.614792], [-96.158986, 30.614364], [-96.153844, 30.614469], [-96.153081, 30.614899], [-96.146001, 30.615059], [-96.14433, 30.61574], [-96.138608, 30.615797], [-96.114307, 30.614756], [-96.113094, 30.614252], [-96.109722, 30.614018], [-96.105129, 30.613186], [-96.104839, 30.61298], [-96.103176, 30.609642], [-96.103053, 30.609516], [-96.100368, 30.607983], [-96.097347, 30.605696], [-96.097248, 30.605555], [-96.096928, 30.604332], [-96.09682, 30.604195], [-96.095851, 30.603586], [-96.092609, 30.602658], [-96.092418, 30.602662], [-96.090717, 30.603224], [-96.090526, 30.60322], [-96.090358, 30.603154], [-96.089107, 30.602103], [-96.08768, 30.601297], [-96.087528, 30.601], [-96.087581, 30.598233], [-96.084667, 30.598191], [-96.084491, 30.598236], [-96.084331, 30.598328], [-96.083736, 30.599045], [-96.083553, 30.601103], [-96.083453, 30.601244], [-96.083293, 30.601332], [-96.07915, 30.601647], [-96.078975, 30.601711], [-96.077083, 30.603085], [-96.075549, 30.603409], [-96.072673, 30.60311], [-96.068064, 30.603222], [-96.065059, 30.60303], [-96.062548, 30.603118], [-96.056933, 30.602898], [-96.051417, 30.603466], [-96.049707, 30.603804], [-96.049547, 30.603894], [-96.049219, 30.604269], [-96.047037, 30.605482], [-96.046854, 30.605525], [-96.043298, 30.605326], [-96.042787, 30.605223], [-96.042185, 30.605532], [-96.041384, 30.605725], [-96.036699, 30.605982], [-96.032411, 30.606062], [-96.030977, 30.606814], [-96.026117, 30.606939], [-96.025766, 30.607063], [-96.02482, 30.607819]]}},
    {"type": "Feature", "properties": {"name": "Natural gas pipeline", "Operator": "PARDUS OIL & GAS OPERATING, LP", "Commodity": "Natural gas", "Type": "Gathering", "Status": "Abandoned", "Diameter (inches)": 4.5}, "geometry": {"type": "LineString", "coordinates": [[-95.961546, 30.805552], [-95.961656, 30.805401], [-95.961555, 30.804848], [-95.961625, 30.80471], [-95.962364, 30.804703], [-95.963917, 30.804406], [-95.964871, 30.804487]]}},
    {"type": "Feature", "properties": {"name": "Natural gas pipeline", "Operator": "PARDUS OIL & GAS OPERATING, LP", "Commodity": "Natural gas", "Type": "Gathering", "Status": "Abandoned", "Diameter (inches)": 4.5}, "geometry": {"type": "LineString", "coordinates": [[-95.951723, 30.790165], [-95.951916, 30.790102], [-95.963441, 30.793183], [-95.963329, 30.793602], [-95.963095, 30.793934], [-95.962978, 30.794603], [-95.961927, 30.797581], [-95.961637, 30.79861], [-95.961487, 30.798849], [-95.961363, 30.799446], [-95.962118, 30.804558], [-95.961991, 30.804694], [-95.96156, 30.804748], [-95.96164, 30.805341], [-95.961536, 30.805506]]}},
    {"type": "Feature", "properties": {"name": "Natural gas pipeline", "Operator": "PRIDE ENERGY COMPANY", "Commodity": "Natural gas", "Type": "Gathering", "Status": "In Service", "Diameter (inches)": 4.5}, "geometry": {"type": "LineString", "coordinates": [[-96.037524, 30.742075], [-96.038142, 30.740328], [-96.035997, 30.739622], [-96.026552, 30.736929], [-96.022943, 30.73606], [-96.022798, 30.735913], [-96.022791, 30.735152]]}},
    {"type": "Feature", "properties": {"name": "Natural gas pipeline", "Operator": "PRIDE ENERGY COMPANY", "Commodity": "Natural gas", "Type": "Gathering", "Status": "In Service", "Diameter (inches)": 8.63}, "geometry": {"type": "LineString", "coordinates": [[-96.031091, 30.748486], [-96.03422, 30.749497], [-96.034365, 30.749489], [-96.035372, 30.746966], [-96.035639, 30.74705], [-96.037524, 30.742075], [-96.038996, 30.742495]]}},
    {"type": "Feature", "properties": {"name": "Natural gas pipeline", "Operator": "PRIDE ENERGY COMPANY", "Commodity": "Natural gas", "Type": "Gathering", "Status": "In Service", "Diameter (inches)": 8.63}, "geometry": {"type": "LineString", "coordinates": [[-96.021166, 30.759619], [-96.023745, 30.754942], [-96.025072, 30.755331], [-96.028009, 30.749613]]}},
    {"type": "Feature", "properties": {"name": "Natural gas pipeline", "Operator": "PRIDE ENERGY COMPANY", "Commodity": "Natural gas", "Type": "Gathering", "Status": "In Service", "Diameter (inches)": 8.63}, "geometry": {"type": "LineString", "coordinates": [[-96.028009, 30.749613], [-96.029131, 30.748062], [-96.031091, 30.748486]]}},
    {"type": "Feature", "properties": {"name": "Natural gas pipeline", "Operator": "PRIDE ENERGY COMPANY", "Commodity": "Natural gas", "Type": "Gathering", "Status": "In Service", "Diameter (inches)": 4.5}, "geometry": {"type": "LineString", "coordinates": [[-96.022783, 30.736016], [-96.019243, 30.734206], [-96.017923, 30.734669], [-96.012529, 30.733097], [-96.012193, 30.732846], [-96.011468, 30.732025], [-96.011148, 30.731795], [-96.010209, 30.731805], [-96.008065, 30.730853], [-96.0067, 30.730406], [-96.006082, 30.730012], [-96.005182, 30.729257], [-96.004358, 30.728783], [-96.001611, 30.727798], [-96.001069, 30.72741], [-96.001069, 30.72688]]}},
    {"type": "Feature", "properties": {"name": "Natural gas pipeline", "Operator": "PROLINE ENERGY RESOURCES INC", "Commodity": "Natural gas", "Type": "Transmission", "Status": "In Service", "Diameter (inches)": 4.5}, "geometry": {"type": "LineString", "coordinates": [[-95.910893, 30.462901], [-95.910846, 30.463518], [-95.907306, 30.463282], [-95.902899, 30.461662], [-95.902898, 30.457843], [-95.902695, 30.457899], [-95.888139, 30.457903], [-95.888026, 30.454311], [-95.887727, 30.454395], [-95.880012, 30.454067], [-95.879987, 30.454134], [-95.880086, 30.445835], [-95.878182, 30.445513], [-95.878147, 30.442334], [-95.877314, 30.442387]]}},
    {"type": "Feature", "properties": {"name": "Natural gas pipeline", "Operator": "TRAILBLAZER ENERGY RESOURCES,LLC", "Commodity": "Natural gas", "Type": "Gathering", "Status": "In Service", "Diameter (inches)": 8.63}, "geometry": {"type": "LineString", "coordinates": [[-95.877918, 30.83842], [-95.878328, 30.838489]]}},
    {"type": "Feature", "properties": {"name": "Natural gas pipeline", "Operator": "TRAILBLAZER ENERGY RESOURCES,LLC", "Commodity": "Natural gas", "Type": "Gathering", "Status": "In Service", "Diameter (inches)": 8.63}, "geometry": {"type": "LineString", "coordinates": [[-95.909821, 30.842511], [-95.910487, 30.842593]]}},
    {"type": "Feature", "properties": {"name": "Natural gas pipeline", "Operator": "TRAILBLAZER ENERGY RESOURCES,LLC", "Commodity": "Natural gas", "Type": "Gathering", "Status": "In Service", "Diameter (inches)": 8.63}, "geometry": {"type": "LineString", "coordinates": [[-95.867196, 30.842195], [-95.867602, 30.842013], [-95.868434, 30.841246], [-95.869442, 30.839615], [-95.870213, 30.839787]]}},
    {"type": "Feature", "properties": {"name": "Natural gas pipeline", "Operator": "TRAILBLAZER ENERGY RESOURCES,LLC", "Commodity": "Natural gas", "Type": "Gathering", "Status": "In Service", "Diameter (inches)": 8.63}, "geometry": {"type": "LineString", "coordinates": [[-95.878328, 30.838489], [-95.886149, 30.839815]]}},
    {"type": "Feature", "properties": {"name": "Natural gas pipeline", "Operator": "TRAILBLAZER ENERGY RESOURCES,LLC", "Commodity": "Natural gas", "Type": "Gathering", "Status": "In Service", "Diameter (inches)": 8.63}, "geometry": {"type": "LineString", "coordinates": [[-95.873304, 30.839905], [-95.873339, 30.839892]]}},
    {"type": "Feature", "properties": {"name": "Natural gas pipeline", "Operator": "TRAILBLAZER ENERGY RESOURCES,LLC", "Commodity": "Natural gas", "Type": "Gathering", "Status": "In Service", "Diameter (inches)": 8.63}, "geometry": {"type": "LineString", "coordinates": [[-95.872505, 30.840164], [-95.872825, 30.840082]]}},
    {"type": "Feature", "properties": {"name": "Natural gas pipeline", "Operator": "TRAILBLAZER ENERGY RESOURCES,LLC", "Commodity": "Natural gas", "Type": "Gathering", "Status": "In Service", "Diameter (inches)": 8.63}, "geometry": {"type": "LineString", "coordinates": [[-95.871973, 30.840136], [-95.872007, 30.840139]]}},
    {"type": "Feature", "properties": {"name": "Natural gas pipeline", "Operator": "TRAILBLAZER ENERGY RESOURCES,LLC", "Commodity": "Natural gas", "Type": "Gathering", "Status": "In Service", "Diameter (inches)": 8.63}, "geometry": {"type": "LineString", "coordinates": [[-95.909783, 30.842501], [-95.909821, 30.842511]]}},
    {"type": "Feature", "properties": {"name": "Natural gas pipeline", "Operator": "TRAILBLAZER ENERGY RESOURCES,LLC", "Commodity": "Natural gas", "Type": "Gathering", "Status": "In Service", "Diameter (inches)": 8.63}, "geometry": {"type": "LineString", "coordinates": [[-95.886149, 30.839815], [-95.887599, 30.840061], [-95.888096, 30.839991]]}},
    {"type": "Feature", "properties": {"name": "Natural gas pipeline", "Operator": "TRAILBLAZER ENERGY RESOURCES,LLC", "Commodity": "Natural gas", "Type": "Gathering", "Status": "In Service", "Diameter (inches)": 4.5}, "geometry": {"type": "LineString", "coordinates": [[-95.864637, 30.841468], [-95.864621, 30.841501]]}},
    {"type": "Feature", "properties": {"name": "Natural gas pipeline", "Operator": "TRAILBLAZER ENERGY RESOURCES,LLC", "Commodity": "Natural gas", "Type": "Gathering", "Status": "In Service", "Diameter (inches)": 8.63}, "geometry": {"type": "LineString", "coordinates": [[-95.872825, 30.840082], [-95.873304, 30.839905]]}},
    {"type": "Feature", "properties": {"name": "Natural gas pipeline", "Operator": "TRAILBLAZER ENERGY RESOURCES,LLC", "Commodity": "Natural gas", "Type": "Gathering", "Status": "In Service", "Diameter (inches)": 8.63}, "geometry": {"type": "LineString", "coordinates": [[-95.867163, 30.842211], [-95.867196, 30.842195]]}},
    {"type": "Feature", "properties": {"name": "Natural gas pipeline", "Operator": "TRAILBLAZER ENERGY RESOURCES,LLC", "Commodity": "Natural gas", "Type": "Gathering", "Status": "In Service", "Diameter (inches)": 8.63}, "geometry": {"type": "LineString", "coordinates": [[-95.873339, 30.839892], [-95.873867, 30.839697], [-95.875767, 30.838056], [-95.876546, 30.838188]]}},
    {"type": "Feature", "properties": {"name": "Natural gas pipeline", "Operator": "TRAILBLAZER ENERGY RESOURCES,LLC", "Commodity": "Natural gas", "Type": "Gathering", "Status": "In Service", "Diameter (inches)": 8.63}, "geometry": {"type": "LineString", "coordinates": [[-95.876585, 30.838195], [-95.877918, 30.83842]]}},
    {"type": "Feature", "properties": {"name": "Natural gas pipeline", "Operator": "TRAILBLAZER ENERGY RESOURCES,LLC", "Commodity": "Natural gas", "Type": "Gathering", "Status": "In Service", "Diameter (inches)": 8.63}, "geometry": {"type": "LineString", "coordinates": [[-95.870213, 30.839787], [-95.870253, 30.839787]]}},
    {"type": "Feature", "properties": {"name": "Natural gas pipeline", "Operator": "TRAILBLAZER ENERGY RESOURCES,LLC", "Commodity": "Natural gas", "Type": "Gathering", "Status": "In Service", "Diameter (inches)": 8.63}, "geometry": {"type": "LineString", "coordinates": [[-95.876546, 30.838188], [-95.876585, 30.838195]]}},
    {"type": "Feature", "properties": {"name": "Natural gas pipeline", "Operator": "TRAILBLAZER ENERGY RESOURCES,LLC", "Commodity": "Natural gas", "Type": "Gathering", "Status": "In Service", "Diameter (inches)": 8.63}, "geometry": {"type": "LineString", "coordinates": [[-95.909604, 30.841425], [-95.909714, 30.841994], [-95.909618, 30.842458], [-95.909783, 30.842501]]}},
    {"type": "Feature", "properties": {"name": "Natural gas pipeline", "Operator": "TRAILBLAZER ENERGY RESOURCES,LLC", "Commodity": "Natural gas", "Type": "Gathering", "Status": "In Service", "Diameter (inches)": 8.63}, "geometry": {"type": "LineString", "coordinates": [[-95.872471, 30.840163], [-95.872505, 30.840164]]}},
    {"type": "Feature", "properties": {"name": "Natural gas pipeline", "Operator": "TRAILBLAZER ENERGY RESOURCES,LLC", "Commodity": "Natural gas", "Type": "Gathering", "Status": "In Service", "Diameter (inches)": 8.63}, "geometry": {"type": "LineString", "coordinates": [[-95.862952, 30.840677], [-95.862983, 30.840692]]}},
    {"type": "Feature", "properties": {"name": "Natural gas pipeline", "Operator": "TRAILBLAZER ENERGY RESOURCES,LLC", "Commodity": "Natural gas", "Type": "Gathering", "Status": "In Service", "Diameter (inches)": 8.63}, "geometry": {"type": "LineString", "coordinates": [[-95.859709, 30.840059], [-95.859724, 30.840061]]}},
    {"type": "Feature", "properties": {"name": "Natural gas pipeline", "Operator": "TRAILBLAZER ENERGY RESOURCES,LLC", "Commodity": "Natural gas", "Type": "Gathering", "Status": "In Service", "Diameter (inches)": 8.63}, "geometry": {"type": "LineString", "coordinates": [[-95.859724, 30.840061], [-95.862367, 30.840389], [-95.862952, 30.840677]]}},
    {"type": "Feature", "properties": {"name": "Natural gas pipeline", "Operator": "TRAILBLAZER ENERGY RESOURCES,LLC", "Commodity": "Natural gas", "Type": "Gathering", "Status": "In Service", "Diameter (inches)": 8.63}, "geometry": {"type": "MultiLineString", "coordinates": [[[-95.864621, 30.841501], [-95.866585, 30.842471], [-95.867163, 30.842211]], [[-95.862983, 30.840692], [-95.864621, 30.841501]]]}},
    {"type": "Feature", "properties": {"name": "Natural gas pipeline", "Operator": "TRAILBLAZER ENERGY RESOURCES,LLC", "Commodity": "Natural gas", "Type": "Gathering", "Status": "In Service", "Diameter (inches)": 8.63}, "geometry": {"type": "LineString", "coordinates": [[-95.870253, 30.839787], [-95.87118, 30.839773], [-95.871327, 30.839815], [-95.871681, 30.840106], [-95.871973, 30.840136]]}},
    {"type": "Feature", "properties": {"name": "Natural gas pipeline", "Operator": "TRAILBLAZER ENERGY RESOURCES,LLC", "Commodity": "Natural gas", "Type": "Gathering", "Status": "In Service", "Diameter (inches)": 8.63}, "geometry": {"type": "LineString", "coordinates": [[-95.909594, 30.841389], [-95.909604, 30.841425]]}},
    {"type": "Feature", "properties": {"name": "Natural gas pipeline", "Operator": "TRAILBLAZER ENERGY RESOURCES,LLC", "Commodity": "Natural gas", "Type": "Gathering", "Status": "In Service", "Diameter (inches)": 10.75}, "geometry": {"type": "LineString", "coordinates": [[-95.913712, 30.856754], [-95.913712, 30.856751]]}},
    {"type": "Feature", "properties": {"name": "Natural gas pipeline", "Operator": "TRAILBLAZER ENERGY RESOURCES,LLC", "Commodity": "Natural gas", "Type": "Gathering", "Status": "In Service", "Diameter (inches)": 8.63}, "geometry": {"type": "LineString", "coordinates": [[-95.901035, 30.748382], [-95.900648, 30.74813]]}},
    {"type": "Feature", "properties": {"name": "Natural gas pipeline", "Operator": "TRAILBLAZER ENERGY RESOURCES,LLC", "Commodity": "Natural gas", "Type": "Gathering", "Status": "In Service", "Diameter (inches)": 10.75}, "geometry": {"type": "LineString", "coordinates": [[-95.901035, 30.748382], [-95.900648, 30.74813]]}},
    {"type": "Feature", "properties": {"name": "Natural gas pipeline", "Operator": "TRAILBLAZER ENERGY RESOURCES,LLC", "Commodity": "Natural gas", "Type": "Gathering", "Status": "In Service", "Diameter (inches)": 8.63}, "geometry": {"type": "MultiLineString", "coordinates": [[[-95.919453, 30.760653], [-95.917963, 30.759955], [-95.915186, 30.759161], [-95.913263, 30.757013], [-95.901035, 30.748382]], [[-95.900648, 30.74813], [-95.900386, 30.747763], [-95.899234, 30.747437], [-95.896655, 30.7469]]]}},
    {"type": "Feature", "properties": {"name": "Natural gas pipeline", "Operator": "TRAILBLAZER ENERGY RESOURCES,LLC", "Commodity": "Natural gas", "Type": "Gathering", "Status": "In Service", "Diameter (inches)": 10.75}, "geometry": {"type": "MultiLineString", "coordinates": [[[-95.913712, 30.856751], [-95.914897, 30.849881], [-95.914879, 30.849394], [-95.915119, 30.848592], [-95.916362, 30.841929]], [[-95.911269, 30.842413], [-95.911237, 30.842603], [-95.909779, 30.842406], [-95.909889, 30.841859], [-95.909715, 30.841206], [-95.909472, 30.841167], [-95.913211, 30.82406], [-95.909609, 30.823598], [-95.904424, 30.82281], [-95.905503, 30.817048], [-95.905378, 30.81703], [-95.906366, 30.811907], [-95.905658, 30.811788], [-95.904037, 30.811322], [-95.903583, 30.810579], [-95.902587, 30.810414], [-95.903107, 30.807168], [-95.903125, 30.806391], [-95.901285, 30.804643], [-95.902598, 30.803641], [-95.902611, 30.803486], [-95.905455, 30.801342], [-95.905496, 30.800451], [-95.904385, 30.798843], [-95.899947, 30.794187], [-95.89844, 30.792789], [-95.900531, 30.791272], [-95.89663, 30.787385], [-95.900154, 30.770206], [-95.901764, 30.761734], [-95.90228, 30.758524], [-95.902574, 30.757489], [-95.903976, 30.750504], [-95.901035, 30.748382]], [[-95.916362, 30.841929], [-95.916385, 30.841804], [-95.916003, 30.841745], [-95.911461, 30.841289], [-95.911269, 30.842413]], [[-95.900648, 30.74813], [-95.90036, 30.747788], [-95.89922, 30.747465], [-95.896642, 30.746929], [-95.896603, 30.747488]]]}},
    {"type": "Feature", "properties": {"name": "Natural gas pipeline", "Operator": "TRAILBLAZER ENERGY RESOURCES,LLC", "Commodity": "Natural gas", "Type": "Gathering", "Status": "In Service", "Diameter (inches)": 8.63}, "geometry": {"type": "LineString", "coordinates": [[-95.906983, 30.839481], [-95.907021, 30.839469]]}},
    {"type": "Feature", "properties": {"name": "Natural gas pipeline", "Operator": "TRAILBLAZER ENERGY RESOURCES,LLC", "Commodity": "Natural gas", "Type": "Gathering", "Status": "In Service", "Diameter (inches)": 4.5}, "geometry": {"type": "LineString", "coordinates": [[-95.861347, 30.830933], [-95.861274, 30.831319], [-95.861733, 30.833386], [-95.862123, 30.834122], [-95.862673, 30.834686], [-95.86309, 30.835455], [-95.863448, 30.836915], [-95.863835, 30.837681], [-95.864759, 30.83827], [-95.864647, 30.839127], [-95.864598, 30.841309], [-95.864533, 30.841402]]}},
    {"type": "Feature", "properties": {"name": "Natural gas pipeline", "Operator": "TRAILBLAZER ENERGY RESOURCES,LLC", "Commodity": "Natural gas", "Type": "Gathering", "Status": "In Service", "Diameter (inches)": 4.5}, "geometry": {"type": "LineString", "coordinates": [[-95.929002, 30.851948], [-95.927975, 30.852651], [-95.927455, 30.852578], [-95.92657, 30.851115], [-95.926513, 30.850504], [-95.924937, 30.84947], [-95.924594, 30.848599], [-95.924366, 30.848261]]}},
    {"type": "Feature", "properties": {"name": "Natural gas pipeline", "Operator": "TRAILBLAZER ENERGY RESOURCES,LLC", "Commodity": "Natural gas", "Type": "Gathering", "Status": "In Service", "Diameter (inches)": 4.5}, "geometry": {"type": "MultiLineString", "coordinates": [[[-95.924366, 30.848261], [-95.924236, 30.848067], [-95.923565, 30.847481], [-95.923395, 30.847053], [-95.923497, 30.845827], [-95.923471, 30.842891], [-95.923368, 30.842717], [-95.921325, 30.842572], [-95.916807, 30.841865], [-95.916564, 30.841961], [-95.916362, 30.841929]], [[-95.916362, 30.841929], [-95.911589, 30.841418], [-95.911413, 30.842436], [-95.911269, 30.842413]], [[-95.911269, 30.842413], [-95.910154, 30.842232]]]}},
    {"type": "Feature", "properties": {"name": "Natural gas pipeline", "Operator": "TRAILBLAZER ENERGY RESOURCES,LLC", "Commodity": "Natural gas", "Type": "Gathering", "Status": "In Service", "Diameter (inches)": 8.63}, "geometry": {"type": "LineString", "coordinates": [[-95.872007, 30.840139], [-95.872471, 30.840163]]}},
    {"type": "Feature", "properties": {"name": "Natural gas pipeline", "Operator": "TRAILBLAZER ENERGY RESOURCES,LLC", "Commodity": "Natural gas", "Type": "Gathering", "Status": "In Service", "Diameter (inches)": 8.63}, "geometry": {"type": "LineString", "coordinates": [[-95.908884, 30.841209], [-95.909594, 30.841389]]}},
    {"type": "Feature", "properties": {"name": "Natural gas pipeline", "Operator": "TRAILBLAZER ENERGY RESOURCES,LLC", "Commodity": "Natural gas", "Type": "Gathering", "Status": "In Service", "Diameter (inches)": 8.63}, "geometry": {"type": "LineString", "coordinates": [[-95.90885, 30.841202], [-95.908884, 30.841209]]}},
    {"type": "Feature", "properties": {"name": "Natural gas pipeline", "Operator": "TRAILBLAZER ENERGY RESOURCES,LLC", "Commodity": "Natural gas", "Type": "Gathering", "Status": "In Service", "Diameter (inches)": 8.63}, "geometry": {"type": "LineString", "coordinates": [[-95.888096, 30.839991], [-95.888442, 30.839943], [-95.891982, 30.840541], [-95.892493, 30.84081], [-95.895677, 30.841252], [-95.898138, 30.841827], [-95.900258, 30.841492], [-95.906983, 30.839481]]}},
    {"type": "Feature", "properties": {"name": "Natural gas pipeline", "Operator": "TRAILBLAZER ENERGY RESOURCES,LLC", "Commodity": "Natural gas", "Type": "Gathering", "Status": "In Service", "Diameter (inches)": 8.63}, "geometry": {"type": "LineString", "coordinates": [[-95.907021, 30.839469], [-95.90885, 30.841202]]}},
    {"type": "Feature", "properties": {"name": "Natural gas pipeline", "Operator": "TRAILBLAZER ENERGY RESOURCES,LLC", "Commodity": "Natural gas", "Type": "Gathering", "Status": "In Service", "Diameter (inches)": 4.5}, "geometry": {"type": "LineString", "coordinates": [[-95.860328, 30.81524], [-95.860209, 30.815798], [-95.860055, 30.816038], [-95.860154, 30.816334], [-95.860231, 30.817151], [-95.859757, 30.820671], [-95.859735, 30.821534], [-95.859508, 30.822827], [-95.859484, 30.823184], [-95.859792, 30.825024], [-95.85958, 30.82794], [-95.859373, 30.828213], [-95.859233, 30.830469], [-95.859596, 30.830644], [-95.861355, 30.830889], [-95.861347, 30.830933]]}},
    {"type": "Feature", "properties": {"name": "Natural gas pipeline", "Operator": "TRANS BRAZOS ENERGY CORP.", "Commodity": "Natural gas", "Type": "Gathering", "Status": "Abandoned", "Diameter (inches)": 4.5}, "geometry": {"type": "LineString", "coordinates": [[-96.081334, 30.242008], [-96.072052, 30.23777], [-96.069885, 30.237492]]}},
    {"type": "Feature", "properties": {"name": "Natural gas pipeline", "Operator": "TRIDENT INTRASTATE PIPELINE LLC", "Commodity": "Natural gas", "Type": "Transmission", "Status": "In Service", "Diameter (inches)": 42.0}, "geometry": {"type": "LineString", "coordinates": [[-95.937626, 30.241919], [-95.937885, 30.242108], [-95.938227, 30.245307], [-95.939657, 30.26096], [-95.939812, 30.261378], [-95.94021, 30.261938], [-95.940331, 30.262364], [-95.940631, 30.264405], [-95.941401, 30.271268], [-95.941909, 30.280475], [-95.940001, 30.28154], [-95.933755, 30.281691], [-95.934211, 30.29116], [-95.934066, 30.291592], [-95.932021, 30.293349], [-95.931873, 30.293646], [-95.932184, 30.304871], [-95.931853, 30.306245], [-95.932086, 30.309437], [-95.929161, 30.314782], [-95.929084, 30.315205], [-95.930148, 30.332158], [-95.930266, 30.332596], [-95.930405, 30.339369], [-95.930607, 30.340399], [-95.930453, 30.340815], [-95.929903, 30.341526], [-95.92791, 30.343499], [-95.927046, 30.346657], [-95.923626, 30.352889], [-95.922859, 30.353762], [-95.920775, 30.355125], [-95.920519, 30.355503], [-95.91967, 30.357774], [-95.91956, 30.358378], [-95.919875, 30.366413], [-95.920229, 30.368452], [-95.917724, 30.372516], [-95.914541, 30.376476], [-95.909764, 30.38176], [-95.910084, 30.388557], [-95.908959, 30.392377], [-95.907827, 30.395837], [-95.903539, 30.403159], [-95.902636, 30.406396], [-95.902423, 30.407787], [-95.901896, 30.408887], [-95.901832, 30.409278], [-95.901673, 30.416526], [-95.90121, 30.418422], [-95.899194, 30.42121], [-95.899126, 30.421654], [-95.899178, 30.424369], [-95.899129, 30.424585], [-95.898906, 30.42498], [-95.898537, 30.425278], [-95.896204, 30.426301], [-95.895885, 30.426641], [-95.895648, 30.427101], [-95.887747, 30.445784], [-95.883704, 30.454757], [-95.883924, 30.461439], [-95.881294, 30.46491], [-95.875759, 30.470133], [-95.869017, 30.476001], [-95.868093, 30.47709], [-95.865079, 30.481932], [-95.850377, 30.496952], [-95.84983, 30.497674], [-95.844741, 30.506657], [-95.841194, 30.510066], [-95.840753, 30.510281], [-95.840035, 30.510389], [-95.839571, 30.510563], [-95.83599, 30.513021], [-95.830412, 30.5158], [-95.830053, 30.516109], [-95.828482, 30.518789], [-95.825117, 30.522165], [-95.824174, 30.526481], [-95.823707, 30.527348], [-95.823581, 30.527756], [-95.823233, 30.531015], [-95.822449, 30.532626], [-95.821904, 30.535034], [-95.821147, 30.535854]]}},
    {"type": "Feature", "properties": {"name": "Natural gas pipeline", "Operator": "TRIDENT INTRASTATE PIPELINE LLC", "Commodity": "Natural gas", "Type": "Transmission", "Status": "In Service", "Diameter (inches)": 42.0}, "geometry": {"type": "LineString", "coordinates": [[-95.936491, 30.240451], [-95.936563, 30.241147], [-95.937626, 30.241919]]}},
    {"type": "Feature", "properties": {"name": "Natural gas pipeline", "Operator": "TRIDENT INTRASTATE PIPELINE LLC", "Commodity": "Natural gas", "Type": "Transmission", "Status": "In Service", "Diameter (inches)": 42.0}, "geometry": {"type": "LineString", "coordinates": [[-95.936121, 30.237552], [-95.936491, 30.240451]]}},
    {"type": "Feature", "properties": {"name": "Natural gas pipeline", "Operator": "TWIN OAKS RENEWABLES, LLC", "Commodity": "Natural gas", "Type": "Gathering", "Status": "In Service", "Diameter (inches)": 6.63}, "geometry": {"type": "LineString", "coordinates": [[-96.141597, 30.587084], [-96.143226, 30.587301], [-96.144786, 30.587712], [-96.146759, 30.587959], [-96.148699, 30.588483], [-96.149868, 30.58861], [-96.150524, 30.588604]]}},
    {"type": "Feature", "properties": {"name": "Natural gas pipeline", "Operator": "WILDFIRE ENERGY OPERATING LLC", "Commodity": "Natural gas", "Type": "Gathering", "Status": "In Service", "Diameter (inches)": 6.63}, "geometry": {"type": "LineString", "coordinates": [[-96.09868, 30.7673], [-96.095308, 30.767485], [-96.093548, 30.767503], [-96.093169, 30.766058], [-96.091653, 30.766333], [-96.083367, 30.765013]]}},
    {"type": "Feature", "properties": {"name": "Natural gas pipeline", "Operator": "WILDFIRE ENERGY OPERATING LLC", "Commodity": "Natural gas", "Type": "Gathering", "Status": "In Service", "Diameter (inches)": 2.88}, "geometry": {"type": "LineString", "coordinates": [[-96.016639, 30.842224], [-96.016813, 30.842079], [-96.017322, 30.842127]]}},
    {"type": "Feature", "properties": {"name": "Natural gas pipeline", "Operator": "WILDFIRE ENERGY OPERATING LLC", "Commodity": "Natural gas", "Type": "Gathering", "Status": "In Service", "Diameter (inches)": 10.75}, "geometry": {"type": "LineString", "coordinates": [[-96.104245, 30.829678], [-96.104035, 30.829482]]}},
    {"type": "Feature", "properties": {"name": "Natural gas pipeline", "Operator": "WILDFIRE ENERGY OPERATING LLC", "Commodity": "Natural gas", "Type": "Gathering", "Status": "In Service", "Diameter (inches)": 2.88}, "geometry": {"type": "LineString", "coordinates": [[-96.019765, 30.841657], [-96.02151, 30.840744], [-96.021297, 30.835893], [-96.024072, 30.834966], [-96.025401, 30.836338], [-96.025496, 30.836332], [-96.025872, 30.838347], [-96.027312, 30.84059]]}},
    {"type": "Feature", "properties": {"name": "Natural gas pipeline", "Operator": "WILDFIRE ENERGY OPERATING LLC", "Commodity": "Natural gas", "Type": "Gathering", "Status": "In Service", "Diameter (inches)": 2.88}, "geometry": {"type": "LineString", "coordinates": [[-96.027312, 30.84059], [-96.03292, 30.839418], [-96.033766, 30.836957], [-96.039894, 30.828833], [-96.040506, 30.817678], [-96.039911, 30.817291]]}},
    {"type": "Feature", "properties": {"name": "Natural gas pipeline", "Operator": "WILDFIRE ENERGY OPERATING LLC", "Commodity": "Natural gas", "Type": "Gathering", "Status": "In Service", "Diameter (inches)": 2.88}, "geometry": {"type": "LineString", "coordinates": [[-96.018262, 30.841993], [-96.018324, 30.841873], [-96.019765, 30.841657]]}},
    {"type": "Feature", "properties": {"name": "Natural gas pipeline", "Operator": "WILDFIRE ENERGY OPERATING LLC", "Commodity": "Natural gas", "Type": "Gathering", "Status": "In Service", "Diameter (inches)": 2.88}, "geometry": {"type": "LineString", "coordinates": [[-95.992053, 30.845588], [-95.990019, 30.844225], [-95.990773, 30.838411]]}},
    {"type": "Feature", "properties": {"name": "Natural gas pipeline", "Operator": "WILDFIRE ENERGY OPERATING LLC", "Commodity": "Natural gas", "Type": "Gathering", "Status": "In Service", "Diameter (inches)": 10.75}, "geometry": {"type": "LineString", "coordinates": [[-96.104035, 30.829482], [-96.103828, 30.829289]]}},
    {"type": "Feature", "properties": {"name": "Natural gas pipeline", "Operator": "WILDFIRE ENERGY OPERATING LLC", "Commodity": "Natural gas", "Type": "Gathering", "Status": "In Service", "Diameter (inches)": 4.5}, "geometry": {"type": "LineString", "coordinates": [[-95.995866, 30.79262], [-95.995935, 30.793395], [-95.994119, 30.793506], [-95.994347, 30.795771], [-95.994233, 30.796561], [-95.994088, 30.796845], [-95.994149, 30.79715], [-95.993959, 30.798508], [-95.993874, 30.798562], [-95.983514, 30.797291], [-95.983613, 30.796775]]}},
    {"type": "Feature", "properties": {"name": "Refined products pipeline", "Operator": "EXPLORER PIPELINE COMPANY", "Commodity": "Refined products", "Type": "Transmission", "Status": "In Service", "Diameter (inches)": 10.75}, "geometry": {"type": "LineString", "coordinates": [[-95.888203, 30.304968], [-95.89185, 30.307231], [-95.892148, 30.307608], [-95.892361, 30.307741], [-95.893224, 30.308067], [-95.910138, 30.318486], [-95.944327, 30.337719]]}},
    {"type": "Feature", "properties": {"name": "Refined products pipeline", "Operator": "EXPLORER PIPELINE COMPANY", "Commodity": "Refined products", "Type": "Transmission", "Status": "In Service", "Diameter (inches)": 10.75}, "geometry": {"type": "LineString", "coordinates": [[-95.804275, 30.252299], [-95.810205, 30.255637], [-95.810862, 30.256265], [-95.811823, 30.256544], [-95.81695, 30.259386], [-95.82046, 30.259862], [-95.822466, 30.262454], [-95.832141, 30.269473], [-95.832248, 30.269882], [-95.832362, 30.269881]]}},
    {"type": "Feature", "properties": {"name": "Refined products pipeline", "Operator": "EXPLORER PIPELINE COMPANY", "Commodity": "Refined products", "Type": "Transmission", "Status": "In Service", "Diameter (inches)": 10.75}, "geometry": {"type": "LineString", "coordinates": [[-95.945128, 30.338162], [-95.970855, 30.352495], [-95.975158, 30.353869], [-95.975234, 30.354958], [-95.975311, 30.355057], [-95.979888, 30.357775], [-96.000595, 30.369337]]}},
    {"type": "Feature", "properties": {"name": "Refined products pipeline", "Operator": "EXPLORER PIPELINE COMPANY", "Commodity": "Refined products", "Type": "Transmission", "Status": "In Service", "Diameter (inches)": 10.75}, "geometry": {"type": "LineString", "coordinates": [[-95.945013, 30.338098], [-95.945128, 30.338162]]}},
    {"type": "Feature", "properties": {"name": "Refined products pipeline", "Operator": "EXPLORER PIPELINE COMPANY", "Commodity": "Refined products", "Type": "Transmission", "Status": "In Service", "Diameter (inches)": 10.75}, "geometry": {"type": "LineString", "coordinates": [[-95.944327, 30.337719], [-95.945013, 30.338098]]}},
    {"type": "Feature", "properties": {"name": "Refined products pipeline", "Operator": "EXPLORER PIPELINE COMPANY", "Commodity": "Refined products", "Type": "Transmission", "Status": "In Service", "Diameter (inches)": 10.75}, "geometry": {"type": "LineString", "coordinates": [[-95.888036, 30.304863], [-95.888158, 30.304935]]}},
    {"type": "Feature", "properties": {"name": "Refined products pipeline", "Operator": "EXPLORER PIPELINE COMPANY", "Commodity": "Refined products", "Type": "Transmission", "Status": "In Service", "Diameter (inches)": 10.75}, "geometry": {"type": "LineString", "coordinates": [[-95.832591, 30.269855], [-95.836139, 30.271893], [-95.839137, 30.274097], [-95.841098, 30.275189], [-95.845408, 30.278412], [-95.869228, 30.293248], [-95.888036, 30.304863]]}},
    {"type": "Feature", "properties": {"name": "Refined products pipeline", "Operator": "EXPLORER PIPELINE COMPANY", "Commodity": "Refined products", "Type": "Transmission", "Status": "In Service", "Diameter (inches)": 10.75}, "geometry": {"type": "LineString", "coordinates": [[-96.058298, 30.402485], [-96.080126, 30.418569], [-96.080905, 30.418875], [-96.082034, 30.419124], [-96.08504, 30.420288]]}},
    {"type": "Feature", "properties": {"name": "Refined products pipeline", "Operator": "EXPLORER PIPELINE COMPANY", "Commodity": "Refined products", "Type": "Transmission", "Status": "In Service", "Diameter (inches)": 10.75}, "geometry": {"type": "LineString", "coordinates": [[-96.000595, 30.369337], [-96.019364, 30.379993], [-96.023561, 30.382445], [-96.030923, 30.386548], [-96.031068, 30.386836], [-96.031182, 30.386912], [-96.031976, 30.387168], [-96.037736, 30.390447], [-96.038278, 30.390664], [-96.038774, 30.391038], [-96.056093, 30.40087], [-96.058298, 30.402485]]}},
    {"type": "Feature", "properties": {"name": "Refined products pipeline", "Operator": "EXPLORER PIPELINE COMPANY", "Commodity": "Refined products", "Type": "Transmission", "Status": "In Service", "Diameter (inches)": 10.75}, "geometry": {"type": "LineString", "coordinates": [[-95.888158, 30.304935], [-95.888203, 30.304968]]}},
    {"type": "Feature", "properties": {"name": "Refined products pipeline", "Operator": "EXXONMOBIL PIPELINE COMPANY LLC", "Commodity": "Refined products", "Type": "Transmission", "Status": "In Service", "Diameter (inches)": 10.75}, "geometry": {"type": "LineString", "coordinates": [[-95.985753, 30.275059], [-95.98573, 30.275034]]}},
    {"type": "Feature", "properties": {"name": "Refined products pipeline", "Operator": "EXXONMOBIL PIPELINE COMPANY LLC", "Commodity": "Refined products", "Type": "Transmission", "Status": "In Service", "Diameter (inches)": 8.63}, "geometry": {"type": "LineString", "coordinates": [[-96.057149, 30.356295], [-96.055209, 30.355236]]}},
    {"type": "Feature", "properties": {"name": "Refined products pipeline", "Operator": "EXXONMOBIL PIPELINE COMPANY LLC", "Commodity": "Refined products", "Type": "Transmission", "Status": "Abandoned", "Diameter (inches)": 8.63}, "geometry": {"type": "LineString", "coordinates": [[-96.098641, 30.419288], [-96.098072, 30.418706]]}},
    {"type": "Feature", "properties": {"name": "Refined products pipeline", "Operator": "EXXONMOBIL PIPELINE COMPANY LLC", "Commodity": "Refined products", "Type": "Transmission", "Status": "In Service", "Diameter (inches)": 12.75}, "geometry": {"type": "MultiLineString", "coordinates": [[[-95.984677, 30.273939], [-95.98559, 30.274906]], [[-95.976662, 30.265407], [-95.984677, 30.273939]], [[-95.973551, 30.262089], [-95.976662, 30.265407]], [[-95.96482, 30.252775], [-95.973551, 30.262089]], [[-95.950725, 30.237725], [-95.96482, 30.252775]], [[-95.949973, 30.23692], [-95.950725, 30.237725]]]}},
    {"type": "Feature", "properties": {"name": "Refined products pipeline", "Operator": "EXXONMOBIL PIPELINE COMPANY LLC", "Commodity": "Refined products", "Type": "Transmission", "Status": "In Service", "Diameter (inches)": 8.63}, "geometry": {"type": "LineString", "coordinates": [[-96.055199, 30.355233], [-96.055012, 30.35513], [-96.042512, 30.341832], [-96.041866, 30.340446], [-96.034928, 30.327199], [-96.020665, 30.31217], [-96.020106, 30.31134], [-96.019829, 30.310631], [-96.018754, 30.310123], [-96.018596, 30.309965], [-96.017846, 30.308697], [-96.017099, 30.308446], [-95.990059, 30.279647], [-95.989391, 30.278378], [-95.988204, 30.277615], [-95.985753, 30.275059]]}},
    {"type": "Feature", "properties": {"name": "Refined products pipeline", "Operator": "EXXONMOBIL PIPELINE COMPANY LLC", "Commodity": "Refined products", "Type": "Transmission", "Status": "In Service", "Diameter (inches)": 8.63}, "geometry": {"type": "LineString", "coordinates": [[-96.098539, 30.419381], [-96.097971, 30.41873], [-96.097578, 30.418701], [-96.097411, 30.418565], [-96.096231, 30.417246], [-96.096237, 30.41715], [-96.09576, 30.416702], [-96.095642, 30.416701], [-96.0917, 30.413879], [-96.090679, 30.413226], [-96.085454, 30.409468], [-96.070517, 30.400158], [-96.062415, 30.361723], [-96.062258, 30.361384], [-96.059984, 30.358025], [-96.058983, 30.356995], [-96.058389, 30.356588], [-96.057149, 30.356295]]}},
    {"type": "Feature", "properties": {"name": "Refined products pipeline", "Operator": "EXXONMOBIL PIPELINE COMPANY LLC", "Commodity": "Refined products", "Type": "Transmission", "Status": "In Service", "Diameter (inches)": 8.63}, "geometry": {"type": "MultiLineString", "coordinates": [[[-95.985776, 30.275026], [-95.984677, 30.273939]], [[-95.984677, 30.273939], [-95.983216, 30.272495], [-95.976662, 30.265407]], [[-95.976662, 30.265407], [-95.974025, 30.262482], [-95.973551, 30.262089]], [[-95.973551, 30.262089], [-95.972429, 30.261159], [-95.96482, 30.252775]], [[-95.96482, 30.252775], [-95.961613, 30.249186], [-95.955012, 30.241636], [-95.955049, 30.241604], [-95.950725, 30.237725]], [[-95.950725, 30.237725], [-95.949888, 30.236925]]]}},
    {"type": "Feature", "properties": {"name": "Refined products pipeline", "Operator": "EXXONMOBIL PIPELINE COMPANY LLC", "Commodity": "Refined products", "Type": "Transmission", "Status": "In Service", "Diameter (inches)": 16.0}, "geometry": {"type": "LineString", "coordinates": [[-95.98559, 30.274906], [-95.985623, 30.274941]]}},
    {"type": "Feature", "properties": {"name": "Refined products pipeline", "Operator": "MAGELLAN PIPELINE COMPANY, L.P.", "Commodity": "Refined products", "Type": "Transmission", "Status": "In Service", "Diameter (inches)": 20.0}, "geometry": {"type": "LineString", "coordinates": [[-95.868891, 30.24155], [-95.87002, 30.245867], [-95.871077, 30.249284], [-95.877843, 30.273584], [-95.879445, 30.274141], [-95.880365, 30.278478], [-95.880473, 30.283032], [-95.888051, 30.310237], [-95.888529, 30.313325], [-95.892179, 30.326153], [-95.89305, 30.328182], [-95.899179, 30.350148], [-95.899146, 30.350193], [-95.897598, 30.350141], [-95.897576, 30.350291], [-95.89765, 30.350303], [-95.897677, 30.350157], [-95.8992, 30.350221], [-95.902735, 30.362867], [-95.908424, 30.367763], [-95.91508, 30.372969], [-95.922516, 30.378463], [-95.925566, 30.380835], [-95.926253, 30.381559], [-95.929223, 30.383707], [-95.940734, 30.392685], [-95.941945, 30.393578], [-95.954734, 30.402298], [-95.963477, 30.409106], [-95.965082, 30.410158], [-95.972078, 30.414319], [-95.980572, 30.420626], [-95.997547, 30.432567], [-96.001053, 30.431789], [-96.003232, 30.436538], [-96.005235, 30.437945], [-96.010839, 30.442264], [-96.025278, 30.452707], [-96.027498, 30.453392], [-96.028156, 30.453795], [-96.029493, 30.454051], [-96.030423, 30.454434], [-96.036685, 30.454244], [-96.037585, 30.455099], [-96.044152, 30.455943], [-96.044764, 30.459325], [-96.046255, 30.46247], [-96.04885, 30.461583], [-96.049562, 30.462758], [-96.052218, 30.465924], [-96.0528, 30.466877], [-96.054374, 30.468021], [-96.056757, 30.471206], [-96.058777, 30.47575], [-96.067139, 30.482277], [-96.067167, 30.482619], [-96.069183, 30.484322], [-96.077337, 30.490695], [-96.100027, 30.515911], [-96.100025, 30.517016], [-96.101564, 30.521162], [-96.102418, 30.523181], [-96.107325, 30.524067], [-96.114574, 30.525253], [-96.119169, 30.524226], [-96.119525, 30.52424], [-96.120533, 30.523954], [-96.121247, 30.52359], [-96.122097, 30.523589], [-96.123766, 30.523376], [-96.126496, 30.521978], [-96.131708, 30.522214], [-96.13524, 30.527732], [-96.142337, 30.533619], [-96.142368, 30.534369], [-96.143682, 30.534877], [-96.144833, 30.536533], [-96.144362, 30.540688], [-96.144635, 30.541929], [-96.154922, 30.550184], [-96.156571, 30.554194], [-96.156775, 30.563507], [-96.156634, 30.566794], [-96.156849, 30.570305], [-96.155941, 30.5716], [-96.15594, 30.572472], [-96.158547, 30.573107], [-96.160278, 30.575081], [-96.163087, 30.576486], [-96.164413, 30.579235], [-96.166136, 30.583749], [-96.169446, 30.583934], [-96.175309, 30.584896], [-96.175629, 30.587657], [-96.175769, 30.590861], [-96.175922, 30.597881], [-96.179315, 30.597832], [-96.180469, 30.597718], [-96.181194, 30.597781], [-96.181776, 30.59793], [-96.183628, 30.59965], [-96.18439, 30.601892], [-96.184457, 30.602776], [-96.184239, 30.603459], [-96.18483, 30.604228], [-96.184809, 30.604453], [-96.184479, 30.604736], [-96.184335, 30.605348], [-96.185548, 30.606438]]}}
  ]
}
