{
  "type": "FeatureCollection",
  "features": [
    {"type": "Feature", "properties": {"name": "Census tract 1.03", "description": "Brazos County", "Population": 2048, "Housing units": 975, "Vacant housing units": 129, "Vacancy rate (%)": 13.2, "Median gross rent ($ a month)": 2028.0, "Median gross rent ($ a month) margin": 1623.0, "Median home value ($)": 366500.0, "Median home value ($) margin": 99873.0, "Median household income ($ a year)": 71111.0, "Median household income ($ a year) margin": 16175.0, "Survey years": "2020 to 2024", "id": "48041000103"}, "geometry": {"type": "Polygon", "coordinates": [[[-96.398808, 30.840038], [-96.394644, 30.8367], [-96.390392, 30.833122], [-96.382372, 30.826616], [-96.368914, 30.815478], [-96.361721, 30.809348], [-96.358905, 30.80687], [-96.356227, 30.808852], [-96.354673, 30.81026], [-96.351687, 30.81369], [-96.334749, 30.829004], [-96.333735, 30.827338], [-96.318958, 30.814724], [-96.302426, 30.800655], [-96.300974, 30.800191], [-96.292848, 30.800368], [-96.287974, 30.799922], [-96.286615, 30.799666], [-96.282615, 30.798388], [-96.28167, 30.797879], [-96.27857, 30.795278], [-96.276072, 30.791694], [-96.274593, 30.790771], [-96.270206, 30.789797], [-96.267003, 30.788855], [-96.265905, 30.788227], [-96.264241, 30.78691], [-96.258718, 30.791878], [-96.257298, 30.791902], [-96.256457, 30.79354], [-96.255489, 30.794837], [-96.237583, 30.811062], [-96.231192, 30.816925], [-96.223216, 30.824088], [-96.221278, 30.826494], [-96.219888, 30.828737], [-96.218099, 30.833073], [-96.212621, 30.846724], [-96.211902, 30.848088], [-96.205656, 30.857694], [-96.204038, 30.859456], [-96.192505, 30.869513], [-96.193044, 30.869953], [-96.193031, 30.871027], [-96.193446, 30.871032], [-96.194746, 30.870046], [-96.195713, 30.871005], [-96.196068, 30.872127], [-96.195896, 30.873574], [-96.196599, 30.874729], [-96.196582, 30.875712], [-96.196134, 30.876599], [-96.194241, 30.877111], [-96.193484, 30.877846], [-96.193039, 30.879088], [-96.193209, 30.880455], [-96.192996, 30.881234], [-96.193633, 30.882402], [-96.194613, 30.883126], [-96.195762, 30.883365], [-96.195595, 30.884424], [-96.196622, 30.885537], [-96.197827, 30.885793], [-96.198387, 30.886591], [-96.19985, 30.885281], [-96.200319, 30.886587], [-96.200888, 30.887087], [-96.200303, 30.88845], [-96.199434, 30.888105], [-96.19782, 30.888388], [-96.198138, 30.88892], [-96.199715, 30.889022], [-96.200434, 30.889352], [-96.199335, 30.890683], [-96.199467, 30.891215], [-96.201411, 30.89092], [-96.200846, 30.892636], [-96.202443, 30.892179], [-96.203082, 30.893862], [-96.203028, 30.894612], [-96.203777, 30.895278], [-96.204221, 30.896663], [-96.202921, 30.897416], [-96.204115, 30.897337], [-96.20431, 30.897911], [-96.203863, 30.899152], [-96.203229, 30.899448], [-96.203318, 30.901068], [-96.203741, 30.901409], [-96.204679, 30.900634], [-96.206547, 30.900661], [-96.206679, 30.90228], [-96.209007, 30.902604], [-96.210039, 30.903093], [-96.210512, 30.904323], [-96.21258, 30.904927], [-96.21271, 30.905529], [-96.211767, 30.907383], [-96.212389, 30.909251], [-96.211945, 30.910231], [-96.212178, 30.910788], [-96.213271, 30.911549], [-96.212185, 30.913227], [-96.210669, 30.914261], [-96.210283, 30.914894], [-96.210225, 30.916847], [-96.209145, 30.917296], [-96.208071, 30.917134], [-96.207395, 30.917539], [-96.206454, 30.918772], [-96.206749, 30.919404], [-96.208539, 30.920542], [-96.207594, 30.920981], [-96.206914, 30.920828], [-96.206145, 30.921284], [-96.206881, 30.92237], [-96.206939, 30.923539], [-96.205846, 30.924014], [-96.205109, 30.923661], [-96.204511, 30.923964], [-96.204775, 30.924994], [-96.203917, 30.924432], [-96.202475, 30.925477], [-96.201534, 30.925639], [-96.202995, 30.927395], [-96.204537, 30.928231], [-96.203613, 30.928592], [-96.202974, 30.931019], [-96.203143, 30.932484], [-96.202917, 30.933125], [-96.202286, 30.932908], [-96.200838, 30.931322], [-96.199981, 30.930717], [-96.198201, 30.931979], [-96.19926, 30.932971], [-96.200361, 30.933265], [-96.201032, 30.934599], [-96.201741, 30.937683], [-96.202538, 30.938752], [-96.205309, 30.940015], [-96.205822, 30.941509], [-96.207187, 30.944104], [-96.206634, 30.944911], [-96.206664, 30.945663], [-96.207983, 30.94753], [-96.209329, 30.947053], [-96.209926, 30.947181], [-96.211912, 30.94896], [-96.213334, 30.949535], [-96.218614, 30.950653], [-96.219254, 30.951861], [-96.220348, 30.951995], [-96.223211, 30.951443], [-96.225424, 30.951344], [-96.227567, 30.951873], [-96.229123, 30.953298], [-96.231729, 30.954802], [-96.232827, 30.95614], [-96.234629, 30.959308], [-96.23734, 30.960358], [-96.238113, 30.961084], [-96.237735, 30.963088], [-96.239953, 30.964224], [-96.240171, 30.965672], [-96.238367, 30.967295], [-96.237867, 30.968301], [-96.23786, 30.969978], [-96.239356, 30.970934], [-96.24102, 30.973737], [-96.248973, 30.970915], [-96.258304, 30.966566], [-96.263223, 30.964123], [-96.268166, 30.96062], [-96.281474, 30.952647], [-96.295559, 30.945559], [-96.300791, 30.942992], [-96.305951, 30.94019], [-96.315185, 30.934345], [-96.325687, 30.928495], [-96.336321, 30.921669], [-96.338001, 30.920531], [-96.349085, 30.911692], [-96.349826, 30.910918], [-96.3525, 30.906827], [-96.353107, 30.906066], [-96.36182, 30.896874], [-96.362695, 30.894974], [-96.3642, 30.887301], [-96.36482, 30.885697], [-96.365642, 30.884547], [-96.367451, 30.882783], [-96.374133, 30.87692], [-96.377659, 30.874303], [-96.382463, 30.870527], [-96.386712, 30.865017], [-96.387408, 30.864012], [-96.391042, 30.854538], [-96.398471, 30.840541], [-96.398808, 30.840038]]]}},
    {"type": "Feature", "properties": {"name": "Census tract 1.04", "description": "Brazos County", "Population": 4980, "Housing units": 1798, "Vacant housing units": 92, "Vacancy rate (%)": 5.1, "Median gross rent ($ a month)": 1272.0, "Median gross rent ($ a month) margin": 820.0, "Median home value ($)": 414500.0, "Median home value ($) margin": 66499.0, "Median household income ($ a year)": 76250.0, "Median household income ($ a year) margin": 26801.0, "Survey years": "2020 to 2024", "id": "48041000104"}, "geometry": {"type": "Polygon", "coordinates": [[[-96.45612, 30.747206], [-96.452274, 30.744984], [-96.440547, 30.738712], [-96.431409, 30.732114], [-96.422057, 30.72548], [-96.417995, 30.722369], [-96.416004, 30.72092], [-96.414134, 30.720104], [-96.412673, 30.719838], [-96.39268, 30.721177], [-96.39133, 30.721076], [-96.388619, 30.720455], [-96.386302, 30.71944], [-96.384165, 30.717965], [-96.379322, 30.714252], [-96.370666, 30.707654], [-96.369113, 30.706371], [-96.358876, 30.696568], [-96.351838, 30.690656], [-96.349576, 30.688062], [-96.345046, 30.692138], [-96.338424, 30.697957], [-96.338906, 30.699363], [-96.3404, 30.699962], [-96.340628, 30.701622], [-96.34119, 30.702606], [-96.340874, 30.703571], [-96.3418, 30.704619], [-96.341683, 30.70621], [-96.343123, 30.708248], [-96.344579, 30.709699], [-96.34623, 30.710372], [-96.332362, 30.726632], [-96.324356, 30.734526], [-96.316151, 30.742386], [-96.314546, 30.743525], [-96.310202, 30.746109], [-96.306215, 30.74983], [-96.297429, 30.757276], [-96.294391, 30.759932], [-96.287957, 30.765854], [-96.280828, 30.77227], [-96.275367, 30.777058], [-96.273494, 30.778164], [-96.271672, 30.778794], [-96.271897, 30.779559], [-96.271335, 30.780504], [-96.267668, 30.783814], [-96.264241, 30.78691], [-96.265905, 30.788227], [-96.267003, 30.788855], [-96.270206, 30.789797], [-96.274593, 30.790771], [-96.276072, 30.791694], [-96.27857, 30.795278], [-96.28167, 30.797879], [-96.282615, 30.798388], [-96.286615, 30.799666], [-96.287974, 30.799922], [-96.292848, 30.800368], [-96.300974, 30.800191], [-96.302426, 30.800655], [-96.318958, 30.814724], [-96.333735, 30.827338], [-96.334749, 30.829004], [-96.351687, 30.81369], [-96.354673, 30.81026], [-96.356227, 30.808852], [-96.358905, 30.80687], [-96.361721, 30.809348], [-96.368914, 30.815478], [-96.382372, 30.826616], [-96.390392, 30.833122], [-96.394644, 30.8367], [-96.398808, 30.840038], [-96.404063, 30.83438], [-96.409415, 30.827075], [-96.410143, 30.825844], [-96.415606, 30.813799], [-96.419113, 30.805516], [-96.419381, 30.804745], [-96.421897, 30.795668], [-96.423395, 30.79271], [-96.430649, 30.784721], [-96.438783, 30.774035], [-96.444743, 30.763827], [-96.452107, 30.754216], [-96.452869, 30.753069], [-96.45612, 30.747206]]]}},
    {"type": "Feature", "properties": {"name": "Census tract 1.05", "description": "Brazos County", "Population": 4061, "Housing units": 1832, "Vacant housing units": 30, "Vacancy rate (%)": 1.6, "Median gross rent ($ a month)": 1506.0, "Median gross rent ($ a month) margin": 163.0, "Median home value ($)": 367200.0, "Median home value ($) margin": 33182.0, "Median household income ($ a year)": 108765.0, "Median household income ($ a year) margin": 13837.0, "Survey years": "2020 to 2024", "id": "48041000105"}, "geometry": {"type": "Polygon", "coordinates": [[[-96.319086, 30.670924], [-96.317893, 30.670785], [-96.316621, 30.670054], [-96.313873, 30.666722], [-96.312886, 30.666075], [-96.308176, 30.664555], [-96.305145, 30.663301], [-96.300705, 30.660956], [-96.29721, 30.659724], [-96.295998, 30.659528], [-96.28681, 30.658474], [-96.285796, 30.658338], [-96.281295, 30.656816], [-96.278697, 30.65631], [-96.275724, 30.655135], [-96.273924, 30.657206], [-96.272652, 30.658421], [-96.266728, 30.663402], [-96.2583, 30.670906], [-96.255178, 30.673632], [-96.253088, 30.675591], [-96.24231, 30.685218], [-96.240453, 30.686794], [-96.239983, 30.686885], [-96.238414, 30.68588], [-96.237319, 30.685892], [-96.231583, 30.687555], [-96.227491, 30.687735], [-96.221859, 30.688213], [-96.221766, 30.689828], [-96.22209, 30.69095], [-96.22323, 30.691806], [-96.223725, 30.695123], [-96.224338, 30.695647], [-96.224265, 30.696513], [-96.225548, 30.697126], [-96.226036, 30.698188], [-96.227303, 30.69929], [-96.227391, 30.699961], [-96.228283, 30.700905], [-96.229556, 30.701108], [-96.230213, 30.700248], [-96.229563, 30.700001], [-96.230914, 30.698788], [-96.232178, 30.700077], [-96.232938, 30.700314], [-96.232728, 30.700926], [-96.233084, 30.702243], [-96.232753, 30.703081], [-96.233892, 30.704574], [-96.235931, 30.706358], [-96.237107, 30.707615], [-96.238407, 30.708185], [-96.241088, 30.707791], [-96.242012, 30.70724], [-96.243859, 30.706947], [-96.244429, 30.707878], [-96.24512, 30.708038], [-96.244973, 30.708793], [-96.245798, 30.70887], [-96.246718, 30.709878], [-96.24603, 30.711962], [-96.246424, 30.713251], [-96.246188, 30.714656], [-96.246371, 30.715537], [-96.247647, 30.715642], [-96.249793, 30.715168], [-96.251598, 30.715306], [-96.253869, 30.715157], [-96.255271, 30.716555], [-96.254322, 30.717296], [-96.253513, 30.719208], [-96.252504, 30.720368], [-96.252427, 30.72097], [-96.253005, 30.72159], [-96.253882, 30.721266], [-96.255884, 30.721266], [-96.256605, 30.721643], [-96.257843, 30.721471], [-96.25842, 30.72066], [-96.262425, 30.717139], [-96.263209, 30.716266], [-96.264949, 30.713615], [-96.268348, 30.710593], [-96.273034, 30.70835], [-96.276059, 30.706326], [-96.278893, 30.704022], [-96.279988, 30.703397], [-96.28257, 30.702436], [-96.284225, 30.701226], [-96.290171, 30.69585], [-96.291167, 30.695334], [-96.292208, 30.695372], [-96.293069, 30.695067], [-96.29553, 30.692853], [-96.301987, 30.68675], [-96.304366, 30.684008], [-96.31022, 30.678665], [-96.313469, 30.675781], [-96.317277, 30.672862], [-96.318639, 30.672131], [-96.319086, 30.670924]]]}},
    {"type": "Feature", "properties": {"name": "Census tract 1.06", "description": "Brazos County", "Population": 3492, "Housing units": 1510, "Vacant housing units": 186, "Vacancy rate (%)": 12.3, "Median gross rent ($ a month)": 1303.0, "Median gross rent ($ a month) margin": 673.0, "Median home value ($)": 349200.0, "Median home value ($) margin": 37229.0, "Median household income ($ a year)": 102063.0, "Median household income ($ a year) margin": 46797.0, "Survey years": "2020 to 2024", "id": "48041000106"}, "geometry": {"type": "Polygon", "coordinates": [[[-96.275724, 30.655135], [-96.271011, 30.653106], [-96.2679, 30.651581], [-96.263739, 30.650126], [-96.262397, 30.649326], [-96.258533, 30.646558], [-96.257605, 30.645693], [-96.255872, 30.643649], [-96.253645, 30.641997], [-96.250499, 30.640553], [-96.248974, 30.639576], [-96.24732, 30.637859], [-96.246228, 30.63567], [-96.244947, 30.6337], [-96.243749, 30.632654], [-96.241596, 30.631643], [-96.239258, 30.631321], [-96.234808, 30.631451], [-96.222349, 30.631621], [-96.220615, 30.631585], [-96.213592, 30.630513], [-96.212425, 30.630097], [-96.210919, 30.629156], [-96.207734, 30.62647], [-96.201933, 30.620008], [-96.199291, 30.617927], [-96.189257, 30.611134], [-96.188318, 30.610611], [-96.181776, 30.607579], [-96.181497, 30.608126], [-96.181635, 30.6094], [-96.1813, 30.609894], [-96.181232, 30.611281], [-96.181996, 30.611761], [-96.182596, 30.612697], [-96.181649, 30.613245], [-96.181309, 30.615748], [-96.182288, 30.615913], [-96.182553, 30.616759], [-96.182313, 30.617635], [-96.180587, 30.617996], [-96.179667, 30.617463], [-96.179095, 30.618161], [-96.180311, 30.618597], [-96.179822, 30.619353], [-96.180248, 30.61999], [-96.180164, 30.621705], [-96.17872, 30.622085], [-96.178059, 30.621942], [-96.177519, 30.623205], [-96.175055, 30.62298], [-96.174416, 30.622601], [-96.17358, 30.622846], [-96.174093, 30.623486], [-96.173663, 30.625158], [-96.174283, 30.625916], [-96.173795, 30.626472], [-96.173886, 30.627622], [-96.173102, 30.627962], [-96.173333, 30.628569], [-96.172138, 30.629657], [-96.169339, 30.629992], [-96.169338, 30.630493], [-96.170343, 30.630717], [-96.170508, 30.631695], [-96.169922, 30.63229], [-96.171164, 30.633199], [-96.171664, 30.634163], [-96.170717, 30.635635], [-96.171025, 30.636088], [-96.172046, 30.635127], [-96.172992, 30.635747], [-96.172552, 30.637246], [-96.171911, 30.638199], [-96.169809, 30.638676], [-96.168656, 30.638596], [-96.169638, 30.639734], [-96.168892, 30.640241], [-96.169111, 30.641539], [-96.167053, 30.643833], [-96.166153, 30.643096], [-96.165543, 30.64325], [-96.166272, 30.644414], [-96.165758, 30.647063], [-96.166926, 30.647024], [-96.16769, 30.647732], [-96.167151, 30.649144], [-96.167781, 30.649986], [-96.169437, 30.650007], [-96.169165, 30.651238], [-96.168307, 30.651007], [-96.167245, 30.652281], [-96.167173, 30.65499], [-96.166486, 30.654239], [-96.165834, 30.654683], [-96.165406, 30.657601], [-96.164099, 30.658813], [-96.165459, 30.660689], [-96.164458, 30.661182], [-96.164532, 30.662613], [-96.165376, 30.663164], [-96.167117, 30.662703], [-96.169297, 30.663656], [-96.16749, 30.66527], [-96.167663, 30.665737], [-96.168772, 30.666356], [-96.16873, 30.66802], [-96.168118, 30.669284], [-96.168979, 30.669837], [-96.168439, 30.67112], [-96.168741, 30.67226], [-96.169467, 30.672691], [-96.170745, 30.672082], [-96.171355, 30.67214], [-96.170142, 30.67368], [-96.171486, 30.675341], [-96.171955, 30.676592], [-96.171925, 30.678191], [-96.172736, 30.679843], [-96.171867, 30.680407], [-96.170403, 30.680417], [-96.169999, 30.681358], [-96.17092, 30.681437], [-96.171485, 30.682109], [-96.171201, 30.684121], [-96.170491, 30.685337], [-96.170825, 30.686909], [-96.169875, 30.688264], [-96.170935, 30.688525], [-96.170383, 30.689544], [-96.171335, 30.689977], [-96.171834, 30.691267], [-96.173065, 30.692104], [-96.172156, 30.693618], [-96.173414, 30.693552], [-96.174102, 30.693978], [-96.175378, 30.696055], [-96.176896, 30.696838], [-96.176143, 30.69799], [-96.175353, 30.6979], [-96.175642, 30.698602], [-96.174964, 30.699195], [-96.176629, 30.700362], [-96.176622, 30.701854], [-96.175496, 30.701591], [-96.175113, 30.702033], [-96.1755, 30.703456], [-96.176968, 30.703081], [-96.177512, 30.70422], [-96.177127, 30.705], [-96.177824, 30.706141], [-96.176352, 30.706167], [-96.177176, 30.707175], [-96.177129, 30.707627], [-96.177911, 30.709688], [-96.177223, 30.709971], [-96.175468, 30.709243], [-96.174497, 30.709283], [-96.174031, 30.709867], [-96.175094, 30.71084], [-96.174625, 30.711844], [-96.173382, 30.711471], [-96.172853, 30.712166], [-96.172151, 30.712185], [-96.171722, 30.714089], [-96.172071, 30.715059], [-96.170802, 30.715991], [-96.170674, 30.716631], [-96.171415, 30.716969], [-96.170296, 30.71801], [-96.169717, 30.717425], [-96.168673, 30.717297], [-96.169182, 30.718377], [-96.168804, 30.719246], [-96.168092, 30.719669], [-96.167897, 30.720654], [-96.165498, 30.721309], [-96.164522, 30.722083], [-96.164696, 30.72383], [-96.163327, 30.724739], [-96.162499, 30.726309], [-96.162064, 30.727836], [-96.16221, 30.728857], [-96.161953, 30.729863], [-96.162573, 30.730825], [-96.162329, 30.732033], [-96.161486, 30.732358], [-96.162161, 30.734136], [-96.161881, 30.734559], [-96.160384, 30.734955], [-96.162072, 30.73583], [-96.162203, 30.736407], [-96.16149, 30.737216], [-96.162628, 30.737496], [-96.162083, 30.738711], [-96.162587, 30.739797], [-96.165044, 30.740715], [-96.165451, 30.741199], [-96.165659, 30.742476], [-96.166632, 30.742926], [-96.166572, 30.743431], [-96.165143, 30.744264], [-96.165257, 30.744648], [-96.166498, 30.745295], [-96.167675, 30.746434], [-96.168502, 30.746832], [-96.170145, 30.748855], [-96.170555, 30.750226], [-96.170472, 30.752868], [-96.168717, 30.753086], [-96.168088, 30.754347], [-96.169659, 30.754908], [-96.169837, 30.755391], [-96.16848, 30.756402], [-96.16851, 30.757168], [-96.169578, 30.756663], [-96.169455, 30.757993], [-96.168787, 30.758464], [-96.16674, 30.758564], [-96.166209, 30.759244], [-96.16652, 30.760319], [-96.164965, 30.759911], [-96.164306, 30.760631], [-96.164589, 30.761745], [-96.164248, 30.762403], [-96.163366, 30.762589], [-96.162753, 30.763558], [-96.164007, 30.764525], [-96.164589, 30.764207], [-96.164843, 30.76484], [-96.163565, 30.766424], [-96.163693, 30.767831], [-96.163031, 30.768442], [-96.163591, 30.768733], [-96.163622, 30.76948], [-96.162644, 30.769509], [-96.164521, 30.772245], [-96.164338, 30.773351], [-96.165103, 30.77431], [-96.166102, 30.774571], [-96.166664, 30.773995], [-96.166352, 30.773338], [-96.165249, 30.772779], [-96.166032, 30.77211], [-96.167185, 30.772509], [-96.167416, 30.773552], [-96.168259, 30.774036], [-96.168062, 30.775027], [-96.167445, 30.775425], [-96.166362, 30.775221], [-96.166191, 30.776498], [-96.167371, 30.77694], [-96.168665, 30.778648], [-96.169249, 30.780202], [-96.169801, 30.780287], [-96.170542, 30.779507], [-96.171487, 30.78171], [-96.171117, 30.783265], [-96.172033, 30.783551], [-96.17174, 30.784984], [-96.172366, 30.785329], [-96.173224, 30.784126], [-96.175656, 30.785359], [-96.175616, 30.786236], [-96.177008, 30.786491], [-96.177656, 30.787438], [-96.17938, 30.789198], [-96.179503, 30.790311], [-96.180032, 30.790836], [-96.180178, 30.791785], [-96.181817, 30.79227], [-96.182794, 30.792171], [-96.182986, 30.792567], [-96.181733, 30.793114], [-96.181992, 30.793837], [-96.183032, 30.793933], [-96.183641, 30.795136], [-96.182935, 30.795987], [-96.183355, 30.797273], [-96.181751, 30.797574], [-96.180834, 30.798066], [-96.179471, 30.797756], [-96.179841, 30.798526], [-96.179311, 30.79882], [-96.179427, 30.799611], [-96.178485, 30.800224], [-96.17815, 30.801092], [-96.177684, 30.801078], [-96.176977, 30.799204], [-96.176264, 30.799269], [-96.176417, 30.801001], [-96.175627, 30.800858], [-96.173851, 30.801121], [-96.173545, 30.802665], [-96.172851, 30.802627], [-96.172373, 30.803753], [-96.17357, 30.803831], [-96.173659, 30.805084], [-96.173251, 30.805815], [-96.17122, 30.806139], [-96.171297, 30.806952], [-96.172888, 30.807469], [-96.172398, 30.808584], [-96.173913, 30.808848], [-96.175669, 30.809648], [-96.175489, 30.8111], [-96.173882, 30.811594], [-96.174286, 30.812895], [-96.17315, 30.813527], [-96.172665, 30.814488], [-96.172747, 30.815436], [-96.173912, 30.815172], [-96.174055, 30.81592], [-96.172955, 30.817404], [-96.17017, 30.819359], [-96.168629, 30.822037], [-96.16837, 30.822997], [-96.168697, 30.823799], [-96.169982, 30.823457], [-96.170452, 30.82408], [-96.169929, 30.824907], [-96.171125, 30.825202], [-96.170109, 30.826332], [-96.170785, 30.827692], [-96.171641, 30.828264], [-96.172741, 30.827823], [-96.173799, 30.826661], [-96.174302, 30.826666], [-96.174614, 30.82753], [-96.173296, 30.828544], [-96.17127, 30.82924], [-96.171499, 30.829763], [-96.173226, 30.830133], [-96.174627, 30.829838], [-96.175362, 30.831344], [-96.174749, 30.831612], [-96.17357, 30.830687], [-96.173424, 30.832367], [-96.175453, 30.834894], [-96.175732, 30.838595], [-96.175451, 30.839482], [-96.176086, 30.840983], [-96.174982, 30.841611], [-96.174745, 30.842619], [-96.174988, 30.843373], [-96.174102, 30.843536], [-96.174217, 30.843996], [-96.173395, 30.844649], [-96.174771, 30.845172], [-96.17504, 30.846056], [-96.174556, 30.846426], [-96.17293, 30.846038], [-96.172388, 30.846407], [-96.173081, 30.846912], [-96.172872, 30.848015], [-96.174511, 30.848047], [-96.176019, 30.8486], [-96.176438, 30.849669], [-96.175538, 30.850508], [-96.175837, 30.851223], [-96.175124, 30.851951], [-96.173926, 30.852239], [-96.174119, 30.85307], [-96.175226, 30.853735], [-96.177087, 30.853673], [-96.177349, 30.854416], [-96.17669, 30.854907], [-96.177904, 30.856464], [-96.176584, 30.856744], [-96.17684, 30.858018], [-96.177734, 30.858157], [-96.178549, 30.859184], [-96.180632, 30.860165], [-96.181796, 30.860315], [-96.18238, 30.861059], [-96.183247, 30.86108], [-96.184261, 30.861664], [-96.183783, 30.862412], [-96.182806, 30.862901], [-96.182809, 30.863426], [-96.183631, 30.863739], [-96.18515, 30.863535], [-96.185473, 30.864206], [-96.184639, 30.865099], [-96.18618, 30.865978], [-96.185793, 30.867173], [-96.186884, 30.867487], [-96.187432, 30.866892], [-96.188585, 30.866599], [-96.188662, 30.866037], [-96.190083, 30.866695], [-96.190607, 30.867445], [-96.190427, 30.868104], [-96.189458, 30.868809], [-96.189745, 30.869396], [-96.190499, 30.86921], [-96.192003, 30.867963], [-96.192505, 30.869513], [-96.204038, 30.859456], [-96.205656, 30.857694], [-96.211902, 30.848088], [-96.212621, 30.846724], [-96.218099, 30.833073], [-96.219888, 30.828737], [-96.221278, 30.826494], [-96.223216, 30.824088], [-96.231192, 30.816925], [-96.237583, 30.811062], [-96.255489, 30.794837], [-96.256457, 30.79354], [-96.257298, 30.791902], [-96.258718, 30.791878], [-96.264241, 30.78691], [-96.267668, 30.783814], [-96.257471, 30.775212], [-96.255977, 30.77422], [-96.253375, 30.773142], [-96.252546, 30.772577], [-96.247169, 30.767995], [-96.228587, 30.752495], [-96.236466, 30.745615], [-96.238302, 30.743949], [-96.251127, 30.732557], [-96.2524, 30.731151], [-96.256333, 30.724268], [-96.257843, 30.721471], [-96.256605, 30.721643], [-96.255884, 30.721266], [-96.253882, 30.721266], [-96.253005, 30.72159], [-96.252427, 30.72097], [-96.252504, 30.720368], [-96.253513, 30.719208], [-96.254322, 30.717296], [-96.255271, 30.716555], [-96.253869, 30.715157], [-96.251598, 30.715306], [-96.249793, 30.715168], [-96.247647, 30.715642], [-96.246371, 30.715537], [-96.246188, 30.714656], [-96.246424, 30.713251], [-96.24603, 30.711962], [-96.246718, 30.709878], [-96.245798, 30.70887], [-96.244973, 30.708793], [-96.24512, 30.708038], [-96.244429, 30.707878], [-96.243859, 30.706947], [-96.242012, 30.70724], [-96.241088, 30.707791], [-96.238407, 30.708185], [-96.237107, 30.707615], [-96.235931, 30.706358], [-96.233892, 30.704574], [-96.232753, 30.703081], [-96.233084, 30.702243], [-96.232728, 30.700926], [-96.232938, 30.700314], [-96.232178, 30.700077], [-96.230914, 30.698788], [-96.229563, 30.700001], [-96.230213, 30.700248], [-96.229556, 30.701108], [-96.228283, 30.700905], [-96.227391, 30.699961], [-96.227303, 30.69929], [-96.226036, 30.698188], [-96.225548, 30.697126], [-96.224265, 30.696513], [-96.224338, 30.695647], [-96.223725, 30.695123], [-96.22323, 30.691806], [-96.22209, 30.69095], [-96.221766, 30.689828], [-96.221859, 30.688213], [-96.227491, 30.687735], [-96.231583, 30.687555], [-96.237319, 30.685892], [-96.238414, 30.68588], [-96.239983, 30.686885], [-96.240453, 30.686794], [-96.24231, 30.685218], [-96.253088, 30.675591], [-96.255178, 30.673632], [-96.2583, 30.670906], [-96.266728, 30.663402], [-96.272652, 30.658421], [-96.273924, 30.657206], [-96.275724, 30.655135]]]}},
    {"type": "Feature", "properties": {"name": "Census tract 1.07", "description": "Brazos County", "Population": 5238, "Housing units": 2010, "Vacant housing units": 120, "Vacancy rate (%)": 6.0, "Median gross rent ($ a month)": 1209.0, "Median gross rent ($ a month) margin": 143.0, "Median home value ($)": 372900.0, "Median home value ($) margin": 16460.0, "Median household income ($ a year)": 139605.0, "Median household income ($ a year) margin": 14985.0, "Survey years": "2020 to 2024", "id": "48041000107"}, "geometry": {"type": "Polygon", "coordinates": [[[-96.349576, 30.688062], [-96.346935, 30.684444], [-96.344268, 30.680737], [-96.341585, 30.67717], [-96.339952, 30.674751], [-96.33799, 30.672128], [-96.333724, 30.672021], [-96.330012, 30.671556], [-96.327101, 30.670901], [-96.319086, 30.670924], [-96.318639, 30.672131], [-96.317277, 30.672862], [-96.313469, 30.675781], [-96.31022, 30.678665], [-96.304366, 30.684008], [-96.301987, 30.68675], [-96.29553, 30.692853], [-96.293069, 30.695067], [-96.292208, 30.695372], [-96.292423, 30.695722], [-96.296275, 30.699634], [-96.296795, 30.699738], [-96.299216, 30.697651], [-96.299747, 30.697677], [-96.303278, 30.700741], [-96.305339, 30.701683], [-96.305741, 30.702126], [-96.306029, 30.704015], [-96.310266, 30.707471], [-96.313969, 30.709966], [-96.31657, 30.707714], [-96.323288, 30.701662], [-96.324775, 30.700997], [-96.325539, 30.701412], [-96.32979, 30.704965], [-96.330306, 30.705164], [-96.334187, 30.701659], [-96.338424, 30.697957], [-96.345046, 30.692138], [-96.349576, 30.688062]]]}},
    {"type": "Feature", "properties": {"name": "Census tract 1.08", "description": "Brazos County", "Population": 918, "Housing units": 474, "Vacant housing units": 75, "Vacancy rate (%)": 15.8, "Median home value ($)": 415000.0, "Median home value ($) margin": 61974.0, "Median household income ($ a year)": 108092.0, "Median household income ($ a year) margin": 39697.0, "Survey years": "2020 to 2024", "id": "48041000108"}, "geometry": {"type": "Polygon", "coordinates": [[[-96.338424, 30.697957], [-96.334187, 30.701659], [-96.330306, 30.705164], [-96.32979, 30.704965], [-96.325539, 30.701412], [-96.324775, 30.700997], [-96.323288, 30.701662], [-96.31657, 30.707714], [-96.313969, 30.709966], [-96.310266, 30.707471], [-96.306029, 30.704015], [-96.305741, 30.702126], [-96.305339, 30.701683], [-96.303278, 30.700741], [-96.299747, 30.697677], [-96.299216, 30.697651], [-96.296795, 30.699738], [-96.296275, 30.699634], [-96.292423, 30.695722], [-96.292208, 30.695372], [-96.291167, 30.695334], [-96.290171, 30.69585], [-96.284225, 30.701226], [-96.28257, 30.702436], [-96.279988, 30.703397], [-96.278893, 30.704022], [-96.276059, 30.706326], [-96.273034, 30.70835], [-96.268348, 30.710593], [-96.264949, 30.713615], [-96.263209, 30.716266], [-96.262425, 30.717139], [-96.25842, 30.72066], [-96.257843, 30.721471], [-96.256333, 30.724268], [-96.2524, 30.731151], [-96.251127, 30.732557], [-96.238302, 30.743949], [-96.236466, 30.745615], [-96.228587, 30.752495], [-96.247169, 30.767995], [-96.252546, 30.772577], [-96.253375, 30.773142], [-96.255977, 30.77422], [-96.257471, 30.775212], [-96.267668, 30.783814], [-96.271335, 30.780504], [-96.271897, 30.779559], [-96.271672, 30.778794], [-96.273494, 30.778164], [-96.275367, 30.777058], [-96.280828, 30.77227], [-96.287957, 30.765854], [-96.294391, 30.759932], [-96.297429, 30.757276], [-96.306215, 30.74983], [-96.310202, 30.746109], [-96.314546, 30.743525], [-96.316151, 30.742386], [-96.324356, 30.734526], [-96.332362, 30.726632], [-96.34623, 30.710372], [-96.344579, 30.709699], [-96.343123, 30.708248], [-96.341683, 30.70621], [-96.3418, 30.704619], [-96.340874, 30.703571], [-96.34119, 30.702606], [-96.340628, 30.701622], [-96.3404, 30.699962], [-96.338906, 30.699363], [-96.338424, 30.697957]]]}},
    {"type": "Feature", "properties": {"name": "Census tract 2.03", "description": "Brazos County", "Population": 2232, "Housing units": 1185, "Vacant housing units": 180, "Vacancy rate (%)": 15.2, "Median gross rent ($ a month)": 1182.0, "Median gross rent ($ a month) margin": 187.0, "Median home value ($)": 238900.0, "Median home value ($) margin": 19392.0, "Median household income ($ a year)": 59809.0, "Median household income ($ a year) margin": 15918.0, "Survey years": "2020 to 2024", "id": "48041000203"}, "geometry": {"type": "Polygon", "coordinates": [[[-96.376808, 30.626262], [-96.376494, 30.627911], [-96.376662, 30.629677], [-96.377766, 30.634388], [-96.379311, 30.63684], [-96.38146, 30.638677], [-96.383776, 30.640404], [-96.384528, 30.639668], [-96.384819, 30.638588], [-96.3845, 30.63791], [-96.384761, 30.637059], [-96.384265, 30.636524], [-96.385238, 30.635962], [-96.385162, 30.63511], [-96.386116, 30.635056], [-96.387045, 30.633156], [-96.387955, 30.632552], [-96.388093, 30.631816], [-96.387049, 30.630899], [-96.386629, 30.630993], [-96.386499, 30.629487], [-96.387128, 30.628991], [-96.386356, 30.628311], [-96.386441, 30.627283], [-96.387354, 30.626902], [-96.386856, 30.626019], [-96.387688, 30.625487], [-96.387637, 30.624408], [-96.388356, 30.624385], [-96.388058, 30.62262], [-96.388351, 30.621759], [-96.387331, 30.621245], [-96.388216, 30.620816], [-96.388945, 30.620015], [-96.390483, 30.619651], [-96.389812, 30.618602], [-96.390923, 30.61795], [-96.391231, 30.617158], [-96.39032, 30.616558], [-96.391827, 30.615823], [-96.392319, 30.61511], [-96.392851, 30.614131], [-96.392811, 30.613126], [-96.391666, 30.613087], [-96.390917, 30.613503], [-96.390826, 30.612862], [-96.390205, 30.613054], [-96.389934, 30.612204], [-96.388133, 30.61169], [-96.387208, 30.611142], [-96.385894, 30.611172], [-96.385343, 30.611719], [-96.383608, 30.611595], [-96.381229, 30.612703], [-96.382008, 30.613743], [-96.381365, 30.614802], [-96.376344, 30.619228], [-96.376971, 30.620973], [-96.377284, 30.623379], [-96.376808, 30.626262]]]}},
    {"type": "Feature", "properties": {"name": "Census tract 2.04", "description": "Brazos County", "Population": 4175, "Housing units": 2078, "Vacant housing units": 166, "Vacancy rate (%)": 8.0, "Median gross rent ($ a month)": 1046.0, "Median gross rent ($ a month) margin": 89.0, "Median home value ($)": 259100.0, "Median home value ($) margin": 36601.0, "Median household income ($ a year)": 44886.0, "Median household income ($ a year) margin": 14047.0, "Survey years": "2020 to 2024", "id": "48041000204"}, "geometry": {"type": "Polygon", "coordinates": [[[-96.379311, 30.63684], [-96.377766, 30.634388], [-96.376662, 30.629677], [-96.376494, 30.627911], [-96.376808, 30.626262], [-96.375803, 30.626889], [-96.375717, 30.628461], [-96.371154, 30.632453], [-96.366319, 30.628344], [-96.363125, 30.631273], [-96.36391, 30.63213], [-96.363512, 30.632473], [-96.365638, 30.634578], [-96.365989, 30.634358], [-96.369739, 30.638372], [-96.374536, 30.643734], [-96.378368, 30.640173], [-96.378783, 30.639416], [-96.378674, 30.63794], [-96.379311, 30.63684]]]}},
    {"type": "Feature", "properties": {"name": "Census tract 2.05", "description": "Brazos County", "Population": 4635, "Housing units": 1339, "Vacant housing units": 104, "Vacancy rate (%)": 7.8, "Median gross rent ($ a month)": 1095.0, "Median gross rent ($ a month) margin": 356.0, "Median home value ($)": 264000.0, "Median home value ($) margin": 34394.0, "Median household income ($ a year)": 67063.0, "Median household income ($ a year) margin": 29216.0, "Survey years": "2020 to 2024", "id": "48041000205"}, "geometry": {"type": "Polygon", "coordinates": [[[-96.544216, 30.627996], [-96.543064, 30.633254], [-96.541721, 30.635107], [-96.540412, 30.636031], [-96.536075, 30.638154], [-96.53393, 30.638814], [-96.520796, 30.641182], [-96.494808, 30.646012], [-96.487441, 30.647329], [-96.476627, 30.64937], [-96.472039, 30.650273], [-96.462437, 30.652056], [-96.458888, 30.65249], [-96.450693, 30.653803], [-96.448193, 30.653781], [-96.436911, 30.65189], [-96.433849, 30.652079], [-96.431202, 30.65302], [-96.429613, 30.654038], [-96.428593, 30.65497], [-96.425444, 30.658495], [-96.423054, 30.660186], [-96.407369, 30.668077], [-96.407829, 30.669249], [-96.409306, 30.671928], [-96.408642, 30.672399], [-96.408656, 30.673971], [-96.40736, 30.673992], [-96.406539, 30.674359], [-96.406222, 30.675073], [-96.40526, 30.675535], [-96.404211, 30.675251], [-96.40379, 30.676441], [-96.402567, 30.676863], [-96.403054, 30.678029], [-96.40164, 30.679222], [-96.399471, 30.679051], [-96.397283, 30.679177], [-96.396129, 30.679731], [-96.394773, 30.681891], [-96.395157, 30.682554], [-96.39428, 30.682603], [-96.393691, 30.683394], [-96.393944, 30.684624], [-96.392703, 30.685405], [-96.391054, 30.685421], [-96.39028, 30.686959], [-96.390969, 30.687684], [-96.390628, 30.688914], [-96.390887, 30.689303], [-96.389314, 30.689827], [-96.389019, 30.691259], [-96.38939, 30.692816], [-96.389064, 30.693519], [-96.38952, 30.695121], [-96.388552, 30.695347], [-96.387905, 30.696168], [-96.386067, 30.696865], [-96.415778, 30.717143], [-96.417696, 30.718146], [-96.421298, 30.718972], [-96.420033, 30.720691], [-96.420361, 30.721737], [-96.419334, 30.722354], [-96.41874, 30.721968], [-96.417995, 30.722369], [-96.422057, 30.72548], [-96.431409, 30.732114], [-96.440547, 30.738712], [-96.452274, 30.744984], [-96.45612, 30.747206], [-96.45763, 30.744474], [-96.46101, 30.742805], [-96.462347, 30.741931], [-96.467941, 30.739477], [-96.469009, 30.738925], [-96.478222, 30.734876], [-96.490842, 30.729703], [-96.500264, 30.725451], [-96.503291, 30.724025], [-96.506895, 30.722469], [-96.526509, 30.713692], [-96.530537, 30.711937], [-96.566983, 30.69567], [-96.567333, 30.692667], [-96.568205, 30.691315], [-96.572064, 30.688849], [-96.573005, 30.688497], [-96.575761, 30.688304], [-96.578993, 30.689573], [-96.580517, 30.689502], [-96.581519, 30.68889], [-96.582676, 30.687177], [-96.583304, 30.685774], [-96.584171, 30.683191], [-96.584308, 30.68111], [-96.584128, 30.679129], [-96.58352, 30.674949], [-96.583225, 30.671663], [-96.583332, 30.670509], [-96.582804, 30.663792], [-96.583131, 30.661981], [-96.584439, 30.658957], [-96.58617, 30.656847], [-96.589075, 30.654688], [-96.590999, 30.653591], [-96.594308, 30.652589], [-96.594399, 30.651946], [-96.595496, 30.650284], [-96.595222, 30.649054], [-96.595779, 30.647627], [-96.596616, 30.646281], [-96.597616, 30.645367], [-96.599906, 30.643905], [-96.601445, 30.642559], [-96.601831, 30.641926], [-96.601723, 30.640564], [-96.601047, 30.639808], [-96.598909, 30.639255], [-96.594822, 30.639732], [-96.591201, 30.640002], [-96.589063, 30.639699], [-96.586395, 30.638277], [-96.583675, 30.637346], [-96.581272, 30.637032], [-96.579018, 30.636922], [-96.574762, 30.637242], [-96.571496, 30.63699], [-96.570253, 30.636683], [-96.568744, 30.63558], [-96.567999, 30.633618], [-96.567768, 30.631441], [-96.566632, 30.629387], [-96.565498, 30.629472], [-96.562251, 30.631165], [-96.56, 30.631903], [-96.55834, 30.63221], [-96.555993, 30.632367], [-96.554505, 30.632264], [-96.550599, 30.630802], [-96.548214, 30.627883], [-96.547088, 30.627739], [-96.544216, 30.627996]]]}},
    {"type": "Feature", "properties": {"name": "Census tract 2.06", "description": "Brazos County", "Population": 3072, "Housing units": 1460, "Vacant housing units": 169, "Vacancy rate (%)": 11.6, "Median gross rent ($ a month)": 1735.0, "Median gross rent ($ a month) margin": 340.0, "Median home value ($)": 296500.0, "Median home value ($) margin": 20965.0, "Median household income ($ a year)": 104770.0, "Median household income ($ a year) margin": 21946.0, "Survey years": "2020 to 2024", "id": "48041000206"}, "geometry": {"type": "Polygon", "coordinates": [[[-96.392319, 30.61511], [-96.391827, 30.615823], [-96.39032, 30.616558], [-96.391231, 30.617158], [-96.390923, 30.61795], [-96.389812, 30.618602], [-96.390483, 30.619651], [-96.388945, 30.620015], [-96.388216, 30.620816], [-96.387331, 30.621245], [-96.388351, 30.621759], [-96.388058, 30.62262], [-96.388356, 30.624385], [-96.387637, 30.624408], [-96.387688, 30.625487], [-96.386856, 30.626019], [-96.387354, 30.626902], [-96.386441, 30.627283], [-96.386356, 30.628311], [-96.387128, 30.628991], [-96.386499, 30.629487], [-96.386629, 30.630993], [-96.387049, 30.630899], [-96.388093, 30.631816], [-96.387955, 30.632552], [-96.387045, 30.633156], [-96.386116, 30.635056], [-96.385162, 30.63511], [-96.385238, 30.635962], [-96.384265, 30.636524], [-96.384761, 30.637059], [-96.3845, 30.63791], [-96.384819, 30.638588], [-96.384528, 30.639668], [-96.383776, 30.640404], [-96.388391, 30.644027], [-96.396441, 30.636823], [-96.397619, 30.63624], [-96.400836, 30.635632], [-96.405215, 30.634462], [-96.406129, 30.634018], [-96.41433, 30.6271], [-96.419, 30.622918], [-96.425381, 30.617385], [-96.423812, 30.616158], [-96.420667, 30.614197], [-96.417155, 30.611407], [-96.415129, 30.609668], [-96.412623, 30.607103], [-96.411114, 30.605969], [-96.404241, 30.611852], [-96.398573, 30.616858], [-96.397693, 30.615689], [-96.3981, 30.614187], [-96.397426, 30.613201], [-96.396546, 30.61395], [-96.394675, 30.614354], [-96.392319, 30.61511]]]}},
    {"type": "Feature", "properties": {"name": "Census tract 2.07", "description": "Brazos County", "Population": 2841, "Housing units": 1770, "Vacant housing units": 297, "Vacancy rate (%)": 16.8, "Median gross rent ($ a month)": 1390.0, "Median gross rent ($ a month) margin": 82.0, "Median home value ($)": 379800.0, "Median home value ($) margin": 270178.0, "Median household income ($ a year)": 66771.0, "Median household income ($ a year) margin": 19952.0, "Survey years": "2020 to 2024", "id": "48041000207"}, "geometry": {"type": "Polygon", "coordinates": [[[-96.544216, 30.627996], [-96.539011, 30.628388], [-96.533322, 30.628317], [-96.529003, 30.628072], [-96.525564, 30.627615], [-96.518343, 30.626224], [-96.517518, 30.626221], [-96.5141, 30.626692], [-96.510494, 30.627828], [-96.50937, 30.626848], [-96.50807, 30.625228], [-96.507451, 30.623005], [-96.508245, 30.620579], [-96.507983, 30.616989], [-96.506803, 30.615307], [-96.504208, 30.614224], [-96.502635, 30.613366], [-96.499935, 30.612829], [-96.497911, 30.613317], [-96.49582, 30.614627], [-96.494085, 30.616135], [-96.493284, 30.6171], [-96.492512, 30.618955], [-96.492459, 30.620603], [-96.491419, 30.621745], [-96.490512, 30.621996], [-96.489228, 30.621771], [-96.487399, 30.620478], [-96.486781, 30.619153], [-96.486323, 30.617436], [-96.48632, 30.616357], [-96.48674, 30.614891], [-96.489067, 30.609421], [-96.489505, 30.607664], [-96.489051, 30.60629], [-96.487626, 30.604881], [-96.486103, 30.604072], [-96.48505, 30.603844], [-96.482038, 30.604357], [-96.478959, 30.604477], [-96.478148, 30.604644], [-96.473522, 30.606644], [-96.471375, 30.607222], [-96.469338, 30.606881], [-96.467554, 30.605482], [-96.46628, 30.603897], [-96.465723, 30.603639], [-96.46496, 30.601926], [-96.464493, 30.601583], [-96.46401, 30.599923], [-96.463487, 30.599412], [-96.461433, 30.598209], [-96.458744, 30.597595], [-96.455875, 30.597454], [-96.455504, 30.597636], [-96.452151, 30.597001], [-96.450335, 30.595846], [-96.449651, 30.594069], [-96.45045, 30.591809], [-96.450464, 30.590479], [-96.449625, 30.588978], [-96.446215, 30.586277], [-96.442991, 30.58351], [-96.441195, 30.581301], [-96.439903, 30.579369], [-96.438327, 30.575143], [-96.437182, 30.574007], [-96.43547, 30.573187], [-96.434097, 30.572876], [-96.432062, 30.572703], [-96.43086, 30.572817], [-96.429336, 30.573389], [-96.427508, 30.575054], [-96.4267, 30.577113], [-96.42674, 30.578902], [-96.428102, 30.581754], [-96.428864, 30.582688], [-96.430659, 30.585855], [-96.431364, 30.587702], [-96.431517, 30.589061], [-96.43131, 30.58994], [-96.43039, 30.590863], [-96.428699, 30.591329], [-96.426399, 30.590934], [-96.425527, 30.590272], [-96.424053, 30.588486], [-96.421806, 30.586322], [-96.420065, 30.584309], [-96.419809, 30.582799], [-96.420498, 30.581299], [-96.422859, 30.579613], [-96.424087, 30.578045], [-96.424162, 30.577153], [-96.423734, 30.575654], [-96.422499, 30.572573], [-96.422173, 30.570044], [-96.422654, 30.566515], [-96.423527, 30.562669], [-96.423669, 30.560487], [-96.423429, 30.559088], [-96.413279, 30.562188], [-96.412229, 30.562706], [-96.410242, 30.564232], [-96.404137, 30.569552], [-96.400774, 30.572659], [-96.392284, 30.579855], [-96.388599, 30.583285], [-96.383912, 30.587261], [-96.380489, 30.590305], [-96.37819, 30.592181], [-96.374871, 30.594639], [-96.369523, 30.598222], [-96.366808, 30.600142], [-96.364068, 30.602247], [-96.357807, 30.607632], [-96.354195, 30.610813], [-96.350767, 30.613698], [-96.348573, 30.61569], [-96.349862, 30.61742], [-96.35224, 30.620061], [-96.356729, 30.625003], [-96.363512, 30.632473], [-96.36391, 30.63213], [-96.363125, 30.631273], [-96.366319, 30.628344], [-96.371154, 30.632453], [-96.375717, 30.628461], [-96.375803, 30.626889], [-96.376808, 30.626262], [-96.377284, 30.623379], [-96.376971, 30.620973], [-96.376344, 30.619228], [-96.381365, 30.614802], [-96.382008, 30.613743], [-96.381229, 30.612703], [-96.383608, 30.611595], [-96.385343, 30.611719], [-96.385894, 30.611172], [-96.387208, 30.611142], [-96.388133, 30.61169], [-96.389934, 30.612204], [-96.390205, 30.613054], [-96.390826, 30.612862], [-96.390917, 30.613503], [-96.391666, 30.613087], [-96.392811, 30.613126], [-96.392851, 30.614131], [-96.392319, 30.61511], [-96.394675, 30.614354], [-96.396546, 30.61395], [-96.397426, 30.613201], [-96.3981, 30.614187], [-96.397693, 30.615689], [-96.398573, 30.616858], [-96.404241, 30.611852], [-96.411114, 30.605969], [-96.412623, 30.607103], [-96.415129, 30.609668], [-96.417155, 30.611407], [-96.420667, 30.614197], [-96.423812, 30.616158], [-96.425381, 30.617385], [-96.419, 30.622918], [-96.41433, 30.6271], [-96.406129, 30.634018], [-96.405215, 30.634462], [-96.400836, 30.635632], [-96.397619, 30.63624], [-96.396441, 30.636823], [-96.388391, 30.644027], [-96.40027, 30.653298], [-96.401548, 30.65478], [-96.402481, 30.656774], [-96.405807, 30.664384], [-96.407369, 30.668077], [-96.423054, 30.660186], [-96.425444, 30.658495], [-96.428593, 30.65497], [-96.429613, 30.654038], [-96.431202, 30.65302], [-96.433849, 30.652079], [-96.436911, 30.65189], [-96.448193, 30.653781], [-96.450693, 30.653803], [-96.458888, 30.65249], [-96.462437, 30.652056], [-96.472039, 30.650273], [-96.476627, 30.64937], [-96.487441, 30.647329], [-96.494808, 30.646012], [-96.520796, 30.641182], [-96.53393, 30.638814], [-96.536075, 30.638154], [-96.540412, 30.636031], [-96.541721, 30.635107], [-96.543064, 30.633254], [-96.544216, 30.627996]]]}},
    {"type": "Feature", "properties": {"name": "Census tract 3.01", "description": "Brazos County", "Population": 4081, "Housing units": 1225, "Vacant housing units": 75, "Vacancy rate (%)": 6.1, "Median gross rent ($ a month)": 1629.0, "Median gross rent ($ a month) margin": 147.0, "Median home value ($)": 207600.0, "Median home value ($) margin": 39246.0, "Median household income ($ a year)": 59752.0, "Median household income ($ a year) margin": 8556.0, "Survey years": "2020 to 2024", "id": "48041000301"}, "geometry": {"type": "Polygon", "coordinates": [[[-96.386067, 30.696865], [-96.385768, 30.697216], [-96.386418, 30.697899], [-96.386059, 30.69858], [-96.392105, 30.703053], [-96.380671, 30.713116], [-96.379322, 30.714252], [-96.384165, 30.717965], [-96.386302, 30.71944], [-96.388619, 30.720455], [-96.39133, 30.721076], [-96.39268, 30.721177], [-96.412673, 30.719838], [-96.414134, 30.720104], [-96.416004, 30.72092], [-96.417995, 30.722369], [-96.41874, 30.721968], [-96.419334, 30.722354], [-96.420361, 30.721737], [-96.420033, 30.720691], [-96.421298, 30.718972], [-96.417696, 30.718146], [-96.415778, 30.717143], [-96.386067, 30.696865]]]}},
    {"type": "Feature", "properties": {"name": "Census tract 3.02", "description": "Brazos County", "Population": 4323, "Housing units": 1562, "Vacant housing units": 46, "Vacancy rate (%)": 2.9, "Median gross rent ($ a month)": 1207.0, "Median gross rent ($ a month) margin": 468.0, "Median home value ($)": 175100.0, "Median home value ($) margin": 19352.0, "Median household income ($ a year)": 60161.0, "Median household income ($ a year) margin": 15349.0, "Survey years": "2020 to 2024", "id": "48041000302"}, "geometry": {"type": "Polygon", "coordinates": [[[-96.386067, 30.696865], [-96.37675, 30.690534], [-96.374523, 30.68897], [-96.373219, 30.687766], [-96.371944, 30.68854], [-96.361702, 30.694767], [-96.358876, 30.696568], [-96.369113, 30.706371], [-96.370666, 30.707654], [-96.379322, 30.714252], [-96.380671, 30.713116], [-96.392105, 30.703053], [-96.386059, 30.69858], [-96.386418, 30.697899], [-96.385768, 30.697216], [-96.386067, 30.696865]]]}},
    {"type": "Feature", "properties": {"name": "Census tract 4.01", "description": "Brazos County", "Population": 3683, "Housing units": 985, "Vacant housing units": 56, "Vacancy rate (%)": 5.7, "Median gross rent ($ a month)": 1471.0, "Median gross rent ($ a month) margin": 193.0, "Median home value ($)": 155200.0, "Median home value ($) margin": 20063.0, "Median household income ($ a year)": 50924.0, "Median household income ($ a year) margin": 25917.0, "Survey years": "2020 to 2024", "id": "48041000401"}, "geometry": {"type": "Polygon", "coordinates": [[[-96.371944, 30.68854], [-96.370757, 30.687202], [-96.370004, 30.685753], [-96.369, 30.682472], [-96.368954, 30.681574], [-96.3697, 30.676146], [-96.363431, 30.675523], [-96.362796, 30.67593], [-96.357078, 30.676102], [-96.352946, 30.676315], [-96.349353, 30.679676], [-96.34873, 30.680862], [-96.346607, 30.683074], [-96.347346, 30.684116], [-96.346935, 30.684444], [-96.349576, 30.688062], [-96.351838, 30.690656], [-96.358876, 30.696568], [-96.361702, 30.694767], [-96.371944, 30.68854]]]}},
    {"type": "Feature", "properties": {"name": "Census tract 4.02", "description": "Brazos County", "Population": 1309, "Housing units": 580, "Vacant housing units": 22, "Vacancy rate (%)": 3.8, "Median gross rent ($ a month)": 1055.0, "Median gross rent ($ a month) margin": 153.0, "Median home value ($)": 214700.0, "Median home value ($) margin": 12813.0, "Median household income ($ a year)": 61500.0, "Median household income ($ a year) margin": 27967.0, "Survey years": "2020 to 2024", "id": "48041000402"}, "geometry": {"type": "Polygon", "coordinates": [[[-96.352946, 30.676315], [-96.348784, 30.672832], [-96.348758, 30.671816], [-96.345608, 30.6716], [-96.340239, 30.67205], [-96.33799, 30.672128], [-96.339952, 30.674751], [-96.341585, 30.67717], [-96.344268, 30.680737], [-96.346935, 30.684444], [-96.347346, 30.684116], [-96.346607, 30.683074], [-96.34873, 30.680862], [-96.349353, 30.679676], [-96.352946, 30.676315]]]}},
    {"type": "Feature", "properties": {"name": "Census tract 5.01", "description": "Brazos County", "Population": 4653, "Housing units": 1390, "Vacant housing units": 163, "Vacancy rate (%)": 11.7, "Median gross rent ($ a month)": 1110.0, "Median gross rent ($ a month) margin": 186.0, "Median home value ($)": 113800.0, "Median home value ($) margin": 33754.0, "Median household income ($ a year)": 29175.0, "Median household income ($ a year) margin": 9572.0, "Survey years": "2020 to 2024", "id": "48041000501"}, "geometry": {"type": "Polygon", "coordinates": [[[-96.407369, 30.668077], [-96.401479, 30.671116], [-96.393068, 30.675352], [-96.390717, 30.676238], [-96.38941, 30.676978], [-96.387881, 30.678211], [-96.382466, 30.682953], [-96.379927, 30.680882], [-96.375335, 30.68039], [-96.374699, 30.684886], [-96.374292, 30.687103], [-96.373219, 30.687766], [-96.374523, 30.68897], [-96.37675, 30.690534], [-96.386067, 30.696865], [-96.387905, 30.696168], [-96.388552, 30.695347], [-96.38952, 30.695121], [-96.389064, 30.693519], [-96.38939, 30.692816], [-96.389019, 30.691259], [-96.389314, 30.689827], [-96.390887, 30.689303], [-96.390628, 30.688914], [-96.390969, 30.687684], [-96.39028, 30.686959], [-96.391054, 30.685421], [-96.392703, 30.685405], [-96.393944, 30.684624], [-96.393691, 30.683394], [-96.39428, 30.682603], [-96.395157, 30.682554], [-96.394773, 30.681891], [-96.396129, 30.679731], [-96.397283, 30.679177], [-96.399471, 30.679051], [-96.40164, 30.679222], [-96.403054, 30.678029], [-96.402567, 30.676863], [-96.40379, 30.676441], [-96.404211, 30.675251], [-96.40526, 30.675535], [-96.406222, 30.675073], [-96.406539, 30.674359], [-96.40736, 30.673992], [-96.408656, 30.673971], [-96.408642, 30.672399], [-96.409306, 30.671928], [-96.407829, 30.669249], [-96.407369, 30.668077]]]}},
    {"type": "Feature", "properties": {"name": "Census tract 5.02", "description": "Brazos County", "Population": 1530, "Housing units": 502, "Vacant housing units": 48, "Vacancy rate (%)": 9.6, "Median gross rent ($ a month)": 1235.0, "Median gross rent ($ a month) margin": 222.0, "Median home value ($)": 71000.0, "Median home value ($) margin": 27604.0, "Median household income ($ a year)": 39741.0, "Median household income ($ a year) margin": 12951.0, "Survey years": "2020 to 2024", "id": "48041000502"}, "geometry": {"type": "Polygon", "coordinates": [[[-96.38941, 30.676978], [-96.38797, 30.676196], [-96.374981, 30.674862], [-96.374649, 30.677584], [-96.373542, 30.677468], [-96.37342, 30.678364], [-96.372709, 30.678292], [-96.372832, 30.677394], [-96.371779, 30.677281], [-96.371901, 30.676388], [-96.370797, 30.676272], [-96.370922, 30.67537], [-96.369815, 30.675253], [-96.3697, 30.676146], [-96.368954, 30.681574], [-96.369, 30.682472], [-96.370004, 30.685753], [-96.370757, 30.687202], [-96.371944, 30.68854], [-96.373219, 30.687766], [-96.374292, 30.687103], [-96.374699, 30.684886], [-96.375335, 30.68039], [-96.379927, 30.680882], [-96.382466, 30.682953], [-96.387881, 30.678211], [-96.38941, 30.676978]]]}},
    {"type": "Feature", "properties": {"name": "Census tract 6.03", "description": "Brazos County", "Population": 4831, "Housing units": 1734, "Vacant housing units": 156, "Vacancy rate (%)": 9.0, "Median gross rent ($ a month)": 1106.0, "Median gross rent ($ a month) margin": 108.0, "Median home value ($)": 123300.0, "Median home value ($) margin": 26974.0, "Median household income ($ a year)": 47955.0, "Median household income ($ a year) margin": 22018.0, "Survey years": "2020 to 2024", "id": "48041000603"}, "geometry": {"type": "Polygon", "coordinates": [[[-96.407369, 30.668077], [-96.405807, 30.664384], [-96.402481, 30.656774], [-96.400303, 30.657292], [-96.390197, 30.658043], [-96.389272, 30.658363], [-96.388673, 30.658708], [-96.385922, 30.661183], [-96.38171, 30.66474], [-96.377346, 30.66531], [-96.37682, 30.665478], [-96.375149, 30.66704], [-96.373899, 30.66576], [-96.373189, 30.66622], [-96.372578, 30.662102], [-96.372146, 30.660355], [-96.371547, 30.660643], [-96.371767, 30.661648], [-96.37049, 30.670517], [-96.369431, 30.670409], [-96.369142, 30.672312], [-96.36809, 30.672202], [-96.367954, 30.673175], [-96.369008, 30.673254], [-96.368742, 30.675162], [-96.369815, 30.675253], [-96.370922, 30.67537], [-96.370797, 30.676272], [-96.371901, 30.676388], [-96.371779, 30.677281], [-96.372832, 30.677394], [-96.372709, 30.678292], [-96.37342, 30.678364], [-96.373542, 30.677468], [-96.374649, 30.677584], [-96.374981, 30.674862], [-96.38797, 30.676196], [-96.38941, 30.676978], [-96.390717, 30.676238], [-96.393068, 30.675352], [-96.401479, 30.671116], [-96.407369, 30.668077]]]}},
    {"type": "Feature", "properties": {"name": "Census tract 6.05", "description": "Brazos County", "Population": 5911, "Housing units": 2099, "Vacant housing units": 152, "Vacancy rate (%)": 7.2, "Median gross rent ($ a month)": 1136.0, "Median gross rent ($ a month) margin": 72.0, "Median household income ($ a year)": 49247.0, "Median household income ($ a year) margin": 8764.0, "Survey years": "2020 to 2024", "id": "48041000605"}, "geometry": {"type": "Polygon", "coordinates": [[[-96.402481, 30.656774], [-96.401548, 30.65478], [-96.40027, 30.653298], [-96.388391, 30.644027], [-96.383776, 30.640404], [-96.38146, 30.638677], [-96.379311, 30.63684], [-96.378674, 30.63794], [-96.378783, 30.639416], [-96.378368, 30.640173], [-96.374536, 30.643734], [-96.375563, 30.645347], [-96.376088, 30.64715], [-96.376097, 30.648814], [-96.374849, 30.657767], [-96.374895, 30.658643], [-96.38028, 30.659215], [-96.381499, 30.659001], [-96.382545, 30.65847], [-96.382765, 30.657756], [-96.383629, 30.657732], [-96.384956, 30.657111], [-96.385774, 30.657154], [-96.3862, 30.655493], [-96.386809, 30.654841], [-96.388643, 30.65638], [-96.389048, 30.656094], [-96.390847, 30.657521], [-96.3893, 30.657582], [-96.388679, 30.658074], [-96.389272, 30.658363], [-96.390197, 30.658043], [-96.400303, 30.657292], [-96.402481, 30.656774]]]}},
    {"type": "Feature", "properties": {"name": "Census tract 6.06", "description": "Brazos County", "Population": 1394, "Housing units": 544, "Vacant housing units": 59, "Vacancy rate (%)": 10.8, "Median home value ($)": 122100.0, "Median home value ($) margin": 76513.0, "Median household income ($ a year)": 59034.0, "Median household income ($ a year) margin": 21759.0, "Survey years": "2020 to 2024", "id": "48041000606"}, "geometry": {"type": "Polygon", "coordinates": [[[-96.374849, 30.657767], [-96.374214, 30.66219], [-96.372578, 30.662102], [-96.373189, 30.66622], [-96.373899, 30.66576], [-96.375149, 30.66704], [-96.37682, 30.665478], [-96.377346, 30.66531], [-96.38171, 30.66474], [-96.385922, 30.661183], [-96.388673, 30.658708], [-96.389272, 30.658363], [-96.388679, 30.658074], [-96.3893, 30.657582], [-96.390847, 30.657521], [-96.389048, 30.656094], [-96.388643, 30.65638], [-96.386809, 30.654841], [-96.3862, 30.655493], [-96.385774, 30.657154], [-96.384956, 30.657111], [-96.383629, 30.657732], [-96.382765, 30.657756], [-96.382545, 30.65847], [-96.381499, 30.659001], [-96.38028, 30.659215], [-96.374895, 30.658643], [-96.374849, 30.657767]]]}},
    {"type": "Feature", "properties": {"name": "Census tract 7", "description": "Brazos County", "Population": 3071, "Housing units": 1316, "Vacant housing units": 108, "Vacancy rate (%)": 8.2, "Median gross rent ($ a month)": 983.0, "Median gross rent ($ a month) margin": 168.0, "Median home value ($)": 202700.0, "Median home value ($) margin": 75499.0, "Median household income ($ a year)": 59722.0, "Median household income ($ a year) margin": 19646.0, "Survey years": "2020 to 2024", "id": "48041000700"}, "geometry": {"type": "Polygon", "coordinates": [[[-96.371547, 30.660643], [-96.369382, 30.65838], [-96.361329, 30.66567], [-96.360543, 30.666749], [-96.357757, 30.669863], [-96.355976, 30.671539], [-96.355945, 30.672013], [-96.357078, 30.676102], [-96.362796, 30.67593], [-96.363431, 30.675523], [-96.3697, 30.676146], [-96.369815, 30.675253], [-96.368742, 30.675162], [-96.369008, 30.673254], [-96.367954, 30.673175], [-96.36809, 30.672202], [-96.369142, 30.672312], [-96.369431, 30.670409], [-96.37049, 30.670517], [-96.371767, 30.661648], [-96.371547, 30.660643]]]}},
    {"type": "Feature", "properties": {"name": "Census tract 8", "description": "Brazos County", "Population": 4581, "Housing units": 2333, "Vacant housing units": 170, "Vacancy rate (%)": 7.3, "Median gross rent ($ a month)": 1185.0, "Median gross rent ($ a month) margin": 173.0, "Median home value ($)": 229400.0, "Median home value ($) margin": 19000.0, "Median household income ($ a year)": 60451.0, "Median household income ($ a year) margin": 25074.0, "Survey years": "2020 to 2024", "id": "48041000800"}, "geometry": {"type": "Polygon", "coordinates": [[[-96.369382, 30.65838], [-96.362405, 30.651891], [-96.35896, 30.648266], [-96.353474, 30.643547], [-96.348552, 30.647874], [-96.347859, 30.649282], [-96.348277, 30.653282], [-96.348883, 30.657843], [-96.34815, 30.666757], [-96.348643, 30.669785], [-96.348758, 30.671816], [-96.348784, 30.672832], [-96.352946, 30.676315], [-96.357078, 30.676102], [-96.355945, 30.672013], [-96.355976, 30.671539], [-96.357757, 30.669863], [-96.360543, 30.666749], [-96.361329, 30.66567], [-96.369382, 30.65838]]]}},
    {"type": "Feature", "properties": {"name": "Census tract 9", "description": "Brazos County", "Population": 2223, "Housing units": 997, "Vacant housing units": 92, "Vacancy rate (%)": 9.2, "Median gross rent ($ a month)": 1054.0, "Median gross rent ($ a month) margin": 91.0, "Median home value ($)": 111800.0, "Median home value ($) margin": 57389.0, "Median household income ($ a year)": 39955.0, "Median household income ($ a year) margin": 7794.0, "Survey years": "2020 to 2024", "id": "48041000900"}, "geometry": {"type": "Polygon", "coordinates": [[[-96.374536, 30.643734], [-96.369739, 30.638372], [-96.365989, 30.634358], [-96.365638, 30.634578], [-96.361893, 30.637962], [-96.358184, 30.639655], [-96.355474, 30.641224], [-96.354837, 30.6424], [-96.353474, 30.643547], [-96.35896, 30.648266], [-96.362405, 30.651891], [-96.369382, 30.65838], [-96.371547, 30.660643], [-96.372146, 30.660355], [-96.372578, 30.662102], [-96.374214, 30.66219], [-96.374849, 30.657767], [-96.376097, 30.648814], [-96.376088, 30.64715], [-96.375563, 30.645347], [-96.374536, 30.643734]]]}},
    {"type": "Feature", "properties": {"name": "Census tract 10.01", "description": "Brazos County", "Population": 3626, "Housing units": 1739, "Vacant housing units": 341, "Vacancy rate (%)": 19.6, "Median gross rent ($ a month)": 1139.0, "Median gross rent ($ a month) margin": 79.0, "Median household income ($ a year)": 39602.0, "Median household income ($ a year) margin": 3746.0, "Survey years": "2020 to 2024", "id": "48041001001"}, "geometry": {"type": "Polygon", "coordinates": [[[-96.365638, 30.634578], [-96.363512, 30.632473], [-96.356729, 30.625003], [-96.355064, 30.62696], [-96.354678, 30.628987], [-96.354456, 30.631734], [-96.354178, 30.633371], [-96.354871, 30.635396], [-96.356439, 30.637255], [-96.358184, 30.639655], [-96.361893, 30.637962], [-96.365638, 30.634578]]]}},
    {"type": "Feature", "properties": {"name": "Census tract 10.02", "description": "Brazos County", "Population": 3706, "Housing units": 1866, "Vacant housing units": 333, "Vacancy rate (%)": 17.8, "Median gross rent ($ a month)": 937.0, "Median gross rent ($ a month) margin": 85.0, "Median home value ($)": 323800.0, "Median home value ($) margin": 107507.0, "Median household income ($ a year)": 29036.0, "Median household income ($ a year) margin": 7174.0, "Survey years": "2020 to 2024", "id": "48041001002"}, "geometry": {"type": "Polygon", "coordinates": [[[-96.358184, 30.639655], [-96.356439, 30.637255], [-96.354871, 30.635396], [-96.354178, 30.633371], [-96.354456, 30.631734], [-96.354678, 30.628987], [-96.355064, 30.62696], [-96.356729, 30.625003], [-96.35224, 30.620061], [-96.349642, 30.622316], [-96.347883, 30.623961], [-96.34764, 30.623737], [-96.345575, 30.62682], [-96.350237, 30.630735], [-96.347321, 30.630469], [-96.346238, 30.629846], [-96.344648, 30.630571], [-96.344317, 30.631851], [-96.343217, 30.631961], [-96.342062, 30.632531], [-96.342105, 30.633193], [-96.341206, 30.633163], [-96.349838, 30.640524], [-96.353474, 30.643547], [-96.354837, 30.6424], [-96.355474, 30.641224], [-96.358184, 30.639655]]]}},
    {"type": "Feature", "properties": {"name": "Census tract 11.01", "description": "Brazos County", "Population": 2911, "Housing units": 1539, "Vacant housing units": 287, "Vacancy rate (%)": 18.6, "Median gross rent ($ a month)": 1148.0, "Median gross rent ($ a month) margin": 124.0, "Median home value ($)": 257800.0, "Median home value ($) margin": 37116.0, "Median household income ($ a year)": 57273.0, "Median household income ($ a year) margin": 22831.0, "Survey years": "2020 to 2024", "id": "48041001101"}, "geometry": {"type": "Polygon", "coordinates": [[[-96.353474, 30.643547], [-96.349838, 30.640524], [-96.341206, 30.633163], [-96.336957, 30.629544], [-96.332502, 30.63352], [-96.334102, 30.634845], [-96.328379, 30.640087], [-96.328992, 30.640823], [-96.330094, 30.64163], [-96.331624, 30.642044], [-96.332083, 30.642465], [-96.332584, 30.644066], [-96.333798, 30.643311], [-96.335199, 30.64207], [-96.335754, 30.642055], [-96.337056, 30.644041], [-96.338828, 30.645731], [-96.337704, 30.646384], [-96.337954, 30.647013], [-96.339313, 30.648089], [-96.339704, 30.648861], [-96.339694, 30.65005], [-96.337164, 30.652263], [-96.335775, 30.652693], [-96.336704, 30.655033], [-96.338215, 30.655806], [-96.343467, 30.656137], [-96.348883, 30.657843], [-96.348277, 30.653282], [-96.347859, 30.649282], [-96.348552, 30.647874], [-96.353474, 30.643547]]]}},
    {"type": "Feature", "properties": {"name": "Census tract 11.02", "description": "Brazos County", "Population": 1614, "Housing units": 782, "Vacant housing units": 70, "Vacancy rate (%)": 9.0, "Median gross rent ($ a month)": 1124.0, "Median gross rent ($ a month) margin": 51.0, "Median home value ($)": 306900.0, "Median home value ($) margin": 108875.0, "Median household income ($ a year)": 48023.0, "Median household income ($ a year) margin": 12417.0, "Survey years": "2020 to 2024", "id": "48041001102"}, "geometry": {"type": "Polygon", "coordinates": [[[-96.332584, 30.644066], [-96.335775, 30.652693], [-96.337164, 30.652263], [-96.339694, 30.65005], [-96.339704, 30.648861], [-96.339313, 30.648089], [-96.337954, 30.647013], [-96.337704, 30.646384], [-96.338828, 30.645731], [-96.337056, 30.644041], [-96.335754, 30.642055], [-96.335199, 30.64207], [-96.333798, 30.643311], [-96.332584, 30.644066]]]}},
    {"type": "Feature", "properties": {"name": "Census tract 13.01", "description": "Brazos County", "Population": 2422, "Housing units": 1425, "Vacant housing units": 182, "Vacancy rate (%)": 12.8, "Median gross rent ($ a month)": 1112.0, "Median gross rent ($ a month) margin": 34.0, "Median home value ($)": 234300.0, "Median home value ($) margin": 27616.0, "Median household income ($ a year)": 34422.0, "Median household income ($ a year) margin": 11462.0, "Survey years": "2020 to 2024", "id": "48041001301"}, "geometry": {"type": "Polygon", "coordinates": [[[-96.336957, 30.629544], [-96.334844, 30.627754], [-96.329114, 30.63311], [-96.327855, 30.63402], [-96.326078, 30.634829], [-96.316596, 30.63759], [-96.313115, 30.638675], [-96.310047, 30.640657], [-96.313108, 30.644332], [-96.314033, 30.643996], [-96.315716, 30.644474], [-96.319259, 30.643444], [-96.320573, 30.642666], [-96.321418, 30.642567], [-96.322122, 30.643534], [-96.323071, 30.643779], [-96.324743, 30.643073], [-96.325703, 30.642058], [-96.327209, 30.641682], [-96.328992, 30.640823], [-96.328379, 30.640087], [-96.334102, 30.634845], [-96.332502, 30.63352], [-96.336957, 30.629544]]]}},
    {"type": "Feature", "properties": {"name": "Census tract 13.02", "description": "Brazos County", "Population": 4273, "Housing units": 2048, "Vacant housing units": 407, "Vacancy rate (%)": 19.9, "Median gross rent ($ a month)": 1261.0, "Median gross rent ($ a month) margin": 232.0, "Median home value ($)": 349600.0, "Median home value ($) margin": 23553.0, "Median household income ($ a year)": 60928.0, "Median household income ($ a year) margin": 8065.0, "Survey years": "2020 to 2024", "id": "48041001302"}, "geometry": {"type": "Polygon", "coordinates": [[[-96.329114, 30.63311], [-96.325049, 30.629748], [-96.323409, 30.631241], [-96.322856, 30.630951], [-96.319862, 30.628618], [-96.318199, 30.630186], [-96.316056, 30.628692], [-96.314338, 30.626764], [-96.309964, 30.623012], [-96.302156, 30.629844], [-96.305443, 30.635037], [-96.307012, 30.637093], [-96.310047, 30.640657], [-96.313115, 30.638675], [-96.316596, 30.63759], [-96.326078, 30.634829], [-96.327855, 30.63402], [-96.329114, 30.63311]]]}},
    {"type": "Feature", "properties": {"name": "Census tract 13.03", "description": "Brazos County", "Population": 6642, "Housing units": 2818, "Vacant housing units": 314, "Vacancy rate (%)": 11.1, "Median gross rent ($ a month)": 1069.0, "Median gross rent ($ a month) margin": 108.0, "Median home value ($)": 356300.0, "Median home value ($) margin": 56178.0, "Median household income ($ a year)": 19583.0, "Median household income ($ a year) margin": 5656.0, "Survey years": "2020 to 2024", "id": "48041001303"}, "geometry": {"type": "Polygon", "coordinates": [[[-96.334844, 30.627754], [-96.329589, 30.623303], [-96.323435, 30.618566], [-96.318978, 30.615112], [-96.310793, 30.622273], [-96.309964, 30.623012], [-96.314338, 30.626764], [-96.316056, 30.628692], [-96.318199, 30.630186], [-96.319862, 30.628618], [-96.322856, 30.630951], [-96.323409, 30.631241], [-96.325049, 30.629748], [-96.329114, 30.63311], [-96.334844, 30.627754]]]}},
    {"type": "Feature", "properties": {"name": "Census tract 14.01", "description": "Brazos County", "Population": 1880, "Housing units": 748, "Vacant housing units": 102, "Vacancy rate (%)": 13.6, "Median gross rent ($ a month)": 1109.0, "Median gross rent ($ a month) margin": 135.0, "Median household income ($ a year)": 16833.0, "Median household income ($ a year) margin": 9093.0, "Survey years": "2020 to 2024", "id": "48041001401"}, "geometry": {"type": "Polygon", "coordinates": [[[-96.35224, 30.620061], [-96.349862, 30.61742], [-96.348573, 30.61569], [-96.345469, 30.618304], [-96.349642, 30.622316], [-96.35224, 30.620061]]]}},
    {"type": "Feature", "properties": {"name": "Census tract 16.04", "description": "Brazos County", "Population": 4705, "Housing units": 2686, "Vacant housing units": 162, "Vacancy rate (%)": 6.0, "Median gross rent ($ a month)": 976.0, "Median gross rent ($ a month) margin": 37.0, "Median home value ($)": 330400.0, "Median home value ($) margin": 83643.0, "Median household income ($ a year)": 33484.0, "Median household income ($ a year) margin": 6275.0, "Survey years": "2020 to 2024", "id": "48041001604"}, "geometry": {"type": "Polygon", "coordinates": [[[-96.330878, 30.591022], [-96.329696, 30.589123], [-96.327961, 30.586693], [-96.324401, 30.586561], [-96.322253, 30.587124], [-96.310152, 30.593011], [-96.309378, 30.593543], [-96.301117, 30.600773], [-96.305503, 30.604471], [-96.309122, 30.607322], [-96.311897, 30.60469], [-96.312351, 30.60403], [-96.313815, 30.601033], [-96.315407, 30.599492], [-96.317453, 30.598434], [-96.321532, 30.596392], [-96.330878, 30.591022]]]}},
    {"type": "Feature", "properties": {"name": "Census tract 16.05", "description": "Brazos County", "Population": 4134, "Housing units": 2043, "Vacant housing units": 220, "Vacancy rate (%)": 10.8, "Median gross rent ($ a month)": 1125.0, "Median gross rent ($ a month) margin": 46.0, "Median home value ($)": 219000.0, "Median home value ($) margin": 15729.0, "Median household income ($ a year)": 39430.0, "Median household income ($ a year) margin": 7490.0, "Survey years": "2020 to 2024", "id": "48041001605"}, "geometry": {"type": "Polygon", "coordinates": [[[-96.33374, 30.595739], [-96.330878, 30.591022], [-96.321532, 30.596392], [-96.317453, 30.598434], [-96.31937, 30.599905], [-96.317494, 30.601525], [-96.31927, 30.603152], [-96.322913, 30.601741], [-96.323869, 30.602764], [-96.325205, 30.603216], [-96.326577, 30.601866], [-96.332837, 30.596275], [-96.33374, 30.595739]]]}},
    {"type": "Feature", "properties": {"name": "Census tract 16.06", "description": "Brazos County", "Population": 2780, "Housing units": 1410, "Vacant housing units": 65, "Vacancy rate (%)": 4.6, "Median gross rent ($ a month)": 1048.0, "Median gross rent ($ a month) margin": 134.0, "Median home value ($)": 243900.0, "Median home value ($) margin": 159496.0, "Median household income ($ a year)": 40339.0, "Median household income ($ a year) margin": 3313.0, "Survey years": "2020 to 2024", "id": "48041001606"}, "geometry": {"type": "Polygon", "coordinates": [[[-96.325205, 30.603216], [-96.323869, 30.602764], [-96.322913, 30.601741], [-96.31927, 30.603152], [-96.317494, 30.601525], [-96.31937, 30.599905], [-96.317453, 30.598434], [-96.315407, 30.599492], [-96.313815, 30.601033], [-96.312351, 30.60403], [-96.311897, 30.60469], [-96.309122, 30.607322], [-96.315973, 30.612753], [-96.31855, 30.61184], [-96.319494, 30.610747], [-96.319398, 30.609101], [-96.319882, 30.608464], [-96.324797, 30.604056], [-96.325205, 30.603216]]]}},
    {"type": "Feature", "properties": {"name": "Census tract 16.07", "description": "Brazos County", "Population": 2000, "Housing units": 896, "Vacant housing units": 118, "Vacancy rate (%)": 13.2, "Median gross rent ($ a month)": 1111.0, "Median gross rent ($ a month) margin": 100.0, "Median household income ($ a year)": 30455.0, "Median household income ($ a year) margin": 18223.0, "Survey years": "2020 to 2024", "id": "48041001607"}, "geometry": {"type": "Polygon", "coordinates": [[[-96.327827, 30.614719], [-96.324158, 30.611633], [-96.322077, 30.61025], [-96.319882, 30.608464], [-96.319398, 30.609101], [-96.319494, 30.610747], [-96.31855, 30.61184], [-96.315973, 30.612753], [-96.318978, 30.615112], [-96.323435, 30.618566], [-96.327827, 30.614719]]]}},
    {"type": "Feature", "properties": {"name": "Census tract 16.08", "description": "Brazos County", "Population": 2514, "Housing units": 1170, "Vacant housing units": 188, "Vacancy rate (%)": 16.1, "Median gross rent ($ a month)": 886.0, "Median gross rent ($ a month) margin": 443.0, "Median home value ($)": 391800.0, "Median home value ($) margin": 106112.0, "Median household income ($ a year)": 14577.0, "Median household income ($ a year) margin": 8641.0, "Survey years": "2020 to 2024", "id": "48041001608"}, "geometry": {"type": "Polygon", "coordinates": [[[-96.33908, 30.604603], [-96.335988, 30.599416], [-96.33374, 30.595739], [-96.332837, 30.596275], [-96.326577, 30.601866], [-96.325205, 30.603216], [-96.324797, 30.604056], [-96.319882, 30.608464], [-96.322077, 30.61025], [-96.324158, 30.611633], [-96.327827, 30.614719], [-96.330561, 30.612453], [-96.333738, 30.60938], [-96.335205, 30.608302], [-96.33908, 30.604603]]]}},
    {"type": "Feature", "properties": {"name": "Census tract 17.02", "description": "Brazos County", "Population": 3022, "Housing units": 1471, "Vacant housing units": 168, "Vacancy rate (%)": 11.4, "Median gross rent ($ a month)": 1401.0, "Median gross rent ($ a month) margin": 334.0, "Median home value ($)": 213700.0, "Median home value ($) margin": 40172.0, "Median household income ($ a year)": 50028.0, "Median household income ($ a year) margin": 19201.0, "Survey years": "2020 to 2024", "id": "48041001702"}, "geometry": {"type": "Polygon", "coordinates": [[[-96.309122, 30.607322], [-96.305503, 30.604471], [-96.301117, 30.600773], [-96.297187, 30.597644], [-96.293985, 30.59493], [-96.290243, 30.592334], [-96.289381, 30.591487], [-96.28824, 30.589858], [-96.289625, 30.593181], [-96.29002, 30.595087], [-96.290138, 30.596945], [-96.289882, 30.605552], [-96.290132, 30.608926], [-96.290919, 30.611613], [-96.291732, 30.613308], [-96.295169, 30.618752], [-96.296259, 30.618343], [-96.297967, 30.617263], [-96.303937, 30.611947], [-96.309122, 30.607322]]]}},
    {"type": "Feature", "properties": {"name": "Census tract 17.03", "description": "Brazos County", "Population": 4221, "Housing units": 2070, "Vacant housing units": 178, "Vacancy rate (%)": 8.6, "Median gross rent ($ a month)": 1359.0, "Median gross rent ($ a month) margin": 179.0, "Median home value ($)": 214900.0, "Median home value ($) margin": 23660.0, "Median household income ($ a year)": 28784.0, "Median household income ($ a year) margin": 6915.0, "Survey years": "2020 to 2024", "id": "48041001703"}, "geometry": {"type": "Polygon", "coordinates": [[[-96.318978, 30.615112], [-96.315973, 30.612753], [-96.309122, 30.607322], [-96.303937, 30.611947], [-96.30479, 30.612932], [-96.306102, 30.615795], [-96.307199, 30.618848], [-96.308026, 30.619914], [-96.310793, 30.622273], [-96.318978, 30.615112]]]}},
    {"type": "Feature", "properties": {"name": "Census tract 17.04", "description": "Brazos County", "Population": 1915, "Housing units": 1087, "Vacant housing units": 55, "Vacancy rate (%)": 5.1, "Median gross rent ($ a month)": 1122.0, "Median gross rent ($ a month) margin": 57.0, "Median household income ($ a year)": 36429.0, "Median household income ($ a year) margin": 4127.0, "Survey years": "2020 to 2024", "id": "48041001704"}, "geometry": {"type": "Polygon", "coordinates": [[[-96.309964, 30.623012], [-96.310793, 30.622273], [-96.308026, 30.619914], [-96.307199, 30.618848], [-96.306102, 30.615795], [-96.30479, 30.612932], [-96.303937, 30.611947], [-96.297967, 30.617263], [-96.296259, 30.618343], [-96.295169, 30.618752], [-96.302156, 30.629844], [-96.309964, 30.623012]]]}},
    {"type": "Feature", "properties": {"name": "Census tract 18.01", "description": "Brazos County", "Population": 5347, "Housing units": 2853, "Vacant housing units": 301, "Vacancy rate (%)": 10.6, "Median gross rent ($ a month)": 1174.0, "Median gross rent ($ a month) margin": 65.0, "Median home value ($)": 256700.0, "Median home value ($) margin": 22066.0, "Median household income ($ a year)": 65090.0, "Median household income ($ a year) margin": 12321.0, "Survey years": "2020 to 2024", "id": "48041001801"}, "geometry": {"type": "Polygon", "coordinates": [[[-96.310152, 30.593011], [-96.30971, 30.59248], [-96.308794, 30.58987], [-96.307838, 30.588743], [-96.306459, 30.587847], [-96.304824, 30.586329], [-96.297439, 30.580338], [-96.297115, 30.579973], [-96.296527, 30.580329], [-96.291639, 30.582527], [-96.288466, 30.583097], [-96.284878, 30.584937], [-96.28824, 30.589858], [-96.289381, 30.591487], [-96.290243, 30.592334], [-96.293985, 30.59493], [-96.297187, 30.597644], [-96.301117, 30.600773], [-96.309378, 30.593543], [-96.310152, 30.593011]]]}},
    {"type": "Feature", "properties": {"name": "Census tract 18.03", "description": "Brazos County", "Population": 5404, "Housing units": 2843, "Vacant housing units": 402, "Vacancy rate (%)": 14.1, "Median gross rent ($ a month)": 1263.0, "Median gross rent ($ a month) margin": 94.0, "Median home value ($)": 373400.0, "Median home value ($) margin": 23803.0, "Median household income ($ a year)": 65866.0, "Median household income ($ a year) margin": 11551.0, "Survey years": "2020 to 2024", "id": "48041001803"}, "geometry": {"type": "Polygon", "coordinates": [[[-96.327961, 30.586693], [-96.324524, 30.583157], [-96.310784, 30.571273], [-96.310165, 30.571771], [-96.304761, 30.575189], [-96.297115, 30.579973], [-96.297439, 30.580338], [-96.304824, 30.586329], [-96.306459, 30.587847], [-96.307838, 30.588743], [-96.308794, 30.58987], [-96.30971, 30.59248], [-96.310152, 30.593011], [-96.322253, 30.587124], [-96.324401, 30.586561], [-96.327961, 30.586693]]]}},
    {"type": "Feature", "properties": {"name": "Census tract 18.04", "description": "Brazos County", "Population": 1648, "Housing units": 609, "Vacant housing units": 15, "Vacancy rate (%)": 2.5, "Median gross rent ($ a month)": 1375.0, "Median gross rent ($ a month) margin": 282.0, "Median home value ($)": 257700.0, "Median home value ($) margin": 72246.0, "Median household income ($ a year)": 64583.0, "Median household income ($ a year) margin": 27043.0, "Survey years": "2020 to 2024", "id": "48041001804"}, "geometry": {"type": "Polygon", "coordinates": [[[-96.304761, 30.575189], [-96.303426, 30.573759], [-96.301296, 30.572001], [-96.298107, 30.574857], [-96.293623, 30.571194], [-96.28848, 30.575691], [-96.282722, 30.580908], [-96.282088, 30.580705], [-96.284878, 30.584937], [-96.288466, 30.583097], [-96.291639, 30.582527], [-96.296527, 30.580329], [-96.297115, 30.579973], [-96.304761, 30.575189]]]}},
    {"type": "Feature", "properties": {"name": "Census tract 19.01", "description": "Brazos County", "Population": 3300, "Housing units": 1604, "Vacant housing units": 158, "Vacancy rate (%)": 9.9, "Median gross rent ($ a month)": 1050.0, "Median gross rent ($ a month) margin": 298.0, "Median home value ($)": 280700.0, "Median home value ($) margin": 36065.0, "Median household income ($ a year)": 67778.0, "Median household income ($ a year) margin": 14210.0, "Survey years": "2020 to 2024", "id": "48041001901"}, "geometry": {"type": "Polygon", "coordinates": [[[-96.348883, 30.657843], [-96.343467, 30.656137], [-96.338215, 30.655806], [-96.336704, 30.655033], [-96.332795, 30.658688], [-96.329314, 30.661783], [-96.327311, 30.663404], [-96.329353, 30.665303], [-96.331365, 30.666722], [-96.334418, 30.668526], [-96.336019, 30.66976], [-96.33799, 30.672128], [-96.340239, 30.67205], [-96.345608, 30.6716], [-96.348758, 30.671816], [-96.348643, 30.669785], [-96.34815, 30.666757], [-96.348883, 30.657843]]]}},
    {"type": "Feature", "properties": {"name": "Census tract 19.02", "description": "Brazos County", "Population": 3103, "Housing units": 1281, "Vacant housing units": 17, "Vacancy rate (%)": 1.3, "Median gross rent ($ a month)": 1281.0, "Median gross rent ($ a month) margin": 114.0, "Median home value ($)": 225900.0, "Median home value ($) margin": 42429.0, "Median household income ($ a year)": 47308.0, "Median household income ($ a year) margin": 12223.0, "Survey years": "2020 to 2024", "id": "48041001902"}, "geometry": {"type": "Polygon", "coordinates": [[[-96.336704, 30.655033], [-96.335775, 30.652693], [-96.332584, 30.644066], [-96.332083, 30.642465], [-96.331624, 30.642044], [-96.330094, 30.64163], [-96.328992, 30.640823], [-96.327209, 30.641682], [-96.325703, 30.642058], [-96.324743, 30.643073], [-96.323071, 30.643779], [-96.322122, 30.643534], [-96.321418, 30.642567], [-96.320573, 30.642666], [-96.319259, 30.643444], [-96.315716, 30.644474], [-96.314033, 30.643996], [-96.313108, 30.644332], [-96.313901, 30.645348], [-96.322381, 30.656803], [-96.326671, 30.662671], [-96.327311, 30.663404], [-96.329314, 30.661783], [-96.332795, 30.658688], [-96.336704, 30.655033]]]}},
    {"type": "Feature", "properties": {"name": "Census tract 20.01", "description": "Brazos County", "Population": 4865, "Housing units": 1935, "Vacant housing units": 21, "Vacancy rate (%)": 1.1, "Median gross rent ($ a month)": 2220.0, "Median gross rent ($ a month) margin": 184.0, "Median home value ($)": 365700.0, "Median home value ($) margin": 15697.0, "Median household income ($ a year)": 122150.0, "Median household income ($ a year) margin": 17397.0, "Survey years": "2020 to 2024", "id": "48041002001"}, "geometry": {"type": "Polygon", "coordinates": [[[-96.302156, 30.629844], [-96.295169, 30.618752], [-96.291732, 30.613308], [-96.290919, 30.611613], [-96.290132, 30.608926], [-96.289882, 30.605552], [-96.290138, 30.596945], [-96.29002, 30.595087], [-96.289625, 30.593181], [-96.28824, 30.589858], [-96.284878, 30.584937], [-96.282894, 30.585918], [-96.281838, 30.586145], [-96.269578, 30.585101], [-96.267349, 30.587182], [-96.266174, 30.59027], [-96.265633, 30.59109], [-96.264338, 30.592246], [-96.260768, 30.593693], [-96.259636, 30.594405], [-96.258403, 30.595838], [-96.256584, 30.596818], [-96.249839, 30.602874], [-96.251198, 30.60326], [-96.25268, 30.604756], [-96.25401, 30.605329], [-96.255222, 30.604996], [-96.257355, 30.605341], [-96.258192, 30.606486], [-96.259408, 30.606781], [-96.261872, 30.609119], [-96.261763, 30.609687], [-96.260966, 30.61], [-96.261032, 30.610492], [-96.262397, 30.611303], [-96.265439, 30.612405], [-96.266019, 30.612329], [-96.267712, 30.613152], [-96.267795, 30.613978], [-96.269115, 30.615431], [-96.271573, 30.613779], [-96.273981, 30.613233], [-96.275661, 30.61358], [-96.276658, 30.613201], [-96.27726, 30.614281], [-96.275925, 30.614912], [-96.275831, 30.615917], [-96.275115, 30.617681], [-96.276095, 30.618475], [-96.275816, 30.619141], [-96.27688, 30.619936], [-96.279031, 30.621019], [-96.27974, 30.620921], [-96.28013, 30.622406], [-96.28156, 30.623492], [-96.281892, 30.623057], [-96.283082, 30.62371], [-96.284054, 30.62382], [-96.286758, 30.62563], [-96.287248, 30.625792], [-96.287887, 30.627276], [-96.287424, 30.627564], [-96.287132, 30.628712], [-96.289298, 30.629362], [-96.289116, 30.631586], [-96.289873, 30.632118], [-96.291189, 30.63177], [-96.291233, 30.63242], [-96.290403, 30.633136], [-96.292529, 30.634134], [-96.293452, 30.634868], [-96.294157, 30.63438], [-96.29513, 30.634941], [-96.29585, 30.635859], [-96.297262, 30.6342], [-96.302156, 30.629844]]]}},
    {"type": "Feature", "properties": {"name": "Census tract 20.06", "description": "Brazos County", "Population": 1294, "Housing units": 726, "Vacant housing units": 67, "Vacancy rate (%)": 9.2, "Median gross rent ($ a month)": 1380.0, "Median gross rent ($ a month) margin": 197.0, "Median home value ($)": 303000.0, "Median home value ($) margin": 30256.0, "Median household income ($ a year)": 75662.0, "Median household income ($ a year) margin": 28494.0, "Survey years": "2020 to 2024", "id": "48041002006"}, "geometry": {"type": "Polygon", "coordinates": [[[-96.310784, 30.571273], [-96.308082, 30.568929], [-96.303296, 30.56477], [-96.302296, 30.563594], [-96.297471, 30.567897], [-96.29686, 30.568313], [-96.293623, 30.571194], [-96.298107, 30.574857], [-96.301296, 30.572001], [-96.303426, 30.573759], [-96.304761, 30.575189], [-96.310165, 30.571771], [-96.310784, 30.571273]]]}},
    {"type": "Feature", "properties": {"name": "Census tract 20.09", "description": "Brazos County", "Population": 6064, "Housing units": 2342, "Vacant housing units": 43, "Vacancy rate (%)": 1.8, "Median gross rent ($ a month)": 3083.0, "Median gross rent ($ a month) margin": 1778.0, "Median home value ($)": 468600.0, "Median home value ($) margin": 20505.0, "Median household income ($ a year)": 148450.0, "Median household income ($ a year) margin": 37320.0, "Survey years": "2020 to 2024", "id": "48041002009"}, "geometry": {"type": "Polygon", "coordinates": [[[-96.284878, 30.584937], [-96.282088, 30.580705], [-96.279592, 30.5771], [-96.278756, 30.576193], [-96.276767, 30.574669], [-96.273747, 30.572153], [-96.25777, 30.559391], [-96.252495, 30.555089], [-96.251544, 30.55423], [-96.248042, 30.550418], [-96.242497, 30.544239], [-96.241264, 30.545533], [-96.240493, 30.545009], [-96.239481, 30.546363], [-96.238539, 30.546144], [-96.23877, 30.545762], [-96.237429, 30.545658], [-96.236031, 30.546276], [-96.235083, 30.545931], [-96.234853, 30.546661], [-96.235426, 30.547306], [-96.234745, 30.547626], [-96.233771, 30.546865], [-96.233378, 30.54724], [-96.233599, 30.548254], [-96.232575, 30.549858], [-96.232952, 30.55048], [-96.231556, 30.550707], [-96.232097, 30.551533], [-96.231359, 30.551236], [-96.230422, 30.552289], [-96.229294, 30.552096], [-96.229003, 30.553407], [-96.228634, 30.553032], [-96.228163, 30.553677], [-96.228811, 30.554534], [-96.228064, 30.554664], [-96.227787, 30.555584], [-96.226756, 30.556262], [-96.225807, 30.556068], [-96.224171, 30.557077], [-96.224082, 30.557589], [-96.223006, 30.557942], [-96.222318, 30.558708], [-96.22212, 30.560086], [-96.221835, 30.559271], [-96.220497, 30.559424], [-96.218835, 30.558922], [-96.217447, 30.559566], [-96.216804, 30.558877], [-96.215451, 30.559096], [-96.215419, 30.559859], [-96.214542, 30.560687], [-96.213892, 30.560648], [-96.21334, 30.558843], [-96.212424, 30.557812], [-96.210113, 30.556345], [-96.209788, 30.557216], [-96.208168, 30.558244], [-96.206636, 30.558221], [-96.20641, 30.558662], [-96.204878, 30.559772], [-96.204878, 30.560527], [-96.203859, 30.560912], [-96.199065, 30.560122], [-96.196334, 30.560149], [-96.194219, 30.559796], [-96.193794, 30.559056], [-96.193093, 30.559056], [-96.192699, 30.558477], [-96.191671, 30.558085], [-96.191164, 30.556843], [-96.190694, 30.556607], [-96.188645, 30.554726], [-96.186398, 30.553094], [-96.186237, 30.553269], [-96.186044, 30.556386], [-96.186597, 30.560005], [-96.188266, 30.561741], [-96.190886, 30.562808], [-96.193097, 30.563237], [-96.196546, 30.566444], [-96.198009, 30.568332], [-96.198798, 30.568899], [-96.200615, 30.569083], [-96.206188, 30.567983], [-96.21108, 30.568187], [-96.212986, 30.568721], [-96.21772, 30.571138], [-96.219461, 30.571664], [-96.22555, 30.572948], [-96.231583, 30.573671], [-96.234487, 30.575628], [-96.237897, 30.577596], [-96.247306, 30.580914], [-96.259162, 30.583756], [-96.264413, 30.584571], [-96.269578, 30.585101], [-96.281838, 30.586145], [-96.282894, 30.585918], [-96.284878, 30.584937]]]}},
    {"type": "Feature", "properties": {"name": "Census tract 20.10", "description": "Brazos County", "Population": 5747, "Housing units": 2240, "Vacant housing units": 166, "Vacancy rate (%)": 7.4, "Median gross rent ($ a month)": 1328.0, "Median gross rent ($ a month) margin": 169.0, "Median home value ($)": 536800.0, "Median home value ($) margin": 83698.0, "Median household income ($ a year)": 145656.0, "Median household income ($ a year) margin": 36323.0, "Survey years": "2020 to 2024", "id": "48041002010"}, "geometry": {"type": "Polygon", "coordinates": [[[-96.106177, 30.418865], [-96.106533, 30.421322], [-96.106341, 30.421933], [-96.105601, 30.422125], [-96.103517, 30.421211], [-96.103052, 30.420419], [-96.103516, 30.419345], [-96.102814, 30.41829], [-96.100996, 30.417342], [-96.100372, 30.417589], [-96.099717, 30.418542], [-96.098259, 30.419841], [-96.09746, 30.420027], [-96.095745, 30.419812], [-96.095338, 30.418817], [-96.095951, 30.417952], [-96.095309, 30.416926], [-96.094498, 30.416651], [-96.092441, 30.416439], [-96.090953, 30.416602], [-96.087926, 30.417293], [-96.086653, 30.418299], [-96.082934, 30.422949], [-96.082812, 30.42364], [-96.083347, 30.424985], [-96.082887, 30.42606], [-96.082524, 30.428255], [-96.080777, 30.428937], [-96.079969, 30.43003], [-96.080126, 30.430784], [-96.081496, 30.431234], [-96.085383, 30.430026], [-96.086791, 30.42989], [-96.087431, 30.430756], [-96.087328, 30.431409], [-96.086481, 30.43257], [-96.085882, 30.433865], [-96.086, 30.435559], [-96.086965, 30.43627], [-96.088471, 30.436779], [-96.090585, 30.438024], [-96.092821, 30.440101], [-96.093884, 30.439797], [-96.094352, 30.438887], [-96.095702, 30.438749], [-96.096517, 30.437422], [-96.097172, 30.437464], [-96.099056, 30.440058], [-96.100629, 30.440693], [-96.102248, 30.438976], [-96.103185, 30.438347], [-96.103808, 30.437507], [-96.105196, 30.437023], [-96.10644, 30.439313], [-96.106437, 30.440178], [-96.104993, 30.440548], [-96.104673, 30.444007], [-96.10534, 30.444408], [-96.106468, 30.443755], [-96.109604, 30.443675], [-96.111887, 30.442693], [-96.112195, 30.441357], [-96.113073, 30.440607], [-96.114222, 30.441275], [-96.115132, 30.440451], [-96.115909, 30.440427], [-96.119176, 30.441737], [-96.119556, 30.442694], [-96.119972, 30.441859], [-96.120453, 30.441921], [-96.121347, 30.443266], [-96.122038, 30.443782], [-96.1218, 30.444834], [-96.122436, 30.445823], [-96.123164, 30.446118], [-96.123016, 30.447038], [-96.124507, 30.448197], [-96.125902, 30.448769], [-96.126509, 30.449508], [-96.125661, 30.450412], [-96.125398, 30.451479], [-96.124776, 30.451244], [-96.123905, 30.45157], [-96.12353, 30.453286], [-96.122784, 30.454464], [-96.123073, 30.455139], [-96.12408, 30.455636], [-96.124688, 30.455383], [-96.124691, 30.454117], [-96.12509, 30.453858], [-96.128129, 30.453441], [-96.128918, 30.452538], [-96.129821, 30.452384], [-96.130068, 30.453009], [-96.129403, 30.455314], [-96.128739, 30.456024], [-96.126619, 30.456492], [-96.126175, 30.457521], [-96.12822, 30.458409], [-96.128624, 30.459235], [-96.129709, 30.460115], [-96.129655, 30.460787], [-96.128808, 30.461745], [-96.130191, 30.463636], [-96.130215, 30.464186], [-96.129431, 30.465829], [-96.129604, 30.466434], [-96.130731, 30.466253], [-96.131982, 30.467007], [-96.133409, 30.467531], [-96.134247, 30.4674], [-96.134896, 30.466396], [-96.135632, 30.466084], [-96.136327, 30.466436], [-96.136457, 30.467084], [-96.135812, 30.46893], [-96.136263, 30.469585], [-96.137328, 30.470225], [-96.137983, 30.471037], [-96.139431, 30.471383], [-96.139903, 30.472482], [-96.13878, 30.473921], [-96.139245, 30.474584], [-96.140852, 30.47497], [-96.14079, 30.475572], [-96.139499, 30.476014], [-96.139124, 30.477646], [-96.139576, 30.478946], [-96.137724, 30.47916], [-96.137775, 30.477463], [-96.136907, 30.476453], [-96.136253, 30.476741], [-96.136087, 30.47743], [-96.136976, 30.478499], [-96.136622, 30.479103], [-96.135553, 30.47947], [-96.135445, 30.480363], [-96.136952, 30.481078], [-96.136844, 30.48171], [-96.135604, 30.483317], [-96.133907, 30.483344], [-96.133013, 30.484253], [-96.133039, 30.48594], [-96.132554, 30.488708], [-96.13276, 30.48954], [-96.1321, 30.49054], [-96.132556, 30.491103], [-96.132504, 30.491905], [-96.133232, 30.492395], [-96.134135, 30.491867], [-96.134826, 30.492069], [-96.134976, 30.49331], [-96.136386, 30.493034], [-96.136032, 30.494975], [-96.136668, 30.495394], [-96.13772, 30.495428], [-96.138004, 30.496038], [-96.137486, 30.497935], [-96.136737, 30.498853], [-96.136618, 30.499628], [-96.137819, 30.501184], [-96.138342, 30.501417], [-96.139108, 30.500448], [-96.139897, 30.500252], [-96.140285, 30.500792], [-96.142185, 30.50038], [-96.142913, 30.502442], [-96.144127, 30.502645], [-96.144663, 30.503108], [-96.144688, 30.503893], [-96.143878, 30.504399], [-96.142481, 30.503719], [-96.142248, 30.503928], [-96.142589, 30.505807], [-96.141061, 30.506389], [-96.141009, 30.50785], [-96.140033, 30.508615], [-96.140334, 30.509215], [-96.141584, 30.509175], [-96.142838, 30.510725], [-96.143473, 30.511118], [-96.144571, 30.510631], [-96.144871, 30.511167], [-96.144585, 30.512043], [-96.143567, 30.51295], [-96.143606, 30.51347], [-96.146043, 30.514811], [-96.1463, 30.515634], [-96.147294, 30.515498], [-96.149017, 30.51772], [-96.150154, 30.518337], [-96.150315, 30.519006], [-96.149033, 30.519977], [-96.149337, 30.520715], [-96.150011, 30.520848], [-96.151372, 30.519921], [-96.152123, 30.520059], [-96.152643, 30.520855], [-96.152453, 30.521672], [-96.151622, 30.52251], [-96.151839, 30.52327], [-96.151455, 30.523821], [-96.15066, 30.523506], [-96.149298, 30.523765], [-96.149138, 30.524555], [-96.150286, 30.524975], [-96.149279, 30.526454], [-96.149549, 30.527168], [-96.148262, 30.528146], [-96.149091, 30.52924], [-96.151382, 30.53006], [-96.151849, 30.5305], [-96.151767, 30.531462], [-96.152248, 30.532011], [-96.153587, 30.532227], [-96.155032, 30.531256], [-96.155479, 30.53014], [-96.156736, 30.530126], [-96.157207, 30.530889], [-96.156925, 30.531621], [-96.156077, 30.532116], [-96.155845, 30.533205], [-96.156713, 30.534549], [-96.158149, 30.53515], [-96.158712, 30.5341], [-96.159713, 30.533559], [-96.161231, 30.533919], [-96.161171, 30.535164], [-96.160504, 30.536448], [-96.160314, 30.537676], [-96.160604, 30.538455], [-96.160297, 30.540332], [-96.160551, 30.541211], [-96.161536, 30.541834], [-96.161568, 30.542748], [-96.161101, 30.543881], [-96.161707, 30.544767], [-96.160962, 30.545498], [-96.161766, 30.546618], [-96.161847, 30.547341], [-96.160843, 30.548027], [-96.160354, 30.550126], [-96.159634, 30.552066], [-96.160531, 30.555594], [-96.160368, 30.556688], [-96.158764, 30.557989], [-96.158604, 30.55864], [-96.160285, 30.559776], [-96.160831, 30.561527], [-96.161433, 30.562419], [-96.161097, 30.563893], [-96.161527, 30.565015], [-96.161302, 30.56645], [-96.160302, 30.566743], [-96.159764, 30.567302], [-96.160816, 30.568173], [-96.162369, 30.56844], [-96.162612, 30.568884], [-96.161736, 30.569699], [-96.161918, 30.570559], [-96.164107, 30.570991], [-96.16504, 30.570435], [-96.166753, 30.57112], [-96.167409, 30.570913], [-96.170324, 30.569119], [-96.172399, 30.56688], [-96.173187, 30.563713], [-96.174934, 30.560775], [-96.176914, 30.558435], [-96.179545, 30.556682], [-96.183188, 30.553592], [-96.183714, 30.552569], [-96.186237, 30.553269], [-96.186398, 30.553094], [-96.188645, 30.554726], [-96.190694, 30.556607], [-96.191164, 30.556843], [-96.191671, 30.558085], [-96.192699, 30.558477], [-96.193093, 30.559056], [-96.193794, 30.559056], [-96.194219, 30.559796], [-96.196334, 30.560149], [-96.199065, 30.560122], [-96.203859, 30.560912], [-96.204878, 30.560527], [-96.204878, 30.559772], [-96.20641, 30.558662], [-96.206636, 30.558221], [-96.208168, 30.558244], [-96.209788, 30.557216], [-96.210113, 30.556345], [-96.212424, 30.557812], [-96.21334, 30.558843], [-96.213892, 30.560648], [-96.214542, 30.560687], [-96.215419, 30.559859], [-96.215451, 30.559096], [-96.216804, 30.558877], [-96.217447, 30.559566], [-96.218835, 30.558922], [-96.220497, 30.559424], [-96.221835, 30.559271], [-96.22212, 30.560086], [-96.222318, 30.558708], [-96.223006, 30.557942], [-96.224082, 30.557589], [-96.224171, 30.557077], [-96.225807, 30.556068], [-96.226756, 30.556262], [-96.227787, 30.555584], [-96.228064, 30.554664], [-96.228811, 30.554534], [-96.228163, 30.553677], [-96.228634, 30.553032], [-96.229003, 30.553407], [-96.229294, 30.552096], [-96.230422, 30.552289], [-96.231359, 30.551236], [-96.232097, 30.551533], [-96.231556, 30.550707], [-96.232952, 30.55048], [-96.232575, 30.549858], [-96.233599, 30.548254], [-96.233378, 30.54724], [-96.233771, 30.546865], [-96.234745, 30.547626], [-96.235426, 30.547306], [-96.234853, 30.546661], [-96.235083, 30.545931], [-96.236031, 30.546276], [-96.237429, 30.545658], [-96.23877, 30.545762], [-96.238539, 30.546144], [-96.239481, 30.546363], [-96.240493, 30.545009], [-96.241264, 30.545533], [-96.242497, 30.544239], [-96.248042, 30.550418], [-96.251544, 30.55423], [-96.252495, 30.555089], [-96.25777, 30.559391], [-96.259454, 30.558061], [-96.262908, 30.554679], [-96.264248, 30.553722], [-96.267024, 30.551348], [-96.267061, 30.551152], [-96.275621, 30.54354], [-96.275597, 30.542034], [-96.274892, 30.54031], [-96.274988, 30.538806], [-96.273629, 30.537937], [-96.270754, 30.537262], [-96.271156, 30.535579], [-96.271045, 30.534681], [-96.270547, 30.534366], [-96.271255, 30.532769], [-96.27243, 30.532623], [-96.272336, 30.531088], [-96.273017, 30.530405], [-96.271561, 30.52952], [-96.271076, 30.527811], [-96.269854, 30.528378], [-96.269882, 30.527886], [-96.26893, 30.527806], [-96.268911, 30.528349], [-96.267682, 30.527759], [-96.267152, 30.528211], [-96.266835, 30.526451], [-96.266105, 30.526495], [-96.266353, 30.525863], [-96.265369, 30.523702], [-96.264826, 30.523813], [-96.264155, 30.522866], [-96.265195, 30.522251], [-96.265484, 30.521314], [-96.264798, 30.521165], [-96.263903, 30.520098], [-96.26476, 30.518956], [-96.263687, 30.518715], [-96.263275, 30.519048], [-96.2629, 30.51839], [-96.263316, 30.517073], [-96.262758, 30.516611], [-96.262586, 30.514593], [-96.263291, 30.513976], [-96.262472, 30.513874], [-96.26204, 30.512832], [-96.262377, 30.512526], [-96.261542, 30.511741], [-96.260713, 30.512492], [-96.259755, 30.510326], [-96.257358, 30.509353], [-96.258274, 30.508988], [-96.258212, 30.508269], [-96.256733, 30.508801], [-96.255343, 30.508296], [-96.2532, 30.508069], [-96.252362, 30.508364], [-96.251064, 30.507542], [-96.250378, 30.506714], [-96.250516, 30.505124], [-96.249943, 30.505702], [-96.248925, 30.505585], [-96.249147, 30.504593], [-96.248695, 30.504522], [-96.249184, 30.503396], [-96.246537, 30.502656], [-96.245971, 30.503049], [-96.245442, 30.502302], [-96.24494, 30.503069], [-96.244265, 30.502616], [-96.24392, 30.503822], [-96.243263, 30.503227], [-96.243317, 30.502252], [-96.2427, 30.502362], [-96.24247, 30.501694], [-96.241777, 30.502422], [-96.241455, 30.501776], [-96.24002, 30.5015], [-96.23997, 30.500162], [-96.240834, 30.499489], [-96.242077, 30.499631], [-96.24214, 30.498581], [-96.242936, 30.49772], [-96.244088, 30.497246], [-96.243665, 30.496662], [-96.244959, 30.494281], [-96.245513, 30.493923], [-96.246491, 30.492326], [-96.248262, 30.493884], [-96.249095, 30.493284], [-96.252289, 30.49253], [-96.254523, 30.489842], [-96.254278, 30.487987], [-96.254577, 30.486137], [-96.255398, 30.484242], [-96.251774, 30.481936], [-96.248925, 30.480265], [-96.245384, 30.47884], [-96.243816, 30.478418], [-96.218411, 30.471041], [-96.211271, 30.469031], [-96.206226, 30.468027], [-96.200161, 30.466318], [-96.198984, 30.465815], [-96.185788, 30.457759], [-96.175876, 30.451632], [-96.173158, 30.450605], [-96.169018, 30.44986], [-96.15906, 30.449261], [-96.158405, 30.449137], [-96.136508, 30.442], [-96.133546, 30.441191], [-96.131012, 30.440856], [-96.127881, 30.441379], [-96.124124, 30.43774], [-96.117031, 30.430206], [-96.114841, 30.427935], [-96.107775, 30.420299], [-96.106177, 30.418865]]]}},
    {"type": "Feature", "properties": {"name": "Census tract 20.11", "description": "Brazos County", "Population": 7167, "Housing units": 2307, "Vacant housing units": 29, "Vacancy rate (%)": 1.3, "Median gross rent ($ a month)": 1615.0, "Median gross rent ($ a month) margin": 382.0, "Median home value ($)": 467100.0, "Median home value ($) margin": 33134.0, "Median household income ($ a year)": 137533.0, "Median household income ($ a year) margin": 15597.0, "Survey years": "2020 to 2024", "id": "48041002011"}, "geometry": {"type": "Polygon", "coordinates": [[[-96.354986, 30.504876], [-96.35365, 30.502683], [-96.351966, 30.501264], [-96.348297, 30.50058], [-96.346878, 30.499918], [-96.344894, 30.499795], [-96.343105, 30.498656], [-96.341809, 30.497244], [-96.340844, 30.49581], [-96.340695, 30.49489], [-96.33978, 30.494255], [-96.338148, 30.491677], [-96.337611, 30.490363], [-96.336348, 30.488482], [-96.334508, 30.484496], [-96.333901, 30.483456], [-96.330752, 30.479304], [-96.330672, 30.478433], [-96.329935, 30.477882], [-96.330021, 30.476297], [-96.330415, 30.475582], [-96.331597, 30.474544], [-96.333193, 30.474153], [-96.335813, 30.474204], [-96.337403, 30.474831], [-96.339781, 30.475399], [-96.340875, 30.474543], [-96.340007, 30.47263], [-96.337323, 30.469352], [-96.335636, 30.468215], [-96.332542, 30.465271], [-96.330828, 30.463791], [-96.328504, 30.462175], [-96.324879, 30.460371], [-96.323929, 30.45955], [-96.322466, 30.45875], [-96.321648, 30.456951], [-96.32147, 30.454824], [-96.321884, 30.451813], [-96.321648, 30.450605], [-96.320933, 30.449567], [-96.318082, 30.449805], [-96.315954, 30.450843], [-96.313984, 30.4528], [-96.312979, 30.454501], [-96.311541, 30.455556], [-96.310458, 30.455573], [-96.308921, 30.455199], [-96.306458, 30.453089], [-96.305611, 30.451643], [-96.303543, 30.449023], [-96.301772, 30.447851], [-96.299346, 30.446794], [-96.297987, 30.446436], [-96.292865, 30.444276], [-96.290895, 30.443999], [-96.288964, 30.445279], [-96.287683, 30.446913], [-96.287013, 30.447168], [-96.285516, 30.448393], [-96.284577, 30.447951], [-96.284252, 30.446705], [-96.286052, 30.44286], [-96.286512, 30.441249], [-96.286883, 30.438557], [-96.286772, 30.435719], [-96.286449, 30.433756], [-96.285387, 30.431505], [-96.282564, 30.426614], [-96.283649, 30.425635], [-96.284889, 30.423715], [-96.286091, 30.422976], [-96.287988, 30.421287], [-96.286622, 30.417891], [-96.285907, 30.416922], [-96.284572, 30.416533], [-96.283537, 30.415588], [-96.281109, 30.414831], [-96.279218, 30.4149], [-96.277283, 30.41554], [-96.273547, 30.418325], [-96.272512, 30.417801], [-96.271816, 30.416388], [-96.2726, 30.415368], [-96.272898, 30.413887], [-96.272329, 30.411919], [-96.272323, 30.410202], [-96.272837, 30.409042], [-96.274318, 30.408063], [-96.276916, 30.407031], [-96.278152, 30.407057], [-96.278998, 30.407422], [-96.282817, 30.40982], [-96.28659, 30.411661], [-96.28936, 30.412401], [-96.291324, 30.411968], [-96.293839, 30.412081], [-96.295201, 30.412367], [-96.29749, 30.411787], [-96.298866, 30.410502], [-96.299957, 30.408375], [-96.300253, 30.407269], [-96.299701, 30.405057], [-96.297633, 30.401827], [-96.297599, 30.400421], [-96.29846, 30.400395], [-96.301411, 30.399847], [-96.302498, 30.399403], [-96.305193, 30.397216], [-96.306931, 30.394586], [-96.306356, 30.391715], [-96.305209, 30.390492], [-96.302421, 30.389695], [-96.298014, 30.386957], [-96.294939, 30.385623], [-96.294861, 30.384876], [-96.293617, 30.383574], [-96.293471, 30.38145], [-96.294068, 30.380235], [-96.295255, 30.379317], [-96.296325, 30.379062], [-96.299173, 30.379152], [-96.299766, 30.377981], [-96.298632, 30.377022], [-96.294546, 30.376218], [-96.290575, 30.373394], [-96.289191, 30.371485], [-96.288437, 30.3685], [-96.287654, 30.366334], [-96.285753, 30.364689], [-96.28336, 30.364326], [-96.281704, 30.36461], [-96.279437, 30.364468], [-96.278512, 30.363849], [-96.277792, 30.362837], [-96.276579, 30.360266], [-96.275676, 30.359669], [-96.272455, 30.358468], [-96.271232, 30.35835], [-96.268675, 30.358675], [-96.263648, 30.362343], [-96.262442, 30.363811], [-96.262302, 30.364658], [-96.263208, 30.366844], [-96.26354, 30.368192], [-96.263441, 30.369659], [-96.262915, 30.370021], [-96.261458, 30.36997], [-96.260257, 30.369401], [-96.259539, 30.368723], [-96.258944, 30.36735], [-96.257222, 30.366403], [-96.254449, 30.365718], [-96.25175, 30.365384], [-96.249556, 30.366277], [-96.247346, 30.36777], [-96.246606, 30.368514], [-96.243205, 30.369719], [-96.242056, 30.369744], [-96.23869, 30.369006], [-96.235086, 30.36972], [-96.231914, 30.371376], [-96.23058, 30.372206], [-96.224011, 30.375377], [-96.221552, 30.376241], [-96.218036, 30.376693], [-96.216156, 30.376488], [-96.214732, 30.375881], [-96.212171, 30.373679], [-96.210148, 30.373899], [-96.2096, 30.374173], [-96.209217, 30.375842], [-96.206507, 30.379], [-96.204931, 30.380108], [-96.202196, 30.380671], [-96.201239, 30.381145], [-96.199544, 30.38291], [-96.19925, 30.385341], [-96.199211, 30.387383], [-96.198228, 30.395118], [-96.196516, 30.398729], [-96.195546, 30.399689], [-96.1945, 30.39989], [-96.19325, 30.399645], [-96.190775, 30.398706], [-96.189971, 30.397841], [-96.187711, 30.397013], [-96.186574, 30.395919], [-96.184744, 30.39459], [-96.183814, 30.394281], [-96.180522, 30.395099], [-96.178661, 30.394718], [-96.177095, 30.393587], [-96.175086, 30.391612], [-96.173467, 30.389221], [-96.17327, 30.38645], [-96.174151, 30.385084], [-96.17495, 30.381977], [-96.175296, 30.381405], [-96.176455, 30.378345], [-96.176568, 30.376103], [-96.176162, 30.375519], [-96.174762, 30.374525], [-96.173038, 30.373911], [-96.171543, 30.37379], [-96.169575, 30.374307], [-96.167219, 30.375246], [-96.164186, 30.3775], [-96.16299, 30.378092], [-96.161866, 30.37813], [-96.160523, 30.378709], [-96.158438, 30.378368], [-96.157194, 30.375741], [-96.15521, 30.373823], [-96.153315, 30.372403], [-96.151447, 30.371485], [-96.149872, 30.36879], [-96.149872, 30.367742], [-96.1504, 30.366694], [-96.151598, 30.365455], [-96.15463, 30.363781], [-96.155438, 30.363141], [-96.155429, 30.362048], [-96.154852, 30.360233], [-96.153456, 30.357466], [-96.152711, 30.355027], [-96.152364, 30.352879], [-96.15263, 30.350311], [-96.154024, 30.348614], [-96.155539, 30.347521], [-96.16016, 30.341739], [-96.160445, 30.339364], [-96.160203, 30.338487], [-96.158731, 30.336688], [-96.15463, 30.330288], [-96.154268, 30.330647], [-96.154171, 30.332094], [-96.154444, 30.332767], [-96.154013, 30.334002], [-96.153232, 30.334475], [-96.150813, 30.335088], [-96.148346, 30.335397], [-96.145703, 30.336207], [-96.143496, 30.337286], [-96.141374, 30.339185], [-96.140498, 30.339511], [-96.139812, 30.340291], [-96.139812, 30.340935], [-96.14055, 30.342446], [-96.141712, 30.342953], [-96.145245, 30.343044], [-96.145874, 30.343225], [-96.148465, 30.345], [-96.148542, 30.346564], [-96.149693, 30.349892], [-96.149758, 30.352225], [-96.149324, 30.352931], [-96.14762, 30.353278], [-96.14536, 30.352165], [-96.143249, 30.35222], [-96.142423, 30.352905], [-96.141726, 30.354822], [-96.141633, 30.355858], [-96.142545, 30.357526], [-96.142511, 30.361131], [-96.141826, 30.362639], [-96.141609, 30.36551], [-96.14215, 30.367815], [-96.142617, 30.368367], [-96.144657, 30.369365], [-96.145576, 30.371191], [-96.14548, 30.371828], [-96.144249, 30.374493], [-96.144134, 30.37698], [-96.145035, 30.378137], [-96.146243, 30.379009], [-96.147067, 30.380284], [-96.147412, 30.381353], [-96.147255, 30.38284], [-96.145404, 30.384778], [-96.142252, 30.384022], [-96.139459, 30.383218], [-96.138432, 30.383131], [-96.136528, 30.383621], [-96.135024, 30.384464], [-96.134193, 30.384583], [-96.1337, 30.386271], [-96.132247, 30.387902], [-96.12941, 30.388324], [-96.126492, 30.387993], [-96.125679, 30.387569], [-96.124555, 30.386216], [-96.122652, 30.38443], [-96.12174, 30.383893], [-96.121296, 30.384236], [-96.121107, 30.385541], [-96.119669, 30.387469], [-96.12025, 30.389109], [-96.121171, 30.38983], [-96.121683, 30.390834], [-96.121524, 30.391891], [-96.120956, 30.392253], [-96.119319, 30.392115], [-96.117595, 30.391278], [-96.116857, 30.391881], [-96.116755, 30.392802], [-96.117654, 30.394881], [-96.117772, 30.396044], [-96.118416, 30.398448], [-96.118262, 30.39932], [-96.117041, 30.399747], [-96.116168, 30.399208], [-96.115672, 30.398342], [-96.114046, 30.396912], [-96.114076, 30.394845], [-96.113067, 30.394102], [-96.111445, 30.395211], [-96.111157, 30.396071], [-96.11133, 30.397304], [-96.113234, 30.399887], [-96.11355, 30.401183], [-96.112248, 30.402667], [-96.110011, 30.404167], [-96.108193, 30.406208], [-96.107914, 30.406987], [-96.10862, 30.407622], [-96.11096, 30.407053], [-96.111879, 30.407835], [-96.112373, 30.409849], [-96.113342, 30.411377], [-96.113601, 30.413186], [-96.112392, 30.415393], [-96.111926, 30.415893], [-96.108086, 30.417458], [-96.10736, 30.417582], [-96.106177, 30.418865], [-96.107775, 30.420299], [-96.114841, 30.427935], [-96.117031, 30.430206], [-96.124124, 30.43774], [-96.127881, 30.441379], [-96.131012, 30.440856], [-96.133546, 30.441191], [-96.136508, 30.442], [-96.158405, 30.449137], [-96.15906, 30.449261], [-96.169018, 30.44986], [-96.173158, 30.450605], [-96.175876, 30.451632], [-96.185788, 30.457759], [-96.198984, 30.465815], [-96.200161, 30.466318], [-96.206226, 30.468027], [-96.211271, 30.469031], [-96.218411, 30.471041], [-96.243816, 30.478418], [-96.245384, 30.47884], [-96.248925, 30.480265], [-96.251774, 30.481936], [-96.255398, 30.484242], [-96.254577, 30.486137], [-96.254278, 30.487987], [-96.254523, 30.489842], [-96.252289, 30.49253], [-96.249095, 30.493284], [-96.248262, 30.493884], [-96.246491, 30.492326], [-96.245513, 30.493923], [-96.244959, 30.494281], [-96.243665, 30.496662], [-96.244088, 30.497246], [-96.242936, 30.49772], [-96.24214, 30.498581], [-96.242077, 30.499631], [-96.240834, 30.499489], [-96.23997, 30.500162], [-96.24002, 30.5015], [-96.241455, 30.501776], [-96.241777, 30.502422], [-96.24247, 30.501694], [-96.2427, 30.502362], [-96.243317, 30.502252], [-96.243263, 30.503227], [-96.24392, 30.503822], [-96.244265, 30.502616], [-96.24494, 30.503069], [-96.245442, 30.502302], [-96.245971, 30.503049], [-96.246537, 30.502656], [-96.249184, 30.503396], [-96.248695, 30.504522], [-96.249147, 30.504593], [-96.248925, 30.505585], [-96.249943, 30.505702], [-96.250516, 30.505124], [-96.250378, 30.506714], [-96.251064, 30.507542], [-96.252362, 30.508364], [-96.2532, 30.508069], [-96.255343, 30.508296], [-96.256733, 30.508801], [-96.258212, 30.508269], [-96.258274, 30.508988], [-96.257358, 30.509353], [-96.259755, 30.510326], [-96.260713, 30.512492], [-96.261542, 30.511741], [-96.262377, 30.512526], [-96.26204, 30.512832], [-96.262472, 30.513874], [-96.263291, 30.513976], [-96.262586, 30.514593], [-96.262758, 30.516611], [-96.263316, 30.517073], [-96.2629, 30.51839], [-96.263275, 30.519048], [-96.263687, 30.518715], [-96.26476, 30.518956], [-96.263903, 30.520098], [-96.264798, 30.521165], [-96.265484, 30.521314], [-96.265195, 30.522251], [-96.264155, 30.522866], [-96.264826, 30.523813], [-96.265369, 30.523702], [-96.266353, 30.525863], [-96.266105, 30.526495], [-96.266835, 30.526451], [-96.267152, 30.528211], [-96.267682, 30.527759], [-96.268911, 30.528349], [-96.26893, 30.527806], [-96.269882, 30.527886], [-96.269854, 30.528378], [-96.271076, 30.527811], [-96.271561, 30.52952], [-96.273017, 30.530405], [-96.272336, 30.531088], [-96.27243, 30.532623], [-96.271255, 30.532769], [-96.270547, 30.534366], [-96.271045, 30.534681], [-96.271156, 30.535579], [-96.270754, 30.537262], [-96.273629, 30.537937], [-96.274988, 30.538806], [-96.274892, 30.54031], [-96.275597, 30.542034], [-96.275621, 30.54354], [-96.281747, 30.537943], [-96.285865, 30.534292], [-96.286133, 30.534167], [-96.292354, 30.539274], [-96.298842, 30.533659], [-96.301492, 30.53307], [-96.297968, 30.513521], [-96.297485, 30.511883], [-96.298441, 30.510427], [-96.298346, 30.50983], [-96.296472, 30.506669], [-96.296482, 30.506296], [-96.297764, 30.505857], [-96.300614, 30.503353], [-96.3013, 30.503246], [-96.304143, 30.504208], [-96.305882, 30.504075], [-96.308336, 30.50446], [-96.312233, 30.50542], [-96.314534, 30.506518], [-96.31706, 30.507301], [-96.318023, 30.508091], [-96.319006, 30.507245], [-96.320113, 30.505052], [-96.322051, 30.50628], [-96.324958, 30.506118], [-96.327591, 30.505764], [-96.329044, 30.506233], [-96.330759, 30.507718], [-96.334482, 30.509268], [-96.337083, 30.510486], [-96.338047, 30.511217], [-96.340388, 30.514458], [-96.343437, 30.514199], [-96.344841, 30.513293], [-96.350553, 30.512892], [-96.352849, 30.511025], [-96.353334, 30.509327], [-96.354986, 30.504876]]]}},
    {"type": "Feature", "properties": {"name": "Census tract 20.14", "description": "Brazos County", "Population": 3048, "Housing units": 1637, "Vacant housing units": 277, "Vacancy rate (%)": 16.9, "Median gross rent ($ a month)": 764.0, "Median gross rent ($ a month) margin": 163.0, "Median home value ($)": 498100.0, "Median home value ($) margin": 95144.0, "Median household income ($ a year)": 27586.0, "Median household income ($ a year) margin": 16414.0, "Survey years": "2020 to 2024", "id": "48041002014"}, "geometry": {"type": "Polygon", "coordinates": [[[-96.423429, 30.559088], [-96.422708, 30.554645], [-96.422238, 30.55258], [-96.421465, 30.550567], [-96.419261, 30.545941], [-96.417875, 30.543765], [-96.416356, 30.541917], [-96.415026, 30.540797], [-96.413057, 30.539535], [-96.411258, 30.539296], [-96.410027, 30.539467], [-96.407236, 30.540322], [-96.406212, 30.540485], [-96.404662, 30.540088], [-96.403852, 30.539581], [-96.403021, 30.538512], [-96.402094, 30.536794], [-96.400299, 30.535565], [-96.397116, 30.534487], [-96.394829, 30.534074], [-96.391023, 30.532939], [-96.387955, 30.532443], [-96.385309, 30.532727], [-96.38369, 30.533516], [-96.382877, 30.535409], [-96.382885, 30.536773], [-96.383685, 30.537994], [-96.384391, 30.538196], [-96.386446, 30.53956], [-96.386979, 30.54079], [-96.387082, 30.542074], [-96.38595, 30.543793], [-96.38522, 30.544123], [-96.382205, 30.543961], [-96.380904, 30.543485], [-96.38021, 30.542689], [-96.379222, 30.537677], [-96.377698, 30.536099], [-96.376867, 30.53587], [-96.375581, 30.536078], [-96.374415, 30.537673], [-96.374265, 30.5384], [-96.374547, 30.540398], [-96.375102, 30.541636], [-96.376975, 30.544056], [-96.37722, 30.54588], [-96.376288, 30.546869], [-96.374819, 30.546969], [-96.373376, 30.546616], [-96.372026, 30.545955], [-96.369201, 30.543944], [-96.367752, 30.543387], [-96.365357, 30.542906], [-96.360519, 30.542912], [-96.35941, 30.542604], [-96.358817, 30.541753], [-96.357402, 30.536831], [-96.356635, 30.533511], [-96.355226, 30.529936], [-96.354669, 30.527136], [-96.354589, 30.525021], [-96.354904, 30.52317], [-96.355744, 30.52112], [-96.357292, 30.519535], [-96.360926, 30.518141], [-96.362776, 30.51786], [-96.36548, 30.517746], [-96.367964, 30.518177], [-96.369211, 30.517791], [-96.370433, 30.516728], [-96.371298, 30.514996], [-96.371094, 30.513411], [-96.370443, 30.512607], [-96.368877, 30.511368], [-96.367086, 30.510612], [-96.364749, 30.510277], [-96.363335, 30.51053], [-96.361691, 30.51151], [-96.359295, 30.513315], [-96.356971, 30.514079], [-96.356047, 30.513861], [-96.355001, 30.512779], [-96.35478, 30.511407], [-96.355554, 30.508062], [-96.355628, 30.50641], [-96.354986, 30.504876], [-96.353334, 30.509327], [-96.352849, 30.511025], [-96.350553, 30.512892], [-96.344841, 30.513293], [-96.343437, 30.514199], [-96.340388, 30.514458], [-96.341163, 30.515698], [-96.342159, 30.518018], [-96.343957, 30.520181], [-96.344928, 30.522551], [-96.347124, 30.523639], [-96.348749, 30.525082], [-96.349177, 30.527917], [-96.350336, 30.531574], [-96.351723, 30.534401], [-96.35193, 30.536735], [-96.352537, 30.538991], [-96.35254, 30.540724], [-96.352975, 30.543635], [-96.35224, 30.544934], [-96.352956, 30.549551], [-96.3538, 30.551268], [-96.353584, 30.553373], [-96.353749, 30.553872], [-96.355407, 30.555979], [-96.356873, 30.558985], [-96.357041, 30.559698], [-96.356137, 30.560572], [-96.353702, 30.562199], [-96.350903, 30.565257], [-96.352564, 30.566779], [-96.352601, 30.56755], [-96.348674, 30.571136], [-96.347122, 30.572423], [-96.341112, 30.577795], [-96.339454, 30.5787], [-96.337555, 30.579366], [-96.333237, 30.583036], [-96.329647, 30.586199], [-96.32957, 30.586783], [-96.332742, 30.586931], [-96.337925, 30.586726], [-96.343667, 30.586376], [-96.345493, 30.58659], [-96.34708, 30.587225], [-96.348559, 30.588214], [-96.354179, 30.592109], [-96.355485, 30.591611], [-96.357568, 30.591366], [-96.356704, 30.589881], [-96.35579, 30.588973], [-96.355548, 30.587512], [-96.356248, 30.58576], [-96.356229, 30.584248], [-96.357463, 30.58287], [-96.357546, 30.582003], [-96.356548, 30.577772], [-96.35667, 30.575724], [-96.357001, 30.575006], [-96.358644, 30.57472], [-96.359308, 30.574977], [-96.361126, 30.577014], [-96.36206, 30.580898], [-96.362593, 30.580712], [-96.362818, 30.57801], [-96.365103, 30.573516], [-96.366161, 30.572659], [-96.366134, 30.571219], [-96.367263, 30.570657], [-96.368099, 30.570662], [-96.370171, 30.571268], [-96.370983, 30.571814], [-96.371053, 30.572379], [-96.371834, 30.572822], [-96.37181, 30.574133], [-96.372824, 30.57435], [-96.37283, 30.574939], [-96.371719, 30.575182], [-96.372092, 30.577064], [-96.371653, 30.577936], [-96.372821, 30.578169], [-96.373449, 30.57951], [-96.374312, 30.58022], [-96.37338, 30.580703], [-96.374175, 30.581117], [-96.374882, 30.582522], [-96.375638, 30.582893], [-96.37567, 30.583838], [-96.376778, 30.583504], [-96.376827, 30.584394], [-96.375866, 30.584555], [-96.376485, 30.584954], [-96.376112, 30.585471], [-96.376508, 30.586114], [-96.375613, 30.58587], [-96.376445, 30.586537], [-96.377696, 30.585471], [-96.378584, 30.586305], [-96.379374, 30.585659], [-96.380028, 30.586366], [-96.378265, 30.588249], [-96.380489, 30.590305], [-96.383912, 30.587261], [-96.388599, 30.583285], [-96.392284, 30.579855], [-96.400774, 30.572659], [-96.404137, 30.569552], [-96.410242, 30.564232], [-96.412229, 30.562706], [-96.413279, 30.562188], [-96.423429, 30.559088]]]}},
    {"type": "Feature", "properties": {"name": "Census tract 20.16", "description": "Brazos County", "Population": 3749, "Housing units": 2632, "Vacant housing units": 368, "Vacancy rate (%)": 14.0, "Median gross rent ($ a month)": 1341.0, "Median gross rent ($ a month) margin": 67.0, "Median home value ($)": 472200.0, "Median home value ($) margin": 61894.0, "Median household income ($ a year)": 57459.0, "Median household income ($ a year) margin": 9268.0, "Survey years": "2020 to 2024", "id": "48041002016"}, "geometry": {"type": "Polygon", "coordinates": [[[-96.313901, 30.645348], [-96.313108, 30.644332], [-96.310047, 30.640657], [-96.307012, 30.637093], [-96.305443, 30.635037], [-96.302156, 30.629844], [-96.297262, 30.6342], [-96.29585, 30.635859], [-96.29513, 30.634941], [-96.294157, 30.63438], [-96.293452, 30.634868], [-96.292529, 30.634134], [-96.290403, 30.633136], [-96.291233, 30.63242], [-96.291189, 30.63177], [-96.289873, 30.632118], [-96.289116, 30.631586], [-96.289298, 30.629362], [-96.287132, 30.628712], [-96.287424, 30.627564], [-96.287887, 30.627276], [-96.287248, 30.625792], [-96.286758, 30.62563], [-96.284054, 30.62382], [-96.283082, 30.62371], [-96.281892, 30.623057], [-96.28156, 30.623492], [-96.28013, 30.622406], [-96.27974, 30.620921], [-96.279031, 30.621019], [-96.27688, 30.619936], [-96.275816, 30.619141], [-96.276095, 30.618475], [-96.275115, 30.617681], [-96.275831, 30.615917], [-96.275925, 30.614912], [-96.27726, 30.614281], [-96.276658, 30.613201], [-96.275661, 30.61358], [-96.273981, 30.613233], [-96.271573, 30.613779], [-96.269115, 30.615431], [-96.267795, 30.613978], [-96.267712, 30.613152], [-96.266019, 30.612329], [-96.265439, 30.612405], [-96.262397, 30.611303], [-96.261032, 30.610492], [-96.260966, 30.61], [-96.261763, 30.609687], [-96.261872, 30.609119], [-96.259408, 30.606781], [-96.258192, 30.606486], [-96.257355, 30.605341], [-96.255222, 30.604996], [-96.25401, 30.605329], [-96.25268, 30.604756], [-96.251198, 30.60326], [-96.249839, 30.602874], [-96.256584, 30.596818], [-96.258403, 30.595838], [-96.259636, 30.594405], [-96.260768, 30.593693], [-96.264338, 30.592246], [-96.265633, 30.59109], [-96.266174, 30.59027], [-96.267349, 30.587182], [-96.269578, 30.585101], [-96.264413, 30.584571], [-96.259162, 30.583756], [-96.247306, 30.580914], [-96.237897, 30.577596], [-96.234487, 30.575628], [-96.231583, 30.573671], [-96.22555, 30.572948], [-96.219461, 30.571664], [-96.21772, 30.571138], [-96.212986, 30.568721], [-96.21108, 30.568187], [-96.206188, 30.567983], [-96.200615, 30.569083], [-96.198798, 30.568899], [-96.198009, 30.568332], [-96.196546, 30.566444], [-96.193097, 30.563237], [-96.190886, 30.562808], [-96.188266, 30.561741], [-96.186597, 30.560005], [-96.186044, 30.556386], [-96.186237, 30.553269], [-96.183714, 30.552569], [-96.183188, 30.553592], [-96.179545, 30.556682], [-96.176914, 30.558435], [-96.174934, 30.560775], [-96.173187, 30.563713], [-96.172399, 30.56688], [-96.170324, 30.569119], [-96.167409, 30.570913], [-96.166753, 30.57112], [-96.16794, 30.571896], [-96.167763, 30.572338], [-96.16599, 30.572604], [-96.165517, 30.573266], [-96.166608, 30.574729], [-96.167208, 30.574351], [-96.167788, 30.574831], [-96.167806, 30.575554], [-96.168709, 30.575598], [-96.169133, 30.576564], [-96.170439, 30.577601], [-96.171417, 30.577755], [-96.172175, 30.578368], [-96.171629, 30.579775], [-96.172097, 30.5805], [-96.17311, 30.580307], [-96.175422, 30.581259], [-96.175749, 30.581826], [-96.175128, 30.58236], [-96.175171, 30.583378], [-96.177206, 30.585063], [-96.178862, 30.585268], [-96.180661, 30.58596], [-96.181236, 30.586465], [-96.182286, 30.586251], [-96.18365, 30.586983], [-96.184792, 30.588328], [-96.183582, 30.588858], [-96.183573, 30.590524], [-96.182801, 30.591843], [-96.18244, 30.593155], [-96.182693, 30.595327], [-96.184121, 30.596064], [-96.184938, 30.597163], [-96.185014, 30.598554], [-96.185468, 30.598938], [-96.187765, 30.598737], [-96.188314, 30.599614], [-96.187361, 30.601629], [-96.188178, 30.602162], [-96.187837, 30.603055], [-96.186111, 30.603393], [-96.186278, 30.604948], [-96.18678, 30.605875], [-96.185079, 30.606622], [-96.182448, 30.606798], [-96.181776, 30.607579], [-96.188318, 30.610611], [-96.189257, 30.611134], [-96.199291, 30.617927], [-96.201933, 30.620008], [-96.207734, 30.62647], [-96.210919, 30.629156], [-96.212425, 30.630097], [-96.213592, 30.630513], [-96.220615, 30.631585], [-96.222349, 30.631621], [-96.234808, 30.631451], [-96.239258, 30.631321], [-96.241596, 30.631643], [-96.243749, 30.632654], [-96.244947, 30.6337], [-96.246228, 30.63567], [-96.24732, 30.637859], [-96.248974, 30.639576], [-96.250499, 30.640553], [-96.253645, 30.641997], [-96.255872, 30.643649], [-96.257605, 30.645693], [-96.258533, 30.646558], [-96.262397, 30.649326], [-96.263739, 30.650126], [-96.2679, 30.651581], [-96.271011, 30.653106], [-96.275724, 30.655135], [-96.278697, 30.65631], [-96.281295, 30.656816], [-96.285796, 30.658338], [-96.28681, 30.658474], [-96.289163, 30.656001], [-96.295338, 30.650535], [-96.298108, 30.648284], [-96.305167, 30.643755], [-96.310646, 30.648294], [-96.313901, 30.645348]]]}},
    {"type": "Feature", "properties": {"name": "Census tract 20.17", "description": "Brazos County", "Population": 4056, "Housing units": 860, "Vacant housing units": 286, "Vacancy rate (%)": 33.3, "Median gross rent ($ a month)": 1210.0, "Median gross rent ($ a month) margin": 127.0, "Median household income ($ a year)": 12636.0, "Median household income ($ a year) margin": 2665.0, "Survey years": "2020 to 2024", "id": "48041002017"}, "geometry": {"type": "Polygon", "coordinates": [[[-96.364068, 30.602247], [-96.360647, 30.597146], [-96.359381, 30.595698], [-96.354179, 30.592109], [-96.348559, 30.588214], [-96.343927, 30.592207], [-96.340636, 30.595266], [-96.335988, 30.599416], [-96.33908, 30.604603], [-96.340197, 30.606448], [-96.341327, 30.607878], [-96.348573, 30.61569], [-96.350767, 30.613698], [-96.354195, 30.610813], [-96.357807, 30.607632], [-96.364068, 30.602247]]]}},
    {"type": "Feature", "properties": {"name": "Census tract 20.18", "description": "Brazos County", "Population": 3869, "Housing units": 1345, "Vacant housing units": 29, "Vacancy rate (%)": 2.2, "Median gross rent ($ a month)": 1897.0, "Median gross rent ($ a month) margin": 180.0, "Median home value ($)": 299700.0, "Median home value ($) margin": 23452.0, "Median household income ($ a year)": 82045.0, "Median household income ($ a year) margin": 15249.0, "Survey years": "2020 to 2024", "id": "48041002018"}, "geometry": {"type": "Polygon", "coordinates": [[[-96.302296, 30.563594], [-96.301572, 30.562414], [-96.300999, 30.560393], [-96.300978, 30.559539], [-96.30124, 30.550092], [-96.299072, 30.55016], [-96.298193, 30.550611], [-96.293867, 30.554528], [-96.288229, 30.559534], [-96.284029, 30.563048], [-96.288963, 30.567225], [-96.292114, 30.56453], [-96.293907, 30.565834], [-96.29686, 30.568313], [-96.297471, 30.567897], [-96.302296, 30.563594]]]}},
    {"type": "Feature", "properties": {"name": "Census tract 20.19", "description": "Brazos County", "Population": 5149, "Housing units": 1699, "Vacant housing units": 28, "Vacancy rate (%)": 1.6, "Median gross rent ($ a month)": 1831.0, "Median gross rent ($ a month) margin": 160.0, "Median home value ($)": 324200.0, "Median home value ($) margin": 15248.0, "Median household income ($ a year)": 105442.0, "Median household income ($ a year) margin": 22623.0, "Survey years": "2020 to 2024", "id": "48041002019"}, "geometry": {"type": "Polygon", "coordinates": [[[-96.29686, 30.568313], [-96.293907, 30.565834], [-96.292114, 30.56453], [-96.288963, 30.567225], [-96.284029, 30.563048], [-96.273747, 30.572153], [-96.276767, 30.574669], [-96.278756, 30.576193], [-96.279592, 30.5771], [-96.282088, 30.580705], [-96.282722, 30.580908], [-96.28848, 30.575691], [-96.293623, 30.571194], [-96.29686, 30.568313]]]}},
    {"type": "Feature", "properties": {"name": "Census tract 20.20", "description": "Brazos County", "Population": 2413, "Housing units": 940, "Vacant housing units": 74, "Vacancy rate (%)": 7.9, "Median gross rent ($ a month)": 1523.0, "Median gross rent ($ a month) margin": 186.0, "Median home value ($)": 278500.0, "Median home value ($) margin": 32639.0, "Median household income ($ a year)": 82321.0, "Median household income ($ a year) margin": 37354.0, "Survey years": "2020 to 2024", "id": "48041002020"}, "geometry": {"type": "Polygon", "coordinates": [[[-96.343957, 30.520181], [-96.342159, 30.518018], [-96.341163, 30.515698], [-96.340388, 30.514458], [-96.338047, 30.511217], [-96.337083, 30.510486], [-96.334482, 30.509268], [-96.330759, 30.507718], [-96.329044, 30.506233], [-96.327591, 30.505764], [-96.324958, 30.506118], [-96.322051, 30.50628], [-96.320113, 30.505052], [-96.319006, 30.507245], [-96.318023, 30.508091], [-96.31706, 30.507301], [-96.314534, 30.506518], [-96.312233, 30.50542], [-96.308336, 30.50446], [-96.305882, 30.504075], [-96.304143, 30.504208], [-96.3013, 30.503246], [-96.300614, 30.503353], [-96.297764, 30.505857], [-96.296482, 30.506296], [-96.296472, 30.506669], [-96.298346, 30.50983], [-96.298441, 30.510427], [-96.297485, 30.511883], [-96.297968, 30.513521], [-96.301492, 30.53307], [-96.301785, 30.535409], [-96.30124, 30.550092], [-96.300978, 30.559539], [-96.300999, 30.560393], [-96.301572, 30.562414], [-96.302296, 30.563594], [-96.303296, 30.56477], [-96.308082, 30.568929], [-96.313436, 30.564114], [-96.317622, 30.560546], [-96.320983, 30.558663], [-96.32259, 30.557367], [-96.33049, 30.550364], [-96.330007, 30.549901], [-96.330712, 30.548496], [-96.329892, 30.547647], [-96.329915, 30.547161], [-96.332401, 30.54414], [-96.333301, 30.542886], [-96.332663, 30.542341], [-96.332987, 30.541455], [-96.334552, 30.540386], [-96.336987, 30.537647], [-96.338476, 30.536845], [-96.338238, 30.535509], [-96.339445, 30.534672], [-96.342603, 30.533809], [-96.343127, 30.532828], [-96.3434, 30.531456], [-96.342605, 30.531064], [-96.343471, 30.529925], [-96.342477, 30.528829], [-96.340892, 30.528146], [-96.339608, 30.528203], [-96.339599, 30.52699], [-96.340947, 30.526642], [-96.341038, 30.524487], [-96.342047, 30.524105], [-96.342991, 30.524471], [-96.343712, 30.524083], [-96.343789, 30.523242], [-96.342377, 30.522556], [-96.34299, 30.521636], [-96.342698, 30.520377], [-96.343957, 30.520181]]]}},
    {"type": "Feature", "properties": {"name": "Census tract 20.21", "description": "Brazos County", "Population": 6902, "Housing units": 3340, "Vacant housing units": 504, "Vacancy rate (%)": 15.1, "Median gross rent ($ a month)": 1247.0, "Median gross rent ($ a month) margin": 574.0, "Median home value ($)": 277000.0, "Median home value ($) margin": 160409.0, "Median household income ($ a year)": 36541.0, "Median household income ($ a year) margin": 17707.0, "Survey years": "2020 to 2024", "id": "48041002021"}, "geometry": {"type": "Polygon", "coordinates": [[[-96.343957, 30.520181], [-96.342698, 30.520377], [-96.34299, 30.521636], [-96.342377, 30.522556], [-96.343789, 30.523242], [-96.343712, 30.524083], [-96.342991, 30.524471], [-96.342047, 30.524105], [-96.341038, 30.524487], [-96.340947, 30.526642], [-96.339599, 30.52699], [-96.339608, 30.528203], [-96.340892, 30.528146], [-96.342477, 30.528829], [-96.343471, 30.529925], [-96.342605, 30.531064], [-96.3434, 30.531456], [-96.343127, 30.532828], [-96.342603, 30.533809], [-96.339445, 30.534672], [-96.338238, 30.535509], [-96.338476, 30.536845], [-96.336987, 30.537647], [-96.334552, 30.540386], [-96.332987, 30.541455], [-96.332663, 30.542341], [-96.333301, 30.542886], [-96.332401, 30.54414], [-96.329915, 30.547161], [-96.329892, 30.547647], [-96.330712, 30.548496], [-96.330007, 30.549901], [-96.33049, 30.550364], [-96.32259, 30.557367], [-96.320983, 30.558663], [-96.317622, 30.560546], [-96.313436, 30.564114], [-96.308082, 30.568929], [-96.310784, 30.571273], [-96.324524, 30.583157], [-96.327961, 30.586693], [-96.32957, 30.586783], [-96.329647, 30.586199], [-96.333237, 30.583036], [-96.337555, 30.579366], [-96.339454, 30.5787], [-96.341112, 30.577795], [-96.347122, 30.572423], [-96.348674, 30.571136], [-96.352601, 30.56755], [-96.352564, 30.566779], [-96.350903, 30.565257], [-96.353702, 30.562199], [-96.356137, 30.560572], [-96.357041, 30.559698], [-96.356873, 30.558985], [-96.355407, 30.555979], [-96.353749, 30.553872], [-96.353584, 30.553373], [-96.3538, 30.551268], [-96.352956, 30.549551], [-96.35224, 30.544934], [-96.352975, 30.543635], [-96.35254, 30.540724], [-96.352537, 30.538991], [-96.35193, 30.536735], [-96.351723, 30.534401], [-96.350336, 30.531574], [-96.349177, 30.527917], [-96.348749, 30.525082], [-96.347124, 30.523639], [-96.344928, 30.522551], [-96.343957, 30.520181]]]}},
    {"type": "Feature", "properties": {"name": "Census tract 20.22", "description": "Brazos County", "Population": 5677, "Housing units": 3061, "Vacant housing units": 253, "Vacancy rate (%)": 8.3, "Median gross rent ($ a month)": 1485.0, "Median gross rent ($ a month) margin": 133.0, "Median home value ($)": 233800.0, "Median home value ($) margin": 20233.0, "Median household income ($ a year)": 77740.0, "Median household income ($ a year) margin": 15533.0, "Survey years": "2020 to 2024", "id": "48041002022"}, "geometry": {"type": "Polygon", "coordinates": [[[-96.33799, 30.672128], [-96.336019, 30.66976], [-96.334418, 30.668526], [-96.331365, 30.666722], [-96.329353, 30.665303], [-96.327311, 30.663404], [-96.326671, 30.662671], [-96.322381, 30.656803], [-96.313901, 30.645348], [-96.310646, 30.648294], [-96.305167, 30.643755], [-96.298108, 30.648284], [-96.295338, 30.650535], [-96.289163, 30.656001], [-96.28681, 30.658474], [-96.295998, 30.659528], [-96.29721, 30.659724], [-96.300705, 30.660956], [-96.305145, 30.663301], [-96.308176, 30.664555], [-96.312886, 30.666075], [-96.313873, 30.666722], [-96.316621, 30.670054], [-96.317893, 30.670785], [-96.319086, 30.670924], [-96.327101, 30.670901], [-96.330012, 30.671556], [-96.333724, 30.672021], [-96.33799, 30.672128]]]}},
    {"type": "Feature", "properties": {"name": "Census tract 20.23", "description": "Brazos County", "Population": 2934, "Housing units": 1087, "Vacant housing units": 95, "Vacancy rate (%)": 8.7, "Median gross rent ($ a month)": 1008.0, "Median gross rent ($ a month) margin": 242.0, "Median household income ($ a year)": 29222.0, "Median household income ($ a year) margin": 5458.0, "Survey years": "2020 to 2024", "id": "48041002023"}, "geometry": {"type": "Polygon", "coordinates": [[[-96.348559, 30.588214], [-96.34708, 30.587225], [-96.345493, 30.58659], [-96.343667, 30.586376], [-96.337925, 30.586726], [-96.337938, 30.588249], [-96.338838, 30.588241], [-96.338766, 30.589538], [-96.33952, 30.589802], [-96.339759, 30.591634], [-96.33943, 30.592713], [-96.338667, 30.593459], [-96.340636, 30.595266], [-96.343927, 30.592207], [-96.348559, 30.588214]]]}},
    {"type": "Feature", "properties": {"name": "Census tract 20.24", "description": "Brazos County", "Population": 3373, "Housing units": 1726, "Vacant housing units": 232, "Vacancy rate (%)": 13.4, "Median gross rent ($ a month)": 1159.0, "Median gross rent ($ a month) margin": 135.0, "Median home value ($)": 198200.0, "Median home value ($) margin": 93883.0, "Median household income ($ a year)": 24886.0, "Median household income ($ a year) margin": 3156.0, "Survey years": "2020 to 2024", "id": "48041002024"}, "geometry": {"type": "Polygon", "coordinates": [[[-96.340636, 30.595266], [-96.338667, 30.593459], [-96.33943, 30.592713], [-96.339759, 30.591634], [-96.33952, 30.589802], [-96.338766, 30.589538], [-96.338838, 30.588241], [-96.337938, 30.588249], [-96.337925, 30.586726], [-96.332742, 30.586931], [-96.32957, 30.586783], [-96.327961, 30.586693], [-96.329696, 30.589123], [-96.330878, 30.591022], [-96.33374, 30.595739], [-96.335988, 30.599416], [-96.340636, 30.595266]]]}},
    {"type": "Feature", "properties": {"name": "Census tract 20.25", "description": "Brazos County", "Population": 5666, "Housing units": 2248, "Vacant housing units": 56, "Vacancy rate (%)": 2.5, "Median gross rent ($ a month)": 1856.0, "Median gross rent ($ a month) margin": 274.0, "Median home value ($)": 295400.0, "Median home value ($) margin": 18801.0, "Median household income ($ a year)": 102222.0, "Median household income ($ a year) margin": 12176.0, "Survey years": "2020 to 2024", "id": "48041002025"}, "geometry": {"type": "Polygon", "coordinates": [[[-96.293867, 30.554528], [-96.291624, 30.552867], [-96.289692, 30.552213], [-96.287324, 30.551934], [-96.282614, 30.552107], [-96.268662, 30.552471], [-96.266836, 30.552732], [-96.264248, 30.553722], [-96.262908, 30.554679], [-96.259454, 30.558061], [-96.25777, 30.559391], [-96.273747, 30.572153], [-96.284029, 30.563048], [-96.288229, 30.559534], [-96.293867, 30.554528]]]}},
    {"type": "Feature", "properties": {"name": "Census tract 20.26", "description": "Brazos County", "Population": 6395, "Housing units": 2350, "Vacant housing units": 168, "Vacancy rate (%)": 7.1, "Median gross rent ($ a month)": 2163.0, "Median gross rent ($ a month) margin": 381.0, "Median home value ($)": 429600.0, "Median home value ($) margin": 27151.0, "Median household income ($ a year)": 149205.0, "Median household income ($ a year) margin": 16802.0, "Survey years": "2020 to 2024", "id": "48041002026"}, "geometry": {"type": "Polygon", "coordinates": [[[-96.301492, 30.53307], [-96.298842, 30.533659], [-96.292354, 30.539274], [-96.286133, 30.534167], [-96.285865, 30.534292], [-96.281747, 30.537943], [-96.275621, 30.54354], [-96.267061, 30.551152], [-96.267024, 30.551348], [-96.264248, 30.553722], [-96.266836, 30.552732], [-96.268662, 30.552471], [-96.282614, 30.552107], [-96.287324, 30.551934], [-96.289692, 30.552213], [-96.291624, 30.552867], [-96.293867, 30.554528], [-96.298193, 30.550611], [-96.299072, 30.55016], [-96.30124, 30.550092], [-96.301785, 30.535409], [-96.301492, 30.53307]]]}},
    {"type": "Feature", "properties": {"name": "Census tract 21", "description": "Brazos County", "Population": 13494, "Housing units": 1665, "Vacant housing units": 265, "Vacancy rate (%)": 15.9, "Median gross rent ($ a month)": 1113.0, "Median gross rent ($ a month) margin": 134.0, "Median household income ($ a year)": 17024.0, "Median household income ($ a year) margin": 8423.0, "Survey years": "2020 to 2024", "id": "48041002100"}, "geometry": {"type": "Polygon", "coordinates": [[[-96.349642, 30.622316], [-96.345469, 30.618304], [-96.348573, 30.61569], [-96.341327, 30.607878], [-96.340197, 30.606448], [-96.33908, 30.604603], [-96.335205, 30.608302], [-96.333738, 30.60938], [-96.330561, 30.612453], [-96.327827, 30.614719], [-96.323435, 30.618566], [-96.329589, 30.623303], [-96.334844, 30.627754], [-96.336957, 30.629544], [-96.341206, 30.633163], [-96.342105, 30.633193], [-96.342062, 30.632531], [-96.343217, 30.631961], [-96.344317, 30.631851], [-96.344648, 30.630571], [-96.346238, 30.629846], [-96.347321, 30.630469], [-96.350237, 30.630735], [-96.345575, 30.62682], [-96.34764, 30.623737], [-96.347883, 30.623961], [-96.349642, 30.622316]]]}},
    {"type": "Feature", "properties": {"name": "Census tract 9800", "description": "Brazos County", "Population": 0, "Housing units": 0, "Vacant housing units": 0, "Survey years": "2020 to 2024", "id": "48041980000"}, "geometry": {"type": "Polygon", "coordinates": [[[-96.380489, 30.590305], [-96.378265, 30.588249], [-96.380028, 30.586366], [-96.379374, 30.585659], [-96.378584, 30.586305], [-96.377696, 30.585471], [-96.376445, 30.586537], [-96.375613, 30.58587], [-96.376508, 30.586114], [-96.376112, 30.585471], [-96.376485, 30.584954], [-96.375866, 30.584555], [-96.376827, 30.584394], [-96.376778, 30.583504], [-96.37567, 30.583838], [-96.375638, 30.582893], [-96.374882, 30.582522], [-96.374175, 30.581117], [-96.37338, 30.580703], [-96.374312, 30.58022], [-96.373449, 30.57951], [-96.372821, 30.578169], [-96.371653, 30.577936], [-96.372092, 30.577064], [-96.371719, 30.575182], [-96.37283, 30.574939], [-96.372824, 30.57435], [-96.37181, 30.574133], [-96.371834, 30.572822], [-96.371053, 30.572379], [-96.370983, 30.571814], [-96.370171, 30.571268], [-96.368099, 30.570662], [-96.367263, 30.570657], [-96.366134, 30.571219], [-96.366161, 30.572659], [-96.365103, 30.573516], [-96.362818, 30.57801], [-96.362593, 30.580712], [-96.36206, 30.580898], [-96.361126, 30.577014], [-96.359308, 30.574977], [-96.358644, 30.57472], [-96.357001, 30.575006], [-96.35667, 30.575724], [-96.356548, 30.577772], [-96.357546, 30.582003], [-96.357463, 30.58287], [-96.356229, 30.584248], [-96.356248, 30.58576], [-96.355548, 30.587512], [-96.35579, 30.588973], [-96.356704, 30.589881], [-96.357568, 30.591366], [-96.355485, 30.591611], [-96.354179, 30.592109], [-96.359381, 30.595698], [-96.360647, 30.597146], [-96.364068, 30.602247], [-96.366808, 30.600142], [-96.369523, 30.598222], [-96.374871, 30.594639], [-96.37819, 30.592181], [-96.380489, 30.590305]]]}},
    {"type": "Feature", "properties": {"name": "Census tract 1801.01", "description": "Grimes County", "Population": 4384, "Housing units": 1983, "Vacant housing units": 314, "Vacancy rate (%)": 15.8, "Median gross rent ($ a month)": 821.0, "Median gross rent ($ a month) margin": 520.0, "Median home value ($)": 177200.0, "Median home value ($) margin": 82819.0, "Median household income ($ a year)": 64645.0, "Median household income ($ a year) margin": 7166.0, "Survey years": "2020 to 2024", "id": "48185180101"}, "geometry": {"type": "Polygon", "coordinates": [[[-96.15463, 30.330288], [-96.152789, 30.32801], [-96.149386, 30.325187], [-96.147462, 30.324168], [-96.145244, 30.323592], [-96.138866, 30.322453], [-96.137298, 30.321058], [-96.137044, 30.319254], [-96.137078, 30.316669], [-96.136547, 30.314752], [-96.135057, 30.313508], [-96.131635, 30.312434], [-96.128033, 30.311975], [-96.126191, 30.311878], [-96.125273, 30.311563], [-96.122703, 30.309368], [-96.120477, 30.305689], [-96.119506, 30.304821], [-96.117372, 30.304195], [-96.115056, 30.306001], [-96.112305, 30.306601], [-96.10408, 30.30882], [-96.100871, 30.310214], [-96.102406, 30.310675], [-96.102267, 30.311857], [-96.102673, 30.313077], [-96.105099, 30.313752], [-96.106594, 30.313631], [-96.10698, 30.312861], [-96.107684, 30.313207], [-96.107931, 30.313988], [-96.108641, 30.314592], [-96.109432, 30.314135], [-96.11189, 30.313832], [-96.11334, 30.31315], [-96.115722, 30.314029], [-96.116476, 30.313737], [-96.118047, 30.314561], [-96.118523, 30.314555], [-96.118973, 30.316446], [-96.118151, 30.319101], [-96.116612, 30.320019], [-96.11577, 30.320118], [-96.115048, 30.320795], [-96.114681, 30.322696], [-96.114162, 30.323801], [-96.113187, 30.324648], [-96.113403, 30.325868], [-96.107784, 30.326568], [-96.10658, 30.326881], [-96.105263, 30.328096], [-96.104085, 30.328569], [-96.101532, 30.328553], [-96.100512, 30.329274], [-96.099777, 30.330208], [-96.097923, 30.331007], [-96.098639, 30.332247], [-96.100174, 30.333953], [-96.100837, 30.335062], [-96.101656, 30.33843], [-96.101666, 30.339452], [-96.099456, 30.33895], [-96.098173, 30.338472], [-96.09683, 30.338859], [-96.095654, 30.338042], [-96.093616, 30.337135], [-96.09287, 30.336114], [-96.092714, 30.335172], [-96.093436, 30.333446], [-96.092251, 30.333447], [-96.092099, 30.33066], [-96.091097, 30.329803], [-96.090844, 30.328446], [-96.088778, 30.326286], [-96.086674, 30.323522], [-96.086737, 30.321813], [-96.086401, 30.320422], [-96.085521, 30.32023], [-96.084032, 30.321005], [-96.081891, 30.32111], [-96.08075, 30.32022], [-96.080022, 30.320335], [-96.079186, 30.321715], [-96.077343, 30.324051], [-96.077622, 30.325859], [-96.077438, 30.327095], [-96.076158, 30.327381], [-96.07586, 30.327898], [-96.074226, 30.328458], [-96.073016, 30.329456], [-96.072057, 30.317381], [-96.071689, 30.315672], [-96.070582, 30.313142], [-96.068317, 30.307353], [-96.068077, 30.306364], [-96.06867, 30.30558], [-96.069183, 30.30564], [-96.0695, 30.30387], [-96.071843, 30.302612], [-96.072369, 30.300886], [-96.072774, 30.300501], [-96.071501, 30.299946], [-96.072432, 30.299236], [-96.070933, 30.298277], [-96.069954, 30.297929], [-96.068185, 30.297835], [-96.068279, 30.282062], [-96.068582, 30.272293], [-96.068667, 30.267453], [-96.067749, 30.267224], [-96.068454, 30.265859], [-96.068187, 30.2655], [-96.060606, 30.265285], [-96.059926, 30.265586], [-96.060177, 30.267339], [-96.060217, 30.270616], [-96.059527, 30.271519], [-96.057642, 30.273096], [-96.052959, 30.27317], [-96.053751, 30.272203], [-96.053676, 30.271055], [-96.053156, 30.270868], [-96.053163, 30.269813], [-96.051865, 30.268889], [-96.051656, 30.268076], [-96.050359, 30.26652], [-96.049061, 30.26691], [-96.04984, 30.265339], [-96.049909, 30.264234], [-96.04939, 30.264058], [-96.050207, 30.263415], [-96.051081, 30.263448], [-96.051638, 30.261366], [-96.05274, 30.260701], [-96.052069, 30.25892], [-96.050708, 30.258486], [-96.050056, 30.257606], [-96.050233, 30.255589], [-96.050075, 30.253974], [-96.051088, 30.253847], [-96.052247, 30.254392], [-96.052171, 30.255144], [-96.05281, 30.255205], [-96.054785, 30.253974], [-96.055982, 30.253617], [-96.056311, 30.252672], [-96.058552, 30.252117], [-96.059381, 30.251017], [-96.061698, 30.250864], [-96.063008, 30.249607], [-96.06228, 30.248755], [-96.063299, 30.247584], [-96.064211, 30.245062], [-96.065667, 30.244227], [-96.065844, 30.243534], [-96.067212, 30.242858], [-96.067769, 30.241891], [-96.069041, 30.241122], [-96.070073, 30.241094], [-96.071775, 30.239368], [-96.073402, 30.23894], [-96.074668, 30.237351], [-96.075681, 30.23678], [-96.076573, 30.23573], [-96.077625, 30.235451], [-96.078438, 30.236058], [-96.079604, 30.235941], [-96.079721, 30.235108], [-96.080298, 30.234713], [-96.082805, 30.234049], [-96.083917, 30.232574], [-96.084729, 30.232004], [-96.08663, 30.232094], [-96.087953, 30.231919], [-96.089396, 30.232306], [-96.089544, 30.233068], [-96.090161, 30.233206], [-96.091786, 30.231544], [-96.091797, 30.230619], [-96.090799, 30.22934], [-96.092386, 30.228056], [-96.092309, 30.225591], [-96.091453, 30.225994], [-96.08991, 30.227433], [-96.088941, 30.228718], [-96.079741, 30.229215], [-96.072849, 30.229491], [-96.069319, 30.229964], [-96.056904, 30.230733], [-96.046542, 30.231267], [-96.011343, 30.233304], [-96.000233, 30.234015], [-95.99633, 30.234178], [-95.993538, 30.234418], [-95.953773, 30.236964], [-95.950349, 30.236906], [-95.951468, 30.239077], [-95.952095, 30.239928], [-95.955367, 30.243403], [-95.956588, 30.245086], [-95.957907, 30.24655], [-95.960796, 30.249189], [-95.968727, 30.257822], [-95.969806, 30.259358], [-95.970258, 30.261247], [-95.970182, 30.263832], [-95.971015, 30.2739], [-95.971899, 30.277303], [-95.971979, 30.279825], [-95.972059, 30.288513], [-95.972233, 30.298878], [-95.972544, 30.299906], [-95.973724, 30.301189], [-95.973974, 30.301945], [-95.973767, 30.305161], [-95.973856, 30.308708], [-95.974075, 30.310782], [-95.975608, 30.314828], [-95.975848, 30.31586], [-95.975868, 30.321369], [-95.976396, 30.322853], [-95.978718, 30.324836], [-95.979102, 30.325941], [-95.979427, 30.334473], [-95.979643, 30.343239], [-95.980245, 30.34478], [-95.982137, 30.346656], [-95.987668, 30.349036], [-95.991109, 30.350984], [-95.992699, 30.352986], [-95.995813, 30.353248], [-95.99747, 30.353813], [-95.998689, 30.354471], [-96.004397, 30.358319], [-96.020352, 30.367683], [-96.022143, 30.368573], [-96.024582, 30.36945], [-96.034577, 30.371687], [-96.041454, 30.373633], [-96.044296, 30.374144], [-96.054628, 30.375288], [-96.061045, 30.376055], [-96.063412, 30.37625], [-96.067071, 30.376256], [-96.073748, 30.376183], [-96.075092, 30.376026], [-96.081733, 30.375856], [-96.085241, 30.383801], [-96.086637, 30.3867], [-96.088082, 30.38852], [-96.092739, 30.392781], [-96.094229, 30.394616], [-96.096564, 30.399833], [-96.101211, 30.410948], [-96.102254, 30.413289], [-96.104278, 30.416066], [-96.10452, 30.417332], [-96.106177, 30.418865], [-96.10736, 30.417582], [-96.108086, 30.417458], [-96.111926, 30.415893], [-96.112392, 30.415393], [-96.113601, 30.413186], [-96.113342, 30.411377], [-96.112373, 30.409849], [-96.111879, 30.407835], [-96.11096, 30.407053], [-96.10862, 30.407622], [-96.107914, 30.406987], [-96.108193, 30.406208], [-96.110011, 30.404167], [-96.112248, 30.402667], [-96.11355, 30.401183], [-96.113234, 30.399887], [-96.11133, 30.397304], [-96.111157, 30.396071], [-96.111445, 30.395211], [-96.113067, 30.394102], [-96.114076, 30.394845], [-96.114046, 30.396912], [-96.115672, 30.398342], [-96.116168, 30.399208], [-96.117041, 30.399747], [-96.118262, 30.39932], [-96.118416, 30.398448], [-96.117772, 30.396044], [-96.117654, 30.394881], [-96.116755, 30.392802], [-96.116857, 30.391881], [-96.117595, 30.391278], [-96.119319, 30.392115], [-96.120956, 30.392253], [-96.121524, 30.391891], [-96.121683, 30.390834], [-96.121171, 30.38983], [-96.12025, 30.389109], [-96.119669, 30.387469], [-96.121107, 30.385541], [-96.121296, 30.384236], [-96.12174, 30.383893], [-96.122652, 30.38443], [-96.124555, 30.386216], [-96.125679, 30.387569], [-96.126492, 30.387993], [-96.12941, 30.388324], [-96.132247, 30.387902], [-96.1337, 30.386271], [-96.134193, 30.384583], [-96.135024, 30.384464], [-96.136528, 30.383621], [-96.138432, 30.383131], [-96.139459, 30.383218], [-96.142252, 30.384022], [-96.145404, 30.384778], [-96.147255, 30.38284], [-96.147412, 30.381353], [-96.147067, 30.380284], [-96.146243, 30.379009], [-96.145035, 30.378137], [-96.144134, 30.37698], [-96.144249, 30.374493], [-96.14548, 30.371828], [-96.145576, 30.371191], [-96.144657, 30.369365], [-96.142617, 30.368367], [-96.14215, 30.367815], [-96.141609, 30.36551], [-96.141826, 30.362639], [-96.142511, 30.361131], [-96.142545, 30.357526], [-96.141633, 30.355858], [-96.141726, 30.354822], [-96.142423, 30.352905], [-96.143249, 30.35222], [-96.14536, 30.352165], [-96.14762, 30.353278], [-96.149324, 30.352931], [-96.149758, 30.352225], [-96.149693, 30.349892], [-96.148542, 30.346564], [-96.148465, 30.345], [-96.145874, 30.343225], [-96.145245, 30.343044], [-96.141712, 30.342953], [-96.14055, 30.342446], [-96.139812, 30.340935], [-96.139812, 30.340291], [-96.140498, 30.339511], [-96.141374, 30.339185], [-96.143496, 30.337286], [-96.145703, 30.336207], [-96.148346, 30.335397], [-96.150813, 30.335088], [-96.153232, 30.334475], [-96.154013, 30.334002], [-96.154444, 30.332767], [-96.154171, 30.332094], [-96.154268, 30.330647], [-96.15463, 30.330288]]]}},
    {"type": "Feature", "properties": {"name": "Census tract 1801.02", "description": "Grimes County", "Population": 5786, "Housing units": 2742, "Vacant housing units": 296, "Vacancy rate (%)": 10.8, "Median gross rent ($ a month)": 1564.0, "Median gross rent ($ a month) margin": 271.0, "Median home value ($)": 242800.0, "Median home value ($) margin": 42042.0, "Median household income ($ a year)": 71605.0, "Median household income ($ a year) margin": 18364.0, "Survey years": "2020 to 2024", "id": "48185180102"}, "geometry": {"type": "Polygon", "coordinates": [[[-95.992699, 30.352986], [-95.991109, 30.350984], [-95.987668, 30.349036], [-95.982137, 30.346656], [-95.980245, 30.34478], [-95.979643, 30.343239], [-95.979427, 30.334473], [-95.979102, 30.325941], [-95.978718, 30.324836], [-95.976396, 30.322853], [-95.975868, 30.321369], [-95.975848, 30.31586], [-95.975608, 30.314828], [-95.974075, 30.310782], [-95.973856, 30.308708], [-95.973767, 30.305161], [-95.973974, 30.301945], [-95.973724, 30.301189], [-95.972544, 30.299906], [-95.972233, 30.298878], [-95.972059, 30.288513], [-95.971979, 30.279825], [-95.971899, 30.277303], [-95.971015, 30.2739], [-95.970182, 30.263832], [-95.970258, 30.261247], [-95.969806, 30.259358], [-95.968727, 30.257822], [-95.960796, 30.249189], [-95.957907, 30.24655], [-95.956588, 30.245086], [-95.955367, 30.243403], [-95.952095, 30.239928], [-95.951468, 30.239077], [-95.950349, 30.236906], [-95.950301, 30.236905], [-95.948958, 30.236882], [-95.938612, 30.237527], [-95.928931, 30.237624], [-95.926415, 30.237292], [-95.923283, 30.237284], [-95.918871, 30.237698], [-95.911538, 30.238236], [-95.907832, 30.238443], [-95.890156, 30.239687], [-95.879497, 30.24053], [-95.86731, 30.241454], [-95.8521, 30.242456], [-95.842138, 30.243445], [-95.828423, 30.244233], [-95.821199, 30.24475], [-95.814501, 30.24484], [-95.805054, 30.245632], [-95.804306, 30.24557], [-95.804203, 30.251683], [-95.804247, 30.267786], [-95.804198, 30.270024], [-95.80431, 30.280383], [-95.804289, 30.298457], [-95.804346, 30.307065], [-95.804362, 30.320118], [-95.804325, 30.325416], [-95.804351, 30.3378], [-95.805082, 30.348265], [-95.80571, 30.354678], [-95.827962, 30.34994], [-95.834053, 30.34867], [-95.855393, 30.344117], [-95.857539, 30.343461], [-95.85919, 30.342517], [-95.862377, 30.340158], [-95.864471, 30.338821], [-95.865636, 30.338293], [-95.869281, 30.337174], [-95.870635, 30.336916], [-95.880594, 30.335974], [-95.884164, 30.335995], [-95.887391, 30.33657], [-95.889485, 30.337243], [-95.906505, 30.343008], [-95.907674, 30.343504], [-95.909514, 30.344728], [-95.912039, 30.347118], [-95.913032, 30.347809], [-95.917764, 30.350489], [-95.919141, 30.351374], [-95.920416, 30.352584], [-95.925761, 30.358845], [-95.926778, 30.359652], [-95.929234, 30.360654], [-95.941612, 30.362189], [-95.943316, 30.36221], [-95.945477, 30.361831], [-95.9512, 30.35982], [-95.95405, 30.359243], [-95.959329, 30.359176], [-95.960984, 30.358983], [-95.962983, 30.358343], [-95.967134, 30.356171], [-95.969724, 30.35518], [-95.971568, 30.354809], [-95.973327, 30.354695], [-95.98449, 30.354723], [-95.986065, 30.354539], [-95.991511, 30.353125], [-95.992699, 30.352986]]]}},
    {"type": "Feature", "properties": {"name": "Census tract 1802.01", "description": "Grimes County", "Population": 5233, "Housing units": 1591, "Vacant housing units": 148, "Vacancy rate (%)": 9.3, "Median gross rent ($ a month)": 897.0, "Median gross rent ($ a month) margin": 207.0, "Median home value ($)": 218400.0, "Median home value ($) margin": 24634.0, "Median household income ($ a year)": 51417.0, "Median household income ($ a year) margin": 21826.0, "Survey years": "2020 to 2024", "id": "48185180201"}, "geometry": {"type": "Polygon", "coordinates": [[[-96.067071, 30.376256], [-96.073748, 30.376183], [-96.075092, 30.376026], [-96.081733, 30.375856], [-96.085241, 30.383801], [-96.086637, 30.3867], [-96.088082, 30.38852], [-96.092739, 30.392781], [-96.094229, 30.394616], [-96.096564, 30.399833], [-96.101211, 30.410948], [-96.102254, 30.413289], [-96.104278, 30.416066], [-96.10452, 30.417332], [-96.101627, 30.41505], [-96.099977, 30.414027], [-96.09734, 30.412778], [-96.090922, 30.410584], [-96.082695, 30.406948], [-96.079267, 30.405138], [-96.075214, 30.40252], [-96.074316, 30.401838], [-96.072728, 30.400035], [-96.071982, 30.398736], [-96.069992, 30.394462], [-96.069242, 30.391946], [-96.067597, 30.382931], [-96.067071, 30.376256]]]}},
    {"type": "Feature", "properties": {"name": "Census tract 1802.02", "description": "Grimes County", "Population": 3023, "Housing units": 1427, "Vacant housing units": 276, "Vacancy rate (%)": 19.3, "Median gross rent ($ a month)": 1255.0, "Median gross rent ($ a month) margin": 147.0, "Median home value ($)": 311900.0, "Median home value ($) margin": 90512.0, "Median household income ($ a year)": 105734.0, "Median household income ($ a year) margin": 25907.0, "Survey years": "2020 to 2024", "id": "48185180202"}, "geometry": {"type": "Polygon", "coordinates": [[[-96.106177, 30.418865], [-96.10452, 30.417332], [-96.101627, 30.41505], [-96.099977, 30.414027], [-96.09734, 30.412778], [-96.090922, 30.410584], [-96.082695, 30.406948], [-96.079267, 30.405138], [-96.075214, 30.40252], [-96.074316, 30.401838], [-96.072728, 30.400035], [-96.071982, 30.398736], [-96.069992, 30.394462], [-96.069242, 30.391946], [-96.067597, 30.382931], [-96.067071, 30.376256], [-96.063412, 30.37625], [-96.061045, 30.376055], [-96.054628, 30.375288], [-96.044296, 30.374144], [-96.041454, 30.373633], [-96.034577, 30.371687], [-96.024582, 30.36945], [-96.022143, 30.368573], [-96.020352, 30.367683], [-96.004397, 30.358319], [-95.998689, 30.354471], [-95.99747, 30.353813], [-95.995813, 30.353248], [-95.992699, 30.352986], [-95.991511, 30.353125], [-95.986065, 30.354539], [-95.98449, 30.354723], [-95.973327, 30.354695], [-95.971568, 30.354809], [-95.969724, 30.35518], [-95.967134, 30.356171], [-95.962983, 30.358343], [-95.960984, 30.358983], [-95.959329, 30.359176], [-95.95405, 30.359243], [-95.9512, 30.35982], [-95.945477, 30.361831], [-95.943316, 30.36221], [-95.941612, 30.362189], [-95.929234, 30.360654], [-95.926778, 30.359652], [-95.925761, 30.358845], [-95.920416, 30.352584], [-95.919141, 30.351374], [-95.917764, 30.350489], [-95.913032, 30.347809], [-95.912039, 30.347118], [-95.909514, 30.344728], [-95.907674, 30.343504], [-95.906505, 30.343008], [-95.889485, 30.337243], [-95.887391, 30.33657], [-95.884164, 30.335995], [-95.880594, 30.335974], [-95.870635, 30.336916], [-95.869281, 30.337174], [-95.865636, 30.338293], [-95.864471, 30.338821], [-95.862377, 30.340158], [-95.85919, 30.342517], [-95.857539, 30.343461], [-95.855393, 30.344117], [-95.834053, 30.34867], [-95.827962, 30.34994], [-95.80571, 30.354678], [-95.806735, 30.367226], [-95.807121, 30.371361], [-95.80747, 30.376251], [-95.808401, 30.38797], [-95.809521, 30.401526], [-95.809868, 30.40643], [-95.811929, 30.431532], [-95.812163, 30.433877], [-95.813948, 30.455742], [-95.813864, 30.459147], [-95.814171, 30.459944], [-95.814339, 30.462462], [-95.814638, 30.463365], [-95.815727, 30.464703], [-95.818039, 30.466335], [-95.819166, 30.467335], [-95.820612, 30.469564], [-95.821161, 30.471792], [-95.821265, 30.483931], [-95.821239, 30.488302], [-95.821461, 30.489322], [-95.822175, 30.490428], [-95.823729, 30.491539], [-95.826762, 30.492504], [-95.828755, 30.49352], [-95.828671, 30.488924], [-95.828909, 30.488571], [-95.833, 30.488527], [-95.841751, 30.488537], [-95.845473, 30.488489], [-95.845604, 30.488355], [-95.845555, 30.485169], [-95.846608, 30.48261], [-95.846729, 30.481598], [-95.847437, 30.48026], [-95.847526, 30.479108], [-95.847568, 30.477457], [-95.847393, 30.469517], [-95.847525, 30.468164], [-95.846983, 30.464795], [-95.846194, 30.461954], [-95.846983, 30.461918], [-95.850273, 30.46115], [-95.852097, 30.460891], [-95.853232, 30.460375], [-95.855264, 30.458995], [-95.856179, 30.458723], [-95.857823, 30.459277], [-95.858793, 30.460414], [-95.862732, 30.465604], [-95.863725, 30.466042], [-95.87019, 30.465874], [-95.878897, 30.464804], [-95.880557, 30.464696], [-95.887376, 30.464673], [-95.894371, 30.464581], [-95.894895, 30.464744], [-95.895825, 30.466291], [-95.89855, 30.466288], [-95.900283, 30.464643], [-95.90118, 30.46434], [-95.903764, 30.464236], [-95.906454, 30.463972], [-95.91667, 30.463562], [-95.918301, 30.462635], [-95.919181, 30.461715], [-95.920383, 30.459856], [-95.921446, 30.459169], [-95.92591, 30.46266], [-95.929777, 30.464055], [-95.943207, 30.467523], [-95.94785, 30.468781], [-95.956974, 30.471544], [-95.958744, 30.472337], [-95.960725, 30.471495], [-95.966653, 30.469634], [-95.971726, 30.467902], [-95.976596, 30.466137], [-95.97722, 30.465446], [-95.978297, 30.465522], [-95.986654, 30.462611], [-95.988503, 30.462019], [-95.998366, 30.458364], [-96.001036, 30.457438], [-96.002537, 30.456682], [-96.003801, 30.454257], [-96.004467, 30.453464], [-96.00274, 30.449484], [-96.0033, 30.449672], [-96.003674, 30.450584], [-96.004612, 30.451381], [-96.005334, 30.45286], [-96.006127, 30.453525], [-96.008226, 30.45423], [-96.009584, 30.453675], [-96.01136, 30.453346], [-96.013244, 30.452495], [-96.015515, 30.452656], [-96.016055, 30.452068], [-96.017425, 30.452321], [-96.019181, 30.453492], [-96.020152, 30.45335], [-96.021534, 30.453812], [-96.02312, 30.453516], [-96.024592, 30.453555], [-96.024655, 30.454236], [-96.025498, 30.455731], [-96.026633, 30.456369], [-96.027374, 30.458029], [-96.029151, 30.458458], [-96.030946, 30.457915], [-96.03387, 30.458196], [-96.034454, 30.458471], [-96.037258, 30.458114], [-96.039738, 30.458725], [-96.041324, 30.458225], [-96.041254, 30.457582], [-96.040189, 30.457137], [-96.039916, 30.456318], [-96.041331, 30.454598], [-96.043076, 30.454884], [-96.043564, 30.454395], [-96.0451, 30.451615], [-96.046375, 30.450307], [-96.046433, 30.448906], [-96.047486, 30.447604], [-96.047905, 30.445653], [-96.05088, 30.445708], [-96.052383, 30.444087], [-96.052561, 30.443345], [-96.053969, 30.442735], [-96.055079, 30.441768], [-96.055136, 30.441351], [-96.056722, 30.44079], [-96.059012, 30.438883], [-96.06127, 30.438675], [-96.062589, 30.438279], [-96.063452, 30.438334], [-96.063953, 30.437438], [-96.066249, 30.436532], [-96.068754, 30.436306], [-96.069521, 30.436746], [-96.069344, 30.437224], [-96.070447, 30.436817], [-96.072071, 30.437581], [-96.072591, 30.436185], [-96.075096, 30.435712], [-96.075585, 30.43613], [-96.076853, 30.435938], [-96.077475, 30.436394], [-96.079916, 30.437421], [-96.080938, 30.438092], [-96.082079, 30.437031], [-96.083075, 30.437278], [-96.084787, 30.436552], [-96.086, 30.435559], [-96.085882, 30.433865], [-96.086481, 30.43257], [-96.087328, 30.431409], [-96.087431, 30.430756], [-96.086791, 30.42989], [-96.085383, 30.430026], [-96.081496, 30.431234], [-96.080126, 30.430784], [-96.079969, 30.43003], [-96.080777, 30.428937], [-96.082524, 30.428255], [-96.082887, 30.42606], [-96.083347, 30.424985], [-96.082812, 30.42364], [-96.082934, 30.422949], [-96.086653, 30.418299], [-96.087926, 30.417293], [-96.090953, 30.416602], [-96.092441, 30.416439], [-96.094498, 30.416651], [-96.095309, 30.416926], [-96.095951, 30.417952], [-96.095338, 30.418817], [-96.095745, 30.419812], [-96.09746, 30.420027], [-96.098259, 30.419841], [-96.099717, 30.418542], [-96.100372, 30.417589], [-96.100996, 30.417342], [-96.102814, 30.41829], [-96.103516, 30.419345], [-96.103052, 30.420419], [-96.103517, 30.421211], [-96.105601, 30.422125], [-96.106341, 30.421933], [-96.106533, 30.421322], [-96.106177, 30.418865]]]}},
    {"type": "Feature", "properties": {"name": "Census tract 1803.02", "description": "Grimes County", "Population": 3488, "Housing units": 1596, "Vacant housing units": 480, "Vacancy rate (%)": 30.1, "Median gross rent ($ a month)": 1219.0, "Median gross rent ($ a month) margin": 178.0, "Median home value ($)": 205200.0, "Median home value ($) margin": 46024.0, "Median household income ($ a year)": 53906.0, "Median household income ($ a year) margin": 9823.0, "Survey years": "2020 to 2024", "id": "48185180302"}, "geometry": {"type": "Polygon", "coordinates": [[[-96.012585, 30.842784], [-96.011516, 30.838118], [-96.010788, 30.833479], [-96.009608, 30.828215], [-96.008632, 30.82445], [-96.007514, 30.819083], [-96.005924, 30.81194], [-96.005444, 30.809375], [-96.004424, 30.805064], [-96.002424, 30.796187], [-96.001717, 30.792788], [-96.000973, 30.790058], [-95.999744, 30.783853], [-95.99891, 30.780628], [-95.993692, 30.757534], [-95.987918, 30.732064], [-95.986873, 30.727062], [-95.982594, 30.708479], [-95.982243, 30.706689], [-95.978711, 30.691313], [-95.976894, 30.682841], [-95.97491, 30.674634], [-95.973103, 30.666597], [-95.970283, 30.665031], [-95.967098, 30.661925], [-95.966247, 30.660769], [-95.964989, 30.658498], [-95.963539, 30.657167], [-95.961634, 30.656163], [-95.960004, 30.654842], [-95.958315, 30.651181], [-95.956485, 30.651694], [-95.947062, 30.642373], [-95.945424, 30.638725], [-95.944892, 30.636464], [-95.943757, 30.632988], [-95.942795, 30.631016], [-95.941845, 30.630268], [-95.941188, 30.629321], [-95.941029, 30.62681], [-95.94061, 30.624103], [-95.9405, 30.622303], [-95.939912, 30.618902], [-95.937532, 30.613858], [-95.938293, 30.610943], [-95.937553, 30.608938], [-95.936048, 30.605576], [-95.935834, 30.60444], [-95.935672, 30.601547], [-95.936302, 30.600217], [-95.937561, 30.598292], [-95.937863, 30.597429], [-95.938492, 30.593692], [-95.938284, 30.59254], [-95.936866, 30.589556], [-95.935695, 30.586758], [-95.931599, 30.577488], [-95.93042, 30.576051], [-95.928544, 30.574873], [-95.927256, 30.5734], [-95.926949, 30.572425], [-95.926684, 30.568928], [-95.925639, 30.560063], [-95.924919, 30.557981], [-95.921031, 30.551529], [-95.92068, 30.55042], [-95.920959, 30.549507], [-95.923647, 30.545932], [-95.923632, 30.544451], [-95.922289, 30.541704], [-95.920466, 30.536363], [-95.91961, 30.532804], [-95.917534, 30.526632], [-95.916835, 30.525208], [-95.915861, 30.523962], [-95.915172, 30.522375], [-95.91506, 30.52097], [-95.915271, 30.515322], [-95.9151, 30.513653], [-95.914446, 30.511155], [-95.913781, 30.509603], [-95.910515, 30.503445], [-95.910319, 30.501923], [-95.910859, 30.500404], [-95.911228, 30.498538], [-95.911053, 30.496997], [-95.910052, 30.493398], [-95.905289, 30.491275], [-95.904078, 30.490652], [-95.901347, 30.489574], [-95.898319, 30.488135], [-95.895349, 30.487117], [-95.892246, 30.485789], [-95.889285, 30.485098], [-95.88745, 30.484816], [-95.884959, 30.485076], [-95.882277, 30.485149], [-95.879197, 30.485753], [-95.877041, 30.485385], [-95.873953, 30.485042], [-95.87061, 30.482921], [-95.868533, 30.48218], [-95.864005, 30.48149], [-95.861935, 30.481268], [-95.85868, 30.480652], [-95.85525, 30.480328], [-95.85111, 30.479806], [-95.847526, 30.479108], [-95.847437, 30.48026], [-95.846729, 30.481598], [-95.846608, 30.48261], [-95.845555, 30.485169], [-95.845604, 30.488355], [-95.845473, 30.488489], [-95.841751, 30.488537], [-95.833, 30.488527], [-95.828909, 30.488571], [-95.828671, 30.488924], [-95.828755, 30.49352], [-95.826762, 30.492504], [-95.823729, 30.491539], [-95.822175, 30.490428], [-95.821461, 30.489322], [-95.821239, 30.488302], [-95.821265, 30.483931], [-95.821161, 30.471792], [-95.820612, 30.469564], [-95.819166, 30.467335], [-95.818039, 30.466335], [-95.815727, 30.464703], [-95.814638, 30.463365], [-95.814748, 30.466439], [-95.816991, 30.494519], [-95.817478, 30.500218], [-95.817982, 30.503076], [-95.818951, 30.512924], [-95.819733, 30.521599], [-95.820194, 30.525934], [-95.821112, 30.535678], [-95.822656, 30.551416], [-95.824762, 30.573548], [-95.825638, 30.58299], [-95.826294, 30.589407], [-95.8274, 30.60192], [-95.828436, 30.612033], [-95.829091, 30.618981], [-95.83024, 30.630284], [-95.83356, 30.653317], [-95.834197, 30.658], [-95.834991, 30.663814], [-95.837517, 30.681191], [-95.84218, 30.714398], [-95.844357, 30.728968], [-95.845972, 30.740206], [-95.847197, 30.750193], [-95.863059, 30.864125], [-95.873113, 30.862624], [-95.875228, 30.862672], [-95.888971, 30.860598], [-95.904954, 30.858089], [-95.915146, 30.856533], [-95.929967, 30.854462], [-95.96945, 30.848818], [-96.000231, 30.844435], [-96.00443, 30.843968], [-96.012585, 30.842784]]]}},
    {"type": "Feature", "properties": {"name": "Census tract 1803.03", "description": "Grimes County", "Population": 3284, "Housing units": 1553, "Vacant housing units": 222, "Vacancy rate (%)": 14.3, "Median gross rent ($ a month)": 1165.0, "Median gross rent ($ a month) margin": 154.0, "Median home value ($)": 256300.0, "Median home value ($) margin": 66652.0, "Median household income ($ a year)": 67318.0, "Median household income ($ a year) margin": 8009.0, "Survey years": "2020 to 2024", "id": "48185180303"}, "geometry": {"type": "Polygon", "coordinates": [[[-96.166753, 30.57112], [-96.16504, 30.570435], [-96.164107, 30.570991], [-96.161918, 30.570559], [-96.161736, 30.569699], [-96.162612, 30.568884], [-96.162369, 30.56844], [-96.160816, 30.568173], [-96.159764, 30.567302], [-96.160302, 30.566743], [-96.161302, 30.56645], [-96.161527, 30.565015], [-96.161097, 30.563893], [-96.161433, 30.562419], [-96.160831, 30.561527], [-96.160285, 30.559776], [-96.158604, 30.55864], [-96.158764, 30.557989], [-96.160368, 30.556688], [-96.160531, 30.555594], [-96.159634, 30.552066], [-96.160354, 30.550126], [-96.160843, 30.548027], [-96.161847, 30.547341], [-96.161766, 30.546618], [-96.160962, 30.545498], [-96.161707, 30.544767], [-96.161101, 30.543881], [-96.161568, 30.542748], [-96.161536, 30.541834], [-96.160551, 30.541211], [-96.160297, 30.540332], [-96.160604, 30.538455], [-96.160314, 30.537676], [-96.160504, 30.536448], [-96.161171, 30.535164], [-96.161231, 30.533919], [-96.159713, 30.533559], [-96.158712, 30.5341], [-96.158149, 30.53515], [-96.156713, 30.534549], [-96.155845, 30.533205], [-96.156077, 30.532116], [-96.156925, 30.531621], [-96.157207, 30.530889], [-96.156736, 30.530126], [-96.155479, 30.53014], [-96.155032, 30.531256], [-96.153587, 30.532227], [-96.152248, 30.532011], [-96.151767, 30.531462], [-96.151849, 30.5305], [-96.151382, 30.53006], [-96.149091, 30.52924], [-96.148262, 30.528146], [-96.149549, 30.527168], [-96.149279, 30.526454], [-96.150286, 30.524975], [-96.149138, 30.524555], [-96.149298, 30.523765], [-96.15066, 30.523506], [-96.151455, 30.523821], [-96.151839, 30.52327], [-96.151622, 30.52251], [-96.152453, 30.521672], [-96.152643, 30.520855], [-96.152123, 30.520059], [-96.151372, 30.519921], [-96.150011, 30.520848], [-96.149337, 30.520715], [-96.149033, 30.519977], [-96.150315, 30.519006], [-96.150154, 30.518337], [-96.149017, 30.51772], [-96.147294, 30.515498], [-96.1463, 30.515634], [-96.146043, 30.514811], [-96.143606, 30.51347], [-96.143567, 30.51295], [-96.144585, 30.512043], [-96.144871, 30.511167], [-96.144571, 30.510631], [-96.143473, 30.511118], [-96.142838, 30.510725], [-96.141584, 30.509175], [-96.140334, 30.509215], [-96.140033, 30.508615], [-96.141009, 30.50785], [-96.141061, 30.506389], [-96.142589, 30.505807], [-96.142248, 30.503928], [-96.142481, 30.503719], [-96.143878, 30.504399], [-96.144688, 30.503893], [-96.144663, 30.503108], [-96.144127, 30.502645], [-96.142913, 30.502442], [-96.142185, 30.50038], [-96.140285, 30.500792], [-96.139897, 30.500252], [-96.139108, 30.500448], [-96.138342, 30.501417], [-96.137819, 30.501184], [-96.136618, 30.499628], [-96.136737, 30.498853], [-96.137486, 30.497935], [-96.138004, 30.496038], [-96.13772, 30.495428], [-96.136668, 30.495394], [-96.136032, 30.494975], [-96.136386, 30.493034], [-96.134976, 30.49331], [-96.134826, 30.492069], [-96.134135, 30.491867], [-96.133232, 30.492395], [-96.132504, 30.491905], [-96.132556, 30.491103], [-96.1321, 30.49054], [-96.13276, 30.48954], [-96.132554, 30.488708], [-96.133039, 30.48594], [-96.133013, 30.484253], [-96.133907, 30.483344], [-96.135604, 30.483317], [-96.136844, 30.48171], [-96.136952, 30.481078], [-96.135445, 30.480363], [-96.135553, 30.47947], [-96.136622, 30.479103], [-96.136976, 30.478499], [-96.136087, 30.47743], [-96.136253, 30.476741], [-96.136907, 30.476453], [-96.137775, 30.477463], [-96.137724, 30.47916], [-96.139576, 30.478946], [-96.139124, 30.477646], [-96.139499, 30.476014], [-96.14079, 30.475572], [-96.140852, 30.47497], [-96.139245, 30.474584], [-96.13878, 30.473921], [-96.139903, 30.472482], [-96.139431, 30.471383], [-96.137983, 30.471037], [-96.137328, 30.470225], [-96.136263, 30.469585], [-96.135812, 30.46893], [-96.136457, 30.467084], [-96.136327, 30.466436], [-96.135632, 30.466084], [-96.134896, 30.466396], [-96.134247, 30.4674], [-96.133409, 30.467531], [-96.131982, 30.467007], [-96.130731, 30.466253], [-96.129604, 30.466434], [-96.129431, 30.465829], [-96.130215, 30.464186], [-96.130191, 30.463636], [-96.128808, 30.461745], [-96.129655, 30.460787], [-96.129709, 30.460115], [-96.128624, 30.459235], [-96.12822, 30.458409], [-96.126175, 30.457521], [-96.126619, 30.456492], [-96.128739, 30.456024], [-96.129403, 30.455314], [-96.130068, 30.453009], [-96.129821, 30.452384], [-96.128918, 30.452538], [-96.128129, 30.453441], [-96.12509, 30.453858], [-96.124691, 30.454117], [-96.124688, 30.455383], [-96.12408, 30.455636], [-96.123073, 30.455139], [-96.122784, 30.454464], [-96.12353, 30.453286], [-96.123905, 30.45157], [-96.124776, 30.451244], [-96.125398, 30.451479], [-96.125661, 30.450412], [-96.126509, 30.449508], [-96.125902, 30.448769], [-96.124507, 30.448197], [-96.123016, 30.447038], [-96.123164, 30.446118], [-96.122436, 30.445823], [-96.1218, 30.444834], [-96.122038, 30.443782], [-96.121347, 30.443266], [-96.120453, 30.441921], [-96.119972, 30.441859], [-96.119556, 30.442694], [-96.119176, 30.441737], [-96.115909, 30.440427], [-96.115132, 30.440451], [-96.114222, 30.441275], [-96.113073, 30.440607], [-96.112195, 30.441357], [-96.111887, 30.442693], [-96.109604, 30.443675], [-96.106468, 30.443755], [-96.10534, 30.444408], [-96.104673, 30.444007], [-96.104993, 30.440548], [-96.106437, 30.440178], [-96.10644, 30.439313], [-96.105196, 30.437023], [-96.103808, 30.437507], [-96.103185, 30.438347], [-96.102248, 30.438976], [-96.100629, 30.440693], [-96.099056, 30.440058], [-96.097172, 30.437464], [-96.096517, 30.437422], [-96.095702, 30.438749], [-96.094352, 30.438887], [-96.093884, 30.439797], [-96.092821, 30.440101], [-96.090585, 30.438024], [-96.088471, 30.436779], [-96.086965, 30.43627], [-96.086, 30.435559], [-96.084787, 30.436552], [-96.083075, 30.437278], [-96.082079, 30.437031], [-96.080938, 30.438092], [-96.079916, 30.437421], [-96.077475, 30.436394], [-96.076853, 30.435938], [-96.075585, 30.43613], [-96.075096, 30.435712], [-96.072591, 30.436185], [-96.072071, 30.437581], [-96.070447, 30.436817], [-96.069344, 30.437224], [-96.069521, 30.436746], [-96.068754, 30.436306], [-96.066249, 30.436532], [-96.063953, 30.437438], [-96.063452, 30.438334], [-96.062589, 30.438279], [-96.06127, 30.438675], [-96.059012, 30.438883], [-96.056722, 30.44079], [-96.055136, 30.441351], [-96.055079, 30.441768], [-96.053969, 30.442735], [-96.052561, 30.443345], [-96.052383, 30.444087], [-96.05088, 30.445708], [-96.047905, 30.445653], [-96.047486, 30.447604], [-96.046433, 30.448906], [-96.046375, 30.450307], [-96.0451, 30.451615], [-96.043564, 30.454395], [-96.043076, 30.454884], [-96.041331, 30.454598], [-96.039916, 30.456318], [-96.040189, 30.457137], [-96.041254, 30.457582], [-96.041324, 30.458225], [-96.039738, 30.458725], [-96.037258, 30.458114], [-96.034454, 30.458471], [-96.03387, 30.458196], [-96.030946, 30.457915], [-96.029151, 30.458458], [-96.027374, 30.458029], [-96.026633, 30.456369], [-96.025498, 30.455731], [-96.024655, 30.454236], [-96.024592, 30.453555], [-96.02312, 30.453516], [-96.021534, 30.453812], [-96.020152, 30.45335], [-96.019181, 30.453492], [-96.017425, 30.452321], [-96.016055, 30.452068], [-96.015515, 30.452656], [-96.013244, 30.452495], [-96.01136, 30.453346], [-96.009584, 30.453675], [-96.008226, 30.45423], [-96.006127, 30.453525], [-96.005334, 30.45286], [-96.004612, 30.451381], [-96.003674, 30.450584], [-96.0033, 30.449672], [-96.00274, 30.449484], [-96.004467, 30.453464], [-96.003801, 30.454257], [-96.002537, 30.456682], [-96.001036, 30.457438], [-95.998366, 30.458364], [-95.988503, 30.462019], [-95.991568, 30.468199], [-95.992152, 30.469865], [-95.992862, 30.471071], [-95.996017, 30.477775], [-95.996033, 30.480642], [-95.996532, 30.481951], [-95.994793, 30.483458], [-95.991742, 30.484982], [-95.993012, 30.487788], [-95.987979, 30.489516], [-95.988403, 30.493352], [-95.988782, 30.494608], [-95.991072, 30.499629], [-95.991456, 30.500754], [-95.991454, 30.502024], [-95.989913, 30.511441], [-95.995042, 30.513905], [-95.99671, 30.514493], [-95.998688, 30.514848], [-96.002815, 30.514871], [-96.004104, 30.515249], [-96.005133, 30.516157], [-96.008131, 30.520444], [-96.009534, 30.522011], [-96.012131, 30.524371], [-96.014957, 30.52803], [-96.015656, 30.529757], [-96.016196, 30.533737], [-96.0167, 30.534662], [-96.018559, 30.536566], [-96.023729, 30.540045], [-96.025444, 30.541559], [-96.032237, 30.549437], [-96.04117, 30.559561], [-96.043873, 30.562569], [-96.048088, 30.566842], [-96.051074, 30.570041], [-96.053125, 30.572492], [-96.054002, 30.573069], [-96.056048, 30.573707], [-96.058215, 30.576072], [-96.059349, 30.577128], [-96.060287, 30.577623], [-96.064647, 30.579217], [-96.065602, 30.57967], [-96.067712, 30.581367], [-96.070041, 30.582769], [-96.072891, 30.58572], [-96.074183, 30.587683], [-96.077721, 30.594023], [-96.078342, 30.594871], [-96.0836, 30.598528], [-96.087015, 30.601204], [-96.089231, 30.602628], [-96.090231, 30.603783], [-96.091659, 30.605845], [-96.093042, 30.607285], [-96.09457, 30.610949], [-96.09614, 30.619399], [-96.096423, 30.623354], [-96.096556, 30.628332], [-96.098829, 30.631938], [-96.099477, 30.634623], [-96.100959, 30.636516], [-96.101218, 30.637821], [-96.101254, 30.641457], [-96.101428, 30.644023], [-96.101907, 30.647594], [-96.102362, 30.649831], [-96.093409, 30.649987], [-96.093145, 30.649828], [-96.092895, 30.64779], [-96.084872, 30.647872], [-96.084236, 30.648383], [-96.084198, 30.649763], [-96.084428, 30.653996], [-96.084639, 30.66014], [-96.083671, 30.660443], [-96.074977, 30.660554], [-96.074463, 30.666616], [-96.070402, 30.666844], [-96.070052, 30.667145], [-96.070137, 30.672445], [-96.069418, 30.675927], [-96.069867, 30.683187], [-96.069929, 30.687401], [-96.068639, 30.690163], [-96.066752, 30.695258], [-96.062476, 30.69411], [-96.062137, 30.694242], [-96.061553, 30.695723], [-96.061, 30.695975], [-96.056913, 30.694913], [-96.055644, 30.694328], [-96.054016, 30.694605], [-96.049246, 30.693982], [-96.051218, 30.699101], [-96.051707, 30.699496], [-96.053329, 30.699815], [-96.058868, 30.701616], [-96.058536, 30.703258], [-96.059333, 30.70344], [-96.070769, 30.706911], [-96.092443, 30.713132], [-96.09691, 30.712976], [-96.099755, 30.712452], [-96.102778, 30.711561], [-96.103664, 30.711582], [-96.117938, 30.715782], [-96.121121, 30.716775], [-96.125867, 30.716565], [-96.127394, 30.71629], [-96.129634, 30.715455], [-96.133882, 30.713395], [-96.139873, 30.711675], [-96.140262, 30.71168], [-96.146294, 30.713557], [-96.154948, 30.716003], [-96.156763, 30.717117], [-96.158823, 30.71887], [-96.162563, 30.719786], [-96.164679, 30.719674], [-96.165759, 30.719352], [-96.167897, 30.720654], [-96.168092, 30.719669], [-96.168804, 30.719246], [-96.169182, 30.718377], [-96.168673, 30.717297], [-96.169717, 30.717425], [-96.170296, 30.71801], [-96.171415, 30.716969], [-96.170674, 30.716631], [-96.170802, 30.715991], [-96.172071, 30.715059], [-96.171722, 30.714089], [-96.172151, 30.712185], [-96.172853, 30.712166], [-96.173382, 30.711471], [-96.174625, 30.711844], [-96.175094, 30.71084], [-96.174031, 30.709867], [-96.174497, 30.709283], [-96.175468, 30.709243], [-96.177223, 30.709971], [-96.177911, 30.709688], [-96.177129, 30.707627], [-96.177176, 30.707175], [-96.176352, 30.706167], [-96.177824, 30.706141], [-96.177127, 30.705], [-96.177512, 30.70422], [-96.176968, 30.703081], [-96.1755, 30.703456], [-96.175113, 30.702033], [-96.175496, 30.701591], [-96.176622, 30.701854], [-96.176629, 30.700362], [-96.174964, 30.699195], [-96.175642, 30.698602], [-96.175353, 30.6979], [-96.176143, 30.69799], [-96.176896, 30.696838], [-96.175378, 30.696055], [-96.174102, 30.693978], [-96.173414, 30.693552], [-96.172156, 30.693618], [-96.173065, 30.692104], [-96.171834, 30.691267], [-96.171335, 30.689977], [-96.170383, 30.689544], [-96.170935, 30.688525], [-96.169875, 30.688264], [-96.170825, 30.686909], [-96.170491, 30.685337], [-96.171201, 30.684121], [-96.171485, 30.682109], [-96.17092, 30.681437], [-96.169999, 30.681358], [-96.170403, 30.680417], [-96.171867, 30.680407], [-96.172736, 30.679843], [-96.171925, 30.678191], [-96.171955, 30.676592], [-96.171486, 30.675341], [-96.170142, 30.67368], [-96.171355, 30.67214], [-96.170745, 30.672082], [-96.169467, 30.672691], [-96.168741, 30.67226], [-96.168439, 30.67112], [-96.168979, 30.669837], [-96.168118, 30.669284], [-96.16873, 30.66802], [-96.168772, 30.666356], [-96.167663, 30.665737], [-96.16749, 30.66527], [-96.169297, 30.663656], [-96.167117, 30.662703], [-96.165376, 30.663164], [-96.164532, 30.662613], [-96.164458, 30.661182], [-96.165459, 30.660689], [-96.164099, 30.658813], [-96.165406, 30.657601], [-96.165834, 30.654683], [-96.166486, 30.654239], [-96.167173, 30.65499], [-96.167245, 30.652281], [-96.168307, 30.651007], [-96.169165, 30.651238], [-96.169437, 30.650007], [-96.167781, 30.649986], [-96.167151, 30.649144], [-96.16769, 30.647732], [-96.166926, 30.647024], [-96.165758, 30.647063], [-96.166272, 30.644414], [-96.165543, 30.64325], [-96.166153, 30.643096], [-96.167053, 30.643833], [-96.169111, 30.641539], [-96.168892, 30.640241], [-96.169638, 30.639734], [-96.168656, 30.638596], [-96.169809, 30.638676], [-96.171911, 30.638199], [-96.172552, 30.637246], [-96.172992, 30.635747], [-96.172046, 30.635127], [-96.171025, 30.636088], [-96.170717, 30.635635], [-96.171664, 30.634163], [-96.171164, 30.633199], [-96.169922, 30.63229], [-96.170508, 30.631695], [-96.170343, 30.630717], [-96.169338, 30.630493], [-96.169339, 30.629992], [-96.172138, 30.629657], [-96.173333, 30.628569], [-96.173102, 30.627962], [-96.173886, 30.627622], [-96.173795, 30.626472], [-96.174283, 30.625916], [-96.173663, 30.625158], [-96.174093, 30.623486], [-96.17358, 30.622846], [-96.174416, 30.622601], [-96.175055, 30.62298], [-96.177519, 30.623205], [-96.178059, 30.621942], [-96.17872, 30.622085], [-96.180164, 30.621705], [-96.180248, 30.61999], [-96.179822, 30.619353], [-96.180311, 30.618597], [-96.179095, 30.618161], [-96.179667, 30.617463], [-96.180587, 30.617996], [-96.182313, 30.617635], [-96.182553, 30.616759], [-96.182288, 30.615913], [-96.181309, 30.615748], [-96.181649, 30.613245], [-96.182596, 30.612697], [-96.181996, 30.611761], [-96.181232, 30.611281], [-96.1813, 30.609894], [-96.181635, 30.6094], [-96.181497, 30.608126], [-96.181776, 30.607579], [-96.182448, 30.606798], [-96.185079, 30.606622], [-96.18678, 30.605875], [-96.186278, 30.604948], [-96.186111, 30.603393], [-96.187837, 30.603055], [-96.188178, 30.602162], [-96.187361, 30.601629], [-96.188314, 30.599614], [-96.187765, 30.598737], [-96.185468, 30.598938], [-96.185014, 30.598554], [-96.184938, 30.597163], [-96.184121, 30.596064], [-96.182693, 30.595327], [-96.18244, 30.593155], [-96.182801, 30.591843], [-96.183573, 30.590524], [-96.183582, 30.588858], [-96.184792, 30.588328], [-96.18365, 30.586983], [-96.182286, 30.586251], [-96.181236, 30.586465], [-96.180661, 30.58596], [-96.178862, 30.585268], [-96.177206, 30.585063], [-96.175171, 30.583378], [-96.175128, 30.58236], [-96.175749, 30.581826], [-96.175422, 30.581259], [-96.17311, 30.580307], [-96.172097, 30.5805], [-96.171629, 30.579775], [-96.172175, 30.578368], [-96.171417, 30.577755], [-96.170439, 30.577601], [-96.169133, 30.576564], [-96.168709, 30.575598], [-96.167806, 30.575554], [-96.167788, 30.574831], [-96.167208, 30.574351], [-96.166608, 30.574729], [-96.165517, 30.573266], [-96.16599, 30.572604], [-96.167763, 30.572338], [-96.16794, 30.571896], [-96.166753, 30.57112]]]}},
    {"type": "Feature", "properties": {"name": "Census tract 1803.04", "description": "Grimes County", "Population": 2650, "Housing units": 1356, "Vacant housing units": 332, "Vacancy rate (%)": 24.5, "Median gross rent ($ a month)": 1137.0, "Median gross rent ($ a month) margin": 115.0, "Median home value ($)": 290900.0, "Median home value ($) margin": 101361.0, "Median household income ($ a year)": 91129.0, "Median household income ($ a year) margin": 14501.0, "Survey years": "2020 to 2024", "id": "48185180304"}, "geometry": {"type": "Polygon", "coordinates": [[[-96.167897, 30.720654], [-96.165759, 30.719352], [-96.164679, 30.719674], [-96.162563, 30.719786], [-96.158823, 30.71887], [-96.156763, 30.717117], [-96.154948, 30.716003], [-96.146294, 30.713557], [-96.140262, 30.71168], [-96.139873, 30.711675], [-96.133882, 30.713395], [-96.129634, 30.715455], [-96.127394, 30.71629], [-96.125867, 30.716565], [-96.121121, 30.716775], [-96.117938, 30.715782], [-96.103664, 30.711582], [-96.102778, 30.711561], [-96.099755, 30.712452], [-96.09691, 30.712976], [-96.092443, 30.713132], [-96.070769, 30.706911], [-96.059333, 30.70344], [-96.058536, 30.703258], [-96.058868, 30.701616], [-96.053329, 30.699815], [-96.051707, 30.699496], [-96.051218, 30.699101], [-96.049246, 30.693982], [-96.054016, 30.694605], [-96.055644, 30.694328], [-96.056913, 30.694913], [-96.061, 30.695975], [-96.061553, 30.695723], [-96.062137, 30.694242], [-96.062476, 30.69411], [-96.066752, 30.695258], [-96.068639, 30.690163], [-96.069929, 30.687401], [-96.069867, 30.683187], [-96.069418, 30.675927], [-96.070137, 30.672445], [-96.070052, 30.667145], [-96.070402, 30.666844], [-96.074463, 30.666616], [-96.074977, 30.660554], [-96.083671, 30.660443], [-96.084639, 30.66014], [-96.084428, 30.653996], [-96.084198, 30.649763], [-96.084236, 30.648383], [-96.084872, 30.647872], [-96.092895, 30.64779], [-96.093145, 30.649828], [-96.093409, 30.649987], [-96.102362, 30.649831], [-96.101907, 30.647594], [-96.101428, 30.644023], [-96.101254, 30.641457], [-96.101218, 30.637821], [-96.100959, 30.636516], [-96.099477, 30.634623], [-96.098829, 30.631938], [-96.096556, 30.628332], [-96.096423, 30.623354], [-96.09614, 30.619399], [-96.09457, 30.610949], [-96.093042, 30.607285], [-96.091659, 30.605845], [-96.090231, 30.603783], [-96.089231, 30.602628], [-96.087015, 30.601204], [-96.0836, 30.598528], [-96.078342, 30.594871], [-96.077721, 30.594023], [-96.074183, 30.587683], [-96.072891, 30.58572], [-96.070041, 30.582769], [-96.067712, 30.581367], [-96.065602, 30.57967], [-96.064647, 30.579217], [-96.060287, 30.577623], [-96.059349, 30.577128], [-96.058215, 30.576072], [-96.056048, 30.573707], [-96.054002, 30.573069], [-96.053125, 30.572492], [-96.051074, 30.570041], [-96.048088, 30.566842], [-96.043873, 30.562569], [-96.04117, 30.559561], [-96.032237, 30.549437], [-96.025444, 30.541559], [-96.023729, 30.540045], [-96.018559, 30.536566], [-96.0167, 30.534662], [-96.016196, 30.533737], [-96.015656, 30.529757], [-96.014957, 30.52803], [-96.012131, 30.524371], [-96.009534, 30.522011], [-96.008131, 30.520444], [-96.005133, 30.516157], [-96.004104, 30.515249], [-96.002815, 30.514871], [-95.998688, 30.514848], [-95.99671, 30.514493], [-95.995042, 30.513905], [-95.989913, 30.511441], [-95.991454, 30.502024], [-95.991456, 30.500754], [-95.991072, 30.499629], [-95.988782, 30.494608], [-95.988403, 30.493352], [-95.987979, 30.489516], [-95.993012, 30.487788], [-95.991742, 30.484982], [-95.994793, 30.483458], [-95.996532, 30.481951], [-95.996033, 30.480642], [-95.996017, 30.477775], [-95.992862, 30.471071], [-95.992152, 30.469865], [-95.991568, 30.468199], [-95.988503, 30.462019], [-95.986654, 30.462611], [-95.978297, 30.465522], [-95.97722, 30.465446], [-95.976596, 30.466137], [-95.971726, 30.467902], [-95.966653, 30.469634], [-95.960725, 30.471495], [-95.958744, 30.472337], [-95.956974, 30.471544], [-95.94785, 30.468781], [-95.943207, 30.467523], [-95.929777, 30.464055], [-95.92591, 30.46266], [-95.921446, 30.459169], [-95.920383, 30.459856], [-95.919181, 30.461715], [-95.918301, 30.462635], [-95.91667, 30.463562], [-95.906454, 30.463972], [-95.903764, 30.464236], [-95.90118, 30.46434], [-95.900283, 30.464643], [-95.89855, 30.466288], [-95.895825, 30.466291], [-95.894895, 30.464744], [-95.894371, 30.464581], [-95.887376, 30.464673], [-95.880557, 30.464696], [-95.878897, 30.464804], [-95.87019, 30.465874], [-95.863725, 30.466042], [-95.862732, 30.465604], [-95.858793, 30.460414], [-95.857823, 30.459277], [-95.856179, 30.458723], [-95.855264, 30.458995], [-95.853232, 30.460375], [-95.852097, 30.460891], [-95.850273, 30.46115], [-95.846983, 30.461918], [-95.846194, 30.461954], [-95.846983, 30.464795], [-95.847525, 30.468164], [-95.847393, 30.469517], [-95.847568, 30.477457], [-95.847526, 30.479108], [-95.85111, 30.479806], [-95.85525, 30.480328], [-95.85868, 30.480652], [-95.861935, 30.481268], [-95.864005, 30.48149], [-95.868533, 30.48218], [-95.87061, 30.482921], [-95.873953, 30.485042], [-95.877041, 30.485385], [-95.879197, 30.485753], [-95.882277, 30.485149], [-95.884959, 30.485076], [-95.88745, 30.484816], [-95.889285, 30.485098], [-95.892246, 30.485789], [-95.895349, 30.487117], [-95.898319, 30.488135], [-95.901347, 30.489574], [-95.904078, 30.490652], [-95.905289, 30.491275], [-95.910052, 30.493398], [-95.911053, 30.496997], [-95.911228, 30.498538], [-95.910859, 30.500404], [-95.910319, 30.501923], [-95.910515, 30.503445], [-95.913781, 30.509603], [-95.914446, 30.511155], [-95.9151, 30.513653], [-95.915271, 30.515322], [-95.91506, 30.52097], [-95.915172, 30.522375], [-95.915861, 30.523962], [-95.916835, 30.525208], [-95.917534, 30.526632], [-95.91961, 30.532804], [-95.920466, 30.536363], [-95.922289, 30.541704], [-95.923632, 30.544451], [-95.923647, 30.545932], [-95.920959, 30.549507], [-95.92068, 30.55042], [-95.921031, 30.551529], [-95.924919, 30.557981], [-95.925639, 30.560063], [-95.926684, 30.568928], [-95.926949, 30.572425], [-95.927256, 30.5734], [-95.928544, 30.574873], [-95.93042, 30.576051], [-95.931599, 30.577488], [-95.935695, 30.586758], [-95.936866, 30.589556], [-95.938284, 30.59254], [-95.938492, 30.593692], [-95.937863, 30.597429], [-95.937561, 30.598292], [-95.936302, 30.600217], [-95.935672, 30.601547], [-95.935834, 30.60444], [-95.936048, 30.605576], [-95.937553, 30.608938], [-95.938293, 30.610943], [-95.937532, 30.613858], [-95.939912, 30.618902], [-95.9405, 30.622303], [-95.94061, 30.624103], [-95.941029, 30.62681], [-95.941188, 30.629321], [-95.941845, 30.630268], [-95.942795, 30.631016], [-95.943757, 30.632988], [-95.944892, 30.636464], [-95.945424, 30.638725], [-95.947062, 30.642373], [-95.956485, 30.651694], [-95.958315, 30.651181], [-95.960004, 30.654842], [-95.961634, 30.656163], [-95.963539, 30.657167], [-95.964989, 30.658498], [-95.966247, 30.660769], [-95.967098, 30.661925], [-95.970283, 30.665031], [-95.973103, 30.666597], [-95.97491, 30.674634], [-95.976894, 30.682841], [-95.978711, 30.691313], [-95.982243, 30.706689], [-95.982594, 30.708479], [-95.986873, 30.727062], [-95.987918, 30.732064], [-95.993692, 30.757534], [-95.99891, 30.780628], [-95.999744, 30.783853], [-96.000973, 30.790058], [-96.001717, 30.792788], [-96.002424, 30.796187], [-96.004424, 30.805064], [-96.005444, 30.809375], [-96.005924, 30.81194], [-96.007514, 30.819083], [-96.008632, 30.82445], [-96.009608, 30.828215], [-96.010788, 30.833479], [-96.011516, 30.838118], [-96.012585, 30.842784], [-96.025655, 30.840889], [-96.044523, 30.838242], [-96.068772, 30.834776], [-96.081629, 30.832965], [-96.110436, 30.828814], [-96.118499, 30.827677], [-96.125235, 30.827393], [-96.125235, 30.826603], [-96.16837, 30.822997], [-96.168629, 30.822037], [-96.17017, 30.819359], [-96.172955, 30.817404], [-96.174055, 30.81592], [-96.173912, 30.815172], [-96.172747, 30.815436], [-96.172665, 30.814488], [-96.17315, 30.813527], [-96.174286, 30.812895], [-96.173882, 30.811594], [-96.175489, 30.8111], [-96.175669, 30.809648], [-96.173913, 30.808848], [-96.172398, 30.808584], [-96.172888, 30.807469], [-96.171297, 30.806952], [-96.17122, 30.806139], [-96.173251, 30.805815], [-96.173659, 30.805084], [-96.17357, 30.803831], [-96.172373, 30.803753], [-96.172851, 30.802627], [-96.173545, 30.802665], [-96.173851, 30.801121], [-96.175627, 30.800858], [-96.176417, 30.801001], [-96.176264, 30.799269], [-96.176977, 30.799204], [-96.177684, 30.801078], [-96.17815, 30.801092], [-96.178485, 30.800224], [-96.179427, 30.799611], [-96.179311, 30.79882], [-96.179841, 30.798526], [-96.179471, 30.797756], [-96.180834, 30.798066], [-96.181751, 30.797574], [-96.183355, 30.797273], [-96.182935, 30.795987], [-96.183641, 30.795136], [-96.183032, 30.793933], [-96.181992, 30.793837], [-96.181733, 30.793114], [-96.182986, 30.792567], [-96.182794, 30.792171], [-96.181817, 30.79227], [-96.180178, 30.791785], [-96.180032, 30.790836], [-96.179503, 30.790311], [-96.17938, 30.789198], [-96.177656, 30.787438], [-96.177008, 30.786491], [-96.175616, 30.786236], [-96.175656, 30.785359], [-96.173224, 30.784126], [-96.172366, 30.785329], [-96.17174, 30.784984], [-96.172033, 30.783551], [-96.171117, 30.783265], [-96.171487, 30.78171], [-96.170542, 30.779507], [-96.169801, 30.780287], [-96.169249, 30.780202], [-96.168665, 30.778648], [-96.167371, 30.77694], [-96.166191, 30.776498], [-96.166362, 30.775221], [-96.167445, 30.775425], [-96.168062, 30.775027], [-96.168259, 30.774036], [-96.167416, 30.773552], [-96.167185, 30.772509], [-96.166032, 30.77211], [-96.165249, 30.772779], [-96.166352, 30.773338], [-96.166664, 30.773995], [-96.166102, 30.774571], [-96.165103, 30.77431], [-96.164338, 30.773351], [-96.164521, 30.772245], [-96.162644, 30.769509], [-96.163622, 30.76948], [-96.163591, 30.768733], [-96.163031, 30.768442], [-96.163693, 30.767831], [-96.163565, 30.766424], [-96.164843, 30.76484], [-96.164589, 30.764207], [-96.164007, 30.764525], [-96.162753, 30.763558], [-96.163366, 30.762589], [-96.164248, 30.762403], [-96.164589, 30.761745], [-96.164306, 30.760631], [-96.164965, 30.759911], [-96.16652, 30.760319], [-96.166209, 30.759244], [-96.16674, 30.758564], [-96.168787, 30.758464], [-96.169455, 30.757993], [-96.169578, 30.756663], [-96.16851, 30.757168], [-96.16848, 30.756402], [-96.169837, 30.755391], [-96.169659, 30.754908], [-96.168088, 30.754347], [-96.168717, 30.753086], [-96.170472, 30.752868], [-96.170555, 30.750226], [-96.170145, 30.748855], [-96.168502, 30.746832], [-96.167675, 30.746434], [-96.166498, 30.745295], [-96.165257, 30.744648], [-96.165143, 30.744264], [-96.166572, 30.743431], [-96.166632, 30.742926], [-96.165659, 30.742476], [-96.165451, 30.741199], [-96.165044, 30.740715], [-96.162587, 30.739797], [-96.162083, 30.738711], [-96.162628, 30.737496], [-96.16149, 30.737216], [-96.162203, 30.736407], [-96.162072, 30.73583], [-96.160384, 30.734955], [-96.161881, 30.734559], [-96.162161, 30.734136], [-96.161486, 30.732358], [-96.162329, 30.732033], [-96.162573, 30.730825], [-96.161953, 30.729863], [-96.16221, 30.728857], [-96.162064, 30.727836], [-96.162499, 30.726309], [-96.163327, 30.724739], [-96.164696, 30.72383], [-96.164522, 30.722083], [-96.165498, 30.721309], [-96.167897, 30.720654]]]}},
    {"type": "Feature", "properties": {"name": "Census tract 1804", "description": "Grimes County", "Population": 3492, "Housing units": 101, "Vacant housing units": 26, "Vacancy rate (%)": 25.7, "Survey years": "2020 to 2024", "id": "48185180400"}, "geometry": {"type": "Polygon", "coordinates": [[[-96.100871, 30.310214], [-96.098587, 30.311021], [-96.097193, 30.311112], [-96.095613, 30.310493], [-96.094404, 30.309371], [-96.093829, 30.308171], [-96.093513, 30.306532], [-96.093637, 30.305195], [-96.095342, 30.302824], [-96.097614, 30.300984], [-96.098768, 30.299555], [-96.100046, 30.29669], [-96.10058, 30.292805], [-96.099925, 30.29099], [-96.098424, 30.289585], [-96.096933, 30.289], [-96.09393, 30.289078], [-96.089809, 30.289668], [-96.087691, 30.289623], [-96.085893, 30.288983], [-96.084382, 30.28766], [-96.084068, 30.286456], [-96.084049, 30.285065], [-96.084382, 30.28376], [-96.085089, 30.282607], [-96.086737, 30.281369], [-96.090602, 30.279071], [-96.091737, 30.278013], [-96.093256, 30.275503], [-96.093798, 30.274316], [-96.094683, 30.271205], [-96.094859, 30.268309], [-96.095514, 30.265597], [-96.098039, 30.261674], [-96.09886, 30.259704], [-96.099253, 30.258049], [-96.09912, 30.255174], [-96.0981, 30.253867], [-96.094873, 30.252392], [-96.089438, 30.253041], [-96.08605, 30.252541], [-96.084578, 30.251253], [-96.08304, 30.248753], [-96.08228, 30.246795], [-96.080839, 30.244305], [-96.081144, 30.242534], [-96.081741, 30.240882], [-96.083327, 30.238312], [-96.087671, 30.23777], [-96.090396, 30.238883], [-96.092994, 30.24133], [-96.094423, 30.242386], [-96.096936, 30.243007], [-96.098571, 30.242736], [-96.101346, 30.24088], [-96.103145, 30.238681], [-96.104444, 30.234947], [-96.105379, 30.23287], [-96.104367, 30.231473], [-96.101477, 30.23076], [-96.098248, 30.230439], [-96.09557, 30.22876], [-96.094114, 30.227008], [-96.093165, 30.225187], [-96.092309, 30.225591], [-96.092386, 30.228056], [-96.090799, 30.22934], [-96.091797, 30.230619], [-96.091786, 30.231544], [-96.090161, 30.233206], [-96.089544, 30.233068], [-96.089396, 30.232306], [-96.087953, 30.231919], [-96.08663, 30.232094], [-96.084729, 30.232004], [-96.083917, 30.232574], [-96.082805, 30.234049], [-96.080298, 30.234713], [-96.079721, 30.235108], [-96.079604, 30.235941], [-96.078438, 30.236058], [-96.077625, 30.235451], [-96.076573, 30.23573], [-96.075681, 30.23678], [-96.074668, 30.237351], [-96.073402, 30.23894], [-96.071775, 30.239368], [-96.070073, 30.241094], [-96.069041, 30.241122], [-96.067769, 30.241891], [-96.067212, 30.242858], [-96.065844, 30.243534], [-96.065667, 30.244227], [-96.064211, 30.245062], [-96.063299, 30.247584], [-96.06228, 30.248755], [-96.063008, 30.249607], [-96.061698, 30.250864], [-96.059381, 30.251017], [-96.058552, 30.252117], [-96.056311, 30.252672], [-96.055982, 30.253617], [-96.054785, 30.253974], [-96.05281, 30.255205], [-96.052171, 30.255144], [-96.052247, 30.254392], [-96.051088, 30.253847], [-96.050075, 30.253974], [-96.050233, 30.255589], [-96.050056, 30.257606], [-96.050708, 30.258486], [-96.052069, 30.25892], [-96.05274, 30.260701], [-96.051638, 30.261366], [-96.051081, 30.263448], [-96.050207, 30.263415], [-96.04939, 30.264058], [-96.049909, 30.264234], [-96.04984, 30.265339], [-96.049061, 30.26691], [-96.050359, 30.26652], [-96.051656, 30.268076], [-96.051865, 30.268889], [-96.053163, 30.269813], [-96.053156, 30.270868], [-96.053676, 30.271055], [-96.053751, 30.272203], [-96.052959, 30.27317], [-96.057642, 30.273096], [-96.059527, 30.271519], [-96.060217, 30.270616], [-96.060177, 30.267339], [-96.059926, 30.265586], [-96.060606, 30.265285], [-96.068187, 30.2655], [-96.068454, 30.265859], [-96.067749, 30.267224], [-96.068667, 30.267453], [-96.068582, 30.272293], [-96.068279, 30.282062], [-96.068185, 30.297835], [-96.069954, 30.297929], [-96.070933, 30.298277], [-96.072432, 30.299236], [-96.071501, 30.299946], [-96.072774, 30.300501], [-96.072369, 30.300886], [-96.071843, 30.302612], [-96.0695, 30.30387], [-96.069183, 30.30564], [-96.06867, 30.30558], [-96.068077, 30.306364], [-96.068317, 30.307353], [-96.070582, 30.313142], [-96.071689, 30.315672], [-96.072057, 30.317381], [-96.073016, 30.329456], [-96.074226, 30.328458], [-96.07586, 30.327898], [-96.076158, 30.327381], [-96.077438, 30.327095], [-96.077622, 30.325859], [-96.077343, 30.324051], [-96.079186, 30.321715], [-96.080022, 30.320335], [-96.08075, 30.32022], [-96.081891, 30.32111], [-96.084032, 30.321005], [-96.085521, 30.32023], [-96.086401, 30.320422], [-96.086737, 30.321813], [-96.086674, 30.323522], [-96.088778, 30.326286], [-96.090844, 30.328446], [-96.091097, 30.329803], [-96.092099, 30.33066], [-96.092251, 30.333447], [-96.093436, 30.333446], [-96.092714, 30.335172], [-96.09287, 30.336114], [-96.093616, 30.337135], [-96.095654, 30.338042], [-96.09683, 30.338859], [-96.098173, 30.338472], [-96.099456, 30.33895], [-96.101666, 30.339452], [-96.101656, 30.33843], [-96.100837, 30.335062], [-96.100174, 30.333953], [-96.098639, 30.332247], [-96.097923, 30.331007], [-96.099777, 30.330208], [-96.100512, 30.329274], [-96.101532, 30.328553], [-96.104085, 30.328569], [-96.105263, 30.328096], [-96.10658, 30.326881], [-96.107784, 30.326568], [-96.113403, 30.325868], [-96.113187, 30.324648], [-96.114162, 30.323801], [-96.114681, 30.322696], [-96.115048, 30.320795], [-96.11577, 30.320118], [-96.116612, 30.320019], [-96.118151, 30.319101], [-96.118973, 30.316446], [-96.118523, 30.314555], [-96.118047, 30.314561], [-96.116476, 30.313737], [-96.115722, 30.314029], [-96.11334, 30.31315], [-96.11189, 30.313832], [-96.109432, 30.314135], [-96.108641, 30.314592], [-96.107931, 30.313988], [-96.107684, 30.313207], [-96.10698, 30.312861], [-96.106594, 30.313631], [-96.105099, 30.313752], [-96.102673, 30.313077], [-96.102267, 30.311857], [-96.102406, 30.310675], [-96.100871, 30.310214]]]}},
    {"type": "Feature", "properties": {"name": "Census tract 1", "description": "Madison County", "Population": 3313, "Housing units": 511, "Vacant housing units": 92, "Vacancy rate (%)": 18.0, "Median gross rent ($ a month)": 1151.0, "Median gross rent ($ a month) margin": 532.0, "Median home value ($)": 215400.0, "Median home value ($) margin": 44256.0, "Median household income ($ a year)": 73403.0, "Median household income ($ a year) margin": 32305.0, "Survey years": "2020 to 2024", "id": "48313000100"}, "geometry": {"type": "Polygon", "coordinates": [[[-95.905982, 31.092834], [-95.901042, 31.083628], [-95.899701, 31.083617], [-95.896119, 31.084346], [-95.893827, 31.084481], [-95.888955, 31.084964], [-95.884937, 31.084517], [-95.882363, 31.08445], [-95.88204, 31.083636], [-95.882756, 31.08246], [-95.882188, 31.081284], [-95.883799, 31.079015], [-95.885567, 31.079328], [-95.886972, 31.078411], [-95.887317, 31.077175], [-95.887587, 31.074636], [-95.887549, 31.072927], [-95.887135, 31.072048], [-95.887946, 31.070993], [-95.888011, 31.069377], [-95.886326, 31.067541], [-95.886263, 31.065508], [-95.884712, 31.065073], [-95.884739, 31.06287], [-95.884037, 31.062485], [-95.883073, 31.06133], [-95.883559, 31.060836], [-95.882921, 31.060066], [-95.881549, 31.059335], [-95.880943, 31.05867], [-95.880472, 31.056339], [-95.879974, 31.056031], [-95.880032, 31.054817], [-95.880939, 31.053966], [-95.880601, 31.05313], [-95.879535, 31.053514], [-95.879031, 31.052888], [-95.88018, 31.052674], [-95.879555, 31.052047], [-95.878482, 31.051893], [-95.878745, 31.050684], [-95.877999, 31.049848], [-95.87752, 31.050046], [-95.877302, 31.051029], [-95.876561, 31.051414], [-95.875911, 31.050232], [-95.874766, 31.049886], [-95.873138, 31.050052], [-95.872199, 31.048173], [-95.871713, 31.047904], [-95.872249, 31.04681], [-95.872778, 31.04654], [-95.872611, 31.044034], [-95.871091, 31.042656], [-95.869699, 31.042558], [-95.868575, 31.041602], [-95.86913, 31.040475], [-95.867661, 31.039613], [-95.866711, 31.040399], [-95.865185, 31.039718], [-95.865179, 31.039119], [-95.863997, 31.038664], [-95.863799, 31.037263], [-95.864041, 31.036933], [-95.862139, 31.035845], [-95.860843, 31.036198], [-95.859892, 31.035736], [-95.859847, 31.034698], [-95.858366, 31.034319], [-95.856829, 31.035232], [-95.854524, 31.033353], [-95.854664, 31.032513], [-95.852602, 31.031447], [-95.852333, 31.030326], [-95.852876, 31.029991], [-95.852518, 31.028963], [-95.851969, 31.028557], [-95.850699, 31.028645], [-95.848816, 31.028332], [-95.848529, 31.027497], [-95.847501, 31.026706], [-95.847309, 31.025755], [-95.846224, 31.025635], [-95.84558, 31.024849], [-95.844533, 31.024855], [-95.84452, 31.023932], [-95.843064, 31.022553], [-95.841769, 31.022707], [-95.840761, 31.022064], [-95.84106, 31.021135], [-95.840397, 31.021031], [-95.839287, 31.021724], [-95.838482, 31.021174], [-95.838737, 31.019844], [-95.837952, 31.019421], [-95.837155, 31.020218], [-95.836185, 31.020098], [-95.835004, 31.019246], [-95.833626, 31.019554], [-95.833045, 31.017361], [-95.832126, 31.016779], [-95.831335, 31.017037], [-95.830518, 31.017851], [-95.830148, 31.016724], [-95.830313, 31.015169], [-95.827991, 31.014406], [-95.82838, 31.013032], [-95.826242, 31.012724], [-95.8257, 31.013054], [-95.824755, 31.012466], [-95.824742, 31.011944], [-95.8233, 31.011867], [-95.822969, 31.012208], [-95.82145, 31.011884], [-95.820735, 31.01223], [-95.819753, 31.011049], [-95.82055, 31.00951], [-95.819159, 31.009383], [-95.819714, 31.008608], [-95.819484, 31.008026], [-95.818425, 31.008185], [-95.816996, 31.007938], [-95.818202, 31.007059], [-95.817755, 31.006641], [-95.817347, 31.007279], [-95.81662, 31.006146], [-95.817328, 31.00546], [-95.81699, 31.004745], [-95.817436, 31.003838], [-95.816064, 31.004229], [-95.814808, 31.003959], [-95.812976, 31.004311], [-95.810903, 31.004163], [-95.809991, 31.003805], [-95.809027, 31.004091], [-95.807962, 31.003877], [-95.807987, 31.004344], [-95.806762, 31.004795], [-95.806264, 31.00402], [-95.804478, 31.003371], [-95.8037, 31.003921], [-95.802934, 31.002492], [-95.801563, 31.001475], [-95.799751, 31.002046], [-95.799425, 31.001612], [-95.797129, 31.001079], [-95.797601, 31.000518], [-95.796797, 31.000155], [-95.796893, 30.998793], [-95.797486, 30.997051], [-95.795872, 30.995045], [-95.794903, 30.994484], [-95.794992, 30.994116], [-95.79357, 30.993682], [-95.7926, 30.992522], [-95.789972, 30.993209], [-95.789755, 30.991906], [-95.788166, 30.99201], [-95.788243, 30.990235], [-95.787012, 30.988405], [-95.786298, 30.987756], [-95.784888, 30.987371], [-95.783562, 30.985481], [-95.782822, 30.984816], [-95.782548, 30.983683], [-95.78177, 30.983343], [-95.778765, 30.983232], [-95.778606, 30.983666], [-95.776686, 30.984364], [-95.774874, 30.983775], [-95.772756, 30.984401], [-95.771557, 30.984269], [-95.771028, 30.98289], [-95.7718, 30.982071], [-95.771201, 30.980521], [-95.77055, 30.980515], [-95.76939, 30.979669], [-95.768465, 30.97985], [-95.768395, 30.979333], [-95.767266, 30.979718], [-95.766896, 30.979113], [-95.76569, 30.979195], [-95.764804, 30.978717], [-95.764925, 30.978013], [-95.764128, 30.97804], [-95.764013, 30.977441], [-95.763108, 30.976265], [-95.762151, 30.976155], [-95.761674, 30.975088], [-95.760213, 30.9745], [-95.761349, 30.973209], [-95.761292, 30.972758], [-95.759749, 30.972037], [-95.759679, 30.971669], [-95.758244, 30.971306], [-95.757415, 30.970811], [-95.757409, 30.969635], [-95.756465, 30.968926], [-95.756645, 30.967914], [-95.754375, 30.966012], [-95.752864, 30.965863], [-95.752335, 30.964687], [-95.751021, 30.964175], [-95.751647, 30.963203], [-95.751111, 30.963241], [-95.750595, 30.962488], [-95.750946, 30.961988], [-95.750316, 30.960421], [-95.748591, 30.958839], [-95.747347, 30.958576], [-95.746434, 30.957708], [-95.745376, 30.957489], [-95.744362, 30.958622], [-95.744145, 30.958138], [-95.743157, 30.958309], [-95.743061, 30.95882], [-95.741852, 30.957992], [-95.740339, 30.957938], [-95.739485, 30.95745], [-95.738712, 30.957767], [-95.737729, 30.957608], [-95.737404, 30.956624], [-95.736925, 30.95674], [-95.737111, 30.957872], [-95.736352, 30.9584], [-95.734873, 30.95812], [-95.733609, 30.956714], [-95.733953, 30.956302], [-95.732639, 30.955643], [-95.732192, 30.954362], [-95.730381, 30.953786], [-95.72876, 30.952632], [-95.72957, 30.952467], [-95.72883, 30.951808], [-95.726942, 30.951303], [-95.72642, 30.952001], [-95.725495, 30.951644], [-95.725628, 30.950996], [-95.724589, 30.951287], [-95.724079, 30.952046], [-95.72348, 30.951474], [-95.722504, 30.952266], [-95.720591, 30.952426], [-95.719233, 30.95191], [-95.718212, 30.951833], [-95.716522, 30.951031], [-95.717345, 30.950696], [-95.716484, 30.950031], [-95.716113, 30.948729], [-95.715405, 30.948201], [-95.713798, 30.947905], [-95.714353, 30.9473], [-95.713664, 30.946866], [-95.713083, 30.945871], [-95.713389, 30.945063], [-95.715435, 30.942254], [-95.716589, 30.941501], [-95.716474, 30.940693], [-95.717047, 30.93944], [-95.717047, 30.938044], [-95.715376, 30.937528], [-95.714967, 30.935676], [-95.716089, 30.934901], [-95.716299, 30.933263], [-95.718396, 30.931921], [-95.718249, 30.931163], [-95.71719, 30.929976], [-95.717203, 30.927931], [-95.716807, 30.928607], [-95.714493, 30.928652], [-95.713575, 30.927432], [-95.713102, 30.925723], [-95.713701, 30.924794], [-95.715646, 30.924266], [-95.714829, 30.923359], [-95.715307, 30.922623], [-95.715371, 30.921479], [-95.714089, 30.920765], [-95.714956, 30.920534], [-95.715389, 30.919111], [-95.714541, 30.918061], [-95.713603, 30.917561], [-95.712405, 30.918221], [-95.711742, 30.917369], [-95.712628, 30.916913], [-95.712634, 30.916253], [-95.711894, 30.915489], [-95.711467, 30.914143], [-95.712009, 30.913819], [-95.711518, 30.913159], [-95.712467, 30.91256], [-95.713207, 30.912758], [-95.713066, 30.911702], [-95.712397, 30.911472], [-95.711759, 30.910598], [-95.712237, 30.910576], [-95.711925, 30.909955], [-95.712983, 30.909564], [-95.7126, 30.909086], [-95.711211, 30.909362], [-95.711395, 30.908718], [-95.712281, 30.908372], [-95.712428, 30.907778], [-95.711306, 30.907328], [-95.710821, 30.907839], [-95.70975, 30.906416], [-95.709597, 30.905482], [-95.708973, 30.906751], [-95.708284, 30.906416], [-95.707405, 30.906576], [-95.706799, 30.907329], [-95.706187, 30.907032], [-95.705767, 30.907796], [-95.705193, 30.907499], [-95.704269, 30.907895], [-95.703778, 30.907494], [-95.70446, 30.90701], [-95.703051, 30.906752], [-95.70138, 30.907136], [-95.701017, 30.907826], [-95.699998, 30.906887], [-95.699286, 30.907324], [-95.697242, 30.907754], [-95.696797, 30.907214], [-95.695691, 30.907243], [-95.69553, 30.906535], [-95.696988, 30.905643], [-95.697602, 30.904431], [-95.697406, 30.904053], [-95.696348, 30.904226], [-95.693863, 30.903353], [-95.692522, 30.901714], [-95.691598, 30.901095], [-95.690634, 30.901354], [-95.690496, 30.902362], [-95.688816, 30.90199], [-95.686855, 30.90097], [-95.685341, 30.901728], [-95.685575, 30.903501], [-95.684585, 30.90416], [-95.683389, 30.90564], [-95.682707, 30.906129], [-95.681582, 30.904916], [-95.67793, 30.90614], [-95.675869, 30.905872], [-95.674001, 30.905384], [-95.672554, 30.904553], [-95.671595, 30.903352], [-95.670512, 30.903486], [-95.667331, 30.904836], [-95.666272, 30.905009], [-95.666169, 30.90338], [-95.665169, 30.902966], [-95.664135, 30.904196], [-95.663811, 30.904119], [-95.662698, 30.902269], [-95.662401, 30.901407], [-95.661664, 30.901537], [-95.661013, 30.901022], [-95.66083, 30.89999], [-95.659517, 30.899043], [-95.659317, 30.898293], [-95.660567, 30.8986], [-95.661618, 30.898169], [-95.661438, 30.896964], [-95.660039, 30.896661], [-95.657664, 30.897428], [-95.656782, 30.896264], [-95.655165, 30.896669], [-95.654592, 30.895835], [-95.655185, 30.894909], [-95.656275, 30.894616], [-95.656087, 30.893486], [-95.654501, 30.89324], [-95.65349, 30.893557], [-95.652798, 30.894459], [-95.651258, 30.894457], [-95.649325, 30.89533], [-95.648963, 30.897238], [-95.648325, 30.897507], [-95.64735, 30.896992], [-95.645567, 30.897544], [-95.644873, 30.898224], [-95.643553, 30.900122], [-95.642099, 30.899903], [-95.640066, 30.899949], [-95.639165, 30.900854], [-95.638255, 30.899734], [-95.63701, 30.899436], [-95.636176, 30.901146], [-95.63533, 30.901401], [-95.633115, 30.899353], [-95.632498, 30.899487], [-95.631763, 30.900877], [-95.630467, 30.899936], [-95.629597, 30.900084], [-95.628999, 30.901743], [-95.627926, 30.902242], [-95.627935, 30.902996], [-95.629606, 30.903417], [-95.629489, 30.904369], [-95.62982, 30.905916], [-95.629027, 30.906593], [-95.629607, 30.908573], [-95.629345, 30.909262], [-95.628666, 30.909424], [-95.627987, 30.910437], [-95.627323, 30.91072], [-95.626347, 30.9095], [-95.625222, 30.90976], [-95.623924, 30.911843], [-95.621639, 30.911596], [-95.621151, 30.91195], [-95.62145, 30.913622], [-95.618928, 30.913719], [-95.618195, 30.912537], [-95.618164, 30.911786], [-95.617092, 30.91032], [-95.616233, 30.910196], [-95.616052, 30.911003], [-95.614428, 30.912484], [-95.613802, 30.914565], [-95.615781, 30.915234], [-95.615625, 30.91676], [-95.615033, 30.917509], [-95.613567, 30.917189], [-95.612369, 30.917322], [-95.611925, 30.918244], [-95.614431, 30.920391], [-95.616761, 30.921982], [-95.618722, 30.922538], [-95.619621, 30.924285], [-95.621619, 30.924833], [-95.621819, 30.926151], [-95.619264, 30.926893], [-95.618493, 30.927818], [-95.617872, 30.930418], [-95.621984, 30.928886], [-95.624224, 30.927238], [-95.627985, 30.926216], [-95.630971, 30.925879], [-95.635073, 30.926441], [-95.637423, 30.926305], [-95.638683, 30.926736], [-95.640898, 30.928599], [-95.641722, 30.931707], [-95.642247, 30.93304], [-95.643397, 30.934673], [-95.647633, 30.935146], [-95.649155, 30.935497], [-95.649761, 30.935951], [-95.650007, 30.937033], [-95.649901, 30.939194], [-95.649961, 30.945187], [-95.650547, 30.947278], [-95.651384, 30.948208], [-95.653929, 30.9497], [-95.655, 30.950695], [-95.65536, 30.953197], [-95.658573, 30.95574], [-95.660165, 30.957164], [-95.66096, 30.958917], [-95.661381, 30.960451], [-95.662623, 30.962713], [-95.662834, 30.965005], [-95.663487, 30.967023], [-95.664126, 30.968348], [-95.664954, 30.970883], [-95.666199, 30.972355], [-95.669215, 30.973598], [-95.671555, 30.975162], [-95.672597, 30.976278], [-95.673435, 30.978854], [-95.673662, 30.981782], [-95.674148, 30.983647], [-95.675354, 30.98549], [-95.678297, 30.986402], [-95.681158, 30.986958], [-95.681305, 30.987499], [-95.680417, 30.988965], [-95.678933, 30.990411], [-95.677127, 30.991421], [-95.67267, 30.99289], [-95.671059, 30.993246], [-95.669999, 30.994212], [-95.669793, 30.99597], [-95.670101, 30.996802], [-95.666499, 31.001108], [-95.664155, 31.004351], [-95.664043, 31.005204], [-95.663032, 31.008203], [-95.661269, 31.011679], [-95.65978, 31.013699], [-95.658418, 31.01631], [-95.658652, 31.017295], [-95.660011, 31.017991], [-95.666512, 31.019879], [-95.667386, 31.020442], [-95.668722, 31.022286], [-95.669505, 31.024601], [-95.66945, 31.025455], [-95.668847, 31.026861], [-95.665285, 31.030396], [-95.66318, 31.033216], [-95.662416, 31.033774], [-95.660615, 31.034292], [-95.65572, 31.034383], [-95.653286, 31.034566], [-95.649392, 31.03568], [-95.647272, 31.036155], [-95.645589, 31.037045], [-95.644041, 31.038387], [-95.643006, 31.039852], [-95.6419, 31.041867], [-95.641193, 31.042337], [-95.639265, 31.042443], [-95.637884, 31.042045], [-95.637091, 31.040919], [-95.636401, 31.038849], [-95.634704, 31.037321], [-95.63253, 31.036764], [-95.631397, 31.036836], [-95.631143, 31.03779], [-95.631733, 31.039496], [-95.631595, 31.040216], [-95.629637, 31.041499], [-95.628625, 31.042388], [-95.628213, 31.043291], [-95.629262, 31.046402], [-95.629753, 31.049605], [-95.6297, 31.051055], [-95.629983, 31.05175], [-95.631299, 31.052929], [-95.633805, 31.053901], [-95.636665, 31.054198], [-95.645064, 31.054701], [-95.647082, 31.054974], [-95.647546, 31.055382], [-95.647686, 31.058115], [-95.648277, 31.059045], [-95.650745, 31.061191], [-95.652196, 31.062938], [-95.65274, 31.063988], [-95.654105, 31.065846], [-95.654913, 31.067311], [-95.654231, 31.068209], [-95.652749, 31.068496], [-95.64919, 31.068726], [-95.648429, 31.06988], [-95.648948, 31.070473], [-95.652822, 31.072336], [-95.654454, 31.074051], [-95.655359, 31.076969], [-95.656487, 31.079339], [-95.657119, 31.079789], [-95.658436, 31.080049], [-95.660028, 31.080045], [-95.661288, 31.080353], [-95.662464, 31.083562], [-95.663546, 31.083884], [-95.665222, 31.083051], [-95.668635, 31.080595], [-95.670329, 31.079674], [-95.672972, 31.077461], [-95.674593, 31.076289], [-95.676469, 31.075908], [-95.677558, 31.076545], [-95.679019, 31.078337], [-95.679812, 31.078641], [-95.682625, 31.077204], [-95.684453, 31.076871], [-95.685565, 31.077081], [-95.687856, 31.080169], [-95.689698, 31.0814], [-95.692388, 31.08196], [-95.69327, 31.081781], [-95.694504, 31.080976], [-95.695484, 31.078356], [-95.695959, 31.07761], [-95.698475, 31.076766], [-95.699695, 31.077436], [-95.700928, 31.079646], [-95.703569, 31.082486], [-95.704322, 31.082286], [-95.705028, 31.078776], [-95.706973, 31.077885], [-95.707672, 31.078188], [-95.708456, 31.079483], [-95.71031, 31.081359], [-95.711729, 31.08174], [-95.71528, 31.080372], [-95.720303, 31.079787], [-95.723383, 31.079834], [-95.725909, 31.082012], [-95.726596, 31.083629], [-95.726785, 31.085379], [-95.727539, 31.086884], [-95.72841, 31.087874], [-95.729909, 31.087731], [-95.731568, 31.08647], [-95.732244, 31.085249], [-95.733595, 31.083881], [-95.734449, 31.083597], [-95.736356, 31.083772], [-95.73811, 31.084482], [-95.739154, 31.085272], [-95.739429, 31.085888], [-95.739769, 31.088374], [-95.740819, 31.090259], [-95.741554, 31.090772], [-95.742602, 31.090875], [-95.745422, 31.090588], [-95.746787, 31.090817], [-95.749184, 31.091897], [-95.750226, 31.092195], [-95.752545, 31.091644], [-95.754378, 31.09062], [-95.755847, 31.08896], [-95.756683, 31.088593], [-95.758264, 31.088906], [-95.759542, 31.088716], [-95.760626, 31.088928], [-95.761667, 31.089663], [-95.763986, 31.092909], [-95.76441, 31.094211], [-95.82276, 31.093637], [-95.853384, 31.093373], [-95.874841, 31.093199], [-95.87523, 31.093001], [-95.905242, 31.092823], [-95.905982, 31.092834]]]}},
    {"type": "Feature", "properties": {"name": "Census tract 2", "description": "Madison County", "Population": 1840, "Housing units": 1032, "Vacant housing units": 310, "Vacancy rate (%)": 30.0, "Median gross rent ($ a month)": 1068.0, "Median gross rent ($ a month) margin": 438.0, "Median home value ($)": 272900.0, "Median home value ($) margin": 77780.0, "Median household income ($ a year)": 78879.0, "Median household income ($ a year) margin": 23063.0, "Survey years": "2020 to 2024", "id": "48313000200"}, "geometry": {"type": "Polygon", "coordinates": [[[-96.012585, 30.842784], [-96.00443, 30.843968], [-96.000231, 30.844435], [-95.96945, 30.848818], [-95.929967, 30.854462], [-95.915146, 30.856533], [-95.904954, 30.858089], [-95.888971, 30.860598], [-95.875228, 30.862672], [-95.873113, 30.862624], [-95.863059, 30.864125], [-95.861902, 30.864828], [-95.862266, 30.865361], [-95.860291, 30.865164], [-95.85961, 30.865824], [-95.858093, 30.865456], [-95.858016, 30.864714], [-95.857462, 30.86539], [-95.856201, 30.865199], [-95.855991, 30.865633], [-95.854857, 30.865534], [-95.853672, 30.865887], [-95.852972, 30.867079], [-95.851743, 30.867426], [-95.850793, 30.867119], [-95.850284, 30.86763], [-95.84927, 30.866905], [-95.849448, 30.865943], [-95.849021, 30.865042], [-95.849339, 30.863981], [-95.850014, 30.863805], [-95.849116, 30.86303], [-95.846758, 30.862575], [-95.846274, 30.863086], [-95.844554, 30.862944], [-95.843165, 30.861867], [-95.842299, 30.862186], [-95.842191, 30.863335], [-95.840573, 30.863226], [-95.838649, 30.864336], [-95.837343, 30.864342], [-95.836451, 30.863771], [-95.835961, 30.864579], [-95.835088, 30.865068], [-95.834438, 30.864848], [-95.833266, 30.86514], [-95.831979, 30.86469], [-95.83217, 30.863992], [-95.83303, 30.86381], [-95.832386, 30.863266], [-95.831431, 30.863486], [-95.830488, 30.862354], [-95.829156, 30.862245], [-95.829099, 30.863239], [-95.827863, 30.862888], [-95.827857, 30.86369], [-95.82692, 30.863828], [-95.827328, 30.864817], [-95.828462, 30.865086], [-95.828456, 30.86546], [-95.827392, 30.865988], [-95.826672, 30.86551], [-95.825526, 30.866158], [-95.824564, 30.865972], [-95.824385, 30.866598], [-95.821232, 30.868083], [-95.821462, 30.869061], [-95.820907, 30.869193], [-95.820391, 30.868473], [-95.818856, 30.868698], [-95.818021, 30.869435], [-95.817607, 30.868924], [-95.816938, 30.869243], [-95.816715, 30.86827], [-95.8156, 30.868352], [-95.814886, 30.867407], [-95.813064, 30.867611], [-95.811663, 30.868589], [-95.811657, 30.870282], [-95.81079, 30.87065], [-95.810484, 30.871518], [-95.80914, 30.872244], [-95.806719, 30.872574], [-95.805591, 30.87303], [-95.805241, 30.873574], [-95.804279, 30.873695], [-95.80289, 30.875358], [-95.799965, 30.875929], [-95.799289, 30.876534], [-95.796734, 30.877611], [-95.796416, 30.878199], [-95.795536, 30.878127], [-95.794625, 30.878534], [-95.793969, 30.878297], [-95.792822, 30.878677], [-95.791235, 30.878594], [-95.790974, 30.878017], [-95.789279, 30.877973], [-95.787431, 30.879407], [-95.786902, 30.87867], [-95.7858, 30.879197], [-95.785105, 30.87889], [-95.784532, 30.879307], [-95.7855, 30.879912], [-95.78499, 30.880912], [-95.783512, 30.881077], [-95.783887, 30.881775], [-95.783142, 30.881719], [-95.78181, 30.882362], [-95.781854, 30.883297], [-95.781121, 30.883758], [-95.78051, 30.882906], [-95.779388, 30.88295], [-95.779114, 30.88406], [-95.777773, 30.884512], [-95.77703, 30.885675], [-95.775341, 30.886158], [-95.775009, 30.886999], [-95.773754, 30.887021], [-95.770656, 30.888982], [-95.76933, 30.889674], [-95.769495, 30.891224], [-95.768698, 30.891729], [-95.768736, 30.892636], [-95.76727, 30.893234], [-95.7672, 30.891866], [-95.766518, 30.892179], [-95.766684, 30.892712], [-95.765492, 30.892954], [-95.765332, 30.893432], [-95.766416, 30.893514], [-95.76625, 30.894141], [-95.764892, 30.893986], [-95.764599, 30.89508], [-95.765586, 30.895377], [-95.76493, 30.896328], [-95.763451, 30.896564], [-95.762017, 30.896041], [-95.761743, 30.896827], [-95.762348, 30.897552], [-95.76122, 30.897618], [-95.760091, 30.898189], [-95.759626, 30.898821], [-95.758536, 30.899277], [-95.756184, 30.899358], [-95.754533, 30.899858], [-95.753928, 30.899165], [-95.75292, 30.90056], [-95.751735, 30.900027], [-95.75016, 30.901669], [-95.749399, 30.901764], [-95.747908, 30.90111], [-95.74641, 30.901688], [-95.745639, 30.902288], [-95.744982, 30.901403], [-95.743981, 30.900711], [-95.743191, 30.901393], [-95.744262, 30.901816], [-95.743326, 30.90242], [-95.742669, 30.902256], [-95.74119, 30.901223], [-95.739972, 30.900922], [-95.73924, 30.901197], [-95.738749, 30.900796], [-95.739264, 30.899482], [-95.738741, 30.899213], [-95.737435, 30.900098], [-95.736269, 30.899868], [-95.736059, 30.900412], [-95.734963, 30.900698], [-95.733388, 30.900056], [-95.733109, 30.901688], [-95.731859, 30.901738], [-95.732395, 30.902513], [-95.732249, 30.903095], [-95.731089, 30.902827], [-95.730725, 30.902244], [-95.729922, 30.902442], [-95.72984, 30.903008], [-95.728807, 30.903355], [-95.726864, 30.905076], [-95.726877, 30.905829], [-95.725883, 30.906203], [-95.725908, 30.906593], [-95.723149, 30.907286], [-95.723653, 30.907869], [-95.723175, 30.90854], [-95.722034, 30.908023], [-95.721894, 30.908969], [-95.72002, 30.909376], [-95.719943, 30.908826], [-95.718706, 30.90859], [-95.718477, 30.909629], [-95.716508, 30.911405], [-95.715807, 30.911235], [-95.716425, 30.910091], [-95.715838, 30.909635], [-95.714679, 30.910009], [-95.715036, 30.910982], [-95.713053, 30.910273], [-95.713053, 30.911004], [-95.712237, 30.910576], [-95.711759, 30.910598], [-95.712397, 30.911472], [-95.713066, 30.911702], [-95.713207, 30.912758], [-95.712467, 30.91256], [-95.711518, 30.913159], [-95.712009, 30.913819], [-95.711467, 30.914143], [-95.711894, 30.915489], [-95.712634, 30.916253], [-95.712628, 30.916913], [-95.711742, 30.917369], [-95.712405, 30.918221], [-95.713603, 30.917561], [-95.714541, 30.918061], [-95.715389, 30.919111], [-95.714956, 30.920534], [-95.714089, 30.920765], [-95.715371, 30.921479], [-95.715307, 30.922623], [-95.714829, 30.923359], [-95.715646, 30.924266], [-95.713701, 30.924794], [-95.713102, 30.925723], [-95.713575, 30.927432], [-95.714493, 30.928652], [-95.716807, 30.928607], [-95.717203, 30.927931], [-95.71719, 30.929976], [-95.718249, 30.931163], [-95.718396, 30.931921], [-95.716299, 30.933263], [-95.716089, 30.934901], [-95.714967, 30.935676], [-95.715376, 30.937528], [-95.717047, 30.938044], [-95.717047, 30.93944], [-95.716474, 30.940693], [-95.716589, 30.941501], [-95.715435, 30.942254], [-95.713389, 30.945063], [-95.713083, 30.945871], [-95.713664, 30.946866], [-95.714353, 30.9473], [-95.713798, 30.947905], [-95.715405, 30.948201], [-95.716113, 30.948729], [-95.716484, 30.950031], [-95.717345, 30.950696], [-95.716522, 30.951031], [-95.718212, 30.951833], [-95.719233, 30.95191], [-95.720591, 30.952426], [-95.722504, 30.952266], [-95.72348, 30.951474], [-95.724079, 30.952046], [-95.724589, 30.951287], [-95.725628, 30.950996], [-95.725495, 30.951644], [-95.72642, 30.952001], [-95.726942, 30.951303], [-95.72883, 30.951808], [-95.72957, 30.952467], [-95.72876, 30.952632], [-95.730381, 30.953786], [-95.732192, 30.954362], [-95.732639, 30.955643], [-95.733953, 30.956302], [-95.733609, 30.956714], [-95.734873, 30.95812], [-95.736352, 30.9584], [-95.737111, 30.957872], [-95.736925, 30.95674], [-95.737404, 30.956624], [-95.737729, 30.957608], [-95.738712, 30.957767], [-95.739485, 30.95745], [-95.740339, 30.957938], [-95.741852, 30.957992], [-95.743061, 30.95882], [-95.743157, 30.958309], [-95.744145, 30.958138], [-95.744362, 30.958622], [-95.745376, 30.957489], [-95.746434, 30.957708], [-95.747347, 30.958576], [-95.748591, 30.958839], [-95.750316, 30.960421], [-95.750946, 30.961988], [-95.750595, 30.962488], [-95.751111, 30.963241], [-95.751647, 30.963203], [-95.751021, 30.964175], [-95.752335, 30.964687], [-95.752864, 30.965863], [-95.754375, 30.966012], [-95.756645, 30.967914], [-95.756465, 30.968926], [-95.757409, 30.969635], [-95.757415, 30.970811], [-95.758244, 30.971306], [-95.759679, 30.971669], [-95.759749, 30.972037], [-95.761292, 30.972758], [-95.761349, 30.973209], [-95.760213, 30.9745], [-95.761674, 30.975088], [-95.762151, 30.976155], [-95.763108, 30.976265], [-95.764013, 30.977441], [-95.764128, 30.97804], [-95.764925, 30.978013], [-95.764804, 30.978717], [-95.76569, 30.979195], [-95.766896, 30.979113], [-95.767266, 30.979718], [-95.768395, 30.979333], [-95.768465, 30.97985], [-95.76939, 30.979669], [-95.77055, 30.980515], [-95.771201, 30.980521], [-95.7718, 30.982071], [-95.771028, 30.98289], [-95.771557, 30.984269], [-95.772756, 30.984401], [-95.774874, 30.983775], [-95.776686, 30.984364], [-95.778606, 30.983666], [-95.778765, 30.983232], [-95.78177, 30.983343], [-95.782548, 30.983683], [-95.782822, 30.984816], [-95.783562, 30.985481], [-95.784888, 30.987371], [-95.786298, 30.987756], [-95.787012, 30.988405], [-95.788243, 30.990235], [-95.788166, 30.99201], [-95.789755, 30.991906], [-95.789972, 30.993209], [-95.7926, 30.992522], [-95.79357, 30.993682], [-95.794992, 30.994116], [-95.794903, 30.994484], [-95.795872, 30.995045], [-95.797486, 30.997051], [-95.796893, 30.998793], [-95.796797, 31.000155], [-95.797601, 31.000518], [-95.797129, 31.001079], [-95.799425, 31.001612], [-95.799751, 31.002046], [-95.801563, 31.001475], [-95.802934, 31.002492], [-95.8037, 31.003921], [-95.804478, 31.003371], [-95.806264, 31.00402], [-95.806762, 31.004795], [-95.807987, 31.004344], [-95.807962, 31.003877], [-95.809027, 31.004091], [-95.809991, 31.003805], [-95.810903, 31.004163], [-95.812976, 31.004311], [-95.814808, 31.003959], [-95.816064, 31.004229], [-95.817436, 31.003838], [-95.81699, 31.004745], [-95.817328, 31.00546], [-95.81662, 31.006146], [-95.817347, 31.007279], [-95.817755, 31.006641], [-95.818202, 31.007059], [-95.816996, 31.007938], [-95.818425, 31.008185], [-95.819484, 31.008026], [-95.819714, 31.008608], [-95.819159, 31.009383], [-95.82055, 31.00951], [-95.819753, 31.011049], [-95.820735, 31.01223], [-95.82145, 31.011884], [-95.822969, 31.012208], [-95.8233, 31.011867], [-95.824742, 31.011944], [-95.824755, 31.012466], [-95.8257, 31.013054], [-95.826242, 31.012724], [-95.82838, 31.013032], [-95.827991, 31.014406], [-95.830313, 31.015169], [-95.830148, 31.016724], [-95.830518, 31.017851], [-95.831335, 31.017037], [-95.832126, 31.016779], [-95.833045, 31.017361], [-95.833626, 31.019554], [-95.835004, 31.019246], [-95.836185, 31.020098], [-95.837155, 31.020218], [-95.837952, 31.019421], [-95.838737, 31.019844], [-95.838482, 31.021174], [-95.839287, 31.021724], [-95.840397, 31.021031], [-95.84106, 31.021135], [-95.840761, 31.022064], [-95.841769, 31.022707], [-95.843064, 31.022553], [-95.84452, 31.023932], [-95.844533, 31.024855], [-95.84558, 31.024849], [-95.846224, 31.025635], [-95.847309, 31.025755], [-95.847501, 31.026706], [-95.848529, 31.027497], [-95.848816, 31.028332], [-95.850699, 31.028645], [-95.851969, 31.028557], [-95.852518, 31.028963], [-95.852876, 31.029991], [-95.852333, 31.030326], [-95.852602, 31.031447], [-95.854664, 31.032513], [-95.854524, 31.033353], [-95.856829, 31.035232], [-95.858366, 31.034319], [-95.859847, 31.034698], [-95.859892, 31.035736], [-95.860843, 31.036198], [-95.862139, 31.035845], [-95.864041, 31.036933], [-95.863799, 31.037263], [-95.863997, 31.038664], [-95.865179, 31.039119], [-95.865185, 31.039718], [-95.866711, 31.040399], [-95.867661, 31.039613], [-95.86913, 31.040475], [-95.868575, 31.041602], [-95.869699, 31.042558], [-95.871091, 31.042656], [-95.872611, 31.044034], [-95.872778, 31.04654], [-95.872249, 31.04681], [-95.871713, 31.047904], [-95.872199, 31.048173], [-95.873138, 31.050052], [-95.874766, 31.049886], [-95.875911, 31.050232], [-95.876561, 31.051414], [-95.877302, 31.051029], [-95.87752, 31.050046], [-95.877999, 31.049848], [-95.878745, 31.050684], [-95.878482, 31.051893], [-95.879555, 31.052047], [-95.88018, 31.052674], [-95.879031, 31.052888], [-95.879535, 31.053514], [-95.880601, 31.05313], [-95.880939, 31.053966], [-95.880032, 31.054817], [-95.879974, 31.056031], [-95.880472, 31.056339], [-95.880943, 31.05867], [-95.881549, 31.059335], [-95.882921, 31.060066], [-95.883559, 31.060836], [-95.883073, 31.06133], [-95.884037, 31.062485], [-95.884739, 31.06287], [-95.884712, 31.065073], [-95.886263, 31.065508], [-95.886326, 31.067541], [-95.888011, 31.069377], [-95.887946, 31.070993], [-95.887135, 31.072048], [-95.887549, 31.072927], [-95.887587, 31.074636], [-95.887317, 31.077175], [-95.886972, 31.078411], [-95.885567, 31.079328], [-95.883799, 31.079015], [-95.882188, 31.081284], [-95.882756, 31.08246], [-95.88204, 31.083636], [-95.882363, 31.08445], [-95.884937, 31.084517], [-95.888955, 31.084964], [-95.893827, 31.084481], [-95.896119, 31.084346], [-95.899701, 31.083617], [-95.901042, 31.083628], [-95.905982, 31.092834], [-95.914018, 31.092946], [-95.929756, 31.092505], [-95.944548, 31.092479], [-95.952124, 31.092319], [-95.955002, 31.092671], [-95.962949, 31.092321], [-95.973841, 31.09215], [-95.975218, 31.091967], [-95.978396, 31.090939], [-95.988196, 31.086353], [-95.99029, 31.085251], [-95.996126, 31.081174], [-95.995869, 31.080578], [-95.997151, 31.079413], [-95.997571, 31.077127], [-95.996389, 31.075572], [-95.995642, 31.075287], [-95.996165, 31.074836], [-95.995468, 31.073693], [-95.995321, 31.072545], [-95.995524, 31.071155], [-95.996411, 31.071176], [-95.996615, 31.070555], [-95.995549, 31.069786], [-95.996397, 31.068637], [-95.996632, 31.067791], [-95.996293, 31.066137], [-95.996425, 31.063846], [-95.997345, 31.06367], [-95.996948, 31.062571], [-95.997311, 31.061878], [-95.99703, 31.061032], [-95.997929, 31.059416], [-95.999741, 31.058695], [-96.0016, 31.057619], [-96.001448, 31.055888], [-96.002348, 31.056224], [-96.002476, 31.055795], [-96.003522, 31.055735], [-96.003714, 31.054972], [-96.003173, 31.053773], [-96.002777, 31.053795], [-96.002248, 31.052756], [-96.004228, 31.050147], [-96.003878, 31.049306], [-96.004383, 31.048229], [-96.003643, 31.047586], [-96.004792, 31.046565], [-96.005029, 31.045818], [-96.005891, 31.045296], [-96.005527, 31.044823], [-96.004264, 31.044603], [-96.003614, 31.04313], [-96.004431, 31.042196], [-96.003564, 31.040597], [-96.002302, 31.039612], [-96.002213, 31.038173], [-96.000975, 31.037952], [-96.001334, 31.036513], [-96.00067, 31.036435], [-96.000766, 31.035666], [-95.999413, 31.035864], [-95.99908, 31.034578], [-95.998091, 31.034623], [-95.998007, 31.034035], [-95.998792, 31.033666], [-95.997286, 31.033832], [-95.997056, 31.03303], [-95.996105, 31.032706], [-95.996283, 31.03125], [-95.995644, 31.030294], [-95.99544, 31.030854], [-95.994425, 31.030459], [-95.995362, 31.02914], [-95.994112, 31.029399], [-95.993901, 31.028828], [-95.992759, 31.028757], [-95.993358, 31.028058], [-95.992688, 31.027817], [-95.992248, 31.028576], [-95.990856, 31.026961], [-95.992151, 31.026383], [-95.991111, 31.025861], [-95.991027, 31.024988], [-95.992296, 31.023289], [-95.991651, 31.023037], [-95.991338, 31.022163], [-95.991816, 31.02146], [-95.991325, 31.021191], [-95.992148, 31.020371], [-95.991458, 31.019608], [-95.991738, 31.018108], [-95.99256, 31.017146], [-95.992036, 31.015893], [-95.992425, 31.014887], [-95.991997, 31.013415], [-95.990726, 31.011195], [-95.989469, 31.010179], [-95.988236, 31.00813], [-95.987413, 31.007372], [-95.985964, 31.007318], [-95.985397, 31.006911], [-95.986953, 31.006625], [-95.986844, 31.006114], [-95.987532, 31.004053], [-95.986856, 31.003361], [-95.987168, 31.002806], [-95.987008, 31.001811], [-95.98628, 31.001251], [-95.984564, 31.00112], [-95.983977, 31.000807], [-95.983148, 30.999265], [-95.98184, 30.999348], [-95.979964, 30.998453], [-95.97863, 30.996821], [-95.977265, 30.995954], [-95.977283, 30.995399], [-95.976352, 30.995053], [-95.976001, 30.994493], [-95.97505, 30.994273], [-95.974406, 30.993575], [-95.974903, 30.99341], [-95.974003, 30.992762], [-95.97466, 30.991949], [-95.974175, 30.991636], [-95.974168, 30.990141], [-95.9733, 30.989823], [-95.97254, 30.988136], [-95.971704, 30.987257], [-95.972151, 30.986762], [-95.971723, 30.986295], [-95.971423, 30.984433], [-95.970759, 30.983389], [-95.969585, 30.983169], [-95.969827, 30.982131], [-95.969062, 30.981993], [-95.968863, 30.980911], [-95.970024, 30.98029], [-95.970036, 30.979334], [-95.970649, 30.979438], [-95.970477, 30.980136], [-95.971159, 30.9798], [-95.97225, 30.980234], [-95.972575, 30.98075], [-95.973334, 30.980657], [-95.9741, 30.981909], [-95.975433, 30.982305], [-95.976212, 30.983623], [-95.977507, 30.983848], [-95.978483, 30.985062], [-95.979032, 30.985034], [-95.979217, 30.985946], [-95.979868, 30.986688], [-95.981482, 30.986693], [-95.982406, 30.985654], [-95.983459, 30.985593], [-95.985167, 30.984664], [-95.987151, 30.984893], [-95.98807, 30.985558], [-95.990251, 30.985617], [-95.990889, 30.985261], [-95.98667, 30.979603], [-95.985999, 30.978147], [-95.985943, 30.977145], [-95.987323, 30.969265], [-95.987622, 30.966843], [-95.988444, 30.962155], [-95.989392, 30.958207], [-95.990492, 30.951465], [-95.99166, 30.944805], [-95.993355, 30.944641], [-95.992443, 30.943041], [-95.990786, 30.943014], [-95.990058, 30.941937], [-95.989056, 30.939454], [-95.987601, 30.937625], [-95.988238, 30.937168], [-95.98827, 30.936097], [-95.986733, 30.935718], [-95.984864, 30.934114], [-95.9839, 30.931048], [-95.984155, 30.930383], [-95.98265, 30.928664], [-95.981182, 30.926208], [-95.981976, 30.925561], [-95.980889, 30.92545], [-95.979696, 30.923939], [-95.979027, 30.924379], [-95.977885, 30.923407], [-95.978095, 30.922506], [-95.976941, 30.921242], [-95.976272, 30.921127], [-95.976845, 30.919863], [-95.978081, 30.919066], [-95.977252, 30.918544], [-95.975512, 30.918028], [-95.973714, 30.916243], [-95.974893, 30.91583], [-95.973592, 30.915155], [-95.971948, 30.91571], [-95.971094, 30.915502], [-95.970647, 30.91448], [-95.971801, 30.91382], [-95.972909, 30.912605], [-95.973005, 30.911858], [-95.974438, 30.910918], [-95.974668, 30.910452], [-95.973293, 30.909401], [-95.972605, 30.907599], [-95.973639, 30.90174], [-95.973337, 30.897694], [-95.973427, 30.895521], [-95.973983, 30.893661], [-95.974914, 30.891459], [-95.975476, 30.888745], [-95.976183, 30.887177], [-95.976925, 30.886333], [-95.983249, 30.880873], [-95.984236, 30.879922], [-95.989442, 30.874319], [-95.994036, 30.870373], [-95.995214, 30.869699], [-95.996705, 30.869613], [-96.0011, 30.87035], [-96.008704, 30.871185], [-96.023166, 30.873183], [-96.024713, 30.864379], [-96.024059, 30.863152], [-96.02325, 30.863487], [-96.021613, 30.86364], [-96.020695, 30.863376], [-96.018676, 30.863238], [-96.018486, 30.862205], [-96.017638, 30.862644], [-96.01646, 30.861803], [-96.015607, 30.860813], [-96.015468, 30.85895], [-96.014456, 30.85745], [-96.012902, 30.857388], [-96.012444, 30.856569], [-96.011342, 30.85625], [-96.011464, 30.855162], [-96.008636, 30.854815], [-96.007598, 30.854474], [-96.006962, 30.85283], [-96.006218, 30.851863], [-96.00504, 30.851153], [-96.003218, 30.851086], [-96.002448, 30.850624], [-96.001052, 30.851552], [-96.000422, 30.851167], [-95.999826, 30.851519], [-95.999456, 30.849717], [-96.000131, 30.849238], [-96.000954, 30.847502], [-96.00266, 30.847723], [-96.003265, 30.848075], [-96.00515, 30.848213], [-96.005941, 30.847378], [-96.007647, 30.847236], [-96.009241, 30.845786], [-96.011883, 30.846672], [-96.013009, 30.845065], [-96.012349, 30.844314], [-96.012585, 30.842784]], [[-95.938137, 30.939521], [-95.937398, 30.940104], [-95.936964, 30.942071], [-95.935868, 30.943505], [-95.934325, 30.944423], [-95.93254, 30.9465], [-95.931437, 30.949248], [-95.93032, 30.95163], [-95.93041, 30.953695], [-95.930716, 30.954655], [-95.931551, 30.955095], [-95.932329, 30.956276], [-95.9321, 30.957299], [-95.931214, 30.957244], [-95.930774, 30.959326], [-95.929709, 30.960876], [-95.928746, 30.961882], [-95.928554, 30.962937], [-95.927617, 30.963316], [-95.926979, 30.964195], [-95.926252, 30.964569], [-95.925583, 30.965613], [-95.924766, 30.965728], [-95.924849, 30.966827], [-95.92645, 30.967718], [-95.925646, 30.96924], [-95.922725, 30.970212], [-95.923288, 30.972008], [-95.923154, 30.974776], [-95.922514, 30.975499], [-95.920893, 30.976092], [-95.9187, 30.977766], [-95.918523, 30.977621], [-95.918957, 30.981436], [-95.922536, 31.01399], [-95.920115, 31.010731], [-95.901667, 30.98566], [-95.89934, 30.982754], [-95.878373, 30.961215], [-95.876611, 30.959608], [-95.874895, 30.958327], [-95.860485, 30.950096], [-95.855642, 30.947292], [-95.856256, 30.946514], [-95.855229, 30.945615], [-95.853402, 30.942023], [-95.854148, 30.941027], [-95.853931, 30.939629], [-95.854516, 30.934857], [-95.856597, 30.935213], [-95.86115, 30.935217], [-95.862569, 30.935408], [-95.870987, 30.937517], [-95.878534, 30.939245], [-95.886542, 30.940524], [-95.886726, 30.939442], [-95.885712, 30.939178], [-95.885751, 30.938139], [-95.886638, 30.936337], [-95.887563, 30.935244], [-95.887059, 30.934897], [-95.887857, 30.933815], [-95.887405, 30.932991], [-95.888782, 30.931716], [-95.888591, 30.931249], [-95.889344, 30.930227], [-95.889236, 30.928622], [-95.89039, 30.928243], [-95.890206, 30.926826], [-95.891615, 30.926408], [-95.892419, 30.925606], [-95.893642, 30.925651], [-95.896078, 30.923964], [-95.897366, 30.923388], [-95.897991, 30.921909], [-95.896507, 30.919909], [-95.896214, 30.918463], [-95.895514, 30.917397], [-95.896253, 30.917018], [-95.896987, 30.914128], [-95.897772, 30.912441], [-95.897078, 30.911407], [-95.897454, 30.911039], [-95.896555, 30.91072], [-95.896925, 30.90972], [-95.897658, 30.909253], [-95.89797, 30.909842], [-95.898761, 30.90993], [-95.899226, 30.910864], [-95.900303, 30.910298], [-95.900354, 30.911139], [-95.901291, 30.910909], [-95.901214, 30.910364], [-95.902897, 30.910178], [-95.903451, 30.91098], [-95.903757, 30.91042], [-95.90449, 30.911151], [-95.905899, 30.911289], [-95.906727, 30.910937], [-95.908537, 30.911586], [-95.909366, 30.911515], [-95.909314, 30.912477], [-95.91043, 30.911999], [-95.911246, 30.91201], [-95.911086, 30.91362], [-95.910136, 30.91373], [-95.911028, 30.914549], [-95.912233, 30.914296], [-95.911787, 30.914802], [-95.912475, 30.915131], [-95.912679, 30.915862], [-95.913348, 30.915796], [-95.913985, 30.91667], [-95.913985, 30.917335], [-95.915553, 30.916599], [-95.915279, 30.915846], [-95.916159, 30.91544], [-95.915898, 30.916671], [-95.9173, 30.915852], [-95.917657, 30.916654], [-95.919155, 30.917243], [-95.919607, 30.9171], [-95.921099, 30.918265], [-95.921277, 30.918996], [-95.922303, 30.919573], [-95.921487, 30.920166], [-95.922354, 30.921458], [-95.923342, 30.92176], [-95.922628, 30.922458], [-95.924253, 30.922865], [-95.924304, 30.923794], [-95.923596, 30.924464], [-95.923839, 30.925354], [-95.924476, 30.925706], [-95.925751, 30.925552], [-95.927606, 30.926635], [-95.927848, 30.92808], [-95.926904, 30.92913], [-95.927472, 30.92936], [-95.928594, 30.928899], [-95.928377, 30.929646], [-95.930825, 30.930756], [-95.931443, 30.930696], [-95.932285, 30.931833], [-95.931112, 30.932493], [-95.931857, 30.9329], [-95.931175, 30.933471], [-95.931896, 30.934152], [-95.93203, 30.934872], [-95.934803, 30.935642], [-95.935638, 30.937186], [-95.938137, 30.939521]]]}},
    {"type": "Feature", "properties": {"name": "Census tract 3", "description": "Madison County", "Population": 2762, "Housing units": 1194, "Vacant housing units": 168, "Vacancy rate (%)": 14.1, "Median gross rent ($ a month)": 675.0, "Median gross rent ($ a month) margin": 287.0, "Median home value ($)": 192000.0, "Median home value ($) margin": 58422.0, "Median household income ($ a year)": 79167.0, "Median household income ($ a year) margin": 11639.0, "Survey years": "2020 to 2024", "id": "48313000300"}, "geometry": {"type": "Polygon", "coordinates": [[[-96.24102, 30.973737], [-96.239356, 30.970934], [-96.23786, 30.969978], [-96.237867, 30.968301], [-96.238367, 30.967295], [-96.240171, 30.965672], [-96.239953, 30.964224], [-96.237735, 30.963088], [-96.238113, 30.961084], [-96.23734, 30.960358], [-96.234629, 30.959308], [-96.232827, 30.95614], [-96.231729, 30.954802], [-96.229123, 30.953298], [-96.227567, 30.951873], [-96.225424, 30.951344], [-96.223211, 30.951443], [-96.220348, 30.951995], [-96.219254, 30.951861], [-96.218614, 30.950653], [-96.213334, 30.949535], [-96.211912, 30.94896], [-96.209926, 30.947181], [-96.209329, 30.947053], [-96.207983, 30.94753], [-96.206664, 30.945663], [-96.206634, 30.944911], [-96.207187, 30.944104], [-96.205822, 30.941509], [-96.205309, 30.940015], [-96.202538, 30.938752], [-96.201741, 30.937683], [-96.201032, 30.934599], [-96.200361, 30.933265], [-96.19926, 30.932971], [-96.198201, 30.931979], [-96.199981, 30.930717], [-96.200838, 30.931322], [-96.202286, 30.932908], [-96.202917, 30.933125], [-96.203143, 30.932484], [-96.202974, 30.931019], [-96.203613, 30.928592], [-96.204537, 30.928231], [-96.202995, 30.927395], [-96.201534, 30.925639], [-96.202475, 30.925477], [-96.203917, 30.924432], [-96.204775, 30.924994], [-96.204511, 30.923964], [-96.205109, 30.923661], [-96.205846, 30.924014], [-96.206939, 30.923539], [-96.206881, 30.92237], [-96.206145, 30.921284], [-96.206914, 30.920828], [-96.207594, 30.920981], [-96.208539, 30.920542], [-96.206749, 30.919404], [-96.206454, 30.918772], [-96.207395, 30.917539], [-96.208071, 30.917134], [-96.209145, 30.917296], [-96.210225, 30.916847], [-96.210283, 30.914894], [-96.210669, 30.914261], [-96.212185, 30.913227], [-96.213271, 30.911549], [-96.212178, 30.910788], [-96.211945, 30.910231], [-96.212389, 30.909251], [-96.211767, 30.907383], [-96.21271, 30.905529], [-96.21258, 30.904927], [-96.210512, 30.904323], [-96.210039, 30.903093], [-96.209007, 30.902604], [-96.206679, 30.90228], [-96.206547, 30.900661], [-96.204679, 30.900634], [-96.203741, 30.901409], [-96.203318, 30.901068], [-96.203229, 30.899448], [-96.203863, 30.899152], [-96.20431, 30.897911], [-96.204115, 30.897337], [-96.202921, 30.897416], [-96.204221, 30.896663], [-96.203777, 30.895278], [-96.203028, 30.894612], [-96.203082, 30.893862], [-96.202443, 30.892179], [-96.200846, 30.892636], [-96.201411, 30.89092], [-96.199467, 30.891215], [-96.199335, 30.890683], [-96.200434, 30.889352], [-96.199715, 30.889022], [-96.198138, 30.88892], [-96.19782, 30.888388], [-96.199434, 30.888105], [-96.200303, 30.88845], [-96.200888, 30.887087], [-96.200319, 30.886587], [-96.19985, 30.885281], [-96.198387, 30.886591], [-96.197827, 30.885793], [-96.196622, 30.885537], [-96.195595, 30.884424], [-96.195762, 30.883365], [-96.194613, 30.883126], [-96.193633, 30.882402], [-96.192996, 30.881234], [-96.193209, 30.880455], [-96.193039, 30.879088], [-96.193484, 30.877846], [-96.194241, 30.877111], [-96.196134, 30.876599], [-96.196582, 30.875712], [-96.196599, 30.874729], [-96.195896, 30.873574], [-96.196068, 30.872127], [-96.195713, 30.871005], [-96.194746, 30.870046], [-96.193446, 30.871032], [-96.193031, 30.871027], [-96.193044, 30.869953], [-96.192505, 30.869513], [-96.192003, 30.867963], [-96.190499, 30.86921], [-96.189745, 30.869396], [-96.189458, 30.868809], [-96.190427, 30.868104], [-96.190607, 30.867445], [-96.190083, 30.866695], [-96.188662, 30.866037], [-96.188585, 30.866599], [-96.187432, 30.866892], [-96.186884, 30.867487], [-96.185793, 30.867173], [-96.18618, 30.865978], [-96.184639, 30.865099], [-96.185473, 30.864206], [-96.18515, 30.863535], [-96.183631, 30.863739], [-96.182809, 30.863426], [-96.182806, 30.862901], [-96.183783, 30.862412], [-96.184261, 30.861664], [-96.183247, 30.86108], [-96.18238, 30.861059], [-96.181796, 30.860315], [-96.180632, 30.860165], [-96.178549, 30.859184], [-96.177734, 30.858157], [-96.17684, 30.858018], [-96.176584, 30.856744], [-96.177904, 30.856464], [-96.17669, 30.854907], [-96.177349, 30.854416], [-96.177087, 30.853673], [-96.175226, 30.853735], [-96.174119, 30.85307], [-96.173926, 30.852239], [-96.175124, 30.851951], [-96.175837, 30.851223], [-96.175538, 30.850508], [-96.176438, 30.849669], [-96.176019, 30.8486], [-96.174511, 30.848047], [-96.172872, 30.848015], [-96.173081, 30.846912], [-96.172388, 30.846407], [-96.17293, 30.846038], [-96.174556, 30.846426], [-96.17504, 30.846056], [-96.174771, 30.845172], [-96.173395, 30.844649], [-96.174217, 30.843996], [-96.174102, 30.843536], [-96.174988, 30.843373], [-96.174745, 30.842619], [-96.174982, 30.841611], [-96.176086, 30.840983], [-96.175451, 30.839482], [-96.175732, 30.838595], [-96.175453, 30.834894], [-96.173424, 30.832367], [-96.17357, 30.830687], [-96.174749, 30.831612], [-96.175362, 30.831344], [-96.174627, 30.829838], [-96.173226, 30.830133], [-96.171499, 30.829763], [-96.17127, 30.82924], [-96.173296, 30.828544], [-96.174614, 30.82753], [-96.174302, 30.826666], [-96.173799, 30.826661], [-96.172741, 30.827823], [-96.171641, 30.828264], [-96.170785, 30.827692], [-96.170109, 30.826332], [-96.171125, 30.825202], [-96.169929, 30.824907], [-96.170452, 30.82408], [-96.169982, 30.823457], [-96.168697, 30.823799], [-96.16837, 30.822997], [-96.125235, 30.826603], [-96.125235, 30.827393], [-96.118499, 30.827677], [-96.110436, 30.828814], [-96.081629, 30.832965], [-96.068772, 30.834776], [-96.044523, 30.838242], [-96.025655, 30.840889], [-96.012585, 30.842784], [-96.012349, 30.844314], [-96.013009, 30.845065], [-96.011883, 30.846672], [-96.009241, 30.845786], [-96.007647, 30.847236], [-96.005941, 30.847378], [-96.00515, 30.848213], [-96.003265, 30.848075], [-96.00266, 30.847723], [-96.000954, 30.847502], [-96.000131, 30.849238], [-95.999456, 30.849717], [-95.999826, 30.851519], [-96.000422, 30.851167], [-96.001052, 30.851552], [-96.002448, 30.850624], [-96.003218, 30.851086], [-96.00504, 30.851153], [-96.006218, 30.851863], [-96.006962, 30.85283], [-96.007598, 30.854474], [-96.008636, 30.854815], [-96.011464, 30.855162], [-96.011342, 30.85625], [-96.012444, 30.856569], [-96.012902, 30.857388], [-96.014456, 30.85745], [-96.015468, 30.85895], [-96.015607, 30.860813], [-96.01646, 30.861803], [-96.017638, 30.862644], [-96.018486, 30.862205], [-96.018676, 30.863238], [-96.020695, 30.863376], [-96.021613, 30.86364], [-96.02325, 30.863487], [-96.024059, 30.863152], [-96.024713, 30.864379], [-96.023166, 30.873183], [-96.008704, 30.871185], [-96.0011, 30.87035], [-95.996705, 30.869613], [-95.995214, 30.869699], [-95.994036, 30.870373], [-95.989442, 30.874319], [-95.984236, 30.879922], [-95.983249, 30.880873], [-95.976925, 30.886333], [-95.976183, 30.887177], [-95.975476, 30.888745], [-95.974914, 30.891459], [-95.973983, 30.893661], [-95.973427, 30.895521], [-95.973337, 30.897694], [-95.973639, 30.90174], [-95.972605, 30.907599], [-95.973293, 30.909401], [-95.974668, 30.910452], [-95.974438, 30.910918], [-95.973005, 30.911858], [-95.972909, 30.912605], [-95.971801, 30.91382], [-95.970647, 30.91448], [-95.971094, 30.915502], [-95.971948, 30.91571], [-95.973592, 30.915155], [-95.974893, 30.91583], [-95.973714, 30.916243], [-95.975512, 30.918028], [-95.977252, 30.918544], [-95.978081, 30.919066], [-95.976845, 30.919863], [-95.976272, 30.921127], [-95.976941, 30.921242], [-95.978095, 30.922506], [-95.977885, 30.923407], [-95.979027, 30.924379], [-95.979696, 30.923939], [-95.980889, 30.92545], [-95.981976, 30.925561], [-95.981182, 30.926208], [-95.98265, 30.928664], [-95.984155, 30.930383], [-95.9839, 30.931048], [-95.984864, 30.934114], [-95.986733, 30.935718], [-95.98827, 30.936097], [-95.988238, 30.937168], [-95.987601, 30.937625], [-95.989056, 30.939454], [-95.990058, 30.941937], [-95.990786, 30.943014], [-95.992443, 30.943041], [-95.993355, 30.944641], [-95.99166, 30.944805], [-95.990492, 30.951465], [-95.989392, 30.958207], [-95.988444, 30.962155], [-95.987622, 30.966843], [-95.987323, 30.969265], [-95.985943, 30.977145], [-95.985999, 30.978147], [-95.98667, 30.979603], [-95.990889, 30.985261], [-95.990251, 30.985617], [-95.98807, 30.985558], [-95.987151, 30.984893], [-95.985167, 30.984664], [-95.983459, 30.985593], [-95.982406, 30.985654], [-95.981482, 30.986693], [-95.979868, 30.986688], [-95.979217, 30.985946], [-95.979032, 30.985034], [-95.978483, 30.985062], [-95.977507, 30.983848], [-95.976212, 30.983623], [-95.975433, 30.982305], [-95.9741, 30.981909], [-95.973334, 30.980657], [-95.972575, 30.98075], [-95.97225, 30.980234], [-95.971159, 30.9798], [-95.970477, 30.980136], [-95.970649, 30.979438], [-95.970036, 30.979334], [-95.970024, 30.98029], [-95.968863, 30.980911], [-95.969062, 30.981993], [-95.969827, 30.982131], [-95.969585, 30.983169], [-95.970759, 30.983389], [-95.971423, 30.984433], [-95.971723, 30.986295], [-95.972151, 30.986762], [-95.971704, 30.987257], [-95.97254, 30.988136], [-95.9733, 30.989823], [-95.974168, 30.990141], [-95.974175, 30.991636], [-95.97466, 30.991949], [-95.974003, 30.992762], [-95.974903, 30.99341], [-95.974406, 30.993575], [-95.97505, 30.994273], [-95.976001, 30.994493], [-95.976352, 30.995053], [-95.977283, 30.995399], [-95.977265, 30.995954], [-95.97863, 30.996821], [-95.979964, 30.998453], [-95.98184, 30.999348], [-95.983148, 30.999265], [-95.983977, 31.000807], [-95.984564, 31.00112], [-95.98628, 31.001251], [-95.987008, 31.001811], [-95.987168, 31.002806], [-95.986856, 31.003361], [-95.987532, 31.004053], [-95.986844, 31.006114], [-95.986953, 31.006625], [-95.985397, 31.006911], [-95.985964, 31.007318], [-95.987413, 31.007372], [-95.988236, 31.00813], [-95.989469, 31.010179], [-95.990726, 31.011195], [-95.991997, 31.013415], [-95.992425, 31.014887], [-95.992036, 31.015893], [-95.99256, 31.017146], [-95.991738, 31.018108], [-95.991458, 31.019608], [-95.992148, 31.020371], [-95.991325, 31.021191], [-95.991816, 31.02146], [-95.991338, 31.022163], [-95.991651, 31.023037], [-95.992296, 31.023289], [-95.991027, 31.024988], [-95.991111, 31.025861], [-95.992151, 31.026383], [-95.990856, 31.026961], [-95.992248, 31.028576], [-95.992688, 31.027817], [-95.993358, 31.028058], [-95.992759, 31.028757], [-95.993901, 31.028828], [-95.994112, 31.029399], [-95.995362, 31.02914], [-95.994425, 31.030459], [-95.99544, 31.030854], [-95.995644, 31.030294], [-95.996283, 31.03125], [-95.996105, 31.032706], [-95.997056, 31.03303], [-95.997286, 31.033832], [-95.998792, 31.033666], [-95.998007, 31.034035], [-95.998091, 31.034623], [-95.99908, 31.034578], [-95.999413, 31.035864], [-96.000766, 31.035666], [-96.00067, 31.036435], [-96.001334, 31.036513], [-96.000975, 31.037952], [-96.002213, 31.038173], [-96.002302, 31.039612], [-96.003564, 31.040597], [-96.004431, 31.042196], [-96.003614, 31.04313], [-96.004264, 31.044603], [-96.005527, 31.044823], [-96.005891, 31.045296], [-96.005029, 31.045818], [-96.004792, 31.046565], [-96.003643, 31.047586], [-96.004383, 31.048229], [-96.003878, 31.049306], [-96.004228, 31.050147], [-96.002248, 31.052756], [-96.002777, 31.053795], [-96.003173, 31.053773], [-96.003714, 31.054972], [-96.003522, 31.055735], [-96.002476, 31.055795], [-96.002348, 31.056224], [-96.001448, 31.055888], [-96.0016, 31.057619], [-95.999741, 31.058695], [-95.997929, 31.059416], [-95.99703, 31.061032], [-95.997311, 31.061878], [-95.996948, 31.062571], [-95.997345, 31.06367], [-95.996425, 31.063846], [-95.996293, 31.066137], [-95.996632, 31.067791], [-95.996397, 31.068637], [-95.995549, 31.069786], [-95.996615, 31.070555], [-95.996411, 31.071176], [-95.995524, 31.071155], [-95.995321, 31.072545], [-95.995468, 31.073693], [-95.996165, 31.074836], [-95.995642, 31.075287], [-95.996389, 31.075572], [-95.997571, 31.077127], [-95.997151, 31.079413], [-95.995869, 31.080578], [-95.996126, 31.081174], [-95.999742, 31.078697], [-96.004258, 31.075493], [-96.007035, 31.073641], [-96.008068, 31.073112], [-96.017471, 31.070015], [-96.021209, 31.070032], [-96.025261, 31.071927], [-96.026863, 31.071869], [-96.031836, 31.069617], [-96.033193, 31.069304], [-96.035786, 31.06946], [-96.044102, 31.069783], [-96.045181, 31.069678], [-96.04789, 31.068728], [-96.048912, 31.068136], [-96.055299, 31.063238], [-96.061964, 31.058056], [-96.064637, 31.056266], [-96.077463, 31.047929], [-96.083153, 31.044614], [-96.088655, 31.041664], [-96.091578, 31.04038], [-96.097301, 31.037642], [-96.103066, 31.034362], [-96.109331, 31.030434], [-96.112832, 31.027587], [-96.118629, 31.023811], [-96.122925, 31.021284], [-96.136997, 31.013385], [-96.141108, 31.011352], [-96.146646, 31.008743], [-96.150277, 31.006518], [-96.157065, 31.002585], [-96.16272, 30.999026], [-96.163041, 30.999073], [-96.16729, 30.996644], [-96.170918, 30.9944], [-96.172633, 30.993961], [-96.177321, 30.993804], [-96.181922, 30.993015], [-96.185427, 30.992089], [-96.187924, 30.991721], [-96.192083, 30.99142], [-96.193073, 30.991158], [-96.199208, 30.988385], [-96.203793, 30.985765], [-96.207559, 30.983802], [-96.209847, 30.982885], [-96.215018, 30.981367], [-96.223305, 30.980672], [-96.228744, 30.980573], [-96.230336, 30.979576], [-96.234522, 30.976013], [-96.24102, 30.973737]]]}},
    {"type": "Feature", "properties": {"name": "Census tract 4", "description": "Madison County", "Population": 5733, "Housing units": 2370, "Vacant housing units": 312, "Vacancy rate (%)": 13.2, "Median gross rent ($ a month)": 860.0, "Median gross rent ($ a month) margin": 386.0, "Median home value ($)": 131100.0, "Median home value ($) margin": 60670.0, "Median household income ($ a year)": 69797.0, "Median household income ($ a year) margin": 16894.0, "Survey years": "2020 to 2024", "id": "48313000400"}, "geometry": {"type": "Polygon", "coordinates": [[[-95.938137, 30.939521], [-95.937398, 30.940104], [-95.936964, 30.942071], [-95.935868, 30.943505], [-95.934325, 30.944423], [-95.93254, 30.9465], [-95.931437, 30.949248], [-95.93032, 30.95163], [-95.93041, 30.953695], [-95.930716, 30.954655], [-95.931551, 30.955095], [-95.932329, 30.956276], [-95.9321, 30.957299], [-95.931214, 30.957244], [-95.930774, 30.959326], [-95.929709, 30.960876], [-95.928746, 30.961882], [-95.928554, 30.962937], [-95.927617, 30.963316], [-95.926979, 30.964195], [-95.926252, 30.964569], [-95.925583, 30.965613], [-95.924766, 30.965728], [-95.924849, 30.966827], [-95.92645, 30.967718], [-95.925646, 30.96924], [-95.922725, 30.970212], [-95.923288, 30.972008], [-95.923154, 30.974776], [-95.922514, 30.975499], [-95.920893, 30.976092], [-95.9187, 30.977766], [-95.918523, 30.977621], [-95.918957, 30.981436], [-95.922536, 31.01399], [-95.920115, 31.010731], [-95.901667, 30.98566], [-95.89934, 30.982754], [-95.878373, 30.961215], [-95.876611, 30.959608], [-95.874895, 30.958327], [-95.860485, 30.950096], [-95.855642, 30.947292], [-95.856256, 30.946514], [-95.855229, 30.945615], [-95.853402, 30.942023], [-95.854148, 30.941027], [-95.853931, 30.939629], [-95.854516, 30.934857], [-95.856597, 30.935213], [-95.86115, 30.935217], [-95.862569, 30.935408], [-95.870987, 30.937517], [-95.878534, 30.939245], [-95.886542, 30.940524], [-95.886726, 30.939442], [-95.885712, 30.939178], [-95.885751, 30.938139], [-95.886638, 30.936337], [-95.887563, 30.935244], [-95.887059, 30.934897], [-95.887857, 30.933815], [-95.887405, 30.932991], [-95.888782, 30.931716], [-95.888591, 30.931249], [-95.889344, 30.930227], [-95.889236, 30.928622], [-95.89039, 30.928243], [-95.890206, 30.926826], [-95.891615, 30.926408], [-95.892419, 30.925606], [-95.893642, 30.925651], [-95.896078, 30.923964], [-95.897366, 30.923388], [-95.897991, 30.921909], [-95.896507, 30.919909], [-95.896214, 30.918463], [-95.895514, 30.917397], [-95.896253, 30.917018], [-95.896987, 30.914128], [-95.897772, 30.912441], [-95.897078, 30.911407], [-95.897454, 30.911039], [-95.896555, 30.91072], [-95.896925, 30.90972], [-95.897658, 30.909253], [-95.89797, 30.909842], [-95.898761, 30.90993], [-95.899226, 30.910864], [-95.900303, 30.910298], [-95.900354, 30.911139], [-95.901291, 30.910909], [-95.901214, 30.910364], [-95.902897, 30.910178], [-95.903451, 30.91098], [-95.903757, 30.91042], [-95.90449, 30.911151], [-95.905899, 30.911289], [-95.906727, 30.910937], [-95.908537, 30.911586], [-95.909366, 30.911515], [-95.909314, 30.912477], [-95.91043, 30.911999], [-95.911246, 30.91201], [-95.911086, 30.91362], [-95.910136, 30.91373], [-95.911028, 30.914549], [-95.912233, 30.914296], [-95.911787, 30.914802], [-95.912475, 30.915131], [-95.912679, 30.915862], [-95.913348, 30.915796], [-95.913985, 30.91667], [-95.913985, 30.917335], [-95.915553, 30.916599], [-95.915279, 30.915846], [-95.916159, 30.91544], [-95.915898, 30.916671], [-95.9173, 30.915852], [-95.917657, 30.916654], [-95.919155, 30.917243], [-95.919607, 30.9171], [-95.921099, 30.918265], [-95.921277, 30.918996], [-95.922303, 30.919573], [-95.921487, 30.920166], [-95.922354, 30.921458], [-95.923342, 30.92176], [-95.922628, 30.922458], [-95.924253, 30.922865], [-95.924304, 30.923794], [-95.923596, 30.924464], [-95.923839, 30.925354], [-95.924476, 30.925706], [-95.925751, 30.925552], [-95.927606, 30.926635], [-95.927848, 30.92808], [-95.926904, 30.92913], [-95.927472, 30.92936], [-95.928594, 30.928899], [-95.928377, 30.929646], [-95.930825, 30.930756], [-95.931443, 30.930696], [-95.932285, 30.931833], [-95.931112, 30.932493], [-95.931857, 30.9329], [-95.931175, 30.933471], [-95.931896, 30.934152], [-95.93203, 30.934872], [-95.934803, 30.935642], [-95.935638, 30.937186], [-95.938137, 30.939521]]]}},
    {"type": "Feature", "properties": {"name": "Census tract 6901.01", "description": "Montgomery County", "Population": 4912, "Housing units": 1775, "Vacant housing units": 77, "Vacancy rate (%)": 4.3, "Median home value ($)": 386200.0, "Median home value ($) margin": 40692.0, "Median household income ($ a year)": 126598.0, "Median household income ($ a year) margin": 19054.0, "Survey years": "2020 to 2024", "id": "48339690101"}, "geometry": {"type": "Polygon", "coordinates": [[[-95.803886, 30.178692], [-95.803807, 30.143716], [-95.803781, 30.132479], [-95.803668, 30.121185], [-95.803683, 30.113801], [-95.80333, 30.090096], [-95.801383, 30.091278], [-95.800284, 30.091289], [-95.799607, 30.090167], [-95.798173, 30.090211], [-95.796776, 30.090733], [-95.795625, 30.090684], [-95.793881, 30.091558], [-95.791207, 30.091508], [-95.789842, 30.092096], [-95.788508, 30.0922], [-95.78914, 30.09353], [-95.789241, 30.094586], [-95.788375, 30.09403], [-95.787022, 30.094272], [-95.785872, 30.094008], [-95.784519, 30.092936], [-95.78311, 30.092348], [-95.782706, 30.090935], [-95.781537, 30.090418], [-95.778364, 30.089654], [-95.777378, 30.089653], [-95.776929, 30.090318], [-95.775431, 30.091044], [-95.774476, 30.091186], [-95.77246, 30.090164], [-95.771917, 30.089504], [-95.771412, 30.087756], [-95.771115, 30.087503], [-95.769029, 30.08753], [-95.768422, 30.08848], [-95.766052, 30.08859], [-95.764838, 30.088419], [-95.764011, 30.087182], [-95.761527, 30.086384], [-95.760396, 30.086664], [-95.759605, 30.08789], [-95.75968, 30.089896], [-95.759383, 30.090226], [-95.756443, 30.091329], [-95.756019, 30.091818], [-95.754527, 30.092241], [-95.753294, 30.09345], [-95.751726, 30.093718], [-95.750228, 30.094586], [-95.74957, 30.095433], [-95.749488, 30.096695], [-95.749883, 30.096878], [-95.750649, 30.096211], [-95.751254, 30.09715], [-95.752412, 30.098297], [-95.753939, 30.098527], [-95.754677, 30.097932], [-95.756021, 30.097613], [-95.757206, 30.09798], [-95.758339, 30.097844], [-95.759233, 30.099058], [-95.759179, 30.09986], [-95.760285, 30.100639], [-95.760762, 30.100415], [-95.760661, 30.101862], [-95.759477, 30.103787], [-95.758597, 30.107946], [-95.757676, 30.110532], [-95.757609, 30.112786], [-95.75701, 30.113943], [-95.758086, 30.113969], [-95.758289, 30.115548], [-95.758981, 30.116502], [-95.757759, 30.118456], [-95.757262, 30.120873], [-95.757281, 30.126523], [-95.755107, 30.126567], [-95.753779, 30.127193], [-95.752869, 30.128516], [-95.752769, 30.129132], [-95.752842, 30.134828], [-95.752878, 30.144135], [-95.753651, 30.143873], [-95.754153, 30.142728], [-95.755076, 30.141859], [-95.756051, 30.142066], [-95.756024, 30.143027], [-95.755285, 30.143714], [-95.756892, 30.144082], [-95.757102, 30.145067], [-95.758077, 30.145044], [-95.758947, 30.144266], [-95.759073, 30.143081], [-95.762401, 30.143101], [-95.763296, 30.143651], [-95.763663, 30.145324], [-95.765744, 30.145898], [-95.766482, 30.146517], [-95.768747, 30.147045], [-95.771304, 30.146497], [-95.773104, 30.146297], [-95.775861, 30.146223], [-95.777552, 30.146924], [-95.77832, 30.146998], [-95.778681, 30.148474], [-95.779342, 30.148754], [-95.77939, 30.149629], [-95.780555, 30.149774], [-95.78112, 30.148465], [-95.782626, 30.149004], [-95.783231, 30.149883], [-95.783383, 30.150851], [-95.784549, 30.150904], [-95.78465, 30.151665], [-95.785445, 30.151785], [-95.786798, 30.151424], [-95.787332, 30.150944], [-95.788654, 30.151297], [-95.789847, 30.151236], [-95.791365, 30.150093], [-95.792604, 30.150999], [-95.793903, 30.150937], [-95.794879, 30.151772], [-95.795026, 30.15357], [-95.796688, 30.154799], [-95.797055, 30.155378], [-95.796831, 30.157379], [-95.796876, 30.158808], [-95.797612, 30.159595], [-95.797735, 30.161323], [-95.797147, 30.162148], [-95.797828, 30.163373], [-95.797295, 30.163991], [-95.797925, 30.165032], [-95.797841, 30.165699], [-95.796827, 30.166729], [-95.797483, 30.167769], [-95.798355, 30.168282], [-95.798933, 30.169137], [-95.800386, 30.169883], [-95.800643, 30.171243], [-95.799471, 30.17218], [-95.800232, 30.173336], [-95.801584, 30.17339], [-95.802377, 30.173717], [-95.803194, 30.174574], [-95.80324, 30.175702], [-95.802595, 30.17715], [-95.803251, 30.178352], [-95.803886, 30.178692]]]}},
    {"type": "Feature", "properties": {"name": "Census tract 6901.02", "description": "Montgomery County", "Population": 7343, "Housing units": 2791, "Vacant housing units": 274, "Vacancy rate (%)": 9.8, "Median gross rent ($ a month)": 999.0, "Median gross rent ($ a month) margin": 528.0, "Median home value ($)": 217000.0, "Median home value ($) margin": 28229.0, "Median household income ($ a year)": 69222.0, "Median household income ($ a year) margin": 24834.0, "Survey years": "2020 to 2024", "id": "48339690102"}, "geometry": {"type": "Polygon", "coordinates": [[[-95.74957, 30.095433], [-95.748951, 30.095846], [-95.746365, 30.095364], [-95.745518, 30.095579], [-95.745303, 30.095045], [-95.744203, 30.095013], [-95.742491, 30.096624], [-95.740752, 30.096125], [-95.737907, 30.094736], [-95.733943, 30.093539], [-95.732995, 30.094446], [-95.731668, 30.09465], [-95.7295, 30.095311], [-95.729178, 30.095168], [-95.727617, 30.095949], [-95.72593, 30.097274], [-95.724969, 30.097165], [-95.72488, 30.097594], [-95.723471, 30.098715], [-95.722625, 30.100024], [-95.717302, 30.09936], [-95.716064, 30.101356], [-95.715135, 30.102285], [-95.713915, 30.102319], [-95.712909, 30.101747], [-95.711727, 30.101885], [-95.709489, 30.102913], [-95.706923, 30.10287], [-95.705121, 30.102315], [-95.703888, 30.101194], [-95.703009, 30.099809], [-95.702114, 30.099041], [-95.701569, 30.100833], [-95.698701, 30.101656], [-95.698279, 30.102449], [-95.698415, 30.106967], [-95.698244, 30.11111], [-95.69735, 30.113297], [-95.695481, 30.114863], [-95.692393, 30.115761], [-95.691241, 30.116407], [-95.689198, 30.116937], [-95.689503, 30.11763], [-95.689056, 30.118409], [-95.68982, 30.118912], [-95.692086, 30.119071], [-95.692825, 30.120376], [-95.694142, 30.120765], [-95.693932, 30.12175], [-95.695435, 30.123123], [-95.69641, 30.123191], [-95.696674, 30.123855], [-95.697728, 30.123854], [-95.698386, 30.122709], [-95.698359, 30.121999], [-95.69907, 30.121678], [-95.700062, 30.121791], [-95.701073, 30.122661], [-95.701916, 30.122981], [-95.703235, 30.124423], [-95.703631, 30.125225], [-95.705292, 30.126712], [-95.705767, 30.127628], [-95.707903, 30.129459], [-95.708273, 30.130787], [-95.709407, 30.13232], [-95.710436, 30.133053], [-95.710305, 30.134015], [-95.710703, 30.136877], [-95.711574, 30.138045], [-95.713208, 30.138364], [-95.714, 30.13809], [-95.715447, 30.138088], [-95.716739, 30.138453], [-95.71824, 30.137811], [-95.720111, 30.138107], [-95.722352, 30.13909], [-95.722669, 30.139845], [-95.722671, 30.141219], [-95.723409, 30.142066], [-95.723332, 30.14328], [-95.724755, 30.144103], [-95.725337, 30.145362], [-95.726128, 30.145728], [-95.727182, 30.145636], [-95.730211, 30.144946], [-95.73108, 30.144189], [-95.732186, 30.143937], [-95.733768, 30.144691], [-95.734297, 30.145538], [-95.734324, 30.146408], [-95.734826, 30.147118], [-95.736565, 30.147368], [-95.737832, 30.149039], [-95.738755, 30.149221], [-95.740206, 30.15096], [-95.742102, 30.149607], [-95.743126, 30.14711], [-95.743125, 30.145942], [-95.743993, 30.144635], [-95.745337, 30.144748], [-95.74729, 30.147014], [-95.749425, 30.147744], [-95.749637, 30.148156], [-95.750801, 30.147855], [-95.751487, 30.146871], [-95.751383, 30.145863], [-95.751885, 30.144787], [-95.752878, 30.144135], [-95.752842, 30.134828], [-95.752769, 30.129132], [-95.752869, 30.128516], [-95.753779, 30.127193], [-95.755107, 30.126567], [-95.757281, 30.126523], [-95.757262, 30.120873], [-95.757759, 30.118456], [-95.758981, 30.116502], [-95.758289, 30.115548], [-95.758086, 30.113969], [-95.75701, 30.113943], [-95.757609, 30.112786], [-95.757676, 30.110532], [-95.758597, 30.107946], [-95.759477, 30.103787], [-95.760661, 30.101862], [-95.760762, 30.100415], [-95.760285, 30.100639], [-95.759179, 30.09986], [-95.759233, 30.099058], [-95.758339, 30.097844], [-95.757206, 30.09798], [-95.756021, 30.097613], [-95.754677, 30.097932], [-95.753939, 30.098527], [-95.752412, 30.098297], [-95.751254, 30.09715], [-95.750649, 30.096211], [-95.749883, 30.096878], [-95.749488, 30.096695], [-95.74957, 30.095433]]]}},
    {"type": "Feature", "properties": {"name": "Census tract 6902.03", "description": "Montgomery County", "Population": 5188, "Housing units": 1775, "Vacant housing units": 60, "Vacancy rate (%)": 3.4, "Median gross rent ($ a month)": 1813.0, "Median gross rent ($ a month) margin": 781.0, "Median home value ($)": 291200.0, "Median home value ($) margin": 66504.0, "Median household income ($ a year)": 96599.0, "Median household income ($ a year) margin": 26198.0, "Survey years": "2020 to 2024", "id": "48339690203"}, "geometry": {"type": "Polygon", "coordinates": [[[-95.804123, 30.226119], [-95.803949, 30.19336], [-95.804002, 30.189759], [-95.803886, 30.178692], [-95.803251, 30.178352], [-95.802595, 30.17715], [-95.80324, 30.175702], [-95.803194, 30.174574], [-95.802377, 30.173717], [-95.801584, 30.17339], [-95.800232, 30.173336], [-95.799471, 30.17218], [-95.800643, 30.171243], [-95.800386, 30.169883], [-95.798933, 30.169137], [-95.798355, 30.168282], [-95.797483, 30.167769], [-95.796827, 30.166729], [-95.797841, 30.165699], [-95.797925, 30.165032], [-95.797295, 30.163991], [-95.797828, 30.163373], [-95.797147, 30.162148], [-95.797735, 30.161323], [-95.797612, 30.159595], [-95.796876, 30.158808], [-95.796831, 30.157379], [-95.797055, 30.155378], [-95.796688, 30.154799], [-95.795026, 30.15357], [-95.794879, 30.151772], [-95.793903, 30.150937], [-95.792604, 30.150999], [-95.791365, 30.150093], [-95.789847, 30.151236], [-95.788654, 30.151297], [-95.787332, 30.150944], [-95.786798, 30.151424], [-95.785445, 30.151785], [-95.78465, 30.151665], [-95.784549, 30.150904], [-95.783383, 30.150851], [-95.783231, 30.149883], [-95.782626, 30.149004], [-95.78112, 30.148465], [-95.780555, 30.149774], [-95.77939, 30.149629], [-95.779342, 30.148754], [-95.778681, 30.148474], [-95.77832, 30.146998], [-95.777552, 30.146924], [-95.775861, 30.146223], [-95.773104, 30.146297], [-95.771304, 30.146497], [-95.768747, 30.147045], [-95.766482, 30.146517], [-95.765744, 30.145898], [-95.763663, 30.145324], [-95.763296, 30.143651], [-95.762401, 30.143101], [-95.759073, 30.143081], [-95.758947, 30.144266], [-95.758077, 30.145044], [-95.757102, 30.145067], [-95.756892, 30.144082], [-95.755285, 30.143714], [-95.756024, 30.143027], [-95.756051, 30.142066], [-95.755076, 30.141859], [-95.754153, 30.142728], [-95.753651, 30.143873], [-95.752878, 30.144135], [-95.752844, 30.148941], [-95.75383, 30.149072], [-95.753828, 30.150767], [-95.754539, 30.151523], [-95.755461, 30.151867], [-95.756171, 30.152807], [-95.756828, 30.154616], [-95.758014, 30.155053], [-95.758171, 30.155786], [-95.759436, 30.155741], [-95.760305, 30.156497], [-95.761017, 30.156544], [-95.761306, 30.157208], [-95.763704, 30.157599], [-95.765049, 30.156569], [-95.765417, 30.157806], [-95.76647, 30.158403], [-95.767261, 30.158266], [-95.768156, 30.159091], [-95.769606, 30.158611], [-95.770053, 30.159482], [-95.771186, 30.160696], [-95.772003, 30.160216], [-95.773188, 30.160995], [-95.774348, 30.16095], [-95.775665, 30.162005], [-95.776929, 30.162647], [-95.777324, 30.16409], [-95.776479, 30.165188], [-95.776531, 30.165601], [-95.777822, 30.166724], [-95.777874, 30.167457], [-95.778769, 30.168419], [-95.778716, 30.169472], [-95.780718, 30.170802], [-95.780401, 30.171626], [-95.780664, 30.172497], [-95.78156, 30.172795], [-95.782192, 30.173688], [-95.782323, 30.174742], [-95.783262, 30.174987], [-95.782374, 30.176215], [-95.782148, 30.177054], [-95.781565, 30.181122], [-95.781981, 30.182777], [-95.78218, 30.184611], [-95.783284, 30.187459], [-95.7835, 30.188622], [-95.784058, 30.189703], [-95.785765, 30.191221], [-95.77319, 30.200542], [-95.771693, 30.201353], [-95.759571, 30.205631], [-95.759552, 30.206691], [-95.760886, 30.207755], [-95.761225, 30.2085], [-95.763093, 30.209015], [-95.764933, 30.210009], [-95.766304, 30.212373], [-95.766189, 30.213591], [-95.766598, 30.214067], [-95.766493, 30.215297], [-95.795613, 30.223134], [-95.801518, 30.224749], [-95.803235, 30.225439], [-95.804123, 30.226119]]]}},
    {"type": "Feature", "properties": {"name": "Census tract 6902.04", "description": "Montgomery County", "Population": 5252, "Housing units": 2040, "Vacant housing units": 35, "Vacancy rate (%)": 1.7, "Median gross rent ($ a month)": 1533.0, "Median gross rent ($ a month) margin": 342.0, "Median home value ($)": 345000.0, "Median home value ($) margin": 122532.0, "Median household income ($ a year)": 98548.0, "Median household income ($ a year) margin": 14258.0, "Survey years": "2020 to 2024", "id": "48339690204"}, "geometry": {"type": "Polygon", "coordinates": [[[-95.752844, 30.148941], [-95.75282, 30.167286], [-95.752608, 30.173893], [-95.753533, 30.179667], [-95.753545, 30.181351], [-95.753026, 30.186829], [-95.75177, 30.186317], [-95.749921, 30.186608], [-95.747205, 30.188809], [-95.745682, 30.18919], [-95.745161, 30.190077], [-95.744982, 30.191698], [-95.7415, 30.191744], [-95.741421, 30.189491], [-95.736116, 30.1893], [-95.73612, 30.190599], [-95.734558, 30.190376], [-95.733628, 30.189777], [-95.731352, 30.1888], [-95.731121, 30.188234], [-95.729936, 30.187377], [-95.728968, 30.185667], [-95.728983, 30.186191], [-95.728176, 30.18692], [-95.728113, 30.1883], [-95.727636, 30.188941], [-95.725038, 30.191069], [-95.723966, 30.192458], [-95.724795, 30.194738], [-95.724762, 30.194998], [-95.730299, 30.198147], [-95.735144, 30.200828], [-95.741195, 30.204371], [-95.746085, 30.207084], [-95.753972, 30.211549], [-95.755318, 30.212211], [-95.766493, 30.215297], [-95.766598, 30.214067], [-95.766189, 30.213591], [-95.766304, 30.212373], [-95.764933, 30.210009], [-95.763093, 30.209015], [-95.761225, 30.2085], [-95.760886, 30.207755], [-95.759552, 30.206691], [-95.759571, 30.205631], [-95.771693, 30.201353], [-95.77319, 30.200542], [-95.785765, 30.191221], [-95.784058, 30.189703], [-95.7835, 30.188622], [-95.783284, 30.187459], [-95.78218, 30.184611], [-95.781981, 30.182777], [-95.781565, 30.181122], [-95.782148, 30.177054], [-95.782374, 30.176215], [-95.783262, 30.174987], [-95.782323, 30.174742], [-95.782192, 30.173688], [-95.78156, 30.172795], [-95.780664, 30.172497], [-95.780401, 30.171626], [-95.780718, 30.170802], [-95.778716, 30.169472], [-95.778769, 30.168419], [-95.777874, 30.167457], [-95.777822, 30.166724], [-95.776531, 30.165601], [-95.776479, 30.165188], [-95.777324, 30.16409], [-95.776929, 30.162647], [-95.775665, 30.162005], [-95.774348, 30.16095], [-95.773188, 30.160995], [-95.772003, 30.160216], [-95.771186, 30.160696], [-95.770053, 30.159482], [-95.769606, 30.158611], [-95.768156, 30.159091], [-95.767261, 30.158266], [-95.76647, 30.158403], [-95.765417, 30.157806], [-95.765049, 30.156569], [-95.763704, 30.157599], [-95.761306, 30.157208], [-95.761017, 30.156544], [-95.760305, 30.156497], [-95.759436, 30.155741], [-95.758171, 30.155786], [-95.758014, 30.155053], [-95.756828, 30.154616], [-95.756171, 30.152807], [-95.755461, 30.151867], [-95.754539, 30.151523], [-95.753828, 30.150767], [-95.75383, 30.149072], [-95.752844, 30.148941]]]}},
    {"type": "Feature", "properties": {"name": "Census tract 6902.05", "description": "Montgomery County", "Population": 5481, "Housing units": 1771, "Vacant housing units": 5, "Vacancy rate (%)": 0.3, "Median gross rent ($ a month)": 2114.0, "Median gross rent ($ a month) margin": 629.0, "Median home value ($)": 821400.0, "Median home value ($) margin": 96351.0, "Median household income ($ a year)": 164579.0, "Median household income ($ a year) margin": 44896.0, "Survey years": "2020 to 2024", "id": "48339690205"}, "geometry": {"type": "Polygon", "coordinates": [[[-95.752844, 30.148941], [-95.752878, 30.144135], [-95.751885, 30.144787], [-95.751383, 30.145863], [-95.751487, 30.146871], [-95.750801, 30.147855], [-95.749637, 30.148156], [-95.749425, 30.147744], [-95.74729, 30.147014], [-95.745337, 30.144748], [-95.743993, 30.144635], [-95.743125, 30.145942], [-95.743126, 30.14711], [-95.742102, 30.149607], [-95.740206, 30.15096], [-95.738755, 30.149221], [-95.737832, 30.149039], [-95.736565, 30.147368], [-95.734826, 30.147118], [-95.734324, 30.146408], [-95.734297, 30.145538], [-95.733768, 30.144691], [-95.732186, 30.143937], [-95.73108, 30.144189], [-95.730211, 30.144946], [-95.727182, 30.145636], [-95.726128, 30.145728], [-95.725337, 30.145362], [-95.724755, 30.144103], [-95.723332, 30.14328], [-95.723409, 30.142066], [-95.722671, 30.141219], [-95.722669, 30.139845], [-95.722352, 30.13909], [-95.720111, 30.138107], [-95.71824, 30.137811], [-95.716739, 30.138453], [-95.715447, 30.138088], [-95.714, 30.13809], [-95.713208, 30.138364], [-95.711574, 30.138045], [-95.711548, 30.138984], [-95.710705, 30.138939], [-95.710865, 30.140473], [-95.712077, 30.140953], [-95.711315, 30.14258], [-95.710633, 30.142664], [-95.709868, 30.143618], [-95.709863, 30.145257], [-95.711748, 30.147028], [-95.712475, 30.147156], [-95.714216, 30.148674], [-95.714504, 30.149684], [-95.716246, 30.150697], [-95.715607, 30.152409], [-95.715806, 30.153707], [-95.717151, 30.154714], [-95.717785, 30.156454], [-95.718392, 30.156728], [-95.717707, 30.157507], [-95.717892, 30.158057], [-95.718815, 30.158216], [-95.718447, 30.159293], [-95.71895, 30.160781], [-95.718951, 30.162224], [-95.719638, 30.164033], [-95.719666, 30.165178], [-95.718982, 30.166621], [-95.719643, 30.167926], [-95.720698, 30.168704], [-95.719882, 30.169896], [-95.720042, 30.171499], [-95.720385, 30.171842], [-95.72036, 30.173422], [-95.722285, 30.173993], [-95.722945, 30.174634], [-95.722682, 30.175367], [-95.723421, 30.175733], [-95.723237, 30.176351], [-95.723503, 30.178389], [-95.723267, 30.179443], [-95.724006, 30.180679], [-95.725696, 30.182624], [-95.727384, 30.183493], [-95.728703, 30.184523], [-95.728968, 30.185667], [-95.729936, 30.187377], [-95.731121, 30.188234], [-95.731352, 30.1888], [-95.733628, 30.189777], [-95.734558, 30.190376], [-95.73612, 30.190599], [-95.736116, 30.1893], [-95.741421, 30.189491], [-95.7415, 30.191744], [-95.744982, 30.191698], [-95.745161, 30.190077], [-95.745682, 30.18919], [-95.747205, 30.188809], [-95.749921, 30.186608], [-95.75177, 30.186317], [-95.753026, 30.186829], [-95.753545, 30.181351], [-95.753533, 30.179667], [-95.752608, 30.173893], [-95.75282, 30.167286], [-95.752844, 30.148941]]]}},
    {"type": "Feature", "properties": {"name": "Census tract 6902.06", "description": "Montgomery County", "Population": 2684, "Housing units": 1000, "Vacant housing units": 57, "Vacancy rate (%)": 5.7, "Median gross rent ($ a month)": 773.0, "Median gross rent ($ a month) margin": 596.0, "Median home value ($)": 517000.0, "Median home value ($) margin": 85155.0, "Median household income ($ a year)": 104375.0, "Median household income ($ a year) margin": 42308.0, "Survey years": "2020 to 2024", "id": "48339690206"}, "geometry": {"type": "Polygon", "coordinates": [[[-95.728968, 30.185667], [-95.728703, 30.184523], [-95.727384, 30.183493], [-95.725696, 30.182624], [-95.724006, 30.180679], [-95.723267, 30.179443], [-95.723503, 30.178389], [-95.723237, 30.176351], [-95.723421, 30.175733], [-95.722682, 30.175367], [-95.722945, 30.174634], [-95.722285, 30.173993], [-95.72036, 30.173422], [-95.720385, 30.171842], [-95.720042, 30.171499], [-95.719882, 30.169896], [-95.720698, 30.168704], [-95.719643, 30.167926], [-95.718982, 30.166621], [-95.719666, 30.165178], [-95.719638, 30.164033], [-95.718951, 30.162224], [-95.71895, 30.160781], [-95.718447, 30.159293], [-95.718815, 30.158216], [-95.717892, 30.158057], [-95.717707, 30.157507], [-95.718392, 30.156728], [-95.717785, 30.156454], [-95.717151, 30.154714], [-95.715806, 30.153707], [-95.715607, 30.152409], [-95.716246, 30.150697], [-95.714504, 30.149684], [-95.714216, 30.148674], [-95.712475, 30.147156], [-95.711748, 30.147028], [-95.709863, 30.145257], [-95.709868, 30.143618], [-95.710633, 30.142664], [-95.70988, 30.142023], [-95.710134, 30.140824], [-95.709874, 30.140078], [-95.708576, 30.139047], [-95.707492, 30.138801], [-95.704699, 30.138776], [-95.702934, 30.138502], [-95.698714, 30.138448], [-95.695547, 30.138761], [-95.689894, 30.138083], [-95.684447, 30.138436], [-95.682924, 30.139361], [-95.677472, 30.139438], [-95.67622, 30.139556], [-95.673444, 30.139504], [-95.673432, 30.141665], [-95.669452, 30.141707], [-95.667695, 30.141328], [-95.667727, 30.142523], [-95.668467, 30.143177], [-95.668389, 30.144299], [-95.669944, 30.144963], [-95.671156, 30.144733], [-95.672158, 30.14597], [-95.672817, 30.146267], [-95.675031, 30.14622], [-95.676585, 30.145624], [-95.677006, 30.145166], [-95.678139, 30.145165], [-95.679695, 30.145806], [-95.681724, 30.145301], [-95.683385, 30.14688], [-95.684544, 30.146422], [-95.686047, 30.146856], [-95.687179, 30.14642], [-95.687944, 30.146649], [-95.688892, 30.146259], [-95.690237, 30.146876], [-95.691659, 30.146234], [-95.692898, 30.14644], [-95.694005, 30.146233], [-95.695165, 30.147102], [-95.69701, 30.147033], [-95.697116, 30.147834], [-95.696301, 30.150972], [-95.696066, 30.153286], [-95.696251, 30.154633], [-95.695163, 30.155509], [-95.694267, 30.156785], [-95.693813, 30.156912], [-95.690591, 30.159902], [-95.684971, 30.164113], [-95.680463, 30.167831], [-95.679313, 30.168977], [-95.683366, 30.171261], [-95.687156, 30.173371], [-95.698991, 30.180073], [-95.704931, 30.183388], [-95.708797, 30.185677], [-95.724795, 30.194738], [-95.723966, 30.192458], [-95.725038, 30.191069], [-95.727636, 30.188941], [-95.728113, 30.1883], [-95.728176, 30.18692], [-95.728983, 30.186191], [-95.728968, 30.185667]]]}},
    {"type": "Feature", "properties": {"name": "Census tract 6902.07", "description": "Montgomery County", "Population": 7063, "Housing units": 2270, "Vacant housing units": 38, "Vacancy rate (%)": 1.7, "Median home value ($)": 428800.0, "Median home value ($) margin": 50072.0, "Median household income ($ a year)": 96250.0, "Median household income ($ a year) margin": 78914.0, "Survey years": "2020 to 2024", "id": "48339690207"}, "geometry": {"type": "Polygon", "coordinates": [[[-95.711574, 30.138045], [-95.710703, 30.136877], [-95.710305, 30.134015], [-95.710436, 30.133053], [-95.709407, 30.13232], [-95.708273, 30.130787], [-95.707903, 30.129459], [-95.705767, 30.127628], [-95.705292, 30.126712], [-95.703631, 30.125225], [-95.703235, 30.124423], [-95.701916, 30.122981], [-95.701073, 30.122661], [-95.700062, 30.121791], [-95.69907, 30.121678], [-95.698359, 30.121999], [-95.698386, 30.122709], [-95.697728, 30.123854], [-95.696674, 30.123855], [-95.69641, 30.123191], [-95.695435, 30.123123], [-95.693932, 30.12175], [-95.694142, 30.120765], [-95.692825, 30.120376], [-95.692086, 30.119071], [-95.68982, 30.118912], [-95.689056, 30.118409], [-95.689503, 30.11763], [-95.689198, 30.116937], [-95.691241, 30.116407], [-95.692393, 30.115761], [-95.695481, 30.114863], [-95.69735, 30.113297], [-95.698244, 30.11111], [-95.698415, 30.106967], [-95.698279, 30.102449], [-95.698701, 30.101656], [-95.701569, 30.100833], [-95.702114, 30.099041], [-95.701283, 30.098479], [-95.698893, 30.098331], [-95.697446, 30.098705], [-95.696428, 30.09931], [-95.693823, 30.098876], [-95.690833, 30.098821], [-95.689999, 30.099569], [-95.687578, 30.100613], [-95.686813, 30.101454], [-95.686718, 30.10301], [-95.687098, 30.103626], [-95.688115, 30.10362], [-95.686978, 30.105016], [-95.686428, 30.106308], [-95.685701, 30.106907], [-95.684727, 30.106836], [-95.683652, 30.107331], [-95.681629, 30.106242], [-95.679562, 30.10589], [-95.67924, 30.105242], [-95.677981, 30.104208], [-95.677153, 30.103972], [-95.676066, 30.102977], [-95.672538, 30.101515], [-95.671091, 30.10124], [-95.669017, 30.101443], [-95.667683, 30.102152], [-95.667715, 30.104516], [-95.667095, 30.105104], [-95.667291, 30.105637], [-95.666475, 30.105939], [-95.665091, 30.107242], [-95.662309, 30.108187], [-95.661291, 30.109495], [-95.661271, 30.110364], [-95.661859, 30.110364], [-95.661619, 30.111397], [-95.660222, 30.111573], [-95.659229, 30.112298], [-95.658717, 30.112155], [-95.658217, 30.111221], [-95.659077, 30.111018], [-95.658477, 30.110154], [-95.657491, 30.109698], [-95.656359, 30.10967], [-95.65543, 30.108994], [-95.653912, 30.109302], [-95.65364, 30.110181], [-95.654386, 30.110665], [-95.653027, 30.111484], [-95.652565, 30.113682], [-95.651312, 30.114881], [-95.649915, 30.115309], [-95.648612, 30.117337], [-95.647018, 30.118381], [-95.646102, 30.119239], [-95.645694, 30.119181], [-95.648194, 30.122501], [-95.649666, 30.125022], [-95.652111, 30.129828], [-95.667916, 30.155503], [-95.6738, 30.165009], [-95.67536, 30.166697], [-95.679313, 30.168977], [-95.680463, 30.167831], [-95.684971, 30.164113], [-95.690591, 30.159902], [-95.693813, 30.156912], [-95.694267, 30.156785], [-95.695163, 30.155509], [-95.696251, 30.154633], [-95.696066, 30.153286], [-95.696301, 30.150972], [-95.697116, 30.147834], [-95.69701, 30.147033], [-95.695165, 30.147102], [-95.694005, 30.146233], [-95.692898, 30.14644], [-95.691659, 30.146234], [-95.690237, 30.146876], [-95.688892, 30.146259], [-95.687944, 30.146649], [-95.687179, 30.14642], [-95.686047, 30.146856], [-95.684544, 30.146422], [-95.683385, 30.14688], [-95.681724, 30.145301], [-95.679695, 30.145806], [-95.678139, 30.145165], [-95.677006, 30.145166], [-95.676585, 30.145624], [-95.675031, 30.14622], [-95.672817, 30.146267], [-95.672158, 30.14597], [-95.671156, 30.144733], [-95.669944, 30.144963], [-95.668389, 30.144299], [-95.668467, 30.143177], [-95.667727, 30.142523], [-95.667695, 30.141328], [-95.669452, 30.141707], [-95.673432, 30.141665], [-95.673444, 30.139504], [-95.67622, 30.139556], [-95.677472, 30.139438], [-95.682924, 30.139361], [-95.684447, 30.138436], [-95.689894, 30.138083], [-95.695547, 30.138761], [-95.698714, 30.138448], [-95.702934, 30.138502], [-95.704699, 30.138776], [-95.707492, 30.138801], [-95.708576, 30.139047], [-95.709874, 30.140078], [-95.710134, 30.140824], [-95.70988, 30.142023], [-95.710633, 30.142664], [-95.711315, 30.14258], [-95.712077, 30.140953], [-95.710865, 30.140473], [-95.710705, 30.138939], [-95.711548, 30.138984], [-95.711574, 30.138045]]]}},
    {"type": "Feature", "properties": {"name": "Census tract 6903", "description": "Montgomery County", "Population": 6682, "Housing units": 2716, "Vacant housing units": 260, "Vacancy rate (%)": 9.6, "Median gross rent ($ a month)": 1181.0, "Median gross rent ($ a month) margin": 287.0, "Median home value ($)": 333800.0, "Median home value ($) margin": 24140.0, "Median household income ($ a year)": 89632.0, "Median household income ($ a year) margin": 16490.0, "Survey years": "2020 to 2024", "id": "48339690300"}, "geometry": {"type": "Polygon", "coordinates": [[[-95.804306, 30.24557], [-95.804077, 30.226643], [-95.804123, 30.226119], [-95.803235, 30.225439], [-95.801518, 30.224749], [-95.795613, 30.223134], [-95.766493, 30.215297], [-95.755318, 30.212211], [-95.753972, 30.211549], [-95.746085, 30.207084], [-95.741195, 30.204371], [-95.735144, 30.200828], [-95.730299, 30.198147], [-95.724762, 30.194998], [-95.724795, 30.194738], [-95.708797, 30.185677], [-95.704931, 30.183388], [-95.698991, 30.180073], [-95.687156, 30.173371], [-95.683366, 30.171261], [-95.683348, 30.171786], [-95.683944, 30.177033], [-95.683977, 30.17859], [-95.683774, 30.181237], [-95.683456, 30.182294], [-95.681943, 30.184859], [-95.680827, 30.189295], [-95.679835, 30.190946], [-95.679671, 30.191649], [-95.679954, 30.201561], [-95.680405, 30.203446], [-95.681842, 30.20597], [-95.687987, 30.215865], [-95.68855, 30.217138], [-95.691806, 30.227852], [-95.695244, 30.228091], [-95.70602, 30.228641], [-95.709131, 30.228152], [-95.709477, 30.228557], [-95.710928, 30.228556], [-95.713091, 30.229104], [-95.715122, 30.229308], [-95.715914, 30.229697], [-95.715677, 30.230407], [-95.71589, 30.232193], [-95.716762, 30.233452], [-95.718239, 30.233909], [-95.718847, 30.234779], [-95.720192, 30.234938], [-95.720749, 30.237411], [-95.721963, 30.238097], [-95.723308, 30.237867], [-95.725023, 30.237934], [-95.726237, 30.238482], [-95.727845, 30.238069], [-95.72816, 30.236557], [-95.729609, 30.235685], [-95.731667, 30.235706], [-95.732616, 30.235522], [-95.733223, 30.235819], [-95.734542, 30.235726], [-95.735545, 30.236275], [-95.736074, 30.23774], [-95.735996, 30.238588], [-95.736788, 30.238999], [-95.738107, 30.239135], [-95.738449, 30.238539], [-95.740269, 30.238171], [-95.742455, 30.23613], [-95.742797, 30.235489], [-95.744167, 30.234228], [-95.745011, 30.234158], [-95.745142, 30.233379], [-95.746012, 30.233516], [-95.746802, 30.232897], [-95.747778, 30.232919], [-95.748674, 30.232437], [-95.750231, 30.23303], [-95.755745, 30.233718], [-95.756905, 30.234154], [-95.757642, 30.234865], [-95.758697, 30.235095], [-95.760173, 30.236584], [-95.760859, 30.235806], [-95.762178, 30.23567], [-95.762285, 30.234387], [-95.762893, 30.23322], [-95.762154, 30.233013], [-95.76263, 30.232441], [-95.76437, 30.232557], [-95.764581, 30.233221], [-95.766506, 30.233337], [-95.767375, 30.234895], [-95.766689, 30.235329], [-95.766583, 30.236108], [-95.767531, 30.237574], [-95.768876, 30.237965], [-95.769614, 30.238492], [-95.770721, 30.238561], [-95.772962, 30.240005], [-95.77473, 30.239823], [-95.775521, 30.24019], [-95.776681, 30.239824], [-95.777104, 30.239252], [-95.778106, 30.239184], [-95.779873, 30.239758], [-95.781324, 30.239736], [-95.781614, 30.239186], [-95.782748, 30.23921], [-95.783223, 30.239576], [-95.784067, 30.239233], [-95.786309, 30.239143], [-95.787075, 30.238181], [-95.789239, 30.23674], [-95.790241, 30.236763], [-95.791031, 30.238183], [-95.792296, 30.239466], [-95.793114, 30.239329], [-95.794698, 30.237269], [-95.795806, 30.236537], [-95.79636, 30.236812], [-95.797124, 30.238049], [-95.79868, 30.238393], [-95.800235, 30.240134], [-95.800894, 30.240409], [-95.802582, 30.242219], [-95.80266, 30.243181], [-95.801947, 30.244165], [-95.802685, 30.246135], [-95.803397, 30.246181], [-95.804306, 30.24557]]]}},
    {"type": "Feature", "properties": {"name": "Census tract 6904.03", "description": "Montgomery County", "Population": 3503, "Housing units": 1368, "Vacant housing units": 202, "Vacancy rate (%)": 14.8, "Median home value ($)": 477900.0, "Median home value ($) margin": 52004.0, "Median household income ($ a year)": 144000.0, "Median household income ($ a year) margin": 35914.0, "Survey years": "2020 to 2024", "id": "48339690403"}, "geometry": {"type": "Polygon", "coordinates": [[[-95.710886, 30.273746], [-95.709085, 30.2686], [-95.707578, 30.263728], [-95.706184, 30.259807], [-95.705333, 30.25785], [-95.700936, 30.250167], [-95.696278, 30.241878], [-95.695271, 30.23938], [-95.691806, 30.227852], [-95.690771, 30.22758], [-95.68658, 30.224867], [-95.683603, 30.2234], [-95.681652, 30.223119], [-95.669184, 30.223235], [-95.66778, 30.22309], [-95.665375, 30.222546], [-95.663783, 30.222378], [-95.65795, 30.222398], [-95.650534, 30.222428], [-95.644726, 30.222284], [-95.634668, 30.222283], [-95.628461, 30.221786], [-95.61929, 30.221922], [-95.616813, 30.221846], [-95.617122, 30.228734], [-95.617099, 30.233233], [-95.617239, 30.237195], [-95.616932, 30.237828], [-95.616933, 30.241319], [-95.616022, 30.241593], [-95.616427, 30.242202], [-95.619091, 30.241354], [-95.619724, 30.240255], [-95.621518, 30.2403], [-95.622151, 30.240942], [-95.622046, 30.241858], [-95.622679, 30.242866], [-95.624631, 30.243003], [-95.624974, 30.24369], [-95.625607, 30.24369], [-95.625634, 30.244445], [-95.626742, 30.244216], [-95.627929, 30.244697], [-95.628667, 30.24346], [-95.629353, 30.243987], [-95.630303, 30.243803], [-95.631226, 30.243093], [-95.631965, 30.243299], [-95.633099, 30.244604], [-95.634049, 30.244467], [-95.634788, 30.245245], [-95.635658, 30.244993], [-95.635105, 30.245703], [-95.635184, 30.246345], [-95.635975, 30.246688], [-95.636609, 30.247512], [-95.636608, 30.246596], [-95.639247, 30.247076], [-95.640829, 30.246022], [-95.642834, 30.246915], [-95.643441, 30.247442], [-95.644575, 30.246525], [-95.645341, 30.247143], [-95.646949, 30.246525], [-95.648031, 30.246799], [-95.647979, 30.247738], [-95.650063, 30.247989], [-95.651039, 30.248493], [-95.650987, 30.249501], [-95.652174, 30.249546], [-95.652651, 30.25051], [-95.654392, 30.251082], [-95.655287, 30.249751], [-95.656714, 30.251082], [-95.659299, 30.251493], [-95.660012, 30.252157], [-95.661463, 30.25179], [-95.662307, 30.251584], [-95.662175, 30.250576], [-95.663599, 30.250782], [-95.664811, 30.250091], [-95.667133, 30.250089], [-95.668374, 30.251101], [-95.669111, 30.249791], [-95.67014, 30.250111], [-95.671408, 30.251466], [-95.67249, 30.250939], [-95.674548, 30.251694], [-95.673493, 30.252794], [-95.672306, 30.253207], [-95.672465, 30.254352], [-95.673626, 30.255038], [-95.67447, 30.255199], [-95.676292, 30.256686], [-95.676002, 30.257878], [-95.676451, 30.258587], [-95.678193, 30.259365], [-95.679221, 30.258609], [-95.68112, 30.258127], [-95.681991, 30.258516], [-95.681992, 30.259822], [-95.682441, 30.2606], [-95.683734, 30.261126], [-95.68421, 30.262935], [-95.683789, 30.264081], [-95.68429, 30.264676], [-95.683763, 30.26589], [-95.684159, 30.266531], [-95.684977, 30.265935], [-95.685874, 30.266233], [-95.684978, 30.267058], [-95.685427, 30.267767], [-95.68482, 30.268798], [-95.685587, 30.270355], [-95.685086, 30.271088], [-95.685456, 30.272073], [-95.686854, 30.272256], [-95.687093, 30.274088], [-95.688333, 30.27411], [-95.68902, 30.274774], [-95.690762, 30.275002], [-95.691106, 30.276674], [-95.690077, 30.276766], [-95.690605, 30.277819], [-95.691714, 30.278277], [-95.692822, 30.278161], [-95.693402, 30.278595], [-95.695329, 30.278664], [-95.695302, 30.277839], [-95.696675, 30.278342], [-95.697519, 30.278067], [-95.699155, 30.27841], [-95.700976, 30.278157], [-95.701451, 30.278637], [-95.70211, 30.277996], [-95.702665, 30.279255], [-95.703273, 30.279621], [-95.704671, 30.279643], [-95.705255, 30.280451], [-95.707003, 30.278756], [-95.707742, 30.277713], [-95.708558, 30.275901], [-95.710886, 30.273746]]]}},
    {"type": "Feature", "properties": {"name": "Census tract 6904.04", "description": "Montgomery County", "Population": 6153, "Housing units": 1959, "Vacant housing units": 64, "Vacancy rate (%)": 3.3, "Median gross rent ($ a month)": 2515.0, "Median gross rent ($ a month) margin": 376.0, "Median home value ($)": 346300.0, "Median home value ($) margin": 30764.0, "Median household income ($ a year)": 130625.0, "Median household income ($ a year) margin": 40155.0, "Survey years": "2020 to 2024", "id": "48339690404"}, "geometry": {"type": "Polygon", "coordinates": [[[-95.616813, 30.221846], [-95.602012, 30.22141], [-95.578666, 30.220629], [-95.576999, 30.220634], [-95.568191, 30.220913], [-95.568156, 30.222538], [-95.567566, 30.224827], [-95.56738, 30.227631], [-95.567541, 30.236328], [-95.56883, 30.237332], [-95.570779, 30.239354], [-95.571003, 30.24112], [-95.571462, 30.242034], [-95.572548, 30.24312], [-95.576607, 30.245251], [-95.578025, 30.246142], [-95.578887, 30.247597], [-95.579034, 30.253614], [-95.580126, 30.254147], [-95.581181, 30.25369], [-95.581367, 30.252613], [-95.582, 30.252407], [-95.582238, 30.251651], [-95.583663, 30.251056], [-95.585905, 30.251859], [-95.587382, 30.251516], [-95.588412, 30.250668], [-95.588885, 30.249874], [-95.590916, 30.250035], [-95.591787, 30.248294], [-95.593054, 30.246851], [-95.59403, 30.24692], [-95.594109, 30.246073], [-95.595376, 30.245523], [-95.596088, 30.244401], [-95.596932, 30.244172], [-95.597961, 30.24447], [-95.599227, 30.24392], [-95.600335, 30.244172], [-95.600625, 30.243783], [-95.60052, 30.242088], [-95.601127, 30.241767], [-95.602419, 30.241882], [-95.603237, 30.241584], [-95.604662, 30.240508], [-95.605585, 30.240233], [-95.606218, 30.240874], [-95.607642, 30.240645], [-95.607669, 30.241195], [-95.608566, 30.241355], [-95.608803, 30.242317], [-95.610043, 30.242225], [-95.610808, 30.242546], [-95.611494, 30.241882], [-95.611995, 30.242408], [-95.613367, 30.242431], [-95.614317, 30.242958], [-95.61466, 30.242294], [-95.615557, 30.242912], [-95.616427, 30.242202], [-95.616022, 30.241593], [-95.616933, 30.241319], [-95.616932, 30.237828], [-95.617239, 30.237195], [-95.617099, 30.233233], [-95.617122, 30.228734], [-95.616813, 30.221846]]]}},
    {"type": "Feature", "properties": {"name": "Census tract 6904.05", "description": "Montgomery County", "Population": 5347, "Housing units": 1795, "Vacant housing units": 75, "Vacancy rate (%)": 4.2, "Median gross rent ($ a month)": 2142.0, "Median gross rent ($ a month) margin": 178.0, "Median home value ($)": 487500.0, "Median home value ($) margin": 140447.0, "Median household income ($ a year)": 103021.0, "Median household income ($ a year) margin": 29501.0, "Survey years": "2020 to 2024", "id": "48339690405"}, "geometry": {"type": "Polygon", "coordinates": [[[-95.691806, 30.227852], [-95.68855, 30.217138], [-95.687987, 30.215865], [-95.681842, 30.20597], [-95.680405, 30.203446], [-95.679954, 30.201561], [-95.679671, 30.191649], [-95.679835, 30.190946], [-95.680827, 30.189295], [-95.681943, 30.184859], [-95.683456, 30.182294], [-95.683774, 30.181237], [-95.683977, 30.17859], [-95.683944, 30.177033], [-95.683348, 30.171786], [-95.683366, 30.171261], [-95.679313, 30.168977], [-95.67536, 30.166697], [-95.6738, 30.165009], [-95.667916, 30.155503], [-95.652111, 30.129828], [-95.649666, 30.125022], [-95.648194, 30.122501], [-95.645694, 30.119181], [-95.643799, 30.120387], [-95.64304, 30.120007], [-95.641263, 30.120776], [-95.639853, 30.122222], [-95.638917, 30.122579], [-95.638828, 30.123354], [-95.638183, 30.123276], [-95.638461, 30.124222], [-95.637607, 30.124629], [-95.637854, 30.125307], [-95.636923, 30.125766], [-95.636613, 30.12642], [-95.635747, 30.126337], [-95.6349, 30.125595], [-95.633919, 30.126441], [-95.631605, 30.126863], [-95.629656, 30.127813], [-95.628031, 30.127851], [-95.626811, 30.127268], [-95.626394, 30.126394], [-95.623933, 30.126741], [-95.623396, 30.127324], [-95.624035, 30.128505], [-95.626001, 30.128928], [-95.624732, 30.130368], [-95.625481, 30.130934], [-95.625284, 30.131951], [-95.623773, 30.133755], [-95.623894, 30.134634], [-95.623154, 30.135839], [-95.621909, 30.135988], [-95.619629, 30.135493], [-95.619888, 30.135732], [-95.625937, 30.139092], [-95.637306, 30.14548], [-95.638894, 30.148839], [-95.644117, 30.160249], [-95.652833, 30.179204], [-95.657027, 30.188116], [-95.6582, 30.189579], [-95.659486, 30.19061], [-95.661407, 30.191535], [-95.661304, 30.191814], [-95.66146, 30.192571], [-95.661498, 30.198214], [-95.662921, 30.200945], [-95.66302, 30.204837], [-95.662121, 30.204629], [-95.661541, 30.204057], [-95.659774, 30.20321], [-95.657558, 30.201722], [-95.656081, 30.19989], [-95.652573, 30.198082], [-95.65157, 30.196983], [-95.650937, 30.195128], [-95.649434, 30.194144], [-95.646691, 30.192771], [-95.644151, 30.193666], [-95.644167, 30.197249], [-95.643698, 30.197262], [-95.643711, 30.200612], [-95.642772, 30.201525], [-95.633685, 30.201421], [-95.633669, 30.202599], [-95.635567, 30.202736], [-95.636833, 30.203194], [-95.638969, 30.203194], [-95.640445, 30.202643], [-95.641606, 30.202941], [-95.642898, 30.204086], [-95.644586, 30.204566], [-95.645694, 30.205368], [-95.646591, 30.206787], [-95.648041, 30.207589], [-95.649229, 30.208825], [-95.65089, 30.210176], [-95.651392, 30.211229], [-95.652445, 30.212142], [-95.652817, 30.212786], [-95.652554, 30.214115], [-95.652712, 30.214916], [-95.653637, 30.215418], [-95.652825, 30.215919], [-95.652526, 30.217128], [-95.653492, 30.219256], [-95.65442, 30.220189], [-95.655702, 30.220606], [-95.658062, 30.220574], [-95.65795, 30.222398], [-95.663783, 30.222378], [-95.665375, 30.222546], [-95.66778, 30.22309], [-95.669184, 30.223235], [-95.681652, 30.223119], [-95.683603, 30.2234], [-95.68658, 30.224867], [-95.690771, 30.22758], [-95.691806, 30.227852]]]}},
    {"type": "Feature", "properties": {"name": "Census tract 6904.06", "description": "Montgomery County", "Population": 4733, "Housing units": 1685, "Vacant housing units": 0, "Vacancy rate (%)": 0.0, "Median gross rent ($ a month)": 2068.0, "Median gross rent ($ a month) margin": 1043.0, "Median home value ($)": 473000.0, "Median home value ($) margin": 85332.0, "Median household income ($ a year)": 135656.0, "Median household income ($ a year) margin": 39686.0, "Survey years": "2020 to 2024", "id": "48339690406"}, "geometry": {"type": "Polygon", "coordinates": [[[-95.652445, 30.212142], [-95.650167, 30.212024], [-95.649146, 30.211044], [-95.646767, 30.210363], [-95.644854, 30.209037], [-95.641515, 30.207933], [-95.638661, 30.207884], [-95.637189, 30.20802], [-95.635963, 30.208471], [-95.63483, 30.210074], [-95.634576, 30.211324], [-95.634577, 30.21514], [-95.632249, 30.215156], [-95.632249, 30.211291], [-95.631862, 30.210923], [-95.633713, 30.209317], [-95.633708, 30.208573], [-95.618854, 30.208909], [-95.618835, 30.208554], [-95.595361, 30.208554], [-95.595455, 30.212878], [-95.591374, 30.212897], [-95.591337, 30.212129], [-95.585309, 30.212185], [-95.585309, 30.211287], [-95.584014, 30.211005], [-95.583724, 30.209425], [-95.583144, 30.2086], [-95.582485, 30.206264], [-95.581378, 30.205851], [-95.579426, 30.206263], [-95.578404, 30.205901], [-95.570876, 30.210369], [-95.569055, 30.212154], [-95.568156, 30.214332], [-95.568073, 30.215317], [-95.568191, 30.220913], [-95.576999, 30.220634], [-95.578666, 30.220629], [-95.602012, 30.22141], [-95.616813, 30.221846], [-95.61929, 30.221922], [-95.628461, 30.221786], [-95.634668, 30.222283], [-95.644726, 30.222284], [-95.650534, 30.222428], [-95.65795, 30.222398], [-95.658062, 30.220574], [-95.655702, 30.220606], [-95.65442, 30.220189], [-95.653492, 30.219256], [-95.652526, 30.217128], [-95.652825, 30.215919], [-95.653637, 30.215418], [-95.652712, 30.214916], [-95.652554, 30.214115], [-95.652817, 30.212786], [-95.652445, 30.212142]]]}},
    {"type": "Feature", "properties": {"name": "Census tract 6904.07", "description": "Montgomery County", "Population": 4193, "Housing units": 1474, "Vacant housing units": 25, "Vacancy rate (%)": 1.7, "Median gross rent ($ a month)": 1245.0, "Median gross rent ($ a month) margin": 170.0, "Median home value ($)": 279100.0, "Median home value ($) margin": 47254.0, "Median household income ($ a year)": 63496.0, "Median household income ($ a year) margin": 31004.0, "Survey years": "2020 to 2024", "id": "48339690407"}, "geometry": {"type": "Polygon", "coordinates": [[[-95.661304, 30.191814], [-95.660587, 30.191493], [-95.656477, 30.190979], [-95.645871, 30.189848], [-95.643065, 30.189603], [-95.636513, 30.18933], [-95.634773, 30.188704], [-95.629983, 30.186139], [-95.625489, 30.181879], [-95.624284, 30.182091], [-95.604585, 30.182079], [-95.60448, 30.180866], [-95.602081, 30.179193], [-95.602239, 30.178186], [-95.600972, 30.175504], [-95.600565, 30.177177], [-95.599749, 30.178444], [-95.59687, 30.181642], [-95.594227, 30.185787], [-95.590182, 30.192798], [-95.588829, 30.194898], [-95.579762, 30.20475], [-95.578404, 30.205901], [-95.579426, 30.206263], [-95.581378, 30.205851], [-95.582485, 30.206264], [-95.583144, 30.2086], [-95.583724, 30.209425], [-95.584014, 30.211005], [-95.585309, 30.211287], [-95.585309, 30.212185], [-95.591337, 30.212129], [-95.591374, 30.212897], [-95.595455, 30.212878], [-95.595361, 30.208554], [-95.618835, 30.208554], [-95.618854, 30.208909], [-95.633708, 30.208573], [-95.633713, 30.209317], [-95.631862, 30.210923], [-95.632249, 30.211291], [-95.632249, 30.215156], [-95.634577, 30.21514], [-95.634576, 30.211324], [-95.63483, 30.210074], [-95.635963, 30.208471], [-95.637189, 30.20802], [-95.638661, 30.207884], [-95.641515, 30.207933], [-95.644854, 30.209037], [-95.646767, 30.210363], [-95.649146, 30.211044], [-95.650167, 30.212024], [-95.652445, 30.212142], [-95.651392, 30.211229], [-95.65089, 30.210176], [-95.649229, 30.208825], [-95.648041, 30.207589], [-95.646591, 30.206787], [-95.645694, 30.205368], [-95.644586, 30.204566], [-95.642898, 30.204086], [-95.641606, 30.202941], [-95.640445, 30.202643], [-95.638969, 30.203194], [-95.636833, 30.203194], [-95.635567, 30.202736], [-95.633669, 30.202599], [-95.633685, 30.201421], [-95.642772, 30.201525], [-95.643711, 30.200612], [-95.643698, 30.197262], [-95.644167, 30.197249], [-95.644151, 30.193666], [-95.646691, 30.192771], [-95.649434, 30.194144], [-95.650937, 30.195128], [-95.65157, 30.196983], [-95.652573, 30.198082], [-95.656081, 30.19989], [-95.657558, 30.201722], [-95.659774, 30.20321], [-95.661541, 30.204057], [-95.662121, 30.204629], [-95.66302, 30.204837], [-95.662921, 30.200945], [-95.661498, 30.198214], [-95.66146, 30.192571], [-95.661304, 30.191814]]]}},
    {"type": "Feature", "properties": {"name": "Census tract 6904.08", "description": "Montgomery County", "Population": 6045, "Housing units": 2026, "Vacant housing units": 228, "Vacancy rate (%)": 11.3, "Median gross rent ($ a month)": 2565.0, "Median gross rent ($ a month) margin": 529.0, "Median home value ($)": 352100.0, "Median home value ($) margin": 46444.0, "Median household income ($ a year)": 112550.0, "Median household income ($ a year) margin": 36993.0, "Survey years": "2020 to 2024", "id": "48339690408"}, "geometry": {"type": "Polygon", "coordinates": [[[-95.661304, 30.191814], [-95.661407, 30.191535], [-95.659486, 30.19061], [-95.6582, 30.189579], [-95.657027, 30.188116], [-95.652833, 30.179204], [-95.644117, 30.160249], [-95.638894, 30.148839], [-95.637306, 30.14548], [-95.625937, 30.139092], [-95.619888, 30.135732], [-95.619629, 30.135493], [-95.618917, 30.135906], [-95.618557, 30.135313], [-95.617342, 30.135011], [-95.616868, 30.13572], [-95.616071, 30.134973], [-95.613491, 30.135414], [-95.612188, 30.134881], [-95.6111, 30.135052], [-95.609513, 30.134767], [-95.608083, 30.134218], [-95.606281, 30.133987], [-95.605971, 30.134455], [-95.605515, 30.133586], [-95.604421, 30.133906], [-95.603656, 30.133471], [-95.60315, 30.133829], [-95.601872, 30.132955], [-95.602163, 30.133659], [-95.601132, 30.13278], [-95.600184, 30.133374], [-95.598489, 30.133347], [-95.597382, 30.133583], [-95.597389, 30.134265], [-95.596757, 30.13446], [-95.596927, 30.135423], [-95.59686, 30.139783], [-95.597255, 30.150769], [-95.597936, 30.154128], [-95.598035, 30.155531], [-95.5979, 30.158518], [-95.598026, 30.168817], [-95.598933, 30.171115], [-95.599912, 30.172408], [-95.600887, 30.174418], [-95.600972, 30.175504], [-95.602239, 30.178186], [-95.602081, 30.179193], [-95.60448, 30.180866], [-95.604585, 30.182079], [-95.624284, 30.182091], [-95.625489, 30.181879], [-95.629983, 30.186139], [-95.634773, 30.188704], [-95.636513, 30.18933], [-95.643065, 30.189603], [-95.645871, 30.189848], [-95.656477, 30.190979], [-95.660587, 30.191493], [-95.661304, 30.191814]]]}},
    {"type": "Feature", "properties": {"name": "Census tract 6905.01", "description": "Montgomery County", "Population": 5252, "Housing units": 2573, "Vacant housing units": 398, "Vacancy rate (%)": 15.5, "Median gross rent ($ a month)": 1837.0, "Median gross rent ($ a month) margin": 122.0, "Median home value ($)": 434400.0, "Median home value ($) margin": 24433.0, "Median household income ($ a year)": 109893.0, "Median household income ($ a year) margin": 52477.0, "Survey years": "2020 to 2024", "id": "48339690501"}, "geometry": {"type": "Polygon", "coordinates": [[[-95.579034, 30.253614], [-95.578887, 30.247597], [-95.578025, 30.246142], [-95.576607, 30.245251], [-95.572548, 30.24312], [-95.571462, 30.242034], [-95.571003, 30.24112], [-95.570779, 30.239354], [-95.56883, 30.237332], [-95.567541, 30.236328], [-95.56738, 30.227631], [-95.567566, 30.224827], [-95.568156, 30.222538], [-95.568191, 30.220913], [-95.560571, 30.22373], [-95.55743, 30.224275], [-95.542484, 30.224398], [-95.541551, 30.224456], [-95.535381, 30.23743], [-95.534868, 30.238319], [-95.536418, 30.239688], [-95.537236, 30.239711], [-95.540875, 30.241614], [-95.542299, 30.241157], [-95.543966, 30.242623], [-95.544009, 30.244732], [-95.548536, 30.244708], [-95.548583, 30.246295], [-95.544897, 30.246366], [-95.545402, 30.258139], [-95.54614, 30.258735], [-95.548595, 30.257889], [-95.549281, 30.257363], [-95.550389, 30.257638], [-95.551129, 30.256677], [-95.552422, 30.256242], [-95.552527, 30.256769], [-95.553978, 30.256426], [-95.555429, 30.256588], [-95.555747, 30.255442], [-95.558333, 30.254482], [-95.559335, 30.255055], [-95.55857, 30.25565], [-95.559941, 30.256429], [-95.560733, 30.255766], [-95.560785, 30.257002], [-95.562131, 30.256453], [-95.562632, 30.25753], [-95.56403, 30.257783], [-95.565059, 30.2576], [-95.566431, 30.258036], [-95.566748, 30.256593], [-95.568384, 30.256571], [-95.569229, 30.256113], [-95.570389, 30.256869], [-95.571102, 30.256572], [-95.57155, 30.257213], [-95.572262, 30.256618], [-95.57345, 30.256252], [-95.574426, 30.256802], [-95.575007, 30.255634], [-95.576088, 30.255726], [-95.576986, 30.254719], [-95.576987, 30.253619], [-95.578253, 30.253941], [-95.579034, 30.253614]]]}},
    {"type": "Feature", "properties": {"name": "Census tract 6905.02", "description": "Montgomery County", "Population": 5627, "Housing units": 2277, "Vacant housing units": 146, "Vacancy rate (%)": 6.4, "Median gross rent ($ a month)": 2102.0, "Median gross rent ($ a month) margin": 316.0, "Median home value ($)": 375900.0, "Median home value ($) margin": 24782.0, "Median household income ($ a year)": 125827.0, "Median household income ($ a year) margin": 17413.0, "Survey years": "2020 to 2024", "id": "48339690502"}, "geometry": {"type": "Polygon", "coordinates": [[[-95.541551, 30.224456], [-95.528363, 30.226507], [-95.522531, 30.227566], [-95.521208, 30.227827], [-95.516376, 30.22876], [-95.516329, 30.238489], [-95.506788, 30.238672], [-95.506833, 30.246952], [-95.501506, 30.247152], [-95.501201, 30.249241], [-95.501275, 30.251669], [-95.502917, 30.252542], [-95.503061, 30.26145], [-95.500144, 30.261487], [-95.499493, 30.26133], [-95.496759, 30.259548], [-95.495689, 30.25864], [-95.491946, 30.261768], [-95.488623, 30.262065], [-95.48754, 30.262358], [-95.487964, 30.264099], [-95.488995, 30.26506], [-95.490078, 30.266502], [-95.491214, 30.267097], [-95.49219, 30.267233], [-95.493642, 30.267896], [-95.496439, 30.267939], [-95.497521, 30.267412], [-95.499105, 30.268074], [-95.499977, 30.268875], [-95.501825, 30.269925], [-95.502669, 30.270979], [-95.503935, 30.271393], [-95.50433, 30.272309], [-95.505569, 30.272837], [-95.507074, 30.272289], [-95.508156, 30.272679], [-95.509396, 30.272566], [-95.510981, 30.27101], [-95.511984, 30.270736], [-95.512538, 30.271263], [-95.515097, 30.271998], [-95.515835, 30.272892], [-95.516229, 30.274129], [-95.516836, 30.274771], [-95.518577, 30.274772], [-95.519212, 30.273421], [-95.52003, 30.273216], [-95.520532, 30.27246], [-95.520375, 30.271109], [-95.520825, 30.270193], [-95.519717, 30.270192], [-95.520668, 30.268567], [-95.523175, 30.268454], [-95.523571, 30.26889], [-95.523464, 30.269966], [-95.524229, 30.269898], [-95.525973, 30.268067], [-95.526396, 30.266739], [-95.527664, 30.265778], [-95.529644, 30.264886], [-95.530146, 30.264314], [-95.532046, 30.263467], [-95.533419, 30.262552], [-95.535292, 30.262897], [-95.5359, 30.262187], [-95.536639, 30.262165], [-95.537825, 30.263655], [-95.537349, 30.264067], [-95.539539, 30.264755], [-95.5407, 30.264664], [-95.542812, 30.263795], [-95.542892, 30.262673], [-95.544317, 30.262193], [-95.544661, 30.261552], [-95.545531, 30.261621], [-95.545402, 30.258139], [-95.544897, 30.246366], [-95.548583, 30.246295], [-95.548536, 30.244708], [-95.544009, 30.244732], [-95.543966, 30.242623], [-95.542299, 30.241157], [-95.540875, 30.241614], [-95.537236, 30.239711], [-95.536418, 30.239688], [-95.534868, 30.238319], [-95.535381, 30.23743], [-95.541551, 30.224456]]]}},
    {"type": "Feature", "properties": {"name": "Census tract 6905.03", "description": "Montgomery County", "Population": 7753, "Housing units": 2790, "Vacant housing units": 194, "Vacancy rate (%)": 7.0, "Median gross rent ($ a month)": 1812.0, "Median gross rent ($ a month) margin": 265.0, "Median home value ($)": 445400.0, "Median home value ($) margin": 36266.0, "Median household income ($ a year)": 137188.0, "Median household income ($ a year) margin": 33437.0, "Survey years": "2020 to 2024", "id": "48339690503"}, "geometry": {"type": "Polygon", "coordinates": [[[-95.516376, 30.22876], [-95.51149, 30.229653], [-95.496564, 30.231848], [-95.493325, 30.232407], [-95.485855, 30.234105], [-95.480618, 30.235067], [-95.471167, 30.23648], [-95.469549, 30.236644], [-95.458804, 30.236741], [-95.458412, 30.241431], [-95.457585, 30.244957], [-95.458918, 30.245846], [-95.460582, 30.247379], [-95.462508, 30.247698], [-95.465359, 30.248818], [-95.466625, 30.248703], [-95.467942, 30.247167], [-95.469393, 30.24728], [-95.470027, 30.247944], [-95.471268, 30.248539], [-95.473168, 30.248926], [-95.473696, 30.249407], [-95.47386, 30.25078], [-95.474309, 30.25126], [-95.475628, 30.251534], [-95.477054, 30.252678], [-95.478374, 30.253296], [-95.480432, 30.253477], [-95.48133, 30.253958], [-95.481912, 30.255652], [-95.483786, 30.256063], [-95.484869, 30.256749], [-95.484896, 30.257482], [-95.484238, 30.258971], [-95.484345, 30.260392], [-95.484741, 30.260758], [-95.486272, 30.261169], [-95.48754, 30.262358], [-95.488623, 30.262065], [-95.491946, 30.261768], [-95.495689, 30.25864], [-95.496759, 30.259548], [-95.499493, 30.26133], [-95.500144, 30.261487], [-95.503061, 30.26145], [-95.502917, 30.252542], [-95.501275, 30.251669], [-95.501201, 30.249241], [-95.501506, 30.247152], [-95.506833, 30.246952], [-95.506788, 30.238672], [-95.516329, 30.238489], [-95.516376, 30.22876]]]}},
    {"type": "Feature", "properties": {"name": "Census tract 6906.03", "description": "Montgomery County", "Population": 4777, "Housing units": 1750, "Vacant housing units": 212, "Vacancy rate (%)": 12.1, "Median gross rent ($ a month)": 2394.0, "Median gross rent ($ a month) margin": 283.0, "Median home value ($)": 622500.0, "Median home value ($) margin": 53005.0, "Median household income ($ a year)": 219000.0, "Median household income ($ a year) margin": 24616.0, "Survey years": "2020 to 2024", "id": "48339690603"}, "geometry": {"type": "Polygon", "coordinates": [[[-95.596757, 30.13446], [-95.596086, 30.133886], [-95.596023, 30.134639], [-95.595005, 30.135129], [-95.594467, 30.134348], [-95.594132, 30.135574], [-95.59331, 30.13531], [-95.591932, 30.135624], [-95.590958, 30.13663], [-95.590458, 30.136026], [-95.590275, 30.136729], [-95.589554, 30.136883], [-95.5881, 30.137829], [-95.58688, 30.140111], [-95.586892, 30.140897], [-95.585457, 30.142013], [-95.585186, 30.1448], [-95.584136, 30.145482], [-95.584231, 30.146565], [-95.582941, 30.147554], [-95.582258, 30.147439], [-95.582277, 30.148198], [-95.580614, 30.149908], [-95.579792, 30.150111], [-95.578925, 30.149825], [-95.578621, 30.150188], [-95.577496, 30.150111], [-95.576692, 30.150744], [-95.575946, 30.150832], [-95.575352, 30.151689], [-95.574232, 30.151997], [-95.573656, 30.151547], [-95.571904, 30.151778], [-95.571797, 30.152707], [-95.569836, 30.153641], [-95.570507, 30.155571], [-95.57026, 30.156209], [-95.569292, 30.156533], [-95.569919, 30.157407], [-95.569552, 30.157858], [-95.568034, 30.158506], [-95.568053, 30.159238], [-95.567249, 30.159199], [-95.565946, 30.160502], [-95.565193, 30.160683], [-95.563359, 30.160073], [-95.562682, 30.16026], [-95.562132, 30.158837], [-95.560632, 30.159414], [-95.560164, 30.15921], [-95.560246, 30.158331], [-95.557374, 30.161041], [-95.55771, 30.161629], [-95.558583, 30.161629], [-95.558228, 30.162525], [-95.559253, 30.163108], [-95.5585, 30.163949], [-95.558589, 30.164966], [-95.558045, 30.165527], [-95.557431, 30.164889], [-95.557349, 30.165884], [-95.556856, 30.165834], [-95.556634, 30.166642], [-95.555945, 30.167379], [-95.555331, 30.167313], [-95.552971, 30.168841], [-95.552946, 30.169897], [-95.552205, 30.170501], [-95.551421, 30.170606], [-95.550649, 30.170116], [-95.549865, 30.170177], [-95.549207, 30.16944], [-95.548397, 30.169292], [-95.548131, 30.170056], [-95.547176, 30.169055], [-95.545695, 30.169533], [-95.544949, 30.168995], [-95.544683, 30.169401], [-95.542937, 30.170484], [-95.541399, 30.170279], [-95.537551, 30.175975], [-95.534745, 30.179683], [-95.537926, 30.181283], [-95.539713, 30.181755], [-95.542273, 30.181818], [-95.548598, 30.181106], [-95.551939, 30.181082], [-95.554018, 30.181366], [-95.557237, 30.182348], [-95.56296, 30.185008], [-95.565341, 30.186494], [-95.568873, 30.182909], [-95.570342, 30.180743], [-95.571077, 30.179948], [-95.572247, 30.179243], [-95.573563, 30.179131], [-95.575174, 30.179505], [-95.578215, 30.179175], [-95.577513, 30.177804], [-95.57686, 30.177413], [-95.576782, 30.174171], [-95.583281, 30.174207], [-95.583212, 30.169778], [-95.583317, 30.168645], [-95.583893, 30.16877], [-95.583471, 30.167991], [-95.584684, 30.167615], [-95.584198, 30.167056], [-95.585132, 30.167075], [-95.586266, 30.166502], [-95.587004, 30.166686], [-95.59144, 30.166639], [-95.591803, 30.166396], [-95.595526, 30.166465], [-95.595633, 30.168147], [-95.597533, 30.168183], [-95.597568, 30.1689], [-95.595669, 30.169187], [-95.595913, 30.170512], [-95.597125, 30.17168], [-95.598786, 30.173742], [-95.600157, 30.175185], [-95.600972, 30.175504], [-95.600887, 30.174418], [-95.599912, 30.172408], [-95.598933, 30.171115], [-95.598026, 30.168817], [-95.5979, 30.158518], [-95.598035, 30.155531], [-95.597936, 30.154128], [-95.597255, 30.150769], [-95.59686, 30.139783], [-95.596927, 30.135423], [-95.596757, 30.13446]]]}},
    {"type": "Feature", "properties": {"name": "Census tract 6906.04", "description": "Montgomery County", "Population": 7609, "Housing units": 3439, "Vacant housing units": 692, "Vacancy rate (%)": 20.1, "Median gross rent ($ a month)": 2269.0, "Median gross rent ($ a month) margin": 299.0, "Median home value ($)": 496500.0, "Median home value ($) margin": 66592.0, "Median household income ($ a year)": 130284.0, "Median household income ($ a year) margin": 46331.0, "Survey years": "2020 to 2024", "id": "48339690604"}, "geometry": {"type": "Polygon", "coordinates": [[[-95.600972, 30.175504], [-95.600157, 30.175185], [-95.598786, 30.173742], [-95.597125, 30.17168], [-95.595913, 30.170512], [-95.595669, 30.169187], [-95.597568, 30.1689], [-95.597533, 30.168183], [-95.595633, 30.168147], [-95.595526, 30.166465], [-95.591803, 30.166396], [-95.59144, 30.166639], [-95.587004, 30.166686], [-95.586266, 30.166502], [-95.585132, 30.167075], [-95.584198, 30.167056], [-95.584684, 30.167615], [-95.583471, 30.167991], [-95.583893, 30.16877], [-95.583317, 30.168645], [-95.583212, 30.169778], [-95.583281, 30.174207], [-95.576782, 30.174171], [-95.57686, 30.177413], [-95.577513, 30.177804], [-95.578215, 30.179175], [-95.575174, 30.179505], [-95.573563, 30.179131], [-95.572247, 30.179243], [-95.571077, 30.179948], [-95.570342, 30.180743], [-95.568873, 30.182909], [-95.565341, 30.186494], [-95.566377, 30.187244], [-95.568117, 30.187998], [-95.570731, 30.18823], [-95.572857, 30.187723], [-95.575817, 30.186307], [-95.578534, 30.186085], [-95.580871, 30.186623], [-95.582009, 30.187262], [-95.585266, 30.190382], [-95.587389, 30.191638], [-95.590182, 30.192798], [-95.594227, 30.185787], [-95.59687, 30.181642], [-95.599749, 30.178444], [-95.600565, 30.177177], [-95.600972, 30.175504]]]}},
    {"type": "Feature", "properties": {"name": "Census tract 6906.05", "description": "Montgomery County", "Population": 5252, "Housing units": 1926, "Vacant housing units": 166, "Vacancy rate (%)": 8.6, "Median gross rent ($ a month)": 1953.0, "Median gross rent ($ a month) margin": 526.0, "Median home value ($)": 665400.0, "Median home value ($) margin": 131311.0, "Median household income ($ a year)": 250001.0, "Survey years": "2020 to 2024", "id": "48339690605"}, "geometry": {"type": "Polygon", "coordinates": [[[-95.565341, 30.186494], [-95.56296, 30.185008], [-95.557237, 30.182348], [-95.554018, 30.181366], [-95.551939, 30.181082], [-95.548598, 30.181106], [-95.542273, 30.181818], [-95.539713, 30.181755], [-95.537926, 30.181283], [-95.534745, 30.179683], [-95.533726, 30.180918], [-95.532802, 30.182835], [-95.532716, 30.184363], [-95.533223, 30.186073], [-95.53396, 30.187458], [-95.535825, 30.190385], [-95.536577, 30.192692], [-95.536226, 30.195005], [-95.535466, 30.196374], [-95.538004, 30.19752], [-95.538478, 30.198299], [-95.539512, 30.198782], [-95.539162, 30.20075], [-95.540253, 30.201085], [-95.541473, 30.200883], [-95.543312, 30.201203], [-95.544109, 30.202373], [-95.545067, 30.202284], [-95.547167, 30.202881], [-95.54863, 30.202886], [-95.550354, 30.203548], [-95.55158, 30.204765], [-95.553465, 30.20512], [-95.554633, 30.203451], [-95.555165, 30.202076], [-95.556183, 30.200245], [-95.556968, 30.199267], [-95.559141, 30.197875], [-95.560274, 30.196719], [-95.561496, 30.194706], [-95.563232, 30.193306], [-95.564036, 30.191888], [-95.564191, 30.188701], [-95.564609, 30.18735], [-95.565341, 30.186494]]]}},
    {"type": "Feature", "properties": {"name": "Census tract 6906.06", "description": "Montgomery County", "Population": 6098, "Housing units": 1961, "Vacant housing units": 74, "Vacancy rate (%)": 3.8, "Median gross rent ($ a month)": 1383.0, "Median gross rent ($ a month) margin": 71.0, "Median home value ($)": 945700.0, "Median home value ($) margin": 53310.0, "Median household income ($ a year)": 243698.0, "Median household income ($ a year) margin": 28098.0, "Survey years": "2020 to 2024", "id": "48339690606"}, "geometry": {"type": "Polygon", "coordinates": [[[-95.590182, 30.192798], [-95.587389, 30.191638], [-95.585266, 30.190382], [-95.582009, 30.187262], [-95.580871, 30.186623], [-95.578534, 30.186085], [-95.575817, 30.186307], [-95.572857, 30.187723], [-95.570731, 30.18823], [-95.568117, 30.187998], [-95.566377, 30.187244], [-95.565341, 30.186494], [-95.564609, 30.18735], [-95.564191, 30.188701], [-95.564036, 30.191888], [-95.563232, 30.193306], [-95.561496, 30.194706], [-95.560274, 30.196719], [-95.559141, 30.197875], [-95.556968, 30.199267], [-95.556183, 30.200245], [-95.555165, 30.202076], [-95.554633, 30.203451], [-95.553465, 30.20512], [-95.555587, 30.206256], [-95.556721, 30.206302], [-95.55978, 30.207288], [-95.56065, 30.207036], [-95.562311, 30.207403], [-95.564737, 30.207267], [-95.566663, 30.206351], [-95.567665, 30.206695], [-95.568773, 30.206237], [-95.570038, 30.206421], [-95.570776, 30.206879], [-95.572227, 30.206765], [-95.573519, 30.207017], [-95.573941, 30.206307], [-95.575445, 30.205369], [-95.576974, 30.205117], [-95.578404, 30.205901], [-95.579762, 30.20475], [-95.588829, 30.194898], [-95.590182, 30.192798]]]}},
    {"type": "Feature", "properties": {"name": "Census tract 6906.07", "description": "Montgomery County", "Population": 6187, "Housing units": 1981, "Vacant housing units": 126, "Vacancy rate (%)": 6.4, "Median gross rent ($ a month)": 1767.0, "Median gross rent ($ a month) margin": 35.0, "Median home value ($)": 508400.0, "Median home value ($) margin": 71277.0, "Median household income ($ a year)": 161164.0, "Median household income ($ a year) margin": 27853.0, "Survey years": "2020 to 2024", "id": "48339690607"}, "geometry": {"type": "Polygon", "coordinates": [[[-95.553465, 30.20512], [-95.55158, 30.204765], [-95.550354, 30.203548], [-95.54863, 30.202886], [-95.547167, 30.202881], [-95.545067, 30.202284], [-95.544109, 30.202373], [-95.543312, 30.201203], [-95.541473, 30.200883], [-95.540253, 30.201085], [-95.539162, 30.20075], [-95.539512, 30.198782], [-95.538478, 30.198299], [-95.538004, 30.19752], [-95.535466, 30.196374], [-95.532155, 30.201628], [-95.531061, 30.202625], [-95.528071, 30.204752], [-95.526983, 30.206042], [-95.526038, 30.20758], [-95.529429, 30.209205], [-95.533024, 30.211677], [-95.53586, 30.213054], [-95.542752, 30.215256], [-95.545074, 30.215871], [-95.545542, 30.214252], [-95.546951, 30.211732], [-95.547488, 30.211119], [-95.549891, 30.209236], [-95.551712, 30.206922], [-95.553465, 30.20512]]]}},
    {"type": "Feature", "properties": {"name": "Census tract 6906.08", "description": "Montgomery County", "Population": 4966, "Housing units": 1952, "Vacant housing units": 163, "Vacancy rate (%)": 8.4, "Median gross rent ($ a month)": 1249.0, "Median gross rent ($ a month) margin": 174.0, "Median home value ($)": 436800.0, "Median home value ($) margin": 46654.0, "Median household income ($ a year)": 133281.0, "Median household income ($ a year) margin": 45291.0, "Survey years": "2020 to 2024", "id": "48339690608"}, "geometry": {"type": "Polygon", "coordinates": [[[-95.578404, 30.205901], [-95.576974, 30.205117], [-95.575445, 30.205369], [-95.573941, 30.206307], [-95.573519, 30.207017], [-95.572227, 30.206765], [-95.570776, 30.206879], [-95.570038, 30.206421], [-95.568773, 30.206237], [-95.567665, 30.206695], [-95.566663, 30.206351], [-95.564737, 30.207267], [-95.562311, 30.207403], [-95.56065, 30.207036], [-95.55978, 30.207288], [-95.556721, 30.206302], [-95.555587, 30.206256], [-95.553465, 30.20512], [-95.551712, 30.206922], [-95.549891, 30.209236], [-95.547488, 30.211119], [-95.546951, 30.211732], [-95.545542, 30.214252], [-95.545074, 30.215871], [-95.542752, 30.215256], [-95.542524, 30.216312], [-95.532219, 30.216386], [-95.532119, 30.219441], [-95.530209, 30.219491], [-95.526313, 30.219359], [-95.522519, 30.219402], [-95.522531, 30.227566], [-95.528363, 30.226507], [-95.541551, 30.224456], [-95.542484, 30.224398], [-95.55743, 30.224275], [-95.560571, 30.22373], [-95.568191, 30.220913], [-95.568073, 30.215317], [-95.568156, 30.214332], [-95.569055, 30.212154], [-95.570876, 30.210369], [-95.578404, 30.205901]]]}},
    {"type": "Feature", "properties": {"name": "Census tract 6906.09", "description": "Montgomery County", "Population": 4958, "Housing units": 1912, "Vacant housing units": 0, "Vacancy rate (%)": 0.0, "Median gross rent ($ a month)": 3379.0, "Median gross rent ($ a month) margin": 1225.0, "Median home value ($)": 449400.0, "Median home value ($) margin": 23844.0, "Median household income ($ a year)": 122953.0, "Median household income ($ a year) margin": 11373.0, "Survey years": "2020 to 2024", "id": "48339690609"}, "geometry": {"type": "Polygon", "coordinates": [[[-95.542752, 30.215256], [-95.53586, 30.213054], [-95.533024, 30.211677], [-95.529429, 30.209205], [-95.526038, 30.20758], [-95.523715, 30.206477], [-95.521806, 30.205779], [-95.520341, 30.205479], [-95.516998, 30.205283], [-95.514861, 30.204823], [-95.513651, 30.206063], [-95.507159, 30.207187], [-95.505676, 30.207816], [-95.5067, 30.208943], [-95.509838, 30.210211], [-95.510908, 30.209863], [-95.513101, 30.210496], [-95.513817, 30.211016], [-95.513266, 30.212168], [-95.513455, 30.213518], [-95.514557, 30.214872], [-95.515101, 30.21621], [-95.515338, 30.218103], [-95.516267, 30.218671], [-95.518507, 30.218399], [-95.52048, 30.218434], [-95.520455, 30.222006], [-95.520725, 30.225309], [-95.521208, 30.227827], [-95.522531, 30.227566], [-95.522519, 30.219402], [-95.526313, 30.219359], [-95.530209, 30.219491], [-95.532119, 30.219441], [-95.532219, 30.216386], [-95.542524, 30.216312], [-95.542752, 30.215256]]]}},
    {"type": "Feature", "properties": {"name": "Census tract 6906.10", "description": "Montgomery County", "Population": 7389, "Housing units": 3310, "Vacant housing units": 175, "Vacancy rate (%)": 5.3, "Median gross rent ($ a month)": 1445.0, "Median gross rent ($ a month) margin": 118.0, "Median home value ($)": 482200.0, "Median home value ($) margin": 61990.0, "Median household income ($ a year)": 88403.0, "Median household income ($ a year) margin": 20681.0, "Survey years": "2020 to 2024", "id": "48339690610"}, "geometry": {"type": "Polygon", "coordinates": [[[-95.521208, 30.227827], [-95.520725, 30.225309], [-95.520455, 30.222006], [-95.52048, 30.218434], [-95.518507, 30.218399], [-95.516267, 30.218671], [-95.515338, 30.218103], [-95.515101, 30.21621], [-95.514557, 30.214872], [-95.513455, 30.213518], [-95.513266, 30.212168], [-95.513817, 30.211016], [-95.513101, 30.210496], [-95.510908, 30.209863], [-95.509838, 30.210211], [-95.5067, 30.208943], [-95.505676, 30.207816], [-95.50019, 30.210217], [-95.49856, 30.207886], [-95.496897, 30.206354], [-95.494107, 30.204746], [-95.488922, 30.202746], [-95.486736, 30.202466], [-95.485584, 30.202612], [-95.483842, 30.203268], [-95.480009, 30.205534], [-95.480372, 30.207461], [-95.480489, 30.215515], [-95.480585, 30.226144], [-95.480618, 30.235067], [-95.485855, 30.234105], [-95.493325, 30.232407], [-95.496564, 30.231848], [-95.51149, 30.229653], [-95.516376, 30.22876], [-95.521208, 30.227827]]]}},
    {"type": "Feature", "properties": {"name": "Census tract 6907.01", "description": "Montgomery County", "Population": 6804, "Housing units": 3949, "Vacant housing units": 447, "Vacancy rate (%)": 11.3, "Median gross rent ($ a month)": 1491.0, "Median gross rent ($ a month) margin": 122.0, "Median home value ($)": 406300.0, "Median home value ($) margin": 37723.0, "Median household income ($ a year)": 70744.0, "Median household income ($ a year) margin": 9738.0, "Survey years": "2020 to 2024", "id": "48339690701"}, "geometry": {"type": "Polygon", "coordinates": [[[-95.480618, 30.235067], [-95.480585, 30.226144], [-95.480489, 30.215515], [-95.480372, 30.207461], [-95.480009, 30.205534], [-95.479985, 30.200873], [-95.479345, 30.193793], [-95.479943, 30.191384], [-95.47914, 30.190992], [-95.476846, 30.190487], [-95.473507, 30.19052], [-95.473545, 30.192243], [-95.46624, 30.192332], [-95.466295, 30.197364], [-95.464117, 30.197302], [-95.460612, 30.197551], [-95.457995, 30.198117], [-95.455187, 30.197754], [-95.454427, 30.194417], [-95.454635, 30.197054], [-95.45586, 30.203021], [-95.456346, 30.207592], [-95.458003, 30.226382], [-95.458858, 30.235321], [-95.458804, 30.236741], [-95.469549, 30.236644], [-95.471167, 30.23648], [-95.480618, 30.235067]]]}},
    {"type": "Feature", "properties": {"name": "Census tract 6907.02", "description": "Montgomery County", "Population": 4351, "Housing units": 2289, "Vacant housing units": 84, "Vacancy rate (%)": 3.7, "Median gross rent ($ a month)": 1634.0, "Median gross rent ($ a month) margin": 156.0, "Median home value ($)": 462200.0, "Median home value ($) margin": 120842.0, "Median household income ($ a year)": 116288.0, "Median household income ($ a year) margin": 33313.0, "Survey years": "2020 to 2024", "id": "48339690702"}, "geometry": {"type": "Polygon", "coordinates": [[[-95.479943, 30.191384], [-95.479005, 30.187521], [-95.479479, 30.184631], [-95.479454, 30.183835], [-95.478417, 30.18189], [-95.478876, 30.17733], [-95.476997, 30.176698], [-95.475544, 30.176583], [-95.471352, 30.176737], [-95.469137, 30.176818], [-95.466775, 30.176459], [-95.465754, 30.176494], [-95.463208, 30.176971], [-95.459766, 30.177065], [-95.457794, 30.177343], [-95.455736, 30.177955], [-95.451972, 30.178263], [-95.452776, 30.186231], [-95.453227, 30.189792], [-95.454635, 30.197054], [-95.454427, 30.194417], [-95.455187, 30.197754], [-95.457995, 30.198117], [-95.460612, 30.197551], [-95.464117, 30.197302], [-95.466295, 30.197364], [-95.46624, 30.192332], [-95.473545, 30.192243], [-95.473507, 30.19052], [-95.476846, 30.190487], [-95.47914, 30.190992], [-95.479943, 30.191384]]]}},
    {"type": "Feature", "properties": {"name": "Census tract 6908", "description": "Montgomery County", "Population": 4618, "Housing units": 1653, "Vacant housing units": 69, "Vacancy rate (%)": 4.2, "Median gross rent ($ a month)": 1556.0, "Median gross rent ($ a month) margin": 342.0, "Median home value ($)": 497600.0, "Median home value ($) margin": 41057.0, "Median household income ($ a year)": 150903.0, "Median household income ($ a year) margin": 23609.0, "Survey years": "2020 to 2024", "id": "48339690800"}, "geometry": {"type": "Polygon", "coordinates": [[[-95.514861, 30.204823], [-95.513643, 30.204192], [-95.511948, 30.202627], [-95.510338, 30.200874], [-95.507035, 30.197697], [-95.504935, 30.196352], [-95.502196, 30.195819], [-95.498634, 30.19629], [-95.496772, 30.196211], [-95.495325, 30.195772], [-95.493927, 30.194941], [-95.493031, 30.194042], [-95.492176, 30.192703], [-95.491099, 30.190287], [-95.489494, 30.186795], [-95.488548, 30.185558], [-95.487657, 30.184819], [-95.480602, 30.178635], [-95.478876, 30.17733], [-95.478417, 30.18189], [-95.479454, 30.183835], [-95.479479, 30.184631], [-95.479005, 30.187521], [-95.479943, 30.191384], [-95.479345, 30.193793], [-95.479985, 30.200873], [-95.480009, 30.205534], [-95.483842, 30.203268], [-95.485584, 30.202612], [-95.486736, 30.202466], [-95.488922, 30.202746], [-95.494107, 30.204746], [-95.496897, 30.206354], [-95.49856, 30.207886], [-95.50019, 30.210217], [-95.505676, 30.207816], [-95.507159, 30.207187], [-95.513651, 30.206063], [-95.514861, 30.204823]]]}},
    {"type": "Feature", "properties": {"name": "Census tract 6909", "description": "Montgomery County", "Population": 4363, "Housing units": 1442, "Vacant housing units": 10, "Vacancy rate (%)": 0.7, "Median gross rent ($ a month)": 2420.0, "Median gross rent ($ a month) margin": 842.0, "Median home value ($)": 600000.0, "Median home value ($) margin": 36976.0, "Median household income ($ a year)": 211364.0, "Median household income ($ a year) margin": 35659.0, "Survey years": "2020 to 2024", "id": "48339690900"}, "geometry": {"type": "Polygon", "coordinates": [[[-95.535466, 30.196374], [-95.534367, 30.195503], [-95.532627, 30.19486], [-95.531415, 30.193829], [-95.528831, 30.193117], [-95.527962, 30.192544], [-95.527884, 30.190689], [-95.527621, 30.190299], [-95.524853, 30.189748], [-95.523745, 30.190457], [-95.521846, 30.190914], [-95.520844, 30.190547], [-95.519921, 30.191073], [-95.519157, 30.190546], [-95.51768, 30.190453], [-95.516943, 30.189491], [-95.515704, 30.189261], [-95.515151, 30.188321], [-95.514281, 30.188137], [-95.513226, 30.188388], [-95.511144, 30.187768], [-95.510274, 30.187791], [-95.509271, 30.1885], [-95.508611, 30.189576], [-95.50708, 30.190789], [-95.50476, 30.19026], [-95.502994, 30.190098], [-95.501385, 30.190578], [-95.498651, 30.190194], [-95.497359, 30.190425], [-95.496515, 30.190265], [-95.494931, 30.189053], [-95.494614, 30.188389], [-95.493691, 30.18823], [-95.492347, 30.188872], [-95.491099, 30.190287], [-95.492176, 30.192703], [-95.493031, 30.194042], [-95.493927, 30.194941], [-95.495325, 30.195772], [-95.496772, 30.196211], [-95.498634, 30.19629], [-95.502196, 30.195819], [-95.504935, 30.196352], [-95.507035, 30.197697], [-95.510338, 30.200874], [-95.511948, 30.202627], [-95.513643, 30.204192], [-95.514861, 30.204823], [-95.516998, 30.205283], [-95.520341, 30.205479], [-95.521806, 30.205779], [-95.523715, 30.206477], [-95.526038, 30.20758], [-95.526983, 30.206042], [-95.528071, 30.204752], [-95.531061, 30.202625], [-95.532155, 30.201628], [-95.535466, 30.196374]]]}},
    {"type": "Feature", "properties": {"name": "Census tract 6910", "description": "Montgomery County", "Population": 4479, "Housing units": 1476, "Vacant housing units": 0, "Vacancy rate (%)": 0.0, "Median gross rent ($ a month)": 2788.0, "Median gross rent ($ a month) margin": 122.0, "Median home value ($)": 651100.0, "Median home value ($) margin": 61136.0, "Median household income ($ a year)": 191100.0, "Median household income ($ a year) margin": 32635.0, "Survey years": "2020 to 2024", "id": "48339691000"}, "geometry": {"type": "Polygon", "coordinates": [[[-95.532716, 30.184363], [-95.530897, 30.184493], [-95.52829, 30.184177], [-95.52507, 30.182903], [-95.522411, 30.181562], [-95.517768, 30.180521], [-95.51416, 30.178626], [-95.512785, 30.178202], [-95.511231, 30.178085], [-95.509369, 30.178356], [-95.508339, 30.178733], [-95.505437, 30.180308], [-95.504514, 30.180623], [-95.502605, 30.180837], [-95.499949, 30.180354], [-95.498042, 30.179249], [-95.495883, 30.181074], [-95.493839, 30.181956], [-95.49117, 30.1825], [-95.489231, 30.183459], [-95.487657, 30.184819], [-95.488548, 30.185558], [-95.489494, 30.186795], [-95.491099, 30.190287], [-95.492347, 30.188872], [-95.493691, 30.18823], [-95.494614, 30.188389], [-95.494931, 30.189053], [-95.496515, 30.190265], [-95.497359, 30.190425], [-95.498651, 30.190194], [-95.501385, 30.190578], [-95.502994, 30.190098], [-95.50476, 30.19026], [-95.50708, 30.190789], [-95.508611, 30.189576], [-95.509271, 30.1885], [-95.510274, 30.187791], [-95.511144, 30.187768], [-95.513226, 30.188388], [-95.514281, 30.188137], [-95.515151, 30.188321], [-95.515704, 30.189261], [-95.516943, 30.189491], [-95.51768, 30.190453], [-95.519157, 30.190546], [-95.519921, 30.191073], [-95.520844, 30.190547], [-95.521846, 30.190914], [-95.523745, 30.190457], [-95.524853, 30.189748], [-95.527621, 30.190299], [-95.527884, 30.190689], [-95.527962, 30.192544], [-95.528831, 30.193117], [-95.531415, 30.193829], [-95.532627, 30.19486], [-95.534367, 30.195503], [-95.535466, 30.196374], [-95.536226, 30.195005], [-95.536577, 30.192692], [-95.535825, 30.190385], [-95.53396, 30.187458], [-95.533223, 30.186073], [-95.532716, 30.184363]]]}},
    {"type": "Feature", "properties": {"name": "Census tract 6911", "description": "Montgomery County", "Population": 4209, "Housing units": 1621, "Vacant housing units": 96, "Vacancy rate (%)": 5.9, "Median gross rent ($ a month)": 2688.0, "Median gross rent ($ a month) margin": 235.0, "Median home value ($)": 364700.0, "Median home value ($) margin": 15835.0, "Median household income ($ a year)": 143526.0, "Median household income ($ a year) margin": 15735.0, "Survey years": "2020 to 2024", "id": "48339691100"}, "geometry": {"type": "Polygon", "coordinates": [[[-95.534745, 30.179683], [-95.531904, 30.17819], [-95.530265, 30.177742], [-95.523655, 30.176727], [-95.519936, 30.17594], [-95.517097, 30.175063], [-95.515055, 30.174234], [-95.510748, 30.172112], [-95.509156, 30.171148], [-95.50819, 30.170282], [-95.506771, 30.168437], [-95.504719, 30.169709], [-95.503226, 30.171505], [-95.500672, 30.17593], [-95.499499, 30.177642], [-95.498042, 30.179249], [-95.499949, 30.180354], [-95.502605, 30.180837], [-95.504514, 30.180623], [-95.505437, 30.180308], [-95.508339, 30.178733], [-95.509369, 30.178356], [-95.511231, 30.178085], [-95.512785, 30.178202], [-95.51416, 30.178626], [-95.517768, 30.180521], [-95.522411, 30.181562], [-95.52507, 30.182903], [-95.52829, 30.184177], [-95.530897, 30.184493], [-95.532716, 30.184363], [-95.532802, 30.182835], [-95.533726, 30.180918], [-95.534745, 30.179683]]]}},
    {"type": "Feature", "properties": {"name": "Census tract 6912.01", "description": "Montgomery County", "Population": 3890, "Housing units": 1352, "Vacant housing units": 67, "Vacancy rate (%)": 5.0, "Median gross rent ($ a month)": 3316.0, "Median gross rent ($ a month) margin": 422.0, "Median home value ($)": 574500.0, "Median home value ($) margin": 89235.0, "Median household income ($ a year)": 182063.0, "Median household income ($ a year) margin": 32710.0, "Survey years": "2020 to 2024", "id": "48339691201"}, "geometry": {"type": "Polygon", "coordinates": [[[-95.506771, 30.168437], [-95.504023, 30.165324], [-95.501238, 30.167402], [-95.499826, 30.169024], [-95.49839, 30.173083], [-95.497521, 30.174708], [-95.495509, 30.177137], [-95.494466, 30.175894], [-95.493095, 30.173339], [-95.49214, 30.172068], [-95.490843, 30.171076], [-95.486575, 30.168737], [-95.485077, 30.168293], [-95.48316, 30.168147], [-95.481106, 30.168624], [-95.479542, 30.169299], [-95.476897, 30.169785], [-95.474583, 30.169331], [-95.473411, 30.171254], [-95.47137, 30.173418], [-95.470933, 30.174326], [-95.471806, 30.175687], [-95.471352, 30.176737], [-95.475544, 30.176583], [-95.476997, 30.176698], [-95.478876, 30.17733], [-95.480602, 30.178635], [-95.487657, 30.184819], [-95.489231, 30.183459], [-95.49117, 30.1825], [-95.493839, 30.181956], [-95.495883, 30.181074], [-95.498042, 30.179249], [-95.499499, 30.177642], [-95.500672, 30.17593], [-95.503226, 30.171505], [-95.504719, 30.169709], [-95.506771, 30.168437]]]}},
    {"type": "Feature", "properties": {"name": "Census tract 6912.02", "description": "Montgomery County", "Population": 3661, "Housing units": 1555, "Vacant housing units": 65, "Vacancy rate (%)": 4.2, "Median gross rent ($ a month)": 1375.0, "Median gross rent ($ a month) margin": 484.0, "Median home value ($)": 633300.0, "Median home value ($) margin": 151649.0, "Median household income ($ a year)": 145227.0, "Median household income ($ a year) margin": 54475.0, "Survey years": "2020 to 2024", "id": "48339691202"}, "geometry": {"type": "Polygon", "coordinates": [[[-95.504023, 30.165324], [-95.503082, 30.164336], [-95.500008, 30.161665], [-95.498074, 30.16038], [-95.493585, 30.158249], [-95.487623, 30.155574], [-95.48435, 30.154534], [-95.482708, 30.154367], [-95.482799, 30.155823], [-95.483305, 30.157669], [-95.483045, 30.159256], [-95.482547, 30.160146], [-95.480512, 30.161701], [-95.478907, 30.163237], [-95.477947, 30.165105], [-95.475748, 30.167443], [-95.474583, 30.169331], [-95.476897, 30.169785], [-95.479542, 30.169299], [-95.481106, 30.168624], [-95.48316, 30.168147], [-95.485077, 30.168293], [-95.486575, 30.168737], [-95.490843, 30.171076], [-95.49214, 30.172068], [-95.493095, 30.173339], [-95.494466, 30.175894], [-95.495509, 30.177137], [-95.497521, 30.174708], [-95.49839, 30.173083], [-95.499826, 30.169024], [-95.501238, 30.167402], [-95.504023, 30.165324]]]}},
    {"type": "Feature", "properties": {"name": "Census tract 6913.01", "description": "Montgomery County", "Population": 4495, "Housing units": 1688, "Vacant housing units": 83, "Vacancy rate (%)": 4.9, "Median gross rent ($ a month)": 2409.0, "Median gross rent ($ a month) margin": 308.0, "Median home value ($)": 436700.0, "Median home value ($) margin": 45734.0, "Median household income ($ a year)": 133202.0, "Median household income ($ a year) margin": 10533.0, "Survey years": "2020 to 2024", "id": "48339691301"}, "geometry": {"type": "Polygon", "coordinates": [[[-95.541399, 30.170279], [-95.539508, 30.169401], [-95.538698, 30.168537], [-95.537604, 30.169252], [-95.536996, 30.16923], [-95.536851, 30.168257], [-95.536054, 30.168455], [-95.534719, 30.168069], [-95.535086, 30.167498], [-95.533897, 30.167168], [-95.534074, 30.166596], [-95.532682, 30.165898], [-95.531683, 30.165106], [-95.531626, 30.164595], [-95.530449, 30.165771], [-95.529532, 30.16582], [-95.529115, 30.16483], [-95.528064, 30.164946], [-95.526325, 30.163483], [-95.524978, 30.163351], [-95.524548, 30.162092], [-95.523934, 30.161415], [-95.524359, 30.158738], [-95.523031, 30.158375], [-95.523563, 30.157853], [-95.523215, 30.157056], [-95.522273, 30.156374], [-95.522222, 30.154972], [-95.520957, 30.154944], [-95.520743, 30.154037], [-95.519566, 30.153602], [-95.520003, 30.152904], [-95.518574, 30.152184], [-95.518529, 30.153399], [-95.517915, 30.154097], [-95.5172, 30.154195], [-95.516872, 30.153184], [-95.516163, 30.152689], [-95.515203, 30.151166], [-95.514602, 30.151193], [-95.51309, 30.15039], [-95.512553, 30.149571], [-95.510846, 30.148707], [-95.509688, 30.148475], [-95.508917, 30.147359], [-95.506906, 30.146215], [-95.506761, 30.145594], [-95.504695, 30.145127], [-95.507169, 30.150953], [-95.50876, 30.153488], [-95.509434, 30.155097], [-95.509637, 30.156697], [-95.509106, 30.158973], [-95.508948, 30.160859], [-95.509504, 30.163518], [-95.509473, 30.164788], [-95.508488, 30.166991], [-95.506771, 30.168437], [-95.50819, 30.170282], [-95.509156, 30.171148], [-95.510748, 30.172112], [-95.515055, 30.174234], [-95.517097, 30.175063], [-95.519936, 30.17594], [-95.523655, 30.176727], [-95.530265, 30.177742], [-95.531904, 30.17819], [-95.534745, 30.179683], [-95.537551, 30.175975], [-95.541399, 30.170279]]]}},
    {"type": "Feature", "properties": {"name": "Census tract 6913.02", "description": "Montgomery County", "Population": 5340, "Housing units": 2474, "Vacant housing units": 127, "Vacancy rate (%)": 5.1, "Median gross rent ($ a month)": 1276.0, "Median gross rent ($ a month) margin": 333.0, "Median home value ($)": 259500.0, "Median home value ($) margin": 44106.0, "Median household income ($ a year)": 69115.0, "Median household income ($ a year) margin": 19171.0, "Survey years": "2020 to 2024", "id": "48339691302"}, "geometry": {"type": "Polygon", "coordinates": [[[-95.504695, 30.145127], [-95.503478, 30.145229], [-95.503795, 30.144542], [-95.503125, 30.144751], [-95.502695, 30.14402], [-95.501594, 30.144047], [-95.502256, 30.147164], [-95.502295, 30.147977], [-95.500817, 30.14797], [-95.500292, 30.147555], [-95.489096, 30.147698], [-95.48888, 30.132692], [-95.481667, 30.132759], [-95.479786, 30.133208], [-95.47774, 30.134174], [-95.478996, 30.136133], [-95.480314, 30.136452], [-95.480737, 30.136933], [-95.483189, 30.137778], [-95.484665, 30.13851], [-95.484692, 30.13922], [-95.486195, 30.139883], [-95.486118, 30.14144], [-95.487437, 30.142516], [-95.487545, 30.144623], [-95.486492, 30.145746], [-95.486862, 30.146571], [-95.486309, 30.14664], [-95.486337, 30.147808], [-95.485679, 30.148404], [-95.485654, 30.149527], [-95.485155, 30.151222], [-95.484312, 30.151818], [-95.482784, 30.152324], [-95.482708, 30.154367], [-95.48435, 30.154534], [-95.487623, 30.155574], [-95.493585, 30.158249], [-95.498074, 30.16038], [-95.500008, 30.161665], [-95.503082, 30.164336], [-95.504023, 30.165324], [-95.506771, 30.168437], [-95.508488, 30.166991], [-95.509473, 30.164788], [-95.509504, 30.163518], [-95.508948, 30.160859], [-95.509106, 30.158973], [-95.509637, 30.156697], [-95.509434, 30.155097], [-95.50876, 30.153488], [-95.507169, 30.150953], [-95.504695, 30.145127]]]}},
    {"type": "Feature", "properties": {"name": "Census tract 6914.01", "description": "Montgomery County", "Population": 2602, "Housing units": 995, "Vacant housing units": 47, "Vacancy rate (%)": 4.7, "Median gross rent ($ a month)": 2041.0, "Median gross rent ($ a month) margin": 248.0, "Median home value ($)": 210900.0, "Median home value ($) margin": 57876.0, "Median household income ($ a year)": 88025.0, "Median household income ($ a year) margin": 36390.0, "Survey years": "2020 to 2024", "id": "48339691401"}, "geometry": {"type": "Polygon", "coordinates": [[[-95.501594, 30.144047], [-95.499839, 30.142475], [-95.499382, 30.13966], [-95.498553, 30.13915], [-95.498609, 30.137434], [-95.497242, 30.135753], [-95.498006, 30.135278], [-95.496627, 30.133856], [-95.497, 30.132663], [-95.495772, 30.131812], [-95.496543, 30.130069], [-95.49603, 30.129723], [-95.497042, 30.128826], [-95.496194, 30.128266], [-95.495681, 30.127419], [-95.496073, 30.126892], [-95.495933, 30.126007], [-95.496813, 30.1266], [-95.497735, 30.125846], [-95.497166, 30.125181], [-95.497044, 30.123862], [-95.497721, 30.123707], [-95.497125, 30.121696], [-95.496341, 30.121668], [-95.49591, 30.120228], [-95.49639, 30.119937], [-95.494827, 30.118448], [-95.49336, 30.117684], [-95.492499, 30.116211], [-95.492713, 30.115673], [-95.491764, 30.11492], [-95.492459, 30.113864], [-95.491896, 30.113095], [-95.49225, 30.112776], [-95.491123, 30.110368], [-95.491161, 30.109835], [-95.490326, 30.109594], [-95.488301, 30.107929], [-95.487266, 30.107978], [-95.487223, 30.10858], [-95.488399, 30.112912], [-95.489145, 30.113495], [-95.489037, 30.117629], [-95.488881, 30.119674], [-95.48888, 30.132692], [-95.489096, 30.147698], [-95.500292, 30.147555], [-95.500817, 30.14797], [-95.502295, 30.147977], [-95.502256, 30.147164], [-95.501594, 30.144047]]]}},
    {"type": "Feature", "properties": {"name": "Census tract 6914.02", "description": "Montgomery County", "Population": 4275, "Housing units": 2277, "Vacant housing units": 114, "Vacancy rate (%)": 5.0, "Median gross rent ($ a month)": 1696.0, "Median gross rent ($ a month) margin": 231.0, "Median home value ($)": 849300.0, "Median home value ($) margin": 85758.0, "Median household income ($ a year)": 125365.0, "Median household income ($ a year) margin": 16417.0, "Survey years": "2020 to 2024", "id": "48339691402"}, "geometry": {"type": "Polygon", "coordinates": [[[-95.487266, 30.107978], [-95.485437, 30.107776], [-95.484261, 30.107876], [-95.483072, 30.107073], [-95.482332, 30.107327], [-95.481921, 30.106618], [-95.480276, 30.105656], [-95.479499, 30.106382], [-95.479106, 30.104733], [-95.478013, 30.105102], [-95.477456, 30.104415], [-95.475761, 30.104003], [-95.474844, 30.103256], [-95.474168, 30.103888], [-95.473801, 30.103487], [-95.472992, 30.104603], [-95.471891, 30.103367], [-95.469375, 30.104626], [-95.468402, 30.104313], [-95.467472, 30.103456], [-95.466492, 30.103649], [-95.466088, 30.104292], [-95.466417, 30.105007], [-95.464823, 30.105331], [-95.464305, 30.104265], [-95.463818, 30.104287], [-95.46292, 30.105299], [-95.46175, 30.105222], [-95.460815, 30.105613], [-95.459797, 30.105223], [-95.458785, 30.105261], [-95.458469, 30.104585], [-95.457361, 30.104679], [-95.456704, 30.105226], [-95.45571, 30.104968], [-95.455327, 30.104288], [-95.453391, 30.104853], [-95.453637, 30.105843], [-95.45337, 30.106485], [-95.452597, 30.106554], [-95.452123, 30.107653], [-95.453762, 30.107989], [-95.454526, 30.108468], [-95.454912, 30.109314], [-95.455738, 30.109345], [-95.456081, 30.109896], [-95.458661, 30.110825], [-95.459039, 30.111548], [-95.459797, 30.111904], [-95.459684, 30.112806], [-95.460792, 30.114294], [-95.461767, 30.114821], [-95.463901, 30.114429], [-95.463328, 30.115566], [-95.46306, 30.116806], [-95.463662, 30.11782], [-95.463915, 30.121535], [-95.464329, 30.122943], [-95.465165, 30.124591], [-95.465695, 30.126324], [-95.471908, 30.126237], [-95.472165, 30.126475], [-95.472187, 30.129499], [-95.471978, 30.132194], [-95.472515, 30.133639], [-95.474928, 30.134511], [-95.476465, 30.13467], [-95.47774, 30.134174], [-95.479786, 30.133208], [-95.481667, 30.132759], [-95.48888, 30.132692], [-95.488881, 30.119674], [-95.489037, 30.117629], [-95.489145, 30.113495], [-95.488399, 30.112912], [-95.487223, 30.10858], [-95.487266, 30.107978]]]}},
    {"type": "Feature", "properties": {"name": "Census tract 6914.03", "description": "Montgomery County", "Population": 5459, "Housing units": 2861, "Vacant housing units": 284, "Vacancy rate (%)": 9.9, "Median gross rent ($ a month)": 1694.0, "Median gross rent ($ a month) margin": 89.0, "Median home value ($)": 294600.0, "Median home value ($) margin": 35570.0, "Median household income ($ a year)": 52338.0, "Median household income ($ a year) margin": 30151.0, "Survey years": "2020 to 2024", "id": "48339691403"}, "geometry": {"type": "Polygon", "coordinates": [[[-95.465695, 30.126324], [-95.465165, 30.124591], [-95.464329, 30.122943], [-95.463915, 30.121535], [-95.463662, 30.11782], [-95.46306, 30.116806], [-95.463328, 30.115566], [-95.463901, 30.114429], [-95.461767, 30.114821], [-95.460792, 30.114294], [-95.459684, 30.112806], [-95.459797, 30.111904], [-95.459039, 30.111548], [-95.458661, 30.110825], [-95.456081, 30.109896], [-95.455738, 30.109345], [-95.454912, 30.109314], [-95.454526, 30.108468], [-95.453762, 30.107989], [-95.452123, 30.107653], [-95.45192, 30.10813], [-95.44721, 30.10975], [-95.446553, 30.109433], [-95.445225, 30.109716], [-95.443523, 30.109693], [-95.442176, 30.109055], [-95.440322, 30.109617], [-95.438591, 30.109773], [-95.436642, 30.110366], [-95.438064, 30.114113], [-95.44121, 30.11838], [-95.441789, 30.119603], [-95.442665, 30.123079], [-95.443354, 30.126772], [-95.445327, 30.126714], [-95.453002, 30.126737], [-95.458295, 30.126597], [-95.46101, 30.126872], [-95.465695, 30.126324]]]}},
    {"type": "Feature", "properties": {"name": "Census tract 6915", "description": "Montgomery County", "Population": 5345, "Housing units": 2939, "Vacant housing units": 202, "Vacancy rate (%)": 6.9, "Median gross rent ($ a month)": 1492.0, "Median gross rent ($ a month) margin": 175.0, "Median home value ($)": 321000.0, "Median home value ($) margin": 172808.0, "Median household income ($ a year)": 76250.0, "Median household income ($ a year) margin": 13955.0, "Survey years": "2020 to 2024", "id": "48339691500"}, "geometry": {"type": "Polygon", "coordinates": [[[-95.47774, 30.134174], [-95.476465, 30.13467], [-95.474928, 30.134511], [-95.472515, 30.133639], [-95.471978, 30.132194], [-95.472187, 30.129499], [-95.472165, 30.126475], [-95.471908, 30.126237], [-95.465695, 30.126324], [-95.46101, 30.126872], [-95.458295, 30.126597], [-95.453002, 30.126737], [-95.455423, 30.127671], [-95.456433, 30.128421], [-95.465007, 30.136407], [-95.466638, 30.138544], [-95.467883, 30.141168], [-95.469521, 30.144608], [-95.47258, 30.149395], [-95.473428, 30.151357], [-95.473568, 30.153666], [-95.47297, 30.155546], [-95.480566, 30.154427], [-95.482708, 30.154367], [-95.482784, 30.152324], [-95.484312, 30.151818], [-95.485155, 30.151222], [-95.485654, 30.149527], [-95.485679, 30.148404], [-95.486337, 30.147808], [-95.486309, 30.14664], [-95.486862, 30.146571], [-95.486492, 30.145746], [-95.487545, 30.144623], [-95.487437, 30.142516], [-95.486118, 30.14144], [-95.486195, 30.139883], [-95.484692, 30.13922], [-95.484665, 30.13851], [-95.483189, 30.137778], [-95.480737, 30.136933], [-95.480314, 30.136452], [-95.478996, 30.136133], [-95.47774, 30.134174]]]}},
    {"type": "Feature", "properties": {"name": "Census tract 6916.01", "description": "Montgomery County", "Population": 4289, "Housing units": 2067, "Vacant housing units": 73, "Vacancy rate (%)": 3.5, "Median gross rent ($ a month)": 1458.0, "Median gross rent ($ a month) margin": 145.0, "Median home value ($)": 411200.0, "Median home value ($) margin": 60609.0, "Median household income ($ a year)": 84571.0, "Median household income ($ a year) margin": 12119.0, "Survey years": "2020 to 2024", "id": "48339691601"}, "geometry": {"type": "Polygon", "coordinates": [[[-95.467883, 30.141168], [-95.466531, 30.141715], [-95.465543, 30.142608], [-95.463008, 30.143301], [-95.461567, 30.143073], [-95.455724, 30.143241], [-95.454282, 30.14361], [-95.454137, 30.142311], [-95.454891, 30.140647], [-95.446082, 30.140653], [-95.446725, 30.143774], [-95.449506, 30.156952], [-95.45113, 30.156703], [-95.455423, 30.156647], [-95.464601, 30.155906], [-95.469473, 30.155838], [-95.47297, 30.155546], [-95.473568, 30.153666], [-95.473428, 30.151357], [-95.47258, 30.149395], [-95.469521, 30.144608], [-95.467883, 30.141168]]]}},
    {"type": "Feature", "properties": {"name": "Census tract 6916.02", "description": "Montgomery County", "Population": 4743, "Housing units": 2483, "Vacant housing units": 226, "Vacancy rate (%)": 9.1, "Median gross rent ($ a month)": 1505.0, "Median gross rent ($ a month) margin": 159.0, "Median home value ($)": 344100.0, "Median home value ($) margin": 70799.0, "Median household income ($ a year)": 98750.0, "Median household income ($ a year) margin": 29090.0, "Survey years": "2020 to 2024", "id": "48339691602"}, "geometry": {"type": "Polygon", "coordinates": [[[-95.467883, 30.141168], [-95.466638, 30.138544], [-95.465007, 30.136407], [-95.456433, 30.128421], [-95.455423, 30.127671], [-95.453002, 30.126737], [-95.445327, 30.126714], [-95.443354, 30.126772], [-95.444586, 30.133187], [-95.446082, 30.140653], [-95.454891, 30.140647], [-95.454137, 30.142311], [-95.454282, 30.14361], [-95.455724, 30.143241], [-95.461567, 30.143073], [-95.463008, 30.143301], [-95.465543, 30.142608], [-95.466531, 30.141715], [-95.467883, 30.141168]]]}},
    {"type": "Feature", "properties": {"name": "Census tract 6917", "description": "Montgomery County", "Population": 4348, "Housing units": 2925, "Vacant housing units": 381, "Vacancy rate (%)": 13.0, "Median gross rent ($ a month)": 2231.0, "Median gross rent ($ a month) margin": 85.0, "Median home value ($)": 873500.0, "Median home value ($) margin": 199912.0, "Median household income ($ a year)": 120611.0, "Median household income ($ a year) margin": 11544.0, "Survey years": "2020 to 2024", "id": "48339691700"}, "geometry": {"type": "Polygon", "coordinates": [[[-95.482708, 30.154367], [-95.480566, 30.154427], [-95.47297, 30.155546], [-95.469473, 30.155838], [-95.464601, 30.155906], [-95.455423, 30.156647], [-95.45113, 30.156703], [-95.449506, 30.156952], [-95.450404, 30.162085], [-95.451112, 30.168953], [-95.451972, 30.178263], [-95.455736, 30.177955], [-95.457794, 30.177343], [-95.459766, 30.177065], [-95.463208, 30.176971], [-95.465754, 30.176494], [-95.466775, 30.176459], [-95.469137, 30.176818], [-95.471352, 30.176737], [-95.471806, 30.175687], [-95.470933, 30.174326], [-95.47137, 30.173418], [-95.473411, 30.171254], [-95.474583, 30.169331], [-95.475748, 30.167443], [-95.477947, 30.165105], [-95.478907, 30.163237], [-95.480512, 30.161701], [-95.482547, 30.160146], [-95.483045, 30.159256], [-95.483305, 30.157669], [-95.482799, 30.155823], [-95.482708, 30.154367]]]}},
    {"type": "Feature", "properties": {"name": "Census tract 6918.01", "description": "Montgomery County", "Population": 6241, "Housing units": 2552, "Vacant housing units": 121, "Vacancy rate (%)": 4.7, "Median gross rent ($ a month)": 1249.0, "Median gross rent ($ a month) margin": 137.0, "Median home value ($)": 281800.0, "Median home value ($) margin": 46216.0, "Median household income ($ a year)": 70580.0, "Median household income ($ a year) margin": 19011.0, "Survey years": "2020 to 2024", "id": "48339691801"}, "geometry": {"type": "Polygon", "coordinates": [[[-95.446725, 30.143774], [-95.446082, 30.140653], [-95.444586, 30.133187], [-95.443354, 30.126772], [-95.433367, 30.127394], [-95.429058, 30.127462], [-95.429978, 30.131362], [-95.435628, 30.153942], [-95.441777, 30.153934], [-95.44166, 30.143899], [-95.44615, 30.143913], [-95.446725, 30.143774]]]}},
    {"type": "Feature", "properties": {"name": "Census tract 6918.02", "description": "Montgomery County", "Population": 2645, "Housing units": 1199, "Vacant housing units": 38, "Vacancy rate (%)": 3.2, "Median gross rent ($ a month)": 1596.0, "Median gross rent ($ a month) margin": 213.0, "Median home value ($)": 309600.0, "Median home value ($) margin": 26932.0, "Median household income ($ a year)": 73438.0, "Median household income ($ a year) margin": 35190.0, "Survey years": "2020 to 2024", "id": "48339691802"}, "geometry": {"type": "Polygon", "coordinates": [[[-95.453227, 30.189792], [-95.452776, 30.186231], [-95.451972, 30.178263], [-95.451112, 30.168953], [-95.450404, 30.162085], [-95.449506, 30.156952], [-95.446725, 30.143774], [-95.44615, 30.143913], [-95.44166, 30.143899], [-95.441777, 30.153934], [-95.435628, 30.153942], [-95.436175, 30.156199], [-95.439299, 30.168836], [-95.436922, 30.168651], [-95.436517, 30.169609], [-95.434672, 30.16965], [-95.434678, 30.170247], [-95.43078, 30.170284], [-95.428635, 30.173081], [-95.424427, 30.179219], [-95.413222, 30.194261], [-95.418485, 30.194261], [-95.418457, 30.190586], [-95.432369, 30.190501], [-95.432425, 30.193077], [-95.439847, 30.19297], [-95.445299, 30.19295], [-95.444413, 30.18939], [-95.445955, 30.189743], [-95.447689, 30.18981], [-95.453227, 30.189792]]]}},
    {"type": "Feature", "properties": {"name": "Census tract 6919", "description": "Montgomery County", "Population": 5666, "Housing units": 2380, "Vacant housing units": 113, "Vacancy rate (%)": 4.7, "Median gross rent ($ a month)": 1558.0, "Median gross rent ($ a month) margin": 237.0, "Median home value ($)": 280300.0, "Median home value ($) margin": 29254.0, "Median household income ($ a year)": 89063.0, "Median household income ($ a year) margin": 19574.0, "Survey years": "2020 to 2024", "id": "48339691900"}, "geometry": {"type": "Polygon", "coordinates": [[[-95.443354, 30.126772], [-95.442665, 30.123079], [-95.441789, 30.119603], [-95.44121, 30.11838], [-95.438064, 30.114113], [-95.436642, 30.110366], [-95.435952, 30.111923], [-95.435128, 30.11298], [-95.432838, 30.11363], [-95.430619, 30.113908], [-95.429921, 30.113581], [-95.426735, 30.115373], [-95.425599, 30.115615], [-95.424216, 30.115491], [-95.423572, 30.114527], [-95.423466, 30.11332], [-95.422911, 30.112103], [-95.422998, 30.11086], [-95.422011, 30.109651], [-95.421734, 30.11131], [-95.421084, 30.11127], [-95.420847, 30.112232], [-95.421427, 30.112507], [-95.421243, 30.114111], [-95.420321, 30.113951], [-95.419637, 30.11528], [-95.415606, 30.116243], [-95.414631, 30.116999], [-95.411944, 30.117573], [-95.410732, 30.11849], [-95.41018, 30.120735], [-95.409706, 30.121926], [-95.408888, 30.123127], [-95.408082, 30.122963], [-95.404255, 30.123037], [-95.40313, 30.122802], [-95.403235, 30.124854], [-95.405055, 30.125511], [-95.405564, 30.126138], [-95.405614, 30.13257], [-95.40575, 30.133225], [-95.409324, 30.137454], [-95.410653, 30.137838], [-95.413528, 30.137759], [-95.417725, 30.137912], [-95.418595, 30.138668], [-95.424182, 30.138803], [-95.427421, 30.13862], [-95.42776, 30.14549], [-95.427732, 30.152142], [-95.427932, 30.153423], [-95.429964, 30.153598], [-95.430879, 30.15534], [-95.430901, 30.156348], [-95.43469, 30.156377], [-95.436175, 30.156199], [-95.435628, 30.153942], [-95.429978, 30.131362], [-95.429058, 30.127462], [-95.433367, 30.127394], [-95.443354, 30.126772]]]}},
    {"type": "Feature", "properties": {"name": "Census tract 6920.03", "description": "Montgomery County", "Population": 5230, "Housing units": 1844, "Vacant housing units": 49, "Vacancy rate (%)": 2.7, "Median home value ($)": 323300.0, "Median home value ($) margin": 44700.0, "Median household income ($ a year)": 129539.0, "Median household income ($ a year) margin": 44909.0, "Survey years": "2020 to 2024", "id": "48339692003"}, "geometry": {"type": "Polygon", "coordinates": [[[-95.436175, 30.156199], [-95.43469, 30.156377], [-95.430901, 30.156348], [-95.430879, 30.15534], [-95.429964, 30.153598], [-95.427932, 30.153423], [-95.427555, 30.154529], [-95.427539, 30.156349], [-95.426867, 30.15622], [-95.42319, 30.156269], [-95.413325, 30.156043], [-95.412309, 30.155562], [-95.411795, 30.154021], [-95.410039, 30.153955], [-95.410033, 30.154718], [-95.408271, 30.15363], [-95.406821, 30.153058], [-95.404633, 30.153173], [-95.403421, 30.153609], [-95.402524, 30.153311], [-95.400389, 30.151914], [-95.399387, 30.150724], [-95.398174, 30.15093], [-95.397057, 30.15064], [-95.380865, 30.160103], [-95.377255, 30.163018], [-95.37456, 30.164607], [-95.375192, 30.165691], [-95.377446, 30.166776], [-95.379705, 30.166926], [-95.381673, 30.168245], [-95.382123, 30.169578], [-95.381496, 30.171011], [-95.379729, 30.17349], [-95.389718, 30.173508], [-95.390298, 30.17372], [-95.415105, 30.173413], [-95.418734, 30.173187], [-95.428635, 30.173081], [-95.43078, 30.170284], [-95.434678, 30.170247], [-95.434672, 30.16965], [-95.436517, 30.169609], [-95.436922, 30.168651], [-95.439299, 30.168836], [-95.436175, 30.156199]]]}},
    {"type": "Feature", "properties": {"name": "Census tract 6920.04", "description": "Montgomery County", "Population": 4161, "Housing units": 1514, "Vacant housing units": 136, "Vacancy rate (%)": 9.0, "Median gross rent ($ a month)": 2167.0, "Median gross rent ($ a month) margin": 531.0, "Median home value ($)": 282700.0, "Median home value ($) margin": 21202.0, "Median household income ($ a year)": 137256.0, "Median household income ($ a year) margin": 34537.0, "Survey years": "2020 to 2024", "id": "48339692004"}, "geometry": {"type": "Polygon", "coordinates": [[[-95.427932, 30.153423], [-95.427732, 30.152142], [-95.42776, 30.14549], [-95.427421, 30.13862], [-95.424182, 30.138803], [-95.418595, 30.138668], [-95.417725, 30.137912], [-95.413528, 30.137759], [-95.410653, 30.137838], [-95.41003, 30.139449], [-95.408662, 30.14032], [-95.40825, 30.14177], [-95.409193, 30.143165], [-95.405879, 30.144987], [-95.402059, 30.147592], [-95.397057, 30.15064], [-95.398174, 30.15093], [-95.399387, 30.150724], [-95.400389, 30.151914], [-95.402524, 30.153311], [-95.403421, 30.153609], [-95.404633, 30.153173], [-95.406821, 30.153058], [-95.408271, 30.15363], [-95.410033, 30.154718], [-95.410039, 30.153955], [-95.411795, 30.154021], [-95.412309, 30.155562], [-95.413325, 30.156043], [-95.42319, 30.156269], [-95.426867, 30.15622], [-95.427539, 30.156349], [-95.427555, 30.154529], [-95.427932, 30.153423]]]}},
    {"type": "Feature", "properties": {"name": "Census tract 6920.05", "description": "Montgomery County", "Population": 4426, "Housing units": 1366, "Vacant housing units": 0, "Vacancy rate (%)": 0.0, "Median gross rent ($ a month)": 2544.0, "Median gross rent ($ a month) margin": 458.0, "Median home value ($)": 442600.0, "Median home value ($) margin": 49119.0, "Median household income ($ a year)": 186786.0, "Median household income ($ a year) margin": 34627.0, "Survey years": "2020 to 2024", "id": "48339692005"}, "geometry": {"type": "Polygon", "coordinates": [[[-95.410653, 30.137838], [-95.409324, 30.137454], [-95.40575, 30.133225], [-95.405614, 30.13257], [-95.405564, 30.126138], [-95.405055, 30.125511], [-95.403235, 30.124854], [-95.40313, 30.122802], [-95.401789, 30.122225], [-95.399119, 30.120668], [-95.397657, 30.119266], [-95.39563, 30.120246], [-95.390426, 30.123548], [-95.391495, 30.124814], [-95.391651, 30.125829], [-95.394243, 30.12577], [-95.394822, 30.126619], [-95.394288, 30.127629], [-95.394958, 30.128889], [-95.395236, 30.130302], [-95.393997, 30.130435], [-95.393945, 30.131625], [-95.395003, 30.132082], [-95.396797, 30.131646], [-95.398388, 30.134931], [-95.398324, 30.135661], [-95.396169, 30.136308], [-95.396263, 30.138933], [-95.394548, 30.138962], [-95.394547, 30.139845], [-95.393627, 30.140041], [-95.393145, 30.141421], [-95.393519, 30.142226], [-95.394297, 30.142464], [-95.396313, 30.142364], [-95.396255, 30.143029], [-95.395593, 30.143042], [-95.39338, 30.144229], [-95.394272, 30.145319], [-95.394588, 30.146716], [-95.39422, 30.148297], [-95.394484, 30.148823], [-95.395617, 30.149006], [-95.39654, 30.14967], [-95.397057, 30.15064], [-95.402059, 30.147592], [-95.405879, 30.144987], [-95.409193, 30.143165], [-95.40825, 30.14177], [-95.408662, 30.14032], [-95.41003, 30.139449], [-95.410653, 30.137838]]]}},
    {"type": "Feature", "properties": {"name": "Census tract 6920.06", "description": "Montgomery County", "Population": 9327, "Housing units": 2628, "Vacant housing units": 121, "Vacancy rate (%)": 4.6, "Median gross rent ($ a month)": 2369.0, "Median gross rent ($ a month) margin": 358.0, "Median home value ($)": 298000.0, "Median home value ($) margin": 44285.0, "Median household income ($ a year)": 119828.0, "Median household income ($ a year) margin": 40435.0, "Survey years": "2020 to 2024", "id": "48339692006"}, "geometry": {"type": "Polygon", "coordinates": [[[-95.397657, 30.119266], [-95.392651, 30.111375], [-95.39141, 30.110008], [-95.390031, 30.108982], [-95.388061, 30.110925], [-95.3877, 30.110577], [-95.385011, 30.113162], [-95.383479, 30.11445], [-95.386062, 30.116681], [-95.384574, 30.117992], [-95.385422, 30.119684], [-95.385653, 30.120987], [-95.38535, 30.122671], [-95.384078, 30.124923], [-95.383674, 30.126282], [-95.383745, 30.127768], [-95.384384, 30.129493], [-95.385036, 30.130551], [-95.385549, 30.132604], [-95.388285, 30.133226], [-95.391039, 30.135261], [-95.392685, 30.136098], [-95.394634, 30.136413], [-95.396169, 30.136308], [-95.398324, 30.135661], [-95.398388, 30.134931], [-95.396797, 30.131646], [-95.395003, 30.132082], [-95.393945, 30.131625], [-95.393997, 30.130435], [-95.395236, 30.130302], [-95.394958, 30.128889], [-95.394288, 30.127629], [-95.394822, 30.126619], [-95.394243, 30.12577], [-95.391651, 30.125829], [-95.391495, 30.124814], [-95.390426, 30.123548], [-95.39563, 30.120246], [-95.397657, 30.119266]]]}},
    {"type": "Feature", "properties": {"name": "Census tract 6920.07", "description": "Montgomery County", "Population": 5971, "Housing units": 2037, "Vacant housing units": 159, "Vacancy rate (%)": 7.8, "Median gross rent ($ a month)": 2185.0, "Median gross rent ($ a month) margin": 677.0, "Median home value ($)": 238500.0, "Median home value ($) margin": 28501.0, "Median household income ($ a year)": 89799.0, "Median household income ($ a year) margin": 25577.0, "Survey years": "2020 to 2024", "id": "48339692007"}, "geometry": {"type": "Polygon", "coordinates": [[[-95.422011, 30.109651], [-95.420816, 30.108869], [-95.418838, 30.108717], [-95.418802, 30.105873], [-95.419055, 30.105047], [-95.417987, 30.103925], [-95.416386, 30.10314], [-95.41385, 30.101345], [-95.411738, 30.100849], [-95.4116, 30.100308], [-95.412207, 30.099393], [-95.410614, 30.099237], [-95.410539, 30.098057], [-95.412761, 30.09582], [-95.412322, 30.094903], [-95.410907, 30.094668], [-95.409872, 30.092718], [-95.408088, 30.092753], [-95.407285, 30.092996], [-95.405443, 30.092076], [-95.40374, 30.093849], [-95.403008, 30.095744], [-95.40189, 30.097562], [-95.39559, 30.103986], [-95.39368, 30.105465], [-95.390031, 30.108982], [-95.39141, 30.110008], [-95.392651, 30.111375], [-95.397657, 30.119266], [-95.399119, 30.120668], [-95.401789, 30.122225], [-95.40313, 30.122802], [-95.404255, 30.123037], [-95.408082, 30.122963], [-95.408888, 30.123127], [-95.409706, 30.121926], [-95.41018, 30.120735], [-95.410732, 30.11849], [-95.411944, 30.117573], [-95.414631, 30.116999], [-95.415606, 30.116243], [-95.419637, 30.11528], [-95.420321, 30.113951], [-95.421243, 30.114111], [-95.421427, 30.112507], [-95.420847, 30.112232], [-95.421084, 30.11127], [-95.421734, 30.11131], [-95.422011, 30.109651]]]}},
    {"type": "Feature", "properties": {"name": "Census tract 6920.08", "description": "Montgomery County", "Population": 11305, "Housing units": 3969, "Vacant housing units": 314, "Vacancy rate (%)": 7.9, "Median gross rent ($ a month)": 2321.0, "Median gross rent ($ a month) margin": 599.0, "Median home value ($)": 382400.0, "Median home value ($) margin": 17364.0, "Median household income ($ a year)": 127188.0, "Median household income ($ a year) margin": 60423.0, "Survey years": "2020 to 2024", "id": "48339692008"}, "geometry": {"type": "Polygon", "coordinates": [[[-95.397057, 30.15064], [-95.39654, 30.14967], [-95.395617, 30.149006], [-95.394484, 30.148823], [-95.39422, 30.148297], [-95.394588, 30.146716], [-95.394272, 30.145319], [-95.39338, 30.144229], [-95.395593, 30.143042], [-95.396255, 30.143029], [-95.396313, 30.142364], [-95.394297, 30.142464], [-95.393519, 30.142226], [-95.393145, 30.141421], [-95.393627, 30.140041], [-95.394547, 30.139845], [-95.394548, 30.138962], [-95.396263, 30.138933], [-95.396169, 30.136308], [-95.394634, 30.136413], [-95.392685, 30.136098], [-95.391039, 30.135261], [-95.388285, 30.133226], [-95.385549, 30.132604], [-95.385036, 30.130551], [-95.384384, 30.129493], [-95.383745, 30.127768], [-95.383674, 30.126282], [-95.384078, 30.124923], [-95.38535, 30.122671], [-95.385653, 30.120987], [-95.385422, 30.119684], [-95.384574, 30.117992], [-95.386062, 30.116681], [-95.383479, 30.11445], [-95.381814, 30.11565], [-95.382007, 30.115799], [-95.371292, 30.123185], [-95.366554, 30.125864], [-95.352361, 30.133776], [-95.347726, 30.136318], [-95.344933, 30.133683], [-95.341718, 30.133774], [-95.3399, 30.13327], [-95.338826, 30.133413], [-95.338983, 30.134851], [-95.338318, 30.136698], [-95.336998, 30.139267], [-95.338643, 30.141627], [-95.338617, 30.143907], [-95.338873, 30.145028], [-95.339623, 30.145787], [-95.341184, 30.146166], [-95.342971, 30.145103], [-95.344736, 30.144468], [-95.345318, 30.144697], [-95.346081, 30.145134], [-95.348578, 30.145999], [-95.351856, 30.146678], [-95.353161, 30.146651], [-95.354767, 30.147207], [-95.35531, 30.148923], [-95.356016, 30.150123], [-95.357654, 30.151063], [-95.359095, 30.150591], [-95.360454, 30.15045], [-95.362633, 30.151491], [-95.365809, 30.154614], [-95.36655, 30.154843], [-95.367724, 30.154499], [-95.369391, 30.155011], [-95.369912, 30.156229], [-95.369523, 30.157958], [-95.369625, 30.159303], [-95.370057, 30.160044], [-95.371142, 30.16045], [-95.373763, 30.160327], [-95.375214, 30.161319], [-95.375258, 30.162352], [-95.37457, 30.163728], [-95.37456, 30.164607], [-95.377255, 30.163018], [-95.380865, 30.160103], [-95.397057, 30.15064]]]}},
    {"type": "Feature", "properties": {"name": "Census tract 6920.09", "description": "Montgomery County", "Population": 16014, "Housing units": 5286, "Vacant housing units": 184, "Vacancy rate (%)": 3.5, "Median gross rent ($ a month)": 2182.0, "Median gross rent ($ a month) margin": 194.0, "Median home value ($)": 410400.0, "Median home value ($) margin": 28335.0, "Median household income ($ a year)": 172411.0, "Median household income ($ a year) margin": 30533.0, "Survey years": "2020 to 2024", "id": "48339692009"}, "geometry": {"type": "Polygon", "coordinates": [[[-95.405443, 30.092076], [-95.402242, 30.091663], [-95.399875, 30.089901], [-95.399015, 30.087775], [-95.398495, 30.085827], [-95.395624, 30.084025], [-95.392642, 30.083225], [-95.391742, 30.082727], [-95.390653, 30.083], [-95.389973, 30.08493], [-95.389526, 30.085211], [-95.387404, 30.084668], [-95.385868, 30.085017], [-95.384943, 30.085753], [-95.38476, 30.08777], [-95.383597, 30.087943], [-95.381574, 30.087148], [-95.379234, 30.087475], [-95.378403, 30.087157], [-95.37713, 30.086141], [-95.375863, 30.086026], [-95.374971, 30.086374], [-95.374228, 30.08563], [-95.374374, 30.083504], [-95.374158, 30.081577], [-95.373739, 30.0803], [-95.372615, 30.079169], [-95.371017, 30.078335], [-95.369558, 30.077957], [-95.36757, 30.078022], [-95.366172, 30.077338], [-95.365544, 30.076592], [-95.364678, 30.076817], [-95.363263, 30.077964], [-95.362136, 30.078393], [-95.361102, 30.078155], [-95.359716, 30.076695], [-95.358673, 30.076535], [-95.357233, 30.077088], [-95.355521, 30.077229], [-95.353633, 30.076337], [-95.362257, 30.085515], [-95.362844, 30.085149], [-95.364391, 30.087085], [-95.366737, 30.0878], [-95.367387, 30.089463], [-95.367419, 30.090635], [-95.367025, 30.09136], [-95.366907, 30.093535], [-95.366577, 30.094591], [-95.365617, 30.095156], [-95.363794, 30.095134], [-95.36259, 30.095806], [-95.361852, 30.098778], [-95.363725, 30.099034], [-95.366124, 30.099123], [-95.366348, 30.100823], [-95.367608, 30.102958], [-95.375549, 30.109994], [-95.378144, 30.112454], [-95.381814, 30.11565], [-95.383479, 30.11445], [-95.385011, 30.113162], [-95.3877, 30.110577], [-95.388061, 30.110925], [-95.390031, 30.108982], [-95.39368, 30.105465], [-95.39559, 30.103986], [-95.40189, 30.097562], [-95.403008, 30.095744], [-95.40374, 30.093849], [-95.405443, 30.092076]]]}},
    {"type": "Feature", "properties": {"name": "Census tract 6920.10", "description": "Montgomery County", "Population": 8264, "Housing units": 2478, "Vacant housing units": 42, "Vacancy rate (%)": 1.7, "Median home value ($)": 844500.0, "Median home value ($) margin": 83165.0, "Median household income ($ a year)": 213224.0, "Median household income ($ a year) margin": 17229.0, "Survey years": "2020 to 2024", "id": "48339692010"}, "geometry": {"type": "Polygon", "coordinates": [[[-95.381814, 30.11565], [-95.378144, 30.112454], [-95.375549, 30.109994], [-95.367608, 30.102958], [-95.366348, 30.100823], [-95.366124, 30.099123], [-95.363725, 30.099034], [-95.361852, 30.098778], [-95.36259, 30.095806], [-95.363794, 30.095134], [-95.365617, 30.095156], [-95.366577, 30.094591], [-95.366907, 30.093535], [-95.367025, 30.09136], [-95.367419, 30.090635], [-95.367387, 30.089463], [-95.366737, 30.0878], [-95.364391, 30.087085], [-95.362844, 30.085149], [-95.362257, 30.085515], [-95.353633, 30.076337], [-95.352641, 30.076295], [-95.350251, 30.076654], [-95.349328, 30.076092], [-95.349517, 30.073938], [-95.348329, 30.072928], [-95.346029, 30.072567], [-95.344693, 30.071754], [-95.343955, 30.070674], [-95.34313, 30.068302], [-95.342547, 30.067698], [-95.341088, 30.066944], [-95.339308, 30.066618], [-95.338143, 30.066078], [-95.337315, 30.06333], [-95.336295, 30.062809], [-95.335016, 30.062876], [-95.332867, 30.063417], [-95.329322, 30.062486], [-95.328088, 30.061298], [-95.327999, 30.059752], [-95.32703, 30.058042], [-95.325525, 30.057095], [-95.324305, 30.056651], [-95.323402, 30.05587], [-95.32233, 30.053624], [-95.321174, 30.052836], [-95.319774, 30.052725], [-95.318176, 30.053954], [-95.317434, 30.054257], [-95.315951, 30.05384], [-95.314981, 30.052545], [-95.313237, 30.050778], [-95.312587, 30.048524], [-95.311391, 30.04698], [-95.309754, 30.045893], [-95.30924, 30.044581], [-95.309411, 30.043663], [-95.311504, 30.041885], [-95.312023, 30.040444], [-95.312768, 30.036818], [-95.312806, 30.035994], [-95.312197, 30.034335], [-95.310994, 30.032887], [-95.309497, 30.032536], [-95.307272, 30.031442], [-95.305603, 30.029767], [-95.30435, 30.029801], [-95.302926, 30.032018], [-95.302382, 30.032287], [-95.299931, 30.032193], [-95.297219, 30.031372], [-95.293707, 30.029491], [-95.292912, 30.027748], [-95.287064, 30.028897], [-95.28303, 30.030607], [-95.281978, 30.030792], [-95.27811, 30.030989], [-95.276914, 30.031466], [-95.276907, 30.031114], [-95.273926, 30.032067], [-95.272015, 30.032417], [-95.270993, 30.032399], [-95.268286, 30.031684], [-95.265099, 30.032171], [-95.264138, 30.032069], [-95.263677, 30.032517], [-95.263832, 30.035196], [-95.265543, 30.038866], [-95.266697, 30.039757], [-95.269746, 30.040156], [-95.271331, 30.04168], [-95.271029, 30.04294], [-95.268977, 30.044945], [-95.268963, 30.046458], [-95.269379, 30.047782], [-95.270674, 30.049334], [-95.272954, 30.056703], [-95.274474, 30.060125], [-95.276482, 30.063426], [-95.277908, 30.067291], [-95.279302, 30.068491], [-95.281044, 30.06961], [-95.281798, 30.070514], [-95.281805, 30.071956], [-95.280272, 30.074796], [-95.280525, 30.076994], [-95.281976, 30.077943], [-95.284459, 30.078392], [-95.285917, 30.078963], [-95.288331, 30.080333], [-95.28956, 30.080689], [-95.293837, 30.081462], [-95.295408, 30.08229], [-95.296561, 30.083842], [-95.298278, 30.085344], [-95.300325, 30.085832], [-95.303075, 30.085234], [-95.305096, 30.085114], [-95.306407, 30.08536], [-95.307142, 30.085985], [-95.307396, 30.086747], [-95.307224, 30.087783], [-95.308057, 30.089188], [-95.31022, 30.089778], [-95.313146, 30.08993], [-95.314751, 30.091185], [-95.31474, 30.091803], [-95.314069, 30.092725], [-95.311613, 30.094667], [-95.311035, 30.096768], [-95.311562, 30.097983], [-95.313379, 30.099083], [-95.314485, 30.100481], [-95.314747, 30.101535], [-95.314799, 30.104467], [-95.314665, 30.107835], [-95.31411, 30.111019], [-95.314821, 30.112164], [-95.317113, 30.112738], [-95.318746, 30.11338], [-95.319299, 30.113861], [-95.319826, 30.115305], [-95.31993, 30.117046], [-95.320615, 30.118398], [-95.321827, 30.118925], [-95.323065, 30.118627], [-95.324462, 30.117368], [-95.325517, 30.117116], [-95.327071, 30.117506], [-95.328177, 30.118354], [-95.328572, 30.119362], [-95.328013, 30.121977], [-95.328281, 30.123715], [-95.328966, 30.125227], [-95.329544, 30.128709], [-95.329834, 30.129488], [-95.330993, 30.131229], [-95.332204, 30.132352], [-95.333074, 30.132719], [-95.334998, 30.132421], [-95.337733, 30.132449], [-95.338826, 30.133413], [-95.3399, 30.13327], [-95.341718, 30.133774], [-95.344933, 30.133683], [-95.347726, 30.136318], [-95.352361, 30.133776], [-95.366554, 30.125864], [-95.371292, 30.123185], [-95.382007, 30.115799], [-95.381814, 30.11565]]]}},
    {"type": "Feature", "properties": {"name": "Census tract 6921.01", "description": "Montgomery County", "Population": 8630, "Housing units": 2507, "Vacant housing units": 169, "Vacancy rate (%)": 6.7, "Median gross rent ($ a month)": 2185.0, "Median gross rent ($ a month) margin": 115.0, "Median home value ($)": 288900.0, "Median home value ($) margin": 26893.0, "Median household income ($ a year)": 120571.0, "Median household income ($ a year) margin": 21251.0, "Survey years": "2020 to 2024", "id": "48339692101"}, "geometry": {"type": "Polygon", "coordinates": [[[-95.458003, 30.226382], [-95.453413, 30.226492], [-95.446278, 30.226496], [-95.44188, 30.226396], [-95.434637, 30.226447], [-95.434389, 30.2241], [-95.434172, 30.208591], [-95.430471, 30.208664], [-95.418793, 30.208722], [-95.41228, 30.208572], [-95.407242, 30.208544], [-95.404545, 30.208609], [-95.402057, 30.20901], [-95.397819, 30.210476], [-95.39751, 30.211545], [-95.396271, 30.212697], [-95.395974, 30.214128], [-95.397353, 30.21624], [-95.398225, 30.216938], [-95.400686, 30.217479], [-95.401913, 30.217375], [-95.403676, 30.215822], [-95.405247, 30.214923], [-95.406346, 30.21508], [-95.408602, 30.217305], [-95.410927, 30.21902], [-95.411966, 30.220416], [-95.4131, 30.223191], [-95.414601, 30.224692], [-95.41543, 30.225102], [-95.416844, 30.225259], [-95.420962, 30.224491], [-95.422585, 30.224002], [-95.424226, 30.223828], [-95.425814, 30.224404], [-95.426058, 30.225207], [-95.426067, 30.22799], [-95.426817, 30.229631], [-95.426398, 30.230887], [-95.426573, 30.231812], [-95.427131, 30.232039], [-95.428737, 30.231533], [-95.429385, 30.23187], [-95.430941, 30.231044], [-95.43226, 30.231158], [-95.432894, 30.232372], [-95.432077, 30.232899], [-95.432157, 30.233632], [-95.43374, 30.234616], [-95.434453, 30.23544], [-95.434007, 30.238281], [-95.434166, 30.239083], [-95.435116, 30.2397], [-95.43567, 30.239586], [-95.436407, 30.237867], [-95.437383, 30.237798], [-95.439363, 30.239973], [-95.440709, 30.240522], [-95.442292, 30.240383], [-95.442978, 30.240772], [-95.443216, 30.241597], [-95.444167, 30.242306], [-95.445723, 30.242053], [-95.448203, 30.242166], [-95.448626, 30.242738], [-95.448073, 30.244113], [-95.448074, 30.24496], [-95.448629, 30.245762], [-95.450213, 30.246998], [-95.450926, 30.248234], [-95.451692, 30.248623], [-95.453143, 30.24853], [-95.453881, 30.247797], [-95.453694, 30.245964], [-95.454669, 30.244979], [-95.455751, 30.245069], [-95.456753, 30.244633], [-95.457585, 30.244957], [-95.458412, 30.241431], [-95.458804, 30.236741], [-95.458858, 30.235321], [-95.458003, 30.226382]]]}},
    {"type": "Feature", "properties": {"name": "Census tract 6921.02", "description": "Montgomery County", "Population": 3748, "Housing units": 1261, "Vacant housing units": 6, "Vacancy rate (%)": 0.5, "Median gross rent ($ a month)": 2354.0, "Median gross rent ($ a month) margin": 191.0, "Median home value ($)": 349300.0, "Median home value ($) margin": 16677.0, "Median household income ($ a year)": 134896.0, "Median household income ($ a year) margin": 32743.0, "Survey years": "2020 to 2024", "id": "48339692102"}, "geometry": {"type": "Polygon", "coordinates": [[[-95.458003, 30.226382], [-95.456346, 30.207592], [-95.449147, 30.208281], [-95.447244, 30.208349], [-95.434172, 30.208591], [-95.434389, 30.2241], [-95.434637, 30.226447], [-95.44188, 30.226396], [-95.446278, 30.226496], [-95.453413, 30.226492], [-95.458003, 30.226382]]]}},
    {"type": "Feature", "properties": {"name": "Census tract 6921.03", "description": "Montgomery County", "Population": 6508, "Housing units": 2816, "Vacant housing units": 202, "Vacancy rate (%)": 7.2, "Median gross rent ($ a month)": 1515.0, "Median gross rent ($ a month) margin": 200.0, "Median home value ($)": 400600.0, "Median home value ($) margin": 52245.0, "Median household income ($ a year)": 96424.0, "Median household income ($ a year) margin": 14913.0, "Survey years": "2020 to 2024", "id": "48339692103"}, "geometry": {"type": "Polygon", "coordinates": [[[-95.456346, 30.207592], [-95.45586, 30.203021], [-95.454635, 30.197054], [-95.453227, 30.189792], [-95.447689, 30.18981], [-95.445955, 30.189743], [-95.444413, 30.18939], [-95.445299, 30.19295], [-95.439847, 30.19297], [-95.432425, 30.193077], [-95.432369, 30.190501], [-95.418457, 30.190586], [-95.418485, 30.194261], [-95.413222, 30.194261], [-95.424427, 30.179219], [-95.428635, 30.173081], [-95.418734, 30.173187], [-95.415105, 30.173413], [-95.390298, 30.17372], [-95.389718, 30.173508], [-95.379729, 30.17349], [-95.378846, 30.175645], [-95.379425, 30.176584], [-95.382006, 30.177893], [-95.383207, 30.179401], [-95.383385, 30.180443], [-95.384115, 30.18188], [-95.384097, 30.182921], [-95.383456, 30.183758], [-95.381906, 30.184647], [-95.381489, 30.185889], [-95.383609, 30.18846], [-95.384517, 30.190764], [-95.387152, 30.193862], [-95.38813, 30.195747], [-95.389194, 30.197108], [-95.391678, 30.197914], [-95.392916, 30.19877], [-95.393212, 30.199678], [-95.393265, 30.201388], [-95.392863, 30.203098], [-95.392523, 30.206366], [-95.392994, 30.207064], [-95.395158, 30.207736], [-95.397349, 30.207963], [-95.398073, 30.208975], [-95.397819, 30.210476], [-95.402057, 30.20901], [-95.404545, 30.208609], [-95.407242, 30.208544], [-95.41228, 30.208572], [-95.418793, 30.208722], [-95.430471, 30.208664], [-95.434172, 30.208591], [-95.447244, 30.208349], [-95.449147, 30.208281], [-95.456346, 30.207592]]]}},
    {"type": "Feature", "properties": {"name": "Census tract 6922.01", "description": "Montgomery County", "Population": 6887, "Housing units": 2496, "Vacant housing units": 74, "Vacancy rate (%)": 3.0, "Median gross rent ($ a month)": 1399.0, "Median gross rent ($ a month) margin": 68.0, "Median home value ($)": 259300.0, "Median home value ($) margin": 44838.0, "Median household income ($ a year)": 83000.0, "Median household income ($ a year) margin": 19980.0, "Survey years": "2020 to 2024", "id": "48339692201"}, "geometry": {"type": "Polygon", "coordinates": [[[-95.315565, 30.182517], [-95.315092, 30.184455], [-95.314691, 30.189052], [-95.314137, 30.190965], [-95.311457, 30.197029], [-95.309417, 30.201465], [-95.307694, 30.204928], [-95.304824, 30.208866], [-95.304417, 30.209918], [-95.303958, 30.211431], [-95.304075, 30.2138], [-95.304549, 30.215703], [-95.304541, 30.216971], [-95.304182, 30.219272], [-95.304255, 30.22192], [-95.304031, 30.223226], [-95.303159, 30.22611], [-95.303048, 30.226998], [-95.303266, 30.228787], [-95.302866, 30.230165], [-95.300841, 30.232956], [-95.300713, 30.234155], [-95.300669, 30.238484], [-95.301557, 30.238728], [-95.310706, 30.240103], [-95.314464, 30.240749], [-95.315778, 30.241324], [-95.329987, 30.252323], [-95.337496, 30.258125], [-95.338324, 30.256893], [-95.338352, 30.255986], [-95.342156, 30.256359], [-95.345586, 30.256488], [-95.349018, 30.257016], [-95.352016, 30.258632], [-95.357508, 30.255829], [-95.357697, 30.255386], [-95.351202, 30.24591], [-95.364503, 30.238908], [-95.373369, 30.234294], [-95.362683, 30.225965], [-95.361336, 30.224611], [-95.360659, 30.22325], [-95.3583, 30.214163], [-95.357511, 30.212238], [-95.355322, 30.208265], [-95.3496, 30.199975], [-95.348693, 30.198974], [-95.342776, 30.193892], [-95.340634, 30.192491], [-95.328701, 30.187476], [-95.326249, 30.185802], [-95.322344, 30.181886], [-95.321302, 30.180371], [-95.320162, 30.180792], [-95.318886, 30.182388], [-95.318306, 30.182573], [-95.315565, 30.182517]]]}},
    {"type": "Feature", "properties": {"name": "Census tract 6922.02", "description": "Montgomery County", "Population": 5611, "Housing units": 1765, "Vacant housing units": 65, "Vacancy rate (%)": 3.7, "Median gross rent ($ a month)": 599.0, "Median gross rent ($ a month) margin": 411.0, "Median home value ($)": 221600.0, "Median home value ($) margin": 18522.0, "Median household income ($ a year)": 82669.0, "Median household income ($ a year) margin": 29138.0, "Survey years": "2020 to 2024", "id": "48339692202"}, "geometry": {"type": "Polygon", "coordinates": [[[-95.429385, 30.23187], [-95.428737, 30.231533], [-95.427131, 30.232039], [-95.426573, 30.231812], [-95.426398, 30.230887], [-95.426817, 30.229631], [-95.426067, 30.22799], [-95.426058, 30.225207], [-95.425814, 30.224404], [-95.424226, 30.223828], [-95.422585, 30.224002], [-95.420962, 30.224491], [-95.416844, 30.225259], [-95.41543, 30.225102], [-95.414601, 30.224692], [-95.4131, 30.223191], [-95.411966, 30.220416], [-95.410927, 30.21902], [-95.408602, 30.217305], [-95.406346, 30.21508], [-95.405247, 30.214923], [-95.403676, 30.215822], [-95.401913, 30.217375], [-95.400686, 30.217479], [-95.398225, 30.216938], [-95.397353, 30.21624], [-95.395974, 30.214128], [-95.396271, 30.212697], [-95.39751, 30.211545], [-95.397819, 30.210476], [-95.398073, 30.208975], [-95.397349, 30.207963], [-95.395158, 30.207736], [-95.392994, 30.207064], [-95.392523, 30.206366], [-95.392863, 30.203098], [-95.393265, 30.201388], [-95.393212, 30.199678], [-95.392916, 30.19877], [-95.391678, 30.197914], [-95.389194, 30.197108], [-95.38813, 30.195747], [-95.387152, 30.193862], [-95.384517, 30.190764], [-95.383609, 30.18846], [-95.381489, 30.185889], [-95.381906, 30.184647], [-95.383456, 30.183758], [-95.384097, 30.182921], [-95.384115, 30.18188], [-95.383385, 30.180443], [-95.383207, 30.179401], [-95.382006, 30.177893], [-95.379425, 30.176584], [-95.378846, 30.175645], [-95.379729, 30.17349], [-95.381496, 30.171011], [-95.382123, 30.169578], [-95.381673, 30.168245], [-95.379705, 30.166926], [-95.377446, 30.166776], [-95.375192, 30.165691], [-95.37456, 30.164607], [-95.37457, 30.163728], [-95.375258, 30.162352], [-95.375214, 30.161319], [-95.373763, 30.160327], [-95.371142, 30.16045], [-95.370057, 30.160044], [-95.369625, 30.159303], [-95.369523, 30.157958], [-95.369912, 30.156229], [-95.369391, 30.155011], [-95.367724, 30.154499], [-95.36655, 30.154843], [-95.365809, 30.154614], [-95.362633, 30.151491], [-95.360454, 30.15045], [-95.359095, 30.150591], [-95.357654, 30.151063], [-95.356016, 30.150123], [-95.35531, 30.148923], [-95.354767, 30.147207], [-95.353161, 30.146651], [-95.351856, 30.146678], [-95.348578, 30.145999], [-95.346081, 30.145134], [-95.345318, 30.144697], [-95.345141, 30.147268], [-95.346327, 30.148161], [-95.346301, 30.148597], [-95.345273, 30.149032], [-95.343902, 30.148253], [-95.342901, 30.148092], [-95.342109, 30.150635], [-95.342373, 30.151643], [-95.343084, 30.15249], [-95.34406, 30.152972], [-95.344349, 30.154003], [-95.343769, 30.154919], [-95.343795, 30.156591], [-95.343136, 30.157255], [-95.341897, 30.157644], [-95.341317, 30.158469], [-95.3403, 30.158378], [-95.331733, 30.158415], [-95.327095, 30.162316], [-95.324937, 30.164991], [-95.323815, 30.166193], [-95.321946, 30.167575], [-95.320749, 30.16993], [-95.319544, 30.170665], [-95.318294, 30.172562], [-95.318369, 30.17548], [-95.31813, 30.176535], [-95.315565, 30.182517], [-95.318306, 30.182573], [-95.318886, 30.182388], [-95.320162, 30.180792], [-95.321302, 30.180371], [-95.322344, 30.181886], [-95.326249, 30.185802], [-95.328701, 30.187476], [-95.340634, 30.192491], [-95.342776, 30.193892], [-95.348693, 30.198974], [-95.3496, 30.199975], [-95.355322, 30.208265], [-95.357511, 30.212238], [-95.3583, 30.214163], [-95.360659, 30.22325], [-95.361336, 30.224611], [-95.362683, 30.225965], [-95.373369, 30.234294], [-95.364503, 30.238908], [-95.351202, 30.24591], [-95.357697, 30.255386], [-95.357508, 30.255829], [-95.352016, 30.258632], [-95.349018, 30.257016], [-95.345586, 30.256488], [-95.342156, 30.256359], [-95.338352, 30.255986], [-95.338324, 30.256893], [-95.337496, 30.258125], [-95.349452, 30.267379], [-95.350713, 30.26875], [-95.352289, 30.271323], [-95.355531, 30.274451], [-95.361378, 30.278763], [-95.363022, 30.279599], [-95.367072, 30.281301], [-95.368387, 30.282005], [-95.379843, 30.290827], [-95.38447, 30.293612], [-95.384441, 30.292266], [-95.405374, 30.287158], [-95.408019, 30.286479], [-95.40814, 30.285957], [-95.405537, 30.27805], [-95.405746, 30.277635], [-95.416716, 30.274987], [-95.415715, 30.273983], [-95.410002, 30.269053], [-95.405339, 30.265422], [-95.403918, 30.264016], [-95.400226, 30.258768], [-95.396912, 30.253827], [-95.396228, 30.252992], [-95.394466, 30.251435], [-95.40847, 30.248054], [-95.410544, 30.247595], [-95.410125, 30.244758], [-95.415748, 30.243439], [-95.422847, 30.241696], [-95.423587, 30.239661], [-95.423244, 30.23902], [-95.423824, 30.238882], [-95.424984, 30.237874], [-95.425405, 30.236705], [-95.426539, 30.235261], [-95.428728, 30.235008], [-95.42944, 30.234252], [-95.430126, 30.234137], [-95.429518, 30.233359], [-95.429702, 30.232328], [-95.429385, 30.23187]]]}},
    {"type": "Feature", "properties": {"name": "Census tract 6923.01", "description": "Montgomery County", "Population": 4146, "Housing units": 1536, "Vacant housing units": 181, "Vacancy rate (%)": 11.8, "Median gross rent ($ a month)": 1074.0, "Median gross rent ($ a month) margin": 104.0, "Median home value ($)": 277000.0, "Median home value ($) margin": 91004.0, "Median household income ($ a year)": 123454.0, "Median household income ($ a year) margin": 23429.0, "Survey years": "2020 to 2024", "id": "48339692301"}, "geometry": {"type": "Polygon", "coordinates": [[[-95.345318, 30.144697], [-95.344736, 30.144468], [-95.342971, 30.145103], [-95.341184, 30.146166], [-95.339623, 30.145787], [-95.338873, 30.145028], [-95.338617, 30.143907], [-95.338643, 30.141627], [-95.336998, 30.139267], [-95.338318, 30.136698], [-95.338983, 30.134851], [-95.338826, 30.133413], [-95.337733, 30.132449], [-95.334998, 30.132421], [-95.333074, 30.132719], [-95.332204, 30.132352], [-95.330993, 30.131229], [-95.329834, 30.129488], [-95.329544, 30.128709], [-95.328966, 30.125227], [-95.328281, 30.123715], [-95.328013, 30.121977], [-95.327548, 30.121978], [-95.307197, 30.124317], [-95.304698, 30.121432], [-95.306336, 30.120155], [-95.30516, 30.117802], [-95.303095, 30.115359], [-95.278164, 30.115658], [-95.276712, 30.116094], [-95.272849, 30.118776], [-95.279565, 30.125928], [-95.293969, 30.141377], [-95.298984, 30.146783], [-95.306537, 30.154875], [-95.310192, 30.158965], [-95.315107, 30.164329], [-95.319544, 30.170665], [-95.320749, 30.16993], [-95.321946, 30.167575], [-95.323815, 30.166193], [-95.324937, 30.164991], [-95.327095, 30.162316], [-95.331733, 30.158415], [-95.3403, 30.158378], [-95.341317, 30.158469], [-95.341897, 30.157644], [-95.343136, 30.157255], [-95.343795, 30.156591], [-95.343769, 30.154919], [-95.344349, 30.154003], [-95.34406, 30.152972], [-95.343084, 30.15249], [-95.342373, 30.151643], [-95.342109, 30.150635], [-95.342901, 30.148092], [-95.343902, 30.148253], [-95.345273, 30.149032], [-95.346301, 30.148597], [-95.346327, 30.148161], [-95.345141, 30.147268], [-95.345318, 30.144697]]]}},
    {"type": "Feature", "properties": {"name": "Census tract 6923.02", "description": "Montgomery County", "Population": 4893, "Housing units": 1757, "Vacant housing units": 56, "Vacancy rate (%)": 3.2, "Median gross rent ($ a month)": 950.0, "Median gross rent ($ a month) margin": 646.0, "Median home value ($)": 167000.0, "Median home value ($) margin": 150996.0, "Median household income ($ a year)": 68533.0, "Median household income ($ a year) margin": 59249.0, "Survey years": "2020 to 2024", "id": "48339692302"}, "geometry": {"type": "Polygon", "coordinates": [[[-95.311613, 30.094667], [-95.306932, 30.094374], [-95.294614, 30.094028], [-95.292563, 30.093357], [-95.291798, 30.09341], [-95.289053, 30.094441], [-95.278282, 30.094784], [-95.275209, 30.094784], [-95.275173, 30.095993], [-95.274822, 30.096878], [-95.273254, 30.099409], [-95.271367, 30.101968], [-95.269945, 30.104999], [-95.264635, 30.111902], [-95.269821, 30.115774], [-95.272849, 30.118776], [-95.276712, 30.116094], [-95.278164, 30.115658], [-95.303095, 30.115359], [-95.30516, 30.117802], [-95.306336, 30.120155], [-95.304698, 30.121432], [-95.307197, 30.124317], [-95.327548, 30.121978], [-95.328013, 30.121977], [-95.328572, 30.119362], [-95.328177, 30.118354], [-95.327071, 30.117506], [-95.325517, 30.117116], [-95.324462, 30.117368], [-95.323065, 30.118627], [-95.321827, 30.118925], [-95.320615, 30.118398], [-95.31993, 30.117046], [-95.319826, 30.115305], [-95.319299, 30.113861], [-95.318746, 30.11338], [-95.317113, 30.112738], [-95.314821, 30.112164], [-95.31411, 30.111019], [-95.314665, 30.107835], [-95.314799, 30.104467], [-95.314747, 30.101535], [-95.314485, 30.100481], [-95.313379, 30.099083], [-95.311562, 30.097983], [-95.311035, 30.096768], [-95.311613, 30.094667]]]}},
    {"type": "Feature", "properties": {"name": "Census tract 6923.03", "description": "Montgomery County", "Population": 6109, "Housing units": 3253, "Vacant housing units": 567, "Vacancy rate (%)": 17.4, "Median gross rent ($ a month)": 1507.0, "Median gross rent ($ a month) margin": 138.0, "Median home value ($)": 268300.0, "Median home value ($) margin": 53873.0, "Median household income ($ a year)": 77534.0, "Median household income ($ a year) margin": 20622.0, "Survey years": "2020 to 2024", "id": "48339692303"}, "geometry": {"type": "Polygon", "coordinates": [[[-95.263677, 30.032517], [-95.254828, 30.0396], [-95.252878, 30.048312], [-95.251164, 30.05512], [-95.249632, 30.06043], [-95.245413, 30.074346], [-95.244963, 30.075935], [-95.239495, 30.094221], [-95.236408, 30.104399], [-95.238493, 30.104543], [-95.243358, 30.104633], [-95.248309, 30.104609], [-95.24839, 30.100399], [-95.246763, 30.100411], [-95.246754, 30.099071], [-95.248025, 30.099017], [-95.248036, 30.098236], [-95.246871, 30.098229], [-95.246889, 30.09723], [-95.245887, 30.097578], [-95.243268, 30.097606], [-95.243139, 30.095832], [-95.242057, 30.095549], [-95.242947, 30.092922], [-95.244451, 30.093032], [-95.244526, 30.0935], [-95.245399, 30.093692], [-95.245801, 30.093176], [-95.24965, 30.093159], [-95.249946, 30.092618], [-95.249133, 30.092401], [-95.249003, 30.086462], [-95.250519, 30.086432], [-95.250548, 30.086795], [-95.252406, 30.086845], [-95.255576, 30.087562], [-95.257573, 30.088279], [-95.258709, 30.087359], [-95.257466, 30.086259], [-95.255721, 30.085381], [-95.25353, 30.084941], [-95.254447, 30.080529], [-95.252446, 30.080222], [-95.250374, 30.080469], [-95.250476, 30.076566], [-95.250396, 30.071892], [-95.255355, 30.071873], [-95.255353, 30.071434], [-95.262805, 30.071401], [-95.26282, 30.068855], [-95.263095, 30.069657], [-95.265541, 30.07273], [-95.268168, 30.075788], [-95.268906, 30.076906], [-95.274575, 30.088816], [-95.274845, 30.089748], [-95.275209, 30.094784], [-95.278282, 30.094784], [-95.289053, 30.094441], [-95.291798, 30.09341], [-95.292563, 30.093357], [-95.294614, 30.094028], [-95.306932, 30.094374], [-95.311613, 30.094667], [-95.314069, 30.092725], [-95.31474, 30.091803], [-95.314751, 30.091185], [-95.313146, 30.08993], [-95.31022, 30.089778], [-95.308057, 30.089188], [-95.307224, 30.087783], [-95.307396, 30.086747], [-95.307142, 30.085985], [-95.306407, 30.08536], [-95.305096, 30.085114], [-95.303075, 30.085234], [-95.300325, 30.085832], [-95.298278, 30.085344], [-95.296561, 30.083842], [-95.295408, 30.08229], [-95.293837, 30.081462], [-95.28956, 30.080689], [-95.288331, 30.080333], [-95.285917, 30.078963], [-95.284459, 30.078392], [-95.281976, 30.077943], [-95.280525, 30.076994], [-95.280272, 30.074796], [-95.281805, 30.071956], [-95.281798, 30.070514], [-95.281044, 30.06961], [-95.279302, 30.068491], [-95.277908, 30.067291], [-95.276482, 30.063426], [-95.274474, 30.060125], [-95.272954, 30.056703], [-95.270674, 30.049334], [-95.269379, 30.047782], [-95.268963, 30.046458], [-95.268977, 30.044945], [-95.271029, 30.04294], [-95.271331, 30.04168], [-95.269746, 30.040156], [-95.266697, 30.039757], [-95.265543, 30.038866], [-95.263832, 30.035196], [-95.263677, 30.032517]]]}},
    {"type": "Feature", "properties": {"name": "Census tract 6923.04", "description": "Montgomery County", "Population": 8147, "Housing units": 3343, "Vacant housing units": 112, "Vacancy rate (%)": 3.4, "Median home value ($)": 331000.0, "Median home value ($) margin": 35507.0, "Median household income ($ a year)": 119388.0, "Median household income ($ a year) margin": 34063.0, "Survey years": "2020 to 2024", "id": "48339692304"}, "geometry": {"type": "Polygon", "coordinates": [[[-95.275209, 30.094784], [-95.274845, 30.089748], [-95.274575, 30.088816], [-95.268906, 30.076906], [-95.268168, 30.075788], [-95.265541, 30.07273], [-95.263095, 30.069657], [-95.26282, 30.068855], [-95.262805, 30.071401], [-95.255353, 30.071434], [-95.255355, 30.071873], [-95.250396, 30.071892], [-95.250476, 30.076566], [-95.250374, 30.080469], [-95.252446, 30.080222], [-95.254447, 30.080529], [-95.25353, 30.084941], [-95.255721, 30.085381], [-95.257466, 30.086259], [-95.258709, 30.087359], [-95.257573, 30.088279], [-95.255576, 30.087562], [-95.252406, 30.086845], [-95.250548, 30.086795], [-95.250519, 30.086432], [-95.249003, 30.086462], [-95.249133, 30.092401], [-95.249946, 30.092618], [-95.24965, 30.093159], [-95.245801, 30.093176], [-95.245399, 30.093692], [-95.244526, 30.0935], [-95.244451, 30.093032], [-95.242947, 30.092922], [-95.242057, 30.095549], [-95.243139, 30.095832], [-95.243268, 30.097606], [-95.245887, 30.097578], [-95.246889, 30.09723], [-95.246871, 30.098229], [-95.248036, 30.098236], [-95.248025, 30.099017], [-95.246754, 30.099071], [-95.246763, 30.100411], [-95.24839, 30.100399], [-95.248309, 30.104609], [-95.251896, 30.104596], [-95.253727, 30.104831], [-95.255749, 30.105754], [-95.261001, 30.109248], [-95.264635, 30.111902], [-95.269945, 30.104999], [-95.271367, 30.101968], [-95.273254, 30.099409], [-95.274822, 30.096878], [-95.275173, 30.095993], [-95.275209, 30.094784]]]}},
    {"type": "Feature", "properties": {"name": "Census tract 6924.01", "description": "Montgomery County", "Population": 5232, "Housing units": 1853, "Vacant housing units": 169, "Vacancy rate (%)": 9.1, "Median gross rent ($ a month)": 1412.0, "Median gross rent ($ a month) margin": 467.0, "Median home value ($)": 217000.0, "Median home value ($) margin": 73019.0, "Median household income ($ a year)": 78290.0, "Median household income ($ a year) margin": 6431.0, "Survey years": "2020 to 2024", "id": "48339692401"}, "geometry": {"type": "Polygon", "coordinates": [[[-95.245413, 30.074346], [-95.243368, 30.074303], [-95.242131, 30.074635], [-95.241235, 30.074109], [-95.239403, 30.073602], [-95.238677, 30.075681], [-95.227433, 30.075453], [-95.227398, 30.078885], [-95.220169, 30.078956], [-95.219862, 30.078176], [-95.216327, 30.078106], [-95.216323, 30.078242], [-95.213289, 30.078226], [-95.211318, 30.074473], [-95.204, 30.080222], [-95.200336, 30.083446], [-95.195724, 30.087321], [-95.195471, 30.088317], [-95.195426, 30.095945], [-95.196107, 30.096495], [-95.221068, 30.096192], [-95.223797, 30.096208], [-95.225853, 30.097075], [-95.227796, 30.097256], [-95.231273, 30.097994], [-95.229741, 30.102331], [-95.234183, 30.103884], [-95.236408, 30.104399], [-95.239495, 30.094221], [-95.244963, 30.075935], [-95.245413, 30.074346]]]}},
    {"type": "Feature", "properties": {"name": "Census tract 6924.02", "description": "Montgomery County", "Population": 10116, "Housing units": 4636, "Vacant housing units": 317, "Vacancy rate (%)": 6.8, "Median gross rent ($ a month)": 1762.0, "Median gross rent ($ a month) margin": 126.0, "Median home value ($)": 354000.0, "Median home value ($) margin": 21669.0, "Median household income ($ a year)": 88425.0, "Median household income ($ a year) margin": 26202.0, "Survey years": "2020 to 2024", "id": "48339692402"}, "geometry": {"type": "Polygon", "coordinates": [[[-95.254828, 30.0396], [-95.244045, 30.048128], [-95.241508, 30.050221], [-95.239635, 30.051545], [-95.23386, 30.056353], [-95.232885, 30.057004], [-95.227043, 30.061948], [-95.21971, 30.067818], [-95.21865, 30.068765], [-95.211318, 30.074473], [-95.213289, 30.078226], [-95.216323, 30.078242], [-95.216327, 30.078106], [-95.219862, 30.078176], [-95.220169, 30.078956], [-95.227398, 30.078885], [-95.227433, 30.075453], [-95.238677, 30.075681], [-95.239403, 30.073602], [-95.241235, 30.074109], [-95.242131, 30.074635], [-95.243368, 30.074303], [-95.245413, 30.074346], [-95.249632, 30.06043], [-95.251164, 30.05512], [-95.252878, 30.048312], [-95.254828, 30.0396]]]}},
    {"type": "Feature", "properties": {"name": "Census tract 6925.01", "description": "Montgomery County", "Population": 5879, "Housing units": 2443, "Vacant housing units": 362, "Vacancy rate (%)": 14.8, "Median gross rent ($ a month)": 1281.0, "Median gross rent ($ a month) margin": 154.0, "Median home value ($)": 161700.0, "Median home value ($) margin": 150128.0, "Median household income ($ a year)": 67249.0, "Median household income ($ a year) margin": 8189.0, "Survey years": "2020 to 2024", "id": "48339692501"}, "geometry": {"type": "Polygon", "coordinates": [[[-95.230702, 30.12335], [-95.229885, 30.122893], [-95.229224, 30.121404], [-95.228433, 30.120901], [-95.227668, 30.119802], [-95.226692, 30.119161], [-95.223924, 30.117972], [-95.222236, 30.116965], [-95.221735, 30.116256], [-95.220443, 30.116027], [-95.221154, 30.115454], [-95.220126, 30.114768], [-95.220151, 30.114058], [-95.219123, 30.113738], [-95.217303, 30.111952], [-95.217618, 30.110508], [-95.217038, 30.110371], [-95.21672, 30.108218], [-95.213898, 30.106158], [-95.213634, 30.105632], [-95.212712, 30.105632], [-95.211736, 30.104167], [-95.209628, 30.104168], [-95.208283, 30.103207], [-95.206571, 30.103918], [-95.204569, 30.104126], [-95.204042, 30.103737], [-95.200775, 30.103991], [-95.199537, 30.104587], [-95.198272, 30.104817], [-95.198115, 30.105527], [-95.194848, 30.106194], [-95.19527, 30.107018], [-95.194085, 30.107592], [-95.190949, 30.107479], [-95.189816, 30.107273], [-95.188155, 30.105189], [-95.18681, 30.104709], [-95.186046, 30.104136], [-95.184627, 30.104585], [-95.183856, 30.104302], [-95.182356, 30.104536], [-95.182031, 30.104107], [-95.182166, 30.102865], [-95.181831, 30.101884], [-95.181027, 30.10121], [-95.180527, 30.099452], [-95.172663, 30.105857], [-95.165209, 30.111816], [-95.13568, 30.135534], [-95.131571, 30.138641], [-95.130505, 30.139834], [-95.128319, 30.141357], [-95.123602, 30.145355], [-95.125855, 30.145171], [-95.127456, 30.145245], [-95.131299, 30.146321], [-95.135322, 30.146921], [-95.140063, 30.147762], [-95.141658, 30.147827], [-95.146397, 30.147709], [-95.154889, 30.148057], [-95.15917, 30.148828], [-95.16774, 30.148036], [-95.1714, 30.147105], [-95.173202, 30.146865], [-95.178503, 30.146933], [-95.180875, 30.147163], [-95.187133, 30.148328], [-95.189861, 30.148348], [-95.191121, 30.148568], [-95.195113, 30.150015], [-95.196704, 30.150352], [-95.212666, 30.150062], [-95.213254, 30.150144], [-95.211746, 30.154465], [-95.214257, 30.154995], [-95.215376, 30.155048], [-95.224472, 30.141626], [-95.225392, 30.140174], [-95.226311, 30.138064], [-95.227169, 30.135077], [-95.230702, 30.12335]]]}},
    {"type": "Feature", "properties": {"name": "Census tract 6925.02", "description": "Montgomery County", "Population": 5048, "Housing units": 1708, "Vacant housing units": 61, "Vacancy rate (%)": 3.6, "Median gross rent ($ a month)": 1259.0, "Median gross rent ($ a month) margin": 226.0, "Median home value ($)": 265300.0, "Median home value ($) margin": 38524.0, "Median household income ($ a year)": 56226.0, "Median household income ($ a year) margin": 19702.0, "Survey years": "2020 to 2024", "id": "48339692502"}, "geometry": {"type": "Polygon", "coordinates": [[[-95.236408, 30.104399], [-95.234183, 30.103884], [-95.229741, 30.102331], [-95.231273, 30.097994], [-95.227796, 30.097256], [-95.225853, 30.097075], [-95.223797, 30.096208], [-95.221068, 30.096192], [-95.196107, 30.096495], [-95.195426, 30.095945], [-95.195471, 30.088317], [-95.195724, 30.087321], [-95.180527, 30.099452], [-95.181027, 30.10121], [-95.181831, 30.101884], [-95.182166, 30.102865], [-95.182031, 30.104107], [-95.182356, 30.104536], [-95.183856, 30.104302], [-95.184627, 30.104585], [-95.186046, 30.104136], [-95.18681, 30.104709], [-95.188155, 30.105189], [-95.189816, 30.107273], [-95.190949, 30.107479], [-95.194085, 30.107592], [-95.19527, 30.107018], [-95.194848, 30.106194], [-95.198115, 30.105527], [-95.198272, 30.104817], [-95.199537, 30.104587], [-95.200775, 30.103991], [-95.204042, 30.103737], [-95.204569, 30.104126], [-95.206571, 30.103918], [-95.208283, 30.103207], [-95.209628, 30.104168], [-95.211736, 30.104167], [-95.212712, 30.105632], [-95.213634, 30.105632], [-95.213898, 30.106158], [-95.21672, 30.108218], [-95.217038, 30.110371], [-95.217618, 30.110508], [-95.217303, 30.111952], [-95.219123, 30.113738], [-95.220151, 30.114058], [-95.220126, 30.114768], [-95.221154, 30.115454], [-95.220443, 30.116027], [-95.221735, 30.116256], [-95.222236, 30.116965], [-95.223924, 30.117972], [-95.226692, 30.119161], [-95.227668, 30.119802], [-95.228433, 30.120901], [-95.229224, 30.121404], [-95.229885, 30.122893], [-95.230702, 30.12335], [-95.234815, 30.109565], [-95.236408, 30.104399]]]}},
    {"type": "Feature", "properties": {"name": "Census tract 6926.01", "description": "Montgomery County", "Population": 4763, "Housing units": 1806, "Vacant housing units": 132, "Vacancy rate (%)": 7.3, "Median gross rent ($ a month)": 1340.0, "Median gross rent ($ a month) margin": 80.0, "Median home value ($)": 166500.0, "Median home value ($) margin": 31415.0, "Median household income ($ a year)": 39847.0, "Median household income ($ a year) margin": 17694.0, "Survey years": "2020 to 2024", "id": "48339692601"}, "geometry": {"type": "Polygon", "coordinates": [[[-95.304417, 30.209918], [-95.303406, 30.208397], [-95.300611, 30.207365], [-95.300163, 30.206609], [-95.298027, 30.205966], [-95.29721, 30.205187], [-95.295839, 30.20466], [-95.295444, 30.203629], [-95.294864, 30.20317], [-95.294101, 30.200581], [-95.293416, 30.199619], [-95.292388, 30.199412], [-95.29099, 30.199732], [-95.290014, 30.19925], [-95.288406, 30.198974], [-95.287167, 30.198264], [-95.286297, 30.197415], [-95.284399, 30.196658], [-95.283213, 30.195146], [-95.281869, 30.193885], [-95.281238, 30.192327], [-95.280316, 30.190998], [-95.279051, 30.19008], [-95.276599, 30.1893], [-95.275307, 30.189116], [-95.27507, 30.188497], [-95.273568, 30.18758], [-95.273147, 30.18648], [-95.27196, 30.186617], [-95.270774, 30.18586], [-95.269113, 30.185813], [-95.26827, 30.185446], [-95.266371, 30.185742], [-95.264683, 30.185466], [-95.262997, 30.184571], [-95.260123, 30.18363], [-95.259306, 30.183721], [-95.258568, 30.182896], [-95.256485, 30.182871], [-95.255748, 30.182321], [-95.255564, 30.18129], [-95.256488, 30.179985], [-95.256094, 30.178747], [-95.25504, 30.178494], [-95.254434, 30.177623], [-95.252272, 30.177347], [-95.251482, 30.176727], [-95.250744, 30.176681], [-95.249748, 30.176023], [-95.248694, 30.176437], [-95.247243, 30.176072], [-95.247376, 30.176919], [-95.246613, 30.177653], [-95.24453, 30.177632], [-95.243806, 30.177917], [-95.249053, 30.18564], [-95.250143, 30.187728], [-95.253389, 30.196866], [-95.253896, 30.19942], [-95.254578, 30.201345], [-95.255542, 30.202393], [-95.257506, 30.203297], [-95.269315, 30.20601], [-95.271679, 30.207006], [-95.273426, 30.208372], [-95.283094, 30.218], [-95.284932, 30.220246], [-95.291981, 30.231621], [-95.292906, 30.232529], [-95.299498, 30.237835], [-95.300669, 30.238484], [-95.300713, 30.234155], [-95.300841, 30.232956], [-95.302866, 30.230165], [-95.303266, 30.228787], [-95.303048, 30.226998], [-95.303159, 30.22611], [-95.304031, 30.223226], [-95.304255, 30.22192], [-95.304182, 30.219272], [-95.304541, 30.216971], [-95.304549, 30.215703], [-95.304075, 30.2138], [-95.303958, 30.211431], [-95.304417, 30.209918]]]}},
    {"type": "Feature", "properties": {"name": "Census tract 6926.03", "description": "Montgomery County", "Population": 6194, "Housing units": 2220, "Vacant housing units": 107, "Vacancy rate (%)": 4.8, "Median gross rent ($ a month)": 1559.0, "Median gross rent ($ a month) margin": 211.0, "Median home value ($)": 252200.0, "Median home value ($) margin": 37561.0, "Median household income ($ a year)": 81283.0, "Median household income ($ a year) margin": 25175.0, "Survey years": "2020 to 2024", "id": "48339692603"}, "geometry": {"type": "Polygon", "coordinates": [[[-95.319544, 30.170665], [-95.315107, 30.164329], [-95.310192, 30.158965], [-95.306537, 30.154875], [-95.298984, 30.146783], [-95.299026, 30.149138], [-95.284107, 30.149248], [-95.284099, 30.149138], [-95.277446, 30.149214], [-95.271431, 30.146445], [-95.271414, 30.14585], [-95.269885, 30.145876], [-95.269922, 30.148794], [-95.269228, 30.147945], [-95.267489, 30.147004], [-95.266805, 30.14579], [-95.26554, 30.145605], [-95.264881, 30.145926], [-95.264354, 30.145536], [-95.263694, 30.146039], [-95.262851, 30.14558], [-95.262192, 30.145992], [-95.261007, 30.145281], [-95.2584, 30.142988], [-95.257583, 30.142804], [-95.257847, 30.142025], [-95.256866, 30.14146], [-95.246158, 30.14162], [-95.246615, 30.142471], [-95.246651, 30.146483], [-95.248231, 30.146472], [-95.247803, 30.147415], [-95.247838, 30.150748], [-95.248273, 30.150738], [-95.247709, 30.151979], [-95.247703, 30.154433], [-95.237858, 30.154518], [-95.237837, 30.152091], [-95.234056, 30.15214], [-95.233876, 30.152346], [-95.229439, 30.152335], [-95.229524, 30.15648], [-95.228763, 30.156473], [-95.228703, 30.154702], [-95.22637, 30.155184], [-95.226257, 30.156917], [-95.240514, 30.173465], [-95.243806, 30.177917], [-95.24453, 30.177632], [-95.246613, 30.177653], [-95.247376, 30.176919], [-95.247243, 30.176072], [-95.248694, 30.176437], [-95.249748, 30.176023], [-95.250744, 30.176681], [-95.251482, 30.176727], [-95.252272, 30.177347], [-95.254434, 30.177623], [-95.25504, 30.178494], [-95.256094, 30.178747], [-95.256488, 30.179985], [-95.255564, 30.18129], [-95.255748, 30.182321], [-95.256485, 30.182871], [-95.258568, 30.182896], [-95.259306, 30.183721], [-95.260123, 30.18363], [-95.262997, 30.184571], [-95.264683, 30.185466], [-95.266371, 30.185742], [-95.26827, 30.185446], [-95.269113, 30.185813], [-95.270774, 30.18586], [-95.27196, 30.186617], [-95.273147, 30.18648], [-95.273568, 30.18758], [-95.27507, 30.188497], [-95.275307, 30.189116], [-95.276599, 30.1893], [-95.279051, 30.19008], [-95.280316, 30.190998], [-95.281238, 30.192327], [-95.281869, 30.193885], [-95.283213, 30.195146], [-95.284399, 30.196658], [-95.286297, 30.197415], [-95.287167, 30.198264], [-95.288406, 30.198974], [-95.290014, 30.19925], [-95.29099, 30.199732], [-95.292388, 30.199412], [-95.293416, 30.199619], [-95.294101, 30.200581], [-95.294864, 30.20317], [-95.295444, 30.203629], [-95.295839, 30.20466], [-95.29721, 30.205187], [-95.298027, 30.205966], [-95.300163, 30.206609], [-95.300611, 30.207365], [-95.303406, 30.208397], [-95.304417, 30.209918], [-95.304824, 30.208866], [-95.307694, 30.204928], [-95.309417, 30.201465], [-95.311457, 30.197029], [-95.314137, 30.190965], [-95.314691, 30.189052], [-95.315092, 30.184455], [-95.315565, 30.182517], [-95.31813, 30.176535], [-95.318369, 30.17548], [-95.318294, 30.172562], [-95.319544, 30.170665]]]}},
    {"type": "Feature", "properties": {"name": "Census tract 6926.04", "description": "Montgomery County", "Population": 10007, "Housing units": 3187, "Vacant housing units": 213, "Vacancy rate (%)": 6.7, "Median gross rent ($ a month)": 1864.0, "Median gross rent ($ a month) margin": 325.0, "Median home value ($)": 267100.0, "Median home value ($) margin": 18625.0, "Median household income ($ a year)": 102068.0, "Median household income ($ a year) margin": 25228.0, "Survey years": "2020 to 2024", "id": "48339692604"}, "geometry": {"type": "Polygon", "coordinates": [[[-95.298984, 30.146783], [-95.293969, 30.141377], [-95.279565, 30.125928], [-95.272849, 30.118776], [-95.269821, 30.115774], [-95.264635, 30.111902], [-95.261001, 30.109248], [-95.255749, 30.105754], [-95.253727, 30.104831], [-95.251896, 30.104596], [-95.248309, 30.104609], [-95.243358, 30.104633], [-95.238493, 30.104543], [-95.236408, 30.104399], [-95.234815, 30.109565], [-95.230702, 30.12335], [-95.231256, 30.12337], [-95.232031, 30.120587], [-95.235835, 30.121347], [-95.23647, 30.121919], [-95.237088, 30.123312], [-95.238172, 30.123127], [-95.239659, 30.123378], [-95.24095, 30.124123], [-95.242297, 30.124524], [-95.244607, 30.124498], [-95.246399, 30.12523], [-95.247332, 30.126007], [-95.246211, 30.127578], [-95.244678, 30.13104], [-95.24349, 30.132955], [-95.24579, 30.133737], [-95.247503, 30.133735], [-95.248979, 30.134192], [-95.249612, 30.134054], [-95.251108, 30.134849], [-95.251846, 30.134896], [-95.252187, 30.135606], [-95.253346, 30.136546], [-95.254189, 30.136776], [-95.254583, 30.137899], [-95.254451, 30.138586], [-95.254898, 30.139686], [-95.255872, 30.140306], [-95.256003, 30.140856], [-95.256866, 30.14146], [-95.257847, 30.142025], [-95.257583, 30.142804], [-95.2584, 30.142988], [-95.261007, 30.145281], [-95.262192, 30.145992], [-95.262851, 30.14558], [-95.263694, 30.146039], [-95.264354, 30.145536], [-95.264881, 30.145926], [-95.26554, 30.145605], [-95.266805, 30.14579], [-95.267489, 30.147004], [-95.269228, 30.147945], [-95.269922, 30.148794], [-95.269885, 30.145876], [-95.271414, 30.14585], [-95.271431, 30.146445], [-95.277446, 30.149214], [-95.284099, 30.149138], [-95.284107, 30.149248], [-95.299026, 30.149138], [-95.298984, 30.146783]]]}},
    {"type": "Feature", "properties": {"name": "Census tract 6926.05", "description": "Montgomery County", "Population": 5856, "Housing units": 2022, "Vacant housing units": 125, "Vacancy rate (%)": 6.2, "Median gross rent ($ a month)": 1378.0, "Median gross rent ($ a month) margin": 96.0, "Median home value ($)": 130100.0, "Median home value ($) margin": 67021.0, "Median household income ($ a year)": 66182.0, "Median household income ($ a year) margin": 20172.0, "Survey years": "2020 to 2024", "id": "48339692605"}, "geometry": {"type": "Polygon", "coordinates": [[[-95.256866, 30.14146], [-95.256003, 30.140856], [-95.255872, 30.140306], [-95.254898, 30.139686], [-95.254451, 30.138586], [-95.254583, 30.137899], [-95.254189, 30.136776], [-95.253346, 30.136546], [-95.252187, 30.135606], [-95.251846, 30.134896], [-95.251108, 30.134849], [-95.249612, 30.134054], [-95.248979, 30.134192], [-95.247503, 30.133735], [-95.24579, 30.133737], [-95.24349, 30.132955], [-95.244678, 30.13104], [-95.246211, 30.127578], [-95.247332, 30.126007], [-95.246399, 30.12523], [-95.244607, 30.124498], [-95.242297, 30.124524], [-95.24095, 30.124123], [-95.239659, 30.123378], [-95.238172, 30.123127], [-95.237088, 30.123312], [-95.23647, 30.121919], [-95.235835, 30.121347], [-95.232031, 30.120587], [-95.231256, 30.12337], [-95.230702, 30.12335], [-95.227169, 30.135077], [-95.226311, 30.138064], [-95.225392, 30.140174], [-95.224472, 30.141626], [-95.215376, 30.155048], [-95.222393, 30.15515], [-95.223594, 30.155285], [-95.224859, 30.155755], [-95.226257, 30.156917], [-95.22637, 30.155184], [-95.228703, 30.154702], [-95.228763, 30.156473], [-95.229524, 30.15648], [-95.229439, 30.152335], [-95.233876, 30.152346], [-95.234056, 30.15214], [-95.237837, 30.152091], [-95.237858, 30.154518], [-95.247703, 30.154433], [-95.247709, 30.151979], [-95.248273, 30.150738], [-95.247838, 30.150748], [-95.247803, 30.147415], [-95.248231, 30.146472], [-95.246651, 30.146483], [-95.246615, 30.142471], [-95.246158, 30.14162], [-95.256866, 30.14146]]]}},
    {"type": "Feature", "properties": {"name": "Census tract 6927.01", "description": "Montgomery County", "Population": 3927, "Housing units": 1677, "Vacant housing units": 151, "Vacancy rate (%)": 9.0, "Median gross rent ($ a month)": 816.0, "Median gross rent ($ a month) margin": 360.0, "Median home value ($)": 187000.0, "Median home value ($) margin": 35929.0, "Median household income ($ a year)": 72717.0, "Median household income ($ a year) margin": 41349.0, "Survey years": "2020 to 2024", "id": "48339692701"}, "geometry": {"type": "Polygon", "coordinates": [[[-95.329987, 30.252323], [-95.315778, 30.241324], [-95.314464, 30.240749], [-95.310706, 30.240103], [-95.301557, 30.238728], [-95.300669, 30.238484], [-95.299498, 30.237835], [-95.292906, 30.232529], [-95.291981, 30.231621], [-95.284932, 30.220246], [-95.283094, 30.218], [-95.273426, 30.208372], [-95.271679, 30.207006], [-95.269315, 30.20601], [-95.257506, 30.203297], [-95.255542, 30.202393], [-95.254578, 30.201345], [-95.253896, 30.19942], [-95.253389, 30.196866], [-95.250143, 30.187728], [-95.249053, 30.18564], [-95.243806, 30.177917], [-95.243159, 30.178046], [-95.241708, 30.177543], [-95.24081, 30.176536], [-95.240809, 30.175414], [-95.240097, 30.175208], [-95.24028, 30.174429], [-95.237933, 30.173904], [-95.236773, 30.174364], [-95.236219, 30.174135], [-95.234586, 30.17503], [-95.234189, 30.173587], [-95.234293, 30.172854], [-95.232209, 30.172191], [-95.231841, 30.172994], [-95.231581, 30.17556], [-95.229789, 30.176409], [-95.230344, 30.177371], [-95.230397, 30.178264], [-95.230953, 30.179684], [-95.230479, 30.180669], [-95.231221, 30.183326], [-95.23109, 30.184632], [-95.232489, 30.185547], [-95.232834, 30.18699], [-95.233995, 30.188043], [-95.234945, 30.188386], [-95.236872, 30.189896], [-95.237007, 30.192347], [-95.235031, 30.193563], [-95.233343, 30.193771], [-95.233847, 30.195718], [-95.233346, 30.196085], [-95.233638, 30.197367], [-95.232662, 30.197735], [-95.232611, 30.198697], [-95.234537, 30.199749], [-95.233879, 30.200551], [-95.234011, 30.201101], [-95.23533, 30.201214], [-95.236017, 30.201649], [-95.236887, 30.20158], [-95.237362, 30.202037], [-95.239155, 30.201829], [-95.240343, 30.202401], [-95.240951, 30.203454], [-95.242556, 30.204645], [-95.2427, 30.219559], [-95.250235, 30.219375], [-95.252242, 30.218974], [-95.254803, 30.218234], [-95.256768, 30.217862], [-95.258996, 30.217831], [-95.258961, 30.220958], [-95.259421, 30.221369], [-95.263693, 30.22137], [-95.264498, 30.221491], [-95.269389, 30.223297], [-95.270302, 30.224194], [-95.270512, 30.225011], [-95.27067, 30.232088], [-95.270443, 30.235537], [-95.270595, 30.240185], [-95.270745, 30.254819], [-95.28044, 30.257169], [-95.291629, 30.259813], [-95.294379, 30.260098], [-95.299273, 30.260252], [-95.301565, 30.259996], [-95.309454, 30.257844], [-95.329987, 30.252323]]]}},
    {"type": "Feature", "properties": {"name": "Census tract 6927.02", "description": "Montgomery County", "Population": 6216, "Housing units": 2123, "Vacant housing units": 132, "Vacancy rate (%)": 6.2, "Median gross rent ($ a month)": 1252.0, "Median gross rent ($ a month) margin": 216.0, "Median home value ($)": 266700.0, "Median home value ($) margin": 27315.0, "Median household income ($ a year)": 98257.0, "Median household income ($ a year) margin": 30626.0, "Survey years": "2020 to 2024", "id": "48339692702"}, "geometry": {"type": "Polygon", "coordinates": [[[-95.270745, 30.254819], [-95.270595, 30.240185], [-95.270443, 30.235537], [-95.27067, 30.232088], [-95.270512, 30.225011], [-95.270302, 30.224194], [-95.269389, 30.223297], [-95.264498, 30.221491], [-95.263693, 30.22137], [-95.259421, 30.221369], [-95.258961, 30.220958], [-95.258996, 30.217831], [-95.256768, 30.217862], [-95.254803, 30.218234], [-95.252242, 30.218974], [-95.250235, 30.219375], [-95.2427, 30.219559], [-95.242556, 30.204645], [-95.240951, 30.203454], [-95.240343, 30.202401], [-95.239155, 30.201829], [-95.237362, 30.202037], [-95.236887, 30.20158], [-95.236017, 30.201649], [-95.23533, 30.201214], [-95.234011, 30.201101], [-95.233879, 30.200551], [-95.234537, 30.199749], [-95.232611, 30.198697], [-95.232662, 30.197735], [-95.233638, 30.197367], [-95.233346, 30.196085], [-95.233847, 30.195718], [-95.233343, 30.193771], [-95.235031, 30.193563], [-95.237007, 30.192347], [-95.236872, 30.189896], [-95.234945, 30.188386], [-95.233995, 30.188043], [-95.232834, 30.18699], [-95.232489, 30.185547], [-95.23109, 30.184632], [-95.231221, 30.183326], [-95.230479, 30.180669], [-95.230953, 30.179684], [-95.230397, 30.178264], [-95.230344, 30.177371], [-95.229789, 30.176409], [-95.231581, 30.17556], [-95.231841, 30.172994], [-95.232209, 30.172191], [-95.234293, 30.172854], [-95.234189, 30.173587], [-95.234586, 30.17503], [-95.236219, 30.174135], [-95.236773, 30.174364], [-95.237933, 30.173904], [-95.24028, 30.174429], [-95.240097, 30.175208], [-95.240809, 30.175414], [-95.24081, 30.176536], [-95.241708, 30.177543], [-95.243159, 30.178046], [-95.243806, 30.177917], [-95.240514, 30.173465], [-95.226257, 30.156917], [-95.224859, 30.155755], [-95.223594, 30.155285], [-95.222393, 30.15515], [-95.215376, 30.155048], [-95.211269, 30.161513], [-95.211063, 30.161335], [-95.207611, 30.166682], [-95.203308, 30.173025], [-95.200633, 30.177062], [-95.193329, 30.187739], [-95.19209, 30.189748], [-95.186145, 30.19851], [-95.182299, 30.204314], [-95.177367, 30.211496], [-95.16955, 30.223087], [-95.16929, 30.223996], [-95.168042, 30.226055], [-95.166551, 30.229017], [-95.165578, 30.230121], [-95.164241, 30.232529], [-95.167913, 30.232658], [-95.171051, 30.233498], [-95.175301, 30.23555], [-95.176461, 30.236205], [-95.178904, 30.237977], [-95.187143, 30.244156], [-95.188097, 30.2447], [-95.189607, 30.245037], [-95.195789, 30.2456], [-95.197437, 30.24596], [-95.19928, 30.246923], [-95.200933, 30.248807], [-95.202346, 30.249961], [-95.209006, 30.253683], [-95.210266, 30.254225], [-95.212234, 30.254495], [-95.213556, 30.254342], [-95.217173, 30.253534], [-95.218448, 30.25338], [-95.22109, 30.253803], [-95.232881, 30.256873], [-95.233929, 30.257222], [-95.237111, 30.258906], [-95.238948, 30.259656], [-95.240612, 30.259695], [-95.24484, 30.259082], [-95.246371, 30.258702], [-95.248475, 30.257812], [-95.24973, 30.257569], [-95.253201, 30.257498], [-95.254802, 30.257157], [-95.258509, 30.255225], [-95.262115, 30.2542], [-95.263413, 30.253983], [-95.266401, 30.253898], [-95.270745, 30.254819]]]}},
    {"type": "Feature", "properties": {"name": "Census tract 6928.02", "description": "Montgomery County", "Population": 11952, "Housing units": 3768, "Vacant housing units": 359, "Vacancy rate (%)": 9.5, "Median gross rent ($ a month)": 1227.0, "Median gross rent ($ a month) margin": 382.0, "Median home value ($)": 305300.0, "Median home value ($) margin": 40722.0, "Median household income ($ a year)": 102760.0, "Median household income ($ a year) margin": 17594.0, "Survey years": "2020 to 2024", "id": "48339692802"}, "geometry": {"type": "Polygon", "coordinates": [[[-95.215376, 30.155048], [-95.214257, 30.154995], [-95.211746, 30.154465], [-95.213254, 30.150144], [-95.212666, 30.150062], [-95.196704, 30.150352], [-95.195113, 30.150015], [-95.191121, 30.148568], [-95.189861, 30.148348], [-95.187133, 30.148328], [-95.180875, 30.147163], [-95.178503, 30.146933], [-95.173202, 30.146865], [-95.1714, 30.147105], [-95.16774, 30.148036], [-95.15917, 30.148828], [-95.154889, 30.148057], [-95.146397, 30.147709], [-95.141658, 30.147827], [-95.140063, 30.147762], [-95.135322, 30.146921], [-95.131299, 30.146321], [-95.127456, 30.145245], [-95.125855, 30.145171], [-95.123602, 30.145355], [-95.115446, 30.152087], [-95.096708, 30.167214], [-95.097823, 30.170616], [-95.10019, 30.176803], [-95.100547, 30.176801], [-95.103955, 30.186419], [-95.108474, 30.197967], [-95.109456, 30.197511], [-95.112963, 30.197219], [-95.118392, 30.195534], [-95.143035, 30.188214], [-95.144019, 30.187959], [-95.144593, 30.186638], [-95.145757, 30.186798], [-95.157988, 30.183239], [-95.160209, 30.182204], [-95.161991, 30.180745], [-95.16354, 30.178827], [-95.166251, 30.173799], [-95.16744, 30.172435], [-95.169121, 30.171666], [-95.170923, 30.17156], [-95.173744, 30.17199], [-95.176476, 30.17275], [-95.180435, 30.172832], [-95.190647, 30.172789], [-95.196258, 30.172881], [-95.202838, 30.172833], [-95.203308, 30.173025], [-95.207611, 30.166682], [-95.211063, 30.161335], [-95.211269, 30.161513], [-95.215376, 30.155048]]]}},
    {"type": "Feature", "properties": {"name": "Census tract 6928.03", "description": "Montgomery County", "Population": 7013, "Housing units": 2243, "Vacant housing units": 103, "Vacancy rate (%)": 4.6, "Median gross rent ($ a month)": 1152.0, "Median gross rent ($ a month) margin": 106.0, "Median home value ($)": 229200.0, "Median home value ($) margin": 33648.0, "Median household income ($ a year)": 78821.0, "Median household income ($ a year) margin": 5386.0, "Survey years": "2020 to 2024", "id": "48339692803"}, "geometry": {"type": "Polygon", "coordinates": [[[-95.182299, 30.204314], [-95.18121, 30.204059], [-95.159885, 30.204253], [-95.157575, 30.205059], [-95.139618, 30.205272], [-95.139735, 30.200629], [-95.139938, 30.199363], [-95.1428, 30.189729], [-95.144019, 30.187959], [-95.143035, 30.188214], [-95.118392, 30.195534], [-95.112963, 30.197219], [-95.109456, 30.197511], [-95.108474, 30.197967], [-95.109103, 30.199638], [-95.115202, 30.215144], [-95.119058, 30.224868], [-95.125594, 30.241875], [-95.128946, 30.250212], [-95.129447, 30.250503], [-95.134118, 30.2634], [-95.137255, 30.271502], [-95.138759, 30.26932], [-95.138582, 30.269171], [-95.143949, 30.261298], [-95.148443, 30.25459], [-95.150682, 30.251408], [-95.153521, 30.248009], [-95.155408, 30.245956], [-95.15924, 30.24214], [-95.16035, 30.240823], [-95.161941, 30.238311], [-95.163214, 30.234797], [-95.164241, 30.232529], [-95.165578, 30.230121], [-95.166551, 30.229017], [-95.168042, 30.226055], [-95.16929, 30.223996], [-95.16955, 30.223087], [-95.177367, 30.211496], [-95.182299, 30.204314]]]}},
    {"type": "Feature", "properties": {"name": "Census tract 6928.04", "description": "Montgomery County", "Population": 4784, "Housing units": 1824, "Vacant housing units": 193, "Vacancy rate (%)": 10.6, "Median gross rent ($ a month)": 1375.0, "Median gross rent ($ a month) margin": 548.0, "Median home value ($)": 248700.0, "Median home value ($) margin": 38414.0, "Median household income ($ a year)": 97908.0, "Median household income ($ a year) margin": 17756.0, "Survey years": "2020 to 2024", "id": "48339692804"}, "geometry": {"type": "Polygon", "coordinates": [[[-95.203308, 30.173025], [-95.202838, 30.172833], [-95.196258, 30.172881], [-95.190647, 30.172789], [-95.180435, 30.172832], [-95.176476, 30.17275], [-95.173744, 30.17199], [-95.170923, 30.17156], [-95.169121, 30.171666], [-95.16744, 30.172435], [-95.166251, 30.173799], [-95.16354, 30.178827], [-95.161991, 30.180745], [-95.160209, 30.182204], [-95.157988, 30.183239], [-95.145757, 30.186798], [-95.144593, 30.186638], [-95.144019, 30.187959], [-95.1428, 30.189729], [-95.139938, 30.199363], [-95.139735, 30.200629], [-95.139618, 30.205272], [-95.157575, 30.205059], [-95.159885, 30.204253], [-95.18121, 30.204059], [-95.182299, 30.204314], [-95.186145, 30.19851], [-95.19209, 30.189748], [-95.193329, 30.187739], [-95.200633, 30.177062], [-95.203308, 30.173025]]]}},
    {"type": "Feature", "properties": {"name": "Census tract 6929", "description": "Montgomery County", "Population": 4989, "Housing units": 1854, "Vacant housing units": 146, "Vacancy rate (%)": 7.9, "Median gross rent ($ a month)": 1219.0, "Median gross rent ($ a month) margin": 199.0, "Median home value ($)": 275900.0, "Median home value ($) margin": 23593.0, "Median household income ($ a year)": 71321.0, "Median household income ($ a year) margin": 5121.0, "Survey years": "2020 to 2024", "id": "48339692900"}, "geometry": {"type": "Polygon", "coordinates": [[[-95.238948, 30.259656], [-95.237111, 30.258906], [-95.233929, 30.257222], [-95.232881, 30.256873], [-95.22109, 30.253803], [-95.218448, 30.25338], [-95.217173, 30.253534], [-95.213556, 30.254342], [-95.212234, 30.254495], [-95.210266, 30.254225], [-95.209006, 30.253683], [-95.202346, 30.249961], [-95.200933, 30.248807], [-95.19928, 30.246923], [-95.197437, 30.24596], [-95.195789, 30.2456], [-95.189607, 30.245037], [-95.188097, 30.2447], [-95.187143, 30.244156], [-95.178904, 30.237977], [-95.176461, 30.236205], [-95.175301, 30.23555], [-95.171051, 30.233498], [-95.167913, 30.232658], [-95.164241, 30.232529], [-95.163214, 30.234797], [-95.161941, 30.238311], [-95.16035, 30.240823], [-95.15924, 30.24214], [-95.155408, 30.245956], [-95.153521, 30.248009], [-95.150682, 30.251408], [-95.148443, 30.25459], [-95.143949, 30.261298], [-95.138582, 30.269171], [-95.138759, 30.26932], [-95.137255, 30.271502], [-95.143319, 30.287184], [-95.144189, 30.289344], [-95.152718, 30.311168], [-95.157507, 30.323511], [-95.159195, 30.327665], [-95.165897, 30.344976], [-95.169024, 30.343374], [-95.177833, 30.339796], [-95.183158, 30.337556], [-95.193214, 30.332765], [-95.19851, 30.33051], [-95.208721, 30.326482], [-95.210046, 30.326015], [-95.219797, 30.322046], [-95.225581, 30.319534], [-95.225127, 30.318802], [-95.225919, 30.318114], [-95.225047, 30.317702], [-95.225099, 30.316969], [-95.224358, 30.315641], [-95.223671, 30.315504], [-95.223829, 30.314176], [-95.223063, 30.313993], [-95.222278, 30.312694], [-95.228883, 30.31234], [-95.228414, 30.309516], [-95.228238, 30.304964], [-95.227925, 30.302969], [-95.227829, 30.30048], [-95.227348, 30.297625], [-95.22746, 30.295273], [-95.227216, 30.285426], [-95.237028, 30.265146], [-95.238948, 30.259656]]]}},
    {"type": "Feature", "properties": {"name": "Census tract 6930.01", "description": "Montgomery County", "Population": 7202, "Housing units": 2222, "Vacant housing units": 136, "Vacancy rate (%)": 6.1, "Median gross rent ($ a month)": 1005.0, "Median gross rent ($ a month) margin": 437.0, "Median home value ($)": 133600.0, "Median home value ($) margin": 82397.0, "Median household income ($ a year)": 54048.0, "Median household income ($ a year) margin": 11861.0, "Survey years": "2020 to 2024", "id": "48339693001"}, "geometry": {"type": "Polygon", "coordinates": [[[-95.301565, 30.259996], [-95.299273, 30.260252], [-95.294379, 30.260098], [-95.291629, 30.259813], [-95.28044, 30.257169], [-95.270745, 30.254819], [-95.266401, 30.253898], [-95.263413, 30.253983], [-95.262115, 30.2542], [-95.258509, 30.255225], [-95.254802, 30.257157], [-95.253201, 30.257498], [-95.24973, 30.257569], [-95.248475, 30.257812], [-95.246371, 30.258702], [-95.24484, 30.259082], [-95.240612, 30.259695], [-95.238948, 30.259656], [-95.237028, 30.265146], [-95.227216, 30.285426], [-95.22746, 30.295273], [-95.227348, 30.297625], [-95.227829, 30.30048], [-95.227925, 30.302969], [-95.228238, 30.304964], [-95.228414, 30.309516], [-95.228883, 30.31234], [-95.222278, 30.312694], [-95.223063, 30.313993], [-95.223829, 30.314176], [-95.223671, 30.315504], [-95.224358, 30.315641], [-95.225099, 30.316969], [-95.225047, 30.317702], [-95.225919, 30.318114], [-95.225127, 30.318802], [-95.225581, 30.319534], [-95.226494, 30.320123], [-95.225284, 30.321251], [-95.225583, 30.322999], [-95.226483, 30.323554], [-95.226216, 30.32392], [-95.226965, 30.324549], [-95.226674, 30.324901], [-95.227543, 30.325659], [-95.227467, 30.326286], [-95.226571, 30.327145], [-95.254072, 30.328949], [-95.267081, 30.329032], [-95.276809, 30.329637], [-95.309385, 30.331751], [-95.319495, 30.332418], [-95.320422, 30.32738], [-95.320454, 30.325774], [-95.319763, 30.316887], [-95.319108, 30.309194], [-95.318312, 30.306672], [-95.317748, 30.305644], [-95.305841, 30.286136], [-95.305667, 30.285502], [-95.306606, 30.277206], [-95.306329, 30.2731], [-95.305302, 30.268937], [-95.304774, 30.267569], [-95.303241, 30.264347], [-95.301565, 30.259996]]]}},
    {"type": "Feature", "properties": {"name": "Census tract 6930.02", "description": "Montgomery County", "Population": 8581, "Housing units": 3000, "Vacant housing units": 320, "Vacancy rate (%)": 10.7, "Median gross rent ($ a month)": 1539.0, "Median gross rent ($ a month) margin": 766.0, "Median home value ($)": 174500.0, "Median home value ($) margin": 67716.0, "Median household income ($ a year)": 82321.0, "Median household income ($ a year) margin": 19099.0, "Survey years": "2020 to 2024", "id": "48339693002"}, "geometry": {"type": "Polygon", "coordinates": [[[-95.419289, 30.320121], [-95.418537, 30.319113], [-95.412092, 30.315492], [-95.410816, 30.314645], [-95.399417, 30.305945], [-95.396786, 30.303882], [-95.390389, 30.299022], [-95.388665, 30.297413], [-95.387082, 30.2955], [-95.386176, 30.294656], [-95.38447, 30.293612], [-95.379843, 30.290827], [-95.368387, 30.282005], [-95.367072, 30.281301], [-95.363022, 30.279599], [-95.361378, 30.278763], [-95.355531, 30.274451], [-95.352289, 30.271323], [-95.350713, 30.26875], [-95.349452, 30.267379], [-95.337496, 30.258125], [-95.329987, 30.252323], [-95.309454, 30.257844], [-95.301565, 30.259996], [-95.303241, 30.264347], [-95.304774, 30.267569], [-95.305302, 30.268937], [-95.306329, 30.2731], [-95.306606, 30.277206], [-95.305667, 30.285502], [-95.305841, 30.286136], [-95.317748, 30.305644], [-95.318312, 30.306672], [-95.319108, 30.309194], [-95.319763, 30.316887], [-95.320454, 30.325774], [-95.320422, 30.32738], [-95.319495, 30.332418], [-95.328102, 30.332997], [-95.350865, 30.333093], [-95.355364, 30.332827], [-95.357305, 30.332585], [-95.360499, 30.331976], [-95.361511, 30.331769], [-95.370153, 30.330021], [-95.397601, 30.324409], [-95.402754, 30.323416], [-95.418335, 30.320211], [-95.419289, 30.320121]]]}},
    {"type": "Feature", "properties": {"name": "Census tract 6931.02", "description": "Montgomery County", "Population": 8198, "Housing units": 3051, "Vacant housing units": 196, "Vacancy rate (%)": 6.4, "Median gross rent ($ a month)": 1635.0, "Median gross rent ($ a month) margin": 386.0, "Median home value ($)": 268600.0, "Median home value ($) margin": 12074.0, "Median household income ($ a year)": 86893.0, "Median household income ($ a year) margin": 16603.0, "Survey years": "2020 to 2024", "id": "48339693102"}, "geometry": {"type": "Polygon", "coordinates": [[[-95.455898, 30.295036], [-95.45592, 30.289756], [-95.446402, 30.292107], [-95.442573, 30.293208], [-95.438251, 30.294299], [-95.429922, 30.296004], [-95.429033, 30.294082], [-95.423683, 30.284533], [-95.422551, 30.282789], [-95.416716, 30.274987], [-95.405746, 30.277635], [-95.405537, 30.27805], [-95.40814, 30.285957], [-95.408019, 30.286479], [-95.405374, 30.287158], [-95.384441, 30.292266], [-95.38447, 30.293612], [-95.386176, 30.294656], [-95.387082, 30.2955], [-95.388665, 30.297413], [-95.390389, 30.299022], [-95.396786, 30.303882], [-95.399417, 30.305945], [-95.410816, 30.314645], [-95.412092, 30.315492], [-95.418537, 30.319113], [-95.419289, 30.320121], [-95.430149, 30.319311], [-95.429125, 30.317921], [-95.428887, 30.317142], [-95.428148, 30.316455], [-95.42746, 30.314944], [-95.426034, 30.313524], [-95.425082, 30.311875], [-95.424633, 30.31002], [-95.423761, 30.309127], [-95.423357, 30.307976], [-95.429704, 30.307381], [-95.432844, 30.306641], [-95.431793, 30.302685], [-95.437906, 30.30157], [-95.441639, 30.300591], [-95.449996, 30.298539], [-95.4514, 30.298026], [-95.452137, 30.2965], [-95.453001, 30.295766], [-95.455898, 30.295036]]]}},
    {"type": "Feature", "properties": {"name": "Census tract 6931.03", "description": "Montgomery County", "Population": 2794, "Housing units": 1084, "Vacant housing units": 121, "Vacancy rate (%)": 11.2, "Median gross rent ($ a month)": 790.0, "Median gross rent ($ a month) margin": 245.0, "Median home value ($)": 132100.0, "Median home value ($) margin": 48137.0, "Median household income ($ a year)": 35335.0, "Median household income ($ a year) margin": 10777.0, "Survey years": "2020 to 2024", "id": "48339693103"}, "geometry": {"type": "Polygon", "coordinates": [[[-95.455898, 30.295036], [-95.453001, 30.295766], [-95.452137, 30.2965], [-95.4514, 30.298026], [-95.449996, 30.298539], [-95.441639, 30.300591], [-95.437906, 30.30157], [-95.438118, 30.303188], [-95.439545, 30.304607], [-95.439309, 30.3077], [-95.438756, 30.309303], [-95.439418, 30.311067], [-95.440421, 30.311639], [-95.440395, 30.312555], [-95.439868, 30.313288], [-95.439764, 30.315533], [-95.440219, 30.316152], [-95.443394, 30.31517], [-95.449524, 30.314517], [-95.454962, 30.312242], [-95.45582, 30.31217], [-95.455877, 30.304759], [-95.455898, 30.295036]]]}},
    {"type": "Feature", "properties": {"name": "Census tract 6931.04", "description": "Montgomery County", "Population": 2172, "Housing units": 741, "Vacant housing units": 49, "Vacancy rate (%)": 6.6, "Median gross rent ($ a month)": 1577.0, "Median gross rent ($ a month) margin": 180.0, "Median home value ($)": 144600.0, "Median home value ($) margin": 36074.0, "Median household income ($ a year)": 75800.0, "Median household income ($ a year) margin": 29418.0, "Survey years": "2020 to 2024", "id": "48339693104"}, "geometry": {"type": "Polygon", "coordinates": [[[-95.437906, 30.30157], [-95.431793, 30.302685], [-95.432844, 30.306641], [-95.429704, 30.307381], [-95.423357, 30.307976], [-95.423761, 30.309127], [-95.424633, 30.31002], [-95.425082, 30.311875], [-95.426034, 30.313524], [-95.42746, 30.314944], [-95.428148, 30.316455], [-95.428887, 30.317142], [-95.429125, 30.317921], [-95.430149, 30.319311], [-95.432431, 30.319146], [-95.433956, 30.31873], [-95.440219, 30.316152], [-95.439764, 30.315533], [-95.439868, 30.313288], [-95.440395, 30.312555], [-95.440421, 30.311639], [-95.439418, 30.311067], [-95.438756, 30.309303], [-95.439309, 30.3077], [-95.439545, 30.304607], [-95.438118, 30.303188], [-95.437906, 30.30157]]]}},
    {"type": "Feature", "properties": {"name": "Census tract 6932.01", "description": "Montgomery County", "Population": 4544, "Housing units": 1569, "Vacant housing units": 57, "Vacancy rate (%)": 3.6, "Median gross rent ($ a month)": 1120.0, "Median gross rent ($ a month) margin": 272.0, "Median home value ($)": 365000.0, "Median home value ($) margin": 38475.0, "Median household income ($ a year)": 119091.0, "Median household income ($ a year) margin": 15966.0, "Survey years": "2020 to 2024", "id": "48339693201"}, "geometry": {"type": "Polygon", "coordinates": [[[-95.457524, 30.279457], [-95.457057, 30.277681], [-95.456795, 30.275081], [-95.456894, 30.272703], [-95.456958, 30.265383], [-95.451559, 30.265354], [-95.448955, 30.265255], [-95.447708, 30.265431], [-95.444104, 30.266687], [-95.44183, 30.267903], [-95.440347, 30.268987], [-95.439267, 30.269456], [-95.431607, 30.271322], [-95.425116, 30.251039], [-95.423563, 30.251292], [-95.421474, 30.25106], [-95.420586, 30.249489], [-95.419741, 30.2491], [-95.419661, 30.248001], [-95.420321, 30.247611], [-95.41995, 30.2461], [-95.4209, 30.245549], [-95.422193, 30.245617], [-95.423116, 30.244907], [-95.423168, 30.243807], [-95.422771, 30.243166], [-95.422847, 30.241696], [-95.415748, 30.243439], [-95.410125, 30.244758], [-95.410544, 30.247595], [-95.40847, 30.248054], [-95.394466, 30.251435], [-95.396228, 30.252992], [-95.396912, 30.253827], [-95.400226, 30.258768], [-95.403918, 30.264016], [-95.405339, 30.265422], [-95.410002, 30.269053], [-95.415715, 30.273983], [-95.416716, 30.274987], [-95.422551, 30.282789], [-95.423683, 30.284533], [-95.429033, 30.294082], [-95.429922, 30.296004], [-95.438251, 30.294299], [-95.442573, 30.293208], [-95.446402, 30.292107], [-95.45592, 30.289756], [-95.455984, 30.287207], [-95.45598, 30.280102], [-95.457524, 30.279457]]]}},
    {"type": "Feature", "properties": {"name": "Census tract 6932.02", "description": "Montgomery County", "Population": 4949, "Housing units": 1853, "Vacant housing units": 41, "Vacancy rate (%)": 2.2, "Median gross rent ($ a month)": 1942.0, "Median gross rent ($ a month) margin": 537.0, "Median home value ($)": 333200.0, "Median home value ($) margin": 27746.0, "Median household income ($ a year)": 136250.0, "Median household income ($ a year) margin": 42652.0, "Survey years": "2020 to 2024", "id": "48339693202"}, "geometry": {"type": "Polygon", "coordinates": [[[-95.457585, 30.244957], [-95.456753, 30.244633], [-95.455751, 30.245069], [-95.454669, 30.244979], [-95.453694, 30.245964], [-95.453881, 30.247797], [-95.453143, 30.24853], [-95.451692, 30.248623], [-95.450926, 30.248234], [-95.450213, 30.246998], [-95.448629, 30.245762], [-95.448074, 30.24496], [-95.448073, 30.244113], [-95.448626, 30.242738], [-95.448203, 30.242166], [-95.445723, 30.242053], [-95.444167, 30.242306], [-95.443216, 30.241597], [-95.442978, 30.240772], [-95.442292, 30.240383], [-95.440709, 30.240522], [-95.439363, 30.239973], [-95.437383, 30.237798], [-95.436407, 30.237867], [-95.43567, 30.239586], [-95.435116, 30.2397], [-95.434166, 30.239083], [-95.434007, 30.238281], [-95.434453, 30.23544], [-95.43374, 30.234616], [-95.432157, 30.233632], [-95.432077, 30.232899], [-95.432894, 30.232372], [-95.43226, 30.231158], [-95.430941, 30.231044], [-95.429385, 30.23187], [-95.429702, 30.232328], [-95.429518, 30.233359], [-95.430126, 30.234137], [-95.42944, 30.234252], [-95.428728, 30.235008], [-95.426539, 30.235261], [-95.425405, 30.236705], [-95.424984, 30.237874], [-95.423824, 30.238882], [-95.423244, 30.23902], [-95.423587, 30.239661], [-95.422847, 30.241696], [-95.422771, 30.243166], [-95.423168, 30.243807], [-95.423116, 30.244907], [-95.422193, 30.245617], [-95.4209, 30.245549], [-95.41995, 30.2461], [-95.420321, 30.247611], [-95.419661, 30.248001], [-95.419741, 30.2491], [-95.420586, 30.249489], [-95.421474, 30.25106], [-95.423563, 30.251292], [-95.425116, 30.251039], [-95.431607, 30.271322], [-95.439267, 30.269456], [-95.440347, 30.268987], [-95.44183, 30.267903], [-95.444104, 30.266687], [-95.447708, 30.265431], [-95.448955, 30.265255], [-95.451559, 30.265354], [-95.456958, 30.265383], [-95.456915, 30.262755], [-95.457045, 30.25221], [-95.457004, 30.249175], [-95.457146, 30.247012], [-95.457585, 30.244957]]]}},
    {"type": "Feature", "properties": {"name": "Census tract 6933.01", "description": "Montgomery County", "Population": 3578, "Housing units": 1170, "Vacant housing units": 22, "Vacancy rate (%)": 1.9, "Median gross rent ($ a month)": 2149.0, "Median gross rent ($ a month) margin": 199.0, "Median home value ($)": 299900.0, "Median home value ($) margin": 27632.0, "Median household income ($ a year)": 125636.0, "Median household income ($ a year) margin": 14790.0, "Survey years": "2020 to 2024", "id": "48339693301"}, "geometry": {"type": "Polygon", "coordinates": [[[-95.501894, 30.278789], [-95.500627, 30.279178], [-95.500573, 30.279979], [-95.499174, 30.280672], [-95.498382, 30.280558], [-95.497536, 30.279757], [-95.497035, 30.279987], [-95.497116, 30.280972], [-95.49651, 30.281751], [-95.496142, 30.283103], [-95.496618, 30.284339], [-95.496408, 30.284889], [-95.494904, 30.285211], [-95.491395, 30.286452], [-95.490049, 30.286361], [-95.48989, 30.285789], [-95.488543, 30.285126], [-95.483123, 30.284642], [-95.482929, 30.285666], [-95.481434, 30.288768], [-95.480704, 30.290809], [-95.480929, 30.292031], [-95.483264, 30.298887], [-95.48315, 30.299748], [-95.48424, 30.304482], [-95.48573, 30.308705], [-95.485691, 30.309197], [-95.496608, 30.309995], [-95.500289, 30.310707], [-95.502511, 30.311504], [-95.505565, 30.312868], [-95.507954, 30.313926], [-95.509276, 30.314337], [-95.511664, 30.314624], [-95.511699, 30.313339], [-95.51112, 30.311712], [-95.511809, 30.30972], [-95.511758, 30.30846], [-95.512075, 30.307842], [-95.513317, 30.306995], [-95.513397, 30.306217], [-95.5125, 30.305162], [-95.512343, 30.304498], [-95.513849, 30.303423], [-95.514404, 30.302667], [-95.515248, 30.302668], [-95.516596, 30.30173], [-95.51744, 30.302005], [-95.517756, 30.302968], [-95.518706, 30.303014], [-95.519499, 30.301915], [-95.519368, 30.300747], [-95.520004, 30.29832], [-95.516075, 30.294698], [-95.515072, 30.294491], [-95.51362, 30.295062], [-95.512353, 30.294878], [-95.510217, 30.293799], [-95.509267, 30.292905], [-95.507288, 30.292148], [-95.506814, 30.291529], [-95.506974, 30.289788], [-95.505946, 30.288963], [-95.505182, 30.287771], [-95.504602, 30.287496], [-95.503388, 30.287655], [-95.502993, 30.286647], [-95.503048, 30.284654], [-95.503632, 30.281814], [-95.503607, 30.280623], [-95.503054, 30.279661], [-95.501894, 30.278789]]]}},
    {"type": "Feature", "properties": {"name": "Census tract 6933.02", "description": "Montgomery County", "Population": 1527, "Housing units": 793, "Vacant housing units": 40, "Vacancy rate (%)": 5.0, "Median gross rent ($ a month)": 1149.0, "Median gross rent ($ a month) margin": 146.0, "Median home value ($)": 192600.0, "Median home value ($) margin": 99196.0, "Median household income ($ a year)": 49254.0, "Median household income ($ a year) margin": 10419.0, "Survey years": "2020 to 2024", "id": "48339693302"}, "geometry": {"type": "Polygon", "coordinates": [[[-95.481434, 30.288768], [-95.469748, 30.291673], [-95.464369, 30.293072], [-95.469333, 30.308106], [-95.473869, 30.308323], [-95.485691, 30.309197], [-95.48573, 30.308705], [-95.48424, 30.304482], [-95.48315, 30.299748], [-95.483264, 30.298887], [-95.480929, 30.292031], [-95.480704, 30.290809], [-95.481434, 30.288768]]]}},
    {"type": "Feature", "properties": {"name": "Census tract 6933.03", "description": "Montgomery County", "Population": 3584, "Housing units": 1715, "Vacant housing units": 30, "Vacancy rate (%)": 1.7, "Median gross rent ($ a month)": 1467.0, "Median gross rent ($ a month) margin": 125.0, "Median home value ($)": 309100.0, "Median home value ($) margin": 25650.0, "Median household income ($ a year)": 53839.0, "Median household income ($ a year) margin": 34360.0, "Survey years": "2020 to 2024", "id": "48339693303"}, "geometry": {"type": "Polygon", "coordinates": [[[-95.483123, 30.284642], [-95.480115, 30.284099], [-95.472027, 30.281475], [-95.467719, 30.279875], [-95.464869, 30.279019], [-95.462472, 30.278697], [-95.459801, 30.278851], [-95.457524, 30.279457], [-95.458796, 30.282275], [-95.461185, 30.285685], [-95.462279, 30.287552], [-95.463284, 30.289809], [-95.464369, 30.293072], [-95.469748, 30.291673], [-95.481434, 30.288768], [-95.482929, 30.285666], [-95.483123, 30.284642]]]}},
    {"type": "Feature", "properties": {"name": "Census tract 6933.04", "description": "Montgomery County", "Population": 3652, "Housing units": 1177, "Vacant housing units": 17, "Vacancy rate (%)": 1.4, "Median gross rent ($ a month)": 2094.0, "Median gross rent ($ a month) margin": 1133.0, "Median home value ($)": 419900.0, "Median home value ($) margin": 45393.0, "Median household income ($ a year)": 150909.0, "Median household income ($ a year) margin": 15925.0, "Survey years": "2020 to 2024", "id": "48339693304"}, "geometry": {"type": "Polygon", "coordinates": [[[-95.493642, 30.267896], [-95.49219, 30.267233], [-95.491214, 30.267097], [-95.490078, 30.266502], [-95.488995, 30.26506], [-95.487964, 30.264099], [-95.48754, 30.262358], [-95.486272, 30.261169], [-95.484741, 30.260758], [-95.484345, 30.260392], [-95.484238, 30.258971], [-95.484896, 30.257482], [-95.484869, 30.256749], [-95.483786, 30.256063], [-95.481912, 30.255652], [-95.48133, 30.253958], [-95.480432, 30.253477], [-95.478374, 30.253296], [-95.477054, 30.252678], [-95.475628, 30.251534], [-95.474309, 30.25126], [-95.47386, 30.25078], [-95.473696, 30.249407], [-95.473168, 30.248926], [-95.471268, 30.248539], [-95.470027, 30.247944], [-95.469393, 30.24728], [-95.467942, 30.247167], [-95.466625, 30.248703], [-95.465359, 30.248818], [-95.462508, 30.247698], [-95.460582, 30.247379], [-95.458918, 30.245846], [-95.457585, 30.244957], [-95.457146, 30.247012], [-95.457004, 30.249175], [-95.457045, 30.25221], [-95.456915, 30.262755], [-95.456958, 30.265383], [-95.456894, 30.272703], [-95.456795, 30.275081], [-95.457057, 30.277681], [-95.457524, 30.279457], [-95.459801, 30.278851], [-95.462472, 30.278697], [-95.464869, 30.279019], [-95.467719, 30.279875], [-95.472027, 30.281475], [-95.480115, 30.284099], [-95.483123, 30.284642], [-95.488543, 30.285126], [-95.48989, 30.285789], [-95.490049, 30.286361], [-95.491395, 30.286452], [-95.494904, 30.285211], [-95.496408, 30.284889], [-95.496618, 30.284339], [-95.496142, 30.283103], [-95.49651, 30.281751], [-95.497116, 30.280972], [-95.497035, 30.279987], [-95.497536, 30.279757], [-95.498382, 30.280558], [-95.499174, 30.280672], [-95.500573, 30.279979], [-95.500627, 30.279178], [-95.501894, 30.278789], [-95.502846, 30.277118], [-95.502742, 30.275835], [-95.501978, 30.274987], [-95.499668, 30.274785], [-95.498426, 30.273572], [-95.498266, 30.272473], [-95.497685, 30.271947], [-95.495916, 30.271284], [-95.495097, 30.270575], [-95.493642, 30.267896]]]}},
    {"type": "Feature", "properties": {"name": "Census tract 6934.01", "description": "Montgomery County", "Population": 1833, "Housing units": 922, "Vacant housing units": 175, "Vacancy rate (%)": 19.0, "Median gross rent ($ a month)": 1075.0, "Median gross rent ($ a month) margin": 159.0, "Median home value ($)": 166900.0, "Median home value ($) margin": 98413.0, "Median household income ($ a year)": 43229.0, "Median household income ($ a year) margin": 13277.0, "Survey years": "2020 to 2024", "id": "48339693401"}, "geometry": {"type": "Polygon", "coordinates": [[[-95.469333, 30.308106], [-95.464369, 30.293072], [-95.455898, 30.295036], [-95.455877, 30.304759], [-95.45582, 30.31217], [-95.461761, 30.31222], [-95.461021, 30.310028], [-95.468834, 30.30815], [-95.469333, 30.308106]]]}},
    {"type": "Feature", "properties": {"name": "Census tract 6934.02", "description": "Montgomery County", "Population": 1956, "Housing units": 699, "Vacant housing units": 64, "Vacancy rate (%)": 9.2, "Median gross rent ($ a month)": 1255.0, "Median gross rent ($ a month) margin": 127.0, "Median household income ($ a year)": 44904.0, "Median household income ($ a year) margin": 16216.0, "Survey years": "2020 to 2024", "id": "48339693402"}, "geometry": {"type": "Polygon", "coordinates": [[[-95.464369, 30.293072], [-95.463284, 30.289809], [-95.462279, 30.287552], [-95.461185, 30.285685], [-95.458796, 30.282275], [-95.457524, 30.279457], [-95.45598, 30.280102], [-95.455984, 30.287207], [-95.45592, 30.289756], [-95.455898, 30.295036], [-95.464369, 30.293072]]]}},
    {"type": "Feature", "properties": {"name": "Census tract 6935.01", "description": "Montgomery County", "Population": 1459, "Housing units": 777, "Vacant housing units": 26, "Vacancy rate (%)": 3.3, "Median gross rent ($ a month)": 1124.0, "Median gross rent ($ a month) margin": 47.0, "Median home value ($)": 188400.0, "Median home value ($) margin": 12470.0, "Median household income ($ a year)": 51172.0, "Median household income ($ a year) margin": 21826.0, "Survey years": "2020 to 2024", "id": "48339693501"}, "geometry": {"type": "Polygon", "coordinates": [[[-95.478264, 30.333511], [-95.475101, 30.325267], [-95.472749, 30.325783], [-95.469881, 30.325931], [-95.466028, 30.326903], [-95.465116, 30.327027], [-95.467645, 30.33608], [-95.476997, 30.333912], [-95.478264, 30.333511]]]}},
    {"type": "Feature", "properties": {"name": "Census tract 6935.02", "description": "Montgomery County", "Population": 2034, "Housing units": 755, "Vacant housing units": 70, "Vacancy rate (%)": 9.3, "Median gross rent ($ a month)": 1491.0, "Median gross rent ($ a month) margin": 492.0, "Median home value ($)": 189100.0, "Median home value ($) margin": 58715.0, "Median household income ($ a year)": 87232.0, "Median household income ($ a year) margin": 16422.0, "Survey years": "2020 to 2024", "id": "48339693502"}, "geometry": {"type": "Polygon", "coordinates": [[[-95.467645, 30.33608], [-95.465116, 30.327027], [-95.464701, 30.324442], [-95.460932, 30.325405], [-95.460586, 30.324658], [-95.460421, 30.322115], [-95.458282, 30.32251], [-95.458083, 30.322191], [-95.455758, 30.32217], [-95.455719, 30.327944], [-95.456279, 30.332444], [-95.456747, 30.335465], [-95.457125, 30.338249], [-95.459574, 30.337909], [-95.467645, 30.33608]]]}},
    {"type": "Feature", "properties": {"name": "Census tract 6935.03", "description": "Montgomery County", "Population": 2858, "Housing units": 1170, "Vacant housing units": 30, "Vacancy rate (%)": 2.6, "Median gross rent ($ a month)": 1229.0, "Median gross rent ($ a month) margin": 154.0, "Median home value ($)": 276700.0, "Median home value ($) margin": 130431.0, "Median household income ($ a year)": 48750.0, "Median household income ($ a year) margin": 13188.0, "Survey years": "2020 to 2024", "id": "48339693503"}, "geometry": {"type": "Polygon", "coordinates": [[[-95.475101, 30.325267], [-95.474127, 30.322518], [-95.469333, 30.308106], [-95.468834, 30.30815], [-95.461021, 30.310028], [-95.461761, 30.31222], [-95.45582, 30.31217], [-95.455758, 30.32217], [-95.458083, 30.322191], [-95.458282, 30.32251], [-95.460421, 30.322115], [-95.460586, 30.324658], [-95.460932, 30.325405], [-95.464701, 30.324442], [-95.465116, 30.327027], [-95.466028, 30.326903], [-95.469881, 30.325931], [-95.472749, 30.325783], [-95.475101, 30.325267]]]}},
    {"type": "Feature", "properties": {"name": "Census tract 6936", "description": "Montgomery County", "Population": 4236, "Housing units": 2353, "Vacant housing units": 80, "Vacancy rate (%)": 3.4, "Median gross rent ($ a month)": 1345.0, "Median gross rent ($ a month) margin": 68.0, "Median home value ($)": 314900.0, "Median home value ($) margin": 53994.0, "Median household income ($ a year)": 53156.0, "Median household income ($ a year) margin": 14309.0, "Survey years": "2020 to 2024", "id": "48339693600"}, "geometry": {"type": "Polygon", "coordinates": [[[-95.505565, 30.312868], [-95.502511, 30.311504], [-95.500289, 30.310707], [-95.496608, 30.309995], [-95.485691, 30.309197], [-95.473869, 30.308323], [-95.469333, 30.308106], [-95.474127, 30.322518], [-95.475101, 30.325267], [-95.478264, 30.333511], [-95.481205, 30.33272], [-95.484108, 30.332094], [-95.489903, 30.330607], [-95.493113, 30.329635], [-95.494873, 30.328396], [-95.495828, 30.327235], [-95.497159, 30.32508], [-95.498302, 30.324089], [-95.501256, 30.322375], [-95.502434, 30.321405], [-95.503192, 30.320321], [-95.503661, 30.318922], [-95.504153, 30.316053], [-95.505565, 30.312868]]]}},
    {"type": "Feature", "properties": {"name": "Census tract 6937.01", "description": "Montgomery County", "Population": 4420, "Housing units": 1953, "Vacant housing units": 40, "Vacancy rate (%)": 2.0, "Median gross rent ($ a month)": 1825.0, "Median gross rent ($ a month) margin": 214.0, "Median home value ($)": 329900.0, "Median home value ($) margin": 53965.0, "Median household income ($ a year)": 113396.0, "Median household income ($ a year) margin": 9903.0, "Survey years": "2020 to 2024", "id": "48339693701"}, "geometry": {"type": "Polygon", "coordinates": [[[-95.565265, 30.357997], [-95.563525, 30.355217], [-95.562338, 30.354071], [-95.560067, 30.352696], [-95.560226, 30.351368], [-95.559117, 30.351756], [-95.559619, 30.350612], [-95.560333, 30.350154], [-95.56073, 30.348665], [-95.559938, 30.348275], [-95.55867, 30.347153], [-95.556347, 30.346739], [-95.555132, 30.346807], [-95.554576, 30.348342], [-95.553678, 30.348547], [-95.552701, 30.348272], [-95.551433, 30.348936], [-95.550325, 30.348271], [-95.548978, 30.348385], [-95.547394, 30.347903], [-95.545782, 30.348268], [-95.545386, 30.349024], [-95.546125, 30.34962], [-95.545359, 30.349986], [-95.543854, 30.349115], [-95.541452, 30.347006], [-95.540739, 30.34712], [-95.540395, 30.347853], [-95.539603, 30.347372], [-95.53839, 30.345447], [-95.538391, 30.344302], [-95.538841, 30.343226], [-95.539501, 30.342997], [-95.541614, 30.342861], [-95.54257, 30.342399], [-95.53382, 30.34254], [-95.533898, 30.345378], [-95.534696, 30.34662], [-95.536708, 30.347769], [-95.537301, 30.348664], [-95.537943, 30.351464], [-95.536695, 30.353548], [-95.535419, 30.354697], [-95.53399, 30.355575], [-95.533249, 30.35718], [-95.529651, 30.356329], [-95.522577, 30.35817], [-95.528152, 30.367216], [-95.530538, 30.372148], [-95.530781, 30.37312], [-95.529728, 30.377178], [-95.528755, 30.381102], [-95.528783, 30.381483], [-95.529036, 30.382078], [-95.53353, 30.387829], [-95.534414, 30.388375], [-95.541095, 30.389955], [-95.542846, 30.390159], [-95.545639, 30.391943], [-95.547146, 30.38969], [-95.547593, 30.388053], [-95.548924, 30.384908], [-95.54908, 30.383017], [-95.550699, 30.380503], [-95.551443, 30.377859], [-95.552763, 30.376604], [-95.554088, 30.374466], [-95.554242, 30.372954], [-95.554983, 30.37094], [-95.559381, 30.367176], [-95.560403, 30.366928], [-95.565093, 30.362913], [-95.565265, 30.357997]]]}},
    {"type": "Feature", "properties": {"name": "Census tract 6937.02", "description": "Montgomery County", "Population": 7730, "Housing units": 3717, "Vacant housing units": 0, "Vacancy rate (%)": 0.0, "Median gross rent ($ a month)": 1286.0, "Median gross rent ($ a month) margin": 172.0, "Median home value ($)": 459800.0, "Median home value ($) margin": 21028.0, "Median household income ($ a year)": 57460.0, "Median household income ($ a year) margin": 17093.0, "Survey years": "2020 to 2024", "id": "48339693702"}, "geometry": {"type": "Polygon", "coordinates": [[[-95.522577, 30.35817], [-95.521221, 30.355991], [-95.520019, 30.354394], [-95.517682, 30.353003], [-95.516426, 30.351735], [-95.514835, 30.348957], [-95.513318, 30.347301], [-95.512365, 30.345964], [-95.510432, 30.343917], [-95.509656, 30.342736], [-95.507967, 30.339466], [-95.507344, 30.338779], [-95.505718, 30.337691], [-95.50323, 30.336793], [-95.501028, 30.336486], [-95.498022, 30.335508], [-95.496337, 30.335513], [-95.493984, 30.33586], [-95.491972, 30.335233], [-95.490936, 30.334205], [-95.490572, 30.333386], [-95.489903, 30.330607], [-95.484108, 30.332094], [-95.481205, 30.33272], [-95.478264, 30.333511], [-95.481555, 30.342129], [-95.483366, 30.34707], [-95.483846, 30.349693], [-95.484119, 30.352385], [-95.484711, 30.360212], [-95.485295, 30.366881], [-95.485649, 30.366987], [-95.51001, 30.372573], [-95.524607, 30.375937], [-95.529728, 30.377178], [-95.530781, 30.37312], [-95.530538, 30.372148], [-95.528152, 30.367216], [-95.522577, 30.35817]]]}},
    {"type": "Feature", "properties": {"name": "Census tract 6937.03", "description": "Montgomery County", "Population": 7399, "Housing units": 3370, "Vacant housing units": 207, "Vacancy rate (%)": 6.1, "Median gross rent ($ a month)": 1496.0, "Median gross rent ($ a month) margin": 114.0, "Median home value ($)": 395200.0, "Median home value ($) margin": 43062.0, "Median household income ($ a year)": 87287.0, "Median household income ($ a year) margin": 21143.0, "Survey years": "2020 to 2024", "id": "48339693703"}, "geometry": {"type": "Polygon", "coordinates": [[[-95.511664, 30.314624], [-95.509276, 30.314337], [-95.507954, 30.313926], [-95.505565, 30.312868], [-95.504153, 30.316053], [-95.503661, 30.318922], [-95.503192, 30.320321], [-95.502434, 30.321405], [-95.501256, 30.322375], [-95.498302, 30.324089], [-95.497159, 30.32508], [-95.495828, 30.327235], [-95.494873, 30.328396], [-95.493113, 30.329635], [-95.489903, 30.330607], [-95.490572, 30.333386], [-95.490936, 30.334205], [-95.491972, 30.335233], [-95.493984, 30.33586], [-95.496337, 30.335513], [-95.498022, 30.335508], [-95.501028, 30.336486], [-95.50323, 30.336793], [-95.505718, 30.337691], [-95.507344, 30.338779], [-95.507967, 30.339466], [-95.509656, 30.342736], [-95.510432, 30.343917], [-95.512365, 30.345964], [-95.513318, 30.347301], [-95.514835, 30.348957], [-95.516426, 30.351735], [-95.517682, 30.353003], [-95.520019, 30.354394], [-95.521221, 30.355991], [-95.522577, 30.35817], [-95.529651, 30.356329], [-95.533249, 30.35718], [-95.53399, 30.355575], [-95.535419, 30.354697], [-95.536695, 30.353548], [-95.537943, 30.351464], [-95.537301, 30.348664], [-95.536708, 30.347769], [-95.534696, 30.34662], [-95.533898, 30.345378], [-95.53382, 30.34254], [-95.54257, 30.342399], [-95.542697, 30.341922], [-95.541536, 30.341051], [-95.53974, 30.341394], [-95.53842, 30.340477], [-95.538104, 30.33979], [-95.538686, 30.338713], [-95.537393, 30.338186], [-95.536205, 30.336902], [-95.536097, 30.336372], [-95.534965, 30.335459], [-95.534226, 30.335344], [-95.53362, 30.333992], [-95.53465, 30.333924], [-95.534307, 30.332847], [-95.533516, 30.332366], [-95.533648, 30.331495], [-95.53283, 30.33138], [-95.531801, 30.330372], [-95.530984, 30.328745], [-95.529428, 30.327278], [-95.52898, 30.326384], [-95.527238, 30.325078], [-95.525418, 30.323198], [-95.523622, 30.323403], [-95.522409, 30.322601], [-95.521696, 30.322715], [-95.520878, 30.321866], [-95.520403, 30.322049], [-95.520375, 30.323011], [-95.518394, 30.323972], [-95.516335, 30.323856], [-95.515306, 30.32342], [-95.515833, 30.324474], [-95.515515, 30.325069], [-95.513825, 30.325068], [-95.513482, 30.324747], [-95.512904, 30.322341], [-95.514067, 30.321632], [-95.51412, 30.321197], [-95.512932, 30.321288], [-95.513038, 30.320417], [-95.513858, 30.319662], [-95.512987, 30.319158], [-95.512011, 30.31776], [-95.511664, 30.314624]]]}},
    {"type": "Feature", "properties": {"name": "Census tract 6938", "description": "Montgomery County", "Population": 4885, "Housing units": 1855, "Vacant housing units": 67, "Vacancy rate (%)": 3.6, "Median gross rent ($ a month)": 1160.0, "Median gross rent ($ a month) margin": 28.0, "Median home value ($)": 193100.0, "Median home value ($) margin": 39329.0, "Median household income ($ a year)": 50718.0, "Median household income ($ a year) margin": 11306.0, "Survey years": "2020 to 2024", "id": "48339693800"}, "geometry": {"type": "Polygon", "coordinates": [[[-95.486692, 30.391247], [-95.48633, 30.380507], [-95.485918, 30.373702], [-95.485295, 30.366881], [-95.484711, 30.360212], [-95.484119, 30.352385], [-95.483846, 30.349693], [-95.483366, 30.34707], [-95.481555, 30.342129], [-95.478264, 30.333511], [-95.476997, 30.333912], [-95.467645, 30.33608], [-95.459574, 30.337909], [-95.457125, 30.338249], [-95.45889, 30.349912], [-95.462266, 30.372634], [-95.462353, 30.372899], [-95.464237, 30.385543], [-95.465191, 30.38811], [-95.467055, 30.391152], [-95.47585, 30.389016], [-95.476639, 30.388905], [-95.476117, 30.390536], [-95.479779, 30.391363], [-95.482434, 30.39138], [-95.486692, 30.391247]]]}},
    {"type": "Feature", "properties": {"name": "Census tract 6939.01", "description": "Montgomery County", "Population": 3061, "Housing units": 1311, "Vacant housing units": 148, "Vacancy rate (%)": 11.3, "Median gross rent ($ a month)": 1269.0, "Median gross rent ($ a month) margin": 220.0, "Median home value ($)": 235200.0, "Median home value ($) margin": 25198.0, "Median household income ($ a year)": 63160.0, "Median household income ($ a year) margin": 16810.0, "Survey years": "2020 to 2024", "id": "48339693901"}, "geometry": {"type": "Polygon", "coordinates": [[[-95.467055, 30.391152], [-95.465191, 30.38811], [-95.464237, 30.385543], [-95.462353, 30.372899], [-95.462266, 30.372634], [-95.45889, 30.349912], [-95.457125, 30.338249], [-95.456747, 30.335465], [-95.455883, 30.335458], [-95.441629, 30.338827], [-95.442142, 30.339917], [-95.440216, 30.339823], [-95.430368, 30.340616], [-95.428516, 30.340583], [-95.426213, 30.34011], [-95.41859, 30.336681], [-95.409614, 30.332559], [-95.407665, 30.33121], [-95.404405, 30.32741], [-95.403366, 30.325644], [-95.402754, 30.323416], [-95.397601, 30.324409], [-95.370153, 30.330021], [-95.361511, 30.331769], [-95.361533, 30.332892], [-95.362114, 30.333877], [-95.363223, 30.334312], [-95.366207, 30.333946], [-95.367712, 30.334587], [-95.368742, 30.335847], [-95.369825, 30.335801], [-95.370063, 30.336534], [-95.371462, 30.336511], [-95.371462, 30.33729], [-95.372519, 30.338046], [-95.372572, 30.338985], [-95.374051, 30.339054], [-95.37582, 30.338641], [-95.376559, 30.339214], [-95.377114, 30.33887], [-95.377484, 30.33958], [-95.379781, 30.340222], [-95.381339, 30.339168], [-95.381286, 30.338183], [-95.381682, 30.337541], [-95.38332, 30.337725], [-95.383161, 30.338641], [-95.384059, 30.338755], [-95.384403, 30.339374], [-95.38604, 30.339419], [-95.387123, 30.3399], [-95.38847, 30.340037], [-95.390794, 30.339602], [-95.391507, 30.340587], [-95.392722, 30.341228], [-95.39436, 30.342441], [-95.39436, 30.343152], [-95.395152, 30.343724], [-95.395126, 30.344869], [-95.396025, 30.346106], [-95.395787, 30.346862], [-95.395761, 30.348718], [-95.396263, 30.349817], [-95.397822, 30.35103], [-95.398615, 30.35268], [-95.400121, 30.354237], [-95.400992, 30.354145], [-95.403026, 30.354671], [-95.404611, 30.354281], [-95.405641, 30.354373], [-95.407015, 30.354991], [-95.408996, 30.354921], [-95.410422, 30.355265], [-95.410898, 30.356158], [-95.410793, 30.357967], [-95.412669, 30.359387], [-95.413409, 30.359684], [-95.413885, 30.360623], [-95.414203, 30.362204], [-95.415339, 30.363074], [-95.416645, 30.364667], [-95.41711, 30.365318], [-95.419117, 30.36447], [-95.420438, 30.364767], [-95.420781, 30.365339], [-95.422208, 30.366324], [-95.423714, 30.365636], [-95.424955, 30.36575], [-95.424824, 30.367514], [-95.423795, 30.368339], [-95.423901, 30.369324], [-95.42303, 30.37095], [-95.42414, 30.372278], [-95.425039, 30.372644], [-95.426387, 30.373835], [-95.426758, 30.375553], [-95.427683, 30.376675], [-95.429057, 30.377659], [-95.429798, 30.378827], [-95.431622, 30.379948], [-95.433022, 30.379993], [-95.434185, 30.380451], [-95.434159, 30.381986], [-95.435402, 30.383313], [-95.43638, 30.383908], [-95.437648, 30.383931], [-95.440106, 30.38457], [-95.441719, 30.386265], [-95.443172, 30.386791], [-95.444519, 30.386744], [-95.445365, 30.387018], [-95.446291, 30.387842], [-95.447718, 30.388437], [-95.449329, 30.388298], [-95.452684, 30.387059], [-95.454031, 30.387104], [-95.455644, 30.388752], [-95.45694, 30.389255], [-95.457046, 30.39024], [-95.45784, 30.391454], [-95.459558, 30.391819], [-95.460325, 30.392505], [-95.461143, 30.39223], [-95.461882, 30.390787], [-95.463705, 30.390487], [-95.465053, 30.391654], [-95.465952, 30.392066], [-95.466032, 30.393051], [-95.466825, 30.393417], [-95.46688, 30.394768], [-95.467884, 30.395225], [-95.469102, 30.397721], [-95.471037, 30.397632], [-95.467055, 30.391152]]]}},
    {"type": "Feature", "properties": {"name": "Census tract 6939.02", "description": "Montgomery County", "Population": 5176, "Housing units": 1536, "Vacant housing units": 78, "Vacancy rate (%)": 5.1, "Median gross rent ($ a month)": 2148.0, "Median gross rent ($ a month) margin": 100.0, "Median home value ($)": 236600.0, "Median home value ($) margin": 17572.0, "Median household income ($ a year)": 97273.0, "Median household income ($ a year) margin": 13920.0, "Survey years": "2020 to 2024", "id": "48339693902"}, "geometry": {"type": "Polygon", "coordinates": [[[-95.440219, 30.316152], [-95.433956, 30.31873], [-95.432431, 30.319146], [-95.430149, 30.319311], [-95.419289, 30.320121], [-95.418335, 30.320211], [-95.402754, 30.323416], [-95.403366, 30.325644], [-95.404405, 30.32741], [-95.407665, 30.33121], [-95.409614, 30.332559], [-95.41859, 30.336681], [-95.426213, 30.34011], [-95.428516, 30.340583], [-95.430368, 30.340616], [-95.440216, 30.339823], [-95.442142, 30.339917], [-95.441629, 30.338827], [-95.441549, 30.338071], [-95.440783, 30.33711], [-95.440993, 30.335071], [-95.440727, 30.33333], [-95.441308, 30.33262], [-95.441544, 30.3312], [-95.440857, 30.330135], [-95.442784, 30.329412], [-95.444393, 30.327785], [-95.445291, 30.327166], [-95.444814, 30.325586], [-95.444628, 30.324097], [-95.445288, 30.323226], [-95.445022, 30.32105], [-95.444625, 30.320524], [-95.443041, 30.320479], [-95.441377, 30.318922], [-95.44061, 30.31764], [-95.440219, 30.316152]]]}},
    {"type": "Feature", "properties": {"name": "Census tract 6939.03", "description": "Montgomery County", "Population": 4682, "Housing units": 1294, "Vacant housing units": 73, "Vacancy rate (%)": 5.6, "Median gross rent ($ a month)": 1369.0, "Median gross rent ($ a month) margin": 367.0, "Median home value ($)": 103800.0, "Median home value ($) margin": 57585.0, "Median household income ($ a year)": 61550.0, "Median household income ($ a year) margin": 14721.0, "Survey years": "2020 to 2024", "id": "48339693903"}, "geometry": {"type": "Polygon", "coordinates": [[[-95.456279, 30.332444], [-95.455719, 30.327944], [-95.455758, 30.32217], [-95.45582, 30.31217], [-95.454962, 30.312242], [-95.449524, 30.314517], [-95.443394, 30.31517], [-95.440219, 30.316152], [-95.44061, 30.31764], [-95.441377, 30.318922], [-95.443041, 30.320479], [-95.444625, 30.320524], [-95.445022, 30.32105], [-95.445288, 30.323226], [-95.444628, 30.324097], [-95.444814, 30.325586], [-95.445291, 30.327166], [-95.444393, 30.327785], [-95.442784, 30.329412], [-95.440857, 30.330135], [-95.447433, 30.328498], [-95.449252, 30.334181], [-95.456279, 30.332444]]]}},
    {"type": "Feature", "properties": {"name": "Census tract 6939.04", "description": "Montgomery County", "Population": 1036, "Housing units": 0, "Vacant housing units": 0, "Survey years": "2020 to 2024", "id": "48339693904"}, "geometry": {"type": "Polygon", "coordinates": [[[-95.456747, 30.335465], [-95.456279, 30.332444], [-95.449252, 30.334181], [-95.447433, 30.328498], [-95.440857, 30.330135], [-95.441544, 30.3312], [-95.441308, 30.33262], [-95.440727, 30.33333], [-95.440993, 30.335071], [-95.440783, 30.33711], [-95.441549, 30.338071], [-95.441629, 30.338827], [-95.455883, 30.335458], [-95.456747, 30.335465]]]}},
    {"type": "Feature", "properties": {"name": "Census tract 6940.01", "description": "Montgomery County", "Population": 7566, "Housing units": 2721, "Vacant housing units": 197, "Vacancy rate (%)": 7.2, "Median gross rent ($ a month)": 1387.0, "Median gross rent ($ a month) margin": 486.0, "Median home value ($)": 367700.0, "Median home value ($) margin": 84191.0, "Median household income ($ a year)": 107000.0, "Median household income ($ a year) margin": 15797.0, "Survey years": "2020 to 2024", "id": "48339694001"}, "geometry": {"type": "Polygon", "coordinates": [[[-95.416645, 30.364667], [-95.415339, 30.363074], [-95.414203, 30.362204], [-95.413885, 30.360623], [-95.413409, 30.359684], [-95.412669, 30.359387], [-95.410793, 30.357967], [-95.410898, 30.356158], [-95.410422, 30.355265], [-95.408996, 30.354921], [-95.407015, 30.354991], [-95.405641, 30.354373], [-95.404611, 30.354281], [-95.403026, 30.354671], [-95.400992, 30.354145], [-95.400121, 30.354237], [-95.398615, 30.35268], [-95.397822, 30.35103], [-95.396263, 30.349817], [-95.395761, 30.348718], [-95.395787, 30.346862], [-95.396025, 30.346106], [-95.395126, 30.344869], [-95.395152, 30.343724], [-95.39436, 30.343152], [-95.39436, 30.342441], [-95.392722, 30.341228], [-95.391507, 30.340587], [-95.390794, 30.339602], [-95.38847, 30.340037], [-95.387123, 30.3399], [-95.38604, 30.339419], [-95.384403, 30.339374], [-95.384059, 30.338755], [-95.383161, 30.338641], [-95.38332, 30.337725], [-95.381682, 30.337541], [-95.381286, 30.338183], [-95.381339, 30.339168], [-95.379781, 30.340222], [-95.377484, 30.33958], [-95.377114, 30.33887], [-95.376559, 30.339214], [-95.37582, 30.338641], [-95.374051, 30.339054], [-95.372572, 30.338985], [-95.372519, 30.338046], [-95.371462, 30.33729], [-95.371462, 30.336511], [-95.370063, 30.336534], [-95.369825, 30.335801], [-95.368742, 30.335847], [-95.367712, 30.334587], [-95.366207, 30.333946], [-95.363223, 30.334312], [-95.362114, 30.333877], [-95.361533, 30.332892], [-95.361511, 30.331769], [-95.360499, 30.331976], [-95.360425, 30.332362], [-95.358959, 30.333276], [-95.353814, 30.337841], [-95.353201, 30.338226], [-95.347371, 30.340879], [-95.343938, 30.343017], [-95.341672, 30.343932], [-95.341097, 30.344381], [-95.339012, 30.347276], [-95.339412, 30.349226], [-95.338878, 30.350199], [-95.337311, 30.351174], [-95.336632, 30.352152], [-95.336627, 30.352941], [-95.337481, 30.354924], [-95.337916, 30.356809], [-95.33772, 30.359157], [-95.337193, 30.360196], [-95.334996, 30.362478], [-95.333021, 30.366312], [-95.331991, 30.367939], [-95.329995, 30.370428], [-95.329354, 30.371756], [-95.328999, 30.377664], [-95.32819, 30.393739], [-95.33054, 30.393748], [-95.333037, 30.394443], [-95.336598, 30.396858], [-95.338075, 30.397283], [-95.339318, 30.397122], [-95.343745, 30.395333], [-95.346492, 30.394448], [-95.347544, 30.394374], [-95.348772, 30.394705], [-95.350107, 30.395404], [-95.35176, 30.395674], [-95.357456, 30.3953], [-95.36069, 30.395016], [-95.364849, 30.395263], [-95.366578, 30.395672], [-95.371546, 30.399704], [-95.374017, 30.400923], [-95.375182, 30.401911], [-95.376077, 30.403448], [-95.377675, 30.404682], [-95.379057, 30.404909], [-95.383567, 30.403968], [-95.385213, 30.402883], [-95.38603, 30.40155], [-95.387203, 30.400621], [-95.388417, 30.400149], [-95.39288, 30.398485], [-95.401958, 30.393592], [-95.403062, 30.392417], [-95.406008, 30.388218], [-95.40845, 30.384276], [-95.410824, 30.381258], [-95.412127, 30.37813], [-95.413055, 30.375254], [-95.413684, 30.374426], [-95.4133, 30.373913], [-95.413957, 30.370322], [-95.415279, 30.368149], [-95.416645, 30.364667]]]}},
    {"type": "Feature", "properties": {"name": "Census tract 6940.02", "description": "Montgomery County", "Population": 10625, "Housing units": 3571, "Vacant housing units": 371, "Vacancy rate (%)": 10.4, "Median gross rent ($ a month)": 1247.0, "Median gross rent ($ a month) margin": 434.0, "Median home value ($)": 190100.0, "Median home value ($) margin": 30486.0, "Median household income ($ a year)": 64338.0, "Median household income ($ a year) margin": 23979.0, "Survey years": "2020 to 2024", "id": "48339694002"}, "geometry": {"type": "Polygon", "coordinates": [[[-95.360499, 30.331976], [-95.357305, 30.332585], [-95.355364, 30.332827], [-95.350865, 30.333093], [-95.328102, 30.332997], [-95.319495, 30.332418], [-95.309385, 30.331751], [-95.276809, 30.329637], [-95.267081, 30.329032], [-95.254072, 30.328949], [-95.226571, 30.327145], [-95.225465, 30.328502], [-95.22468, 30.329905], [-95.22409, 30.329932], [-95.222931, 30.330955], [-95.22283, 30.332082], [-95.221974, 30.33233], [-95.221861, 30.333364], [-95.222305, 30.334364], [-95.220676, 30.335706], [-95.220614, 30.337394], [-95.218871, 30.337488], [-95.218401, 30.337109], [-95.215987, 30.338083], [-95.214244, 30.338089], [-95.212298, 30.338661], [-95.211404, 30.338623], [-95.211049, 30.339393], [-95.210111, 30.339937], [-95.209979, 30.342076], [-95.209332, 30.34256], [-95.208921, 30.343555], [-95.207754, 30.343137], [-95.207317, 30.343731], [-95.207019, 30.345062], [-95.207134, 30.346035], [-95.20655, 30.345436], [-95.20631, 30.346338], [-95.205251, 30.347075], [-95.203958, 30.347135], [-95.203109, 30.347977], [-95.202913, 30.349181], [-95.203249, 30.350066], [-95.202907, 30.350528], [-95.203731, 30.351275], [-95.203813, 30.352095], [-95.205037, 30.352182], [-95.206489, 30.353111], [-95.208429, 30.353688], [-95.208879, 30.353226], [-95.20957, 30.354051], [-95.211092, 30.354342], [-95.212772, 30.353187], [-95.214236, 30.353533], [-95.214046, 30.354303], [-95.215365, 30.354676], [-95.216119, 30.354516], [-95.217514, 30.355583], [-95.217984, 30.356242], [-95.217934, 30.357468], [-95.218688, 30.358326], [-95.218372, 30.358942], [-95.219716, 30.360712], [-95.220719, 30.361602], [-95.221593, 30.361354], [-95.221778, 30.362042], [-95.223382, 30.362508], [-95.225937, 30.362898], [-95.22699, 30.363728], [-95.226464, 30.36447], [-95.227035, 30.364948], [-95.226947, 30.366647], [-95.227302, 30.367505], [-95.228051, 30.367631], [-95.228533, 30.369291], [-95.229516, 30.36978], [-95.231001, 30.371478], [-95.23336, 30.372104], [-95.233171, 30.373622], [-95.233995, 30.374358], [-95.23401, 30.375379], [-95.234619, 30.376198], [-95.235546, 30.378628], [-95.236796, 30.379584], [-95.238692, 30.379946], [-95.239877, 30.379819], [-95.24237, 30.380516], [-95.243372, 30.381225], [-95.245541, 30.382137], [-95.247343, 30.382521], [-95.249556, 30.38252], [-95.250245, 30.383645], [-95.252605, 30.382915], [-95.255167, 30.382971], [-95.257557, 30.383703], [-95.259111, 30.383863], [-95.260709, 30.383446], [-95.264564, 30.384569], [-95.2654, 30.385559], [-95.265914, 30.385504], [-95.268628, 30.386434], [-95.269109, 30.387644], [-95.271176, 30.389481], [-95.272032, 30.389547], [-95.274936, 30.390857], [-95.275621, 30.391429], [-95.277028, 30.393535], [-95.279197, 30.394063], [-95.280826, 30.394992], [-95.28193, 30.395229], [-95.287606, 30.395302], [-95.2885, 30.395511], [-95.29006, 30.396352], [-95.291271, 30.397348], [-95.293085, 30.398068], [-95.294467, 30.399008], [-95.295685, 30.399503], [-95.296465, 30.400471], [-95.299795, 30.402373], [-95.303308, 30.402368], [-95.305268, 30.4041], [-95.30724, 30.40531], [-95.308395, 30.40575], [-95.309067, 30.406772], [-95.308832, 30.407443], [-95.30986, 30.408938], [-95.310881, 30.409889], [-95.310843, 30.41039], [-95.312987, 30.411715], [-95.313285, 30.412292], [-95.314103, 30.412369], [-95.314116, 30.413991], [-95.316305, 30.417493], [-95.316958, 30.419395], [-95.318868, 30.421247], [-95.319058, 30.421847], [-95.321487, 30.424237], [-95.32171, 30.424952], [-95.322757, 30.425392], [-95.323747, 30.426871], [-95.325555, 30.428965], [-95.326096, 30.429852], [-95.326266, 30.429731], [-95.32647, 30.424409], [-95.326865, 30.417598], [-95.32819, 30.393739], [-95.328999, 30.377664], [-95.329354, 30.371756], [-95.329995, 30.370428], [-95.331991, 30.367939], [-95.333021, 30.366312], [-95.334996, 30.362478], [-95.337193, 30.360196], [-95.33772, 30.359157], [-95.337916, 30.356809], [-95.337481, 30.354924], [-95.336627, 30.352941], [-95.336632, 30.352152], [-95.337311, 30.351174], [-95.338878, 30.350199], [-95.339412, 30.349226], [-95.339012, 30.347276], [-95.341097, 30.344381], [-95.341672, 30.343932], [-95.343938, 30.343017], [-95.347371, 30.340879], [-95.353201, 30.338226], [-95.353814, 30.337841], [-95.358959, 30.333276], [-95.360425, 30.332362], [-95.360499, 30.331976]]]}},
    {"type": "Feature", "properties": {"name": "Census tract 6941.03", "description": "Montgomery County", "Population": 3449, "Housing units": 1162, "Vacant housing units": 0, "Vacancy rate (%)": 0.0, "Median gross rent ($ a month)": 1138.0, "Median gross rent ($ a month) margin": 734.0, "Median home value ($)": 236100.0, "Median home value ($) margin": 64691.0, "Median household income ($ a year)": 72973.0, "Median household income ($ a year) margin": 33231.0, "Survey years": "2020 to 2024", "id": "48339694103"}, "geometry": {"type": "Polygon", "coordinates": [[[-95.447718, 30.388437], [-95.446291, 30.387842], [-95.445365, 30.387018], [-95.444519, 30.386744], [-95.443172, 30.386791], [-95.441719, 30.386265], [-95.440106, 30.38457], [-95.437648, 30.383931], [-95.43638, 30.383908], [-95.435402, 30.383313], [-95.434159, 30.381986], [-95.434185, 30.380451], [-95.433022, 30.379993], [-95.431622, 30.379948], [-95.429798, 30.378827], [-95.429057, 30.377659], [-95.427683, 30.376675], [-95.426758, 30.375553], [-95.426387, 30.373835], [-95.425039, 30.372644], [-95.42414, 30.372278], [-95.42303, 30.37095], [-95.423901, 30.369324], [-95.423795, 30.368339], [-95.424824, 30.367514], [-95.424955, 30.36575], [-95.423714, 30.365636], [-95.422208, 30.366324], [-95.420781, 30.365339], [-95.420438, 30.364767], [-95.419117, 30.36447], [-95.41711, 30.365318], [-95.416645, 30.364667], [-95.415279, 30.368149], [-95.413957, 30.370322], [-95.4133, 30.373913], [-95.413684, 30.374426], [-95.413055, 30.375254], [-95.412127, 30.37813], [-95.410824, 30.381258], [-95.40845, 30.384276], [-95.406008, 30.388218], [-95.407518, 30.389301], [-95.413867, 30.391662], [-95.416056, 30.392691], [-95.417358, 30.393691], [-95.421182, 30.397077], [-95.425785, 30.400088], [-95.427023, 30.40121], [-95.42932, 30.404167], [-95.430386, 30.405325], [-95.432251, 30.406929], [-95.434208, 30.408329], [-95.435467, 30.408954], [-95.435569, 30.415434], [-95.433107, 30.415346], [-95.432328, 30.415811], [-95.432678, 30.416642], [-95.432362, 30.418223], [-95.433102, 30.418635], [-95.433261, 30.419643], [-95.433896, 30.420352], [-95.438205, 30.420694], [-95.439236, 30.42122], [-95.440187, 30.421059], [-95.441958, 30.421722], [-95.442329, 30.422249], [-95.444154, 30.423507], [-95.44463, 30.424057], [-95.445028, 30.425683], [-95.445478, 30.426347], [-95.446985, 30.426781], [-95.447594, 30.428063], [-95.45148, 30.429389], [-95.455048, 30.4287], [-95.456714, 30.429179], [-95.459278, 30.429567], [-95.460388, 30.430047], [-95.463006, 30.430709], [-95.464026, 30.431478], [-95.47093, 30.42851], [-95.4738, 30.427457], [-95.471982, 30.421994], [-95.470107, 30.421716], [-95.470062, 30.420612], [-95.46913, 30.417752], [-95.468877, 30.417601], [-95.468589, 30.415016], [-95.467266, 30.414254], [-95.466449, 30.412749], [-95.463831, 30.410896], [-95.462166, 30.41092], [-95.461638, 30.411172], [-95.457648, 30.411702], [-95.45662, 30.41087], [-95.455495, 30.411125], [-95.454502, 30.410696], [-95.453709, 30.409712], [-95.453654, 30.407994], [-95.452094, 30.406552], [-95.451327, 30.406232], [-95.451009, 30.405362], [-95.451457, 30.404285], [-95.45254, 30.403574], [-95.452619, 30.402772], [-95.452193, 30.399795], [-95.452799, 30.398168], [-95.452719, 30.396794], [-95.452375, 30.396359], [-95.452268, 30.394825], [-95.45121, 30.393886], [-95.45018, 30.393933], [-95.449809, 30.393246], [-95.450204, 30.391825], [-95.44986, 30.390612], [-95.448116, 30.39004], [-95.447718, 30.388437]]]}},
    {"type": "Feature", "properties": {"name": "Census tract 6941.04", "description": "Montgomery County", "Population": 2783, "Housing units": 1354, "Vacant housing units": 72, "Vacancy rate (%)": 5.3, "Median gross rent ($ a month)": 1698.0, "Median gross rent ($ a month) margin": 125.0, "Median home value ($)": 218700.0, "Median home value ($) margin": 14272.0, "Median household income ($ a year)": 76538.0, "Median household income ($ a year) margin": 22849.0, "Survey years": "2020 to 2024", "id": "48339694104"}, "geometry": {"type": "Polygon", "coordinates": [[[-95.464026, 30.431478], [-95.463006, 30.430709], [-95.460388, 30.430047], [-95.459278, 30.429567], [-95.456714, 30.429179], [-95.455048, 30.4287], [-95.45148, 30.429389], [-95.447594, 30.428063], [-95.446985, 30.426781], [-95.445478, 30.426347], [-95.445028, 30.425683], [-95.44463, 30.424057], [-95.444154, 30.423507], [-95.442329, 30.422249], [-95.441958, 30.421722], [-95.440187, 30.421059], [-95.439236, 30.42122], [-95.438205, 30.420694], [-95.433896, 30.420352], [-95.433261, 30.419643], [-95.433102, 30.418635], [-95.432362, 30.418223], [-95.432678, 30.416642], [-95.432328, 30.415811], [-95.433107, 30.415346], [-95.435569, 30.415434], [-95.435467, 30.408954], [-95.434208, 30.408329], [-95.432251, 30.406929], [-95.430386, 30.405325], [-95.42932, 30.404167], [-95.427023, 30.40121], [-95.425785, 30.400088], [-95.421182, 30.397077], [-95.417358, 30.393691], [-95.416056, 30.392691], [-95.413867, 30.391662], [-95.407518, 30.389301], [-95.406008, 30.388218], [-95.403062, 30.392417], [-95.401958, 30.393592], [-95.39288, 30.398485], [-95.388417, 30.400149], [-95.38859, 30.400785], [-95.387982, 30.401197], [-95.388537, 30.402182], [-95.389383, 30.402938], [-95.388591, 30.403419], [-95.388459, 30.404587], [-95.388829, 30.406099], [-95.390759, 30.408687], [-95.390865, 30.409442], [-95.391843, 30.409259], [-95.391737, 30.410702], [-95.392742, 30.410427], [-95.394169, 30.411091], [-95.393614, 30.411847], [-95.394381, 30.411709], [-95.395729, 30.412396], [-95.395703, 30.413587], [-95.396495, 30.413404], [-95.396522, 30.414366], [-95.397421, 30.414435], [-95.398161, 30.415969], [-95.399641, 30.416106], [-95.400646, 30.417114], [-95.4007, 30.419427], [-95.402154, 30.420297], [-95.401757, 30.420778], [-95.402287, 30.42229], [-95.404402, 30.423755], [-95.404402, 30.424786], [-95.405566, 30.42616], [-95.404906, 30.427122], [-95.406175, 30.427969], [-95.406942, 30.428816], [-95.406731, 30.431199], [-95.406309, 30.43239], [-95.405728, 30.43294], [-95.406468, 30.433833], [-95.405834, 30.434566], [-95.406548, 30.435826], [-95.406919, 30.437086], [-95.406443, 30.437475], [-95.406735, 30.438781], [-95.407872, 30.440177], [-95.408005, 30.440887], [-95.408957, 30.441483], [-95.409645, 30.442811], [-95.410438, 30.442559], [-95.411469, 30.443566], [-95.412315, 30.442856], [-95.413769, 30.443863], [-95.413928, 30.444458], [-95.414986, 30.445512], [-95.414723, 30.446565], [-95.415067, 30.44723], [-95.416124, 30.447802], [-95.417103, 30.449336], [-95.419377, 30.44961], [-95.420779, 30.450503], [-95.421018, 30.451648], [-95.422208, 30.452014], [-95.423266, 30.453113], [-95.423399, 30.453891], [-95.42295, 30.454739], [-95.423397, 30.454996], [-95.428294, 30.451821], [-95.434466, 30.446574], [-95.439387, 30.443202], [-95.44602, 30.439579], [-95.449839, 30.437622], [-95.464026, 30.431478]]]}},
    {"type": "Feature", "properties": {"name": "Census tract 6941.05", "description": "Montgomery County", "Population": 5961, "Housing units": 2161, "Vacant housing units": 0, "Vacancy rate (%)": 0.0, "Median gross rent ($ a month)": 1428.0, "Median gross rent ($ a month) margin": 206.0, "Median home value ($)": 154900.0, "Median home value ($) margin": 76437.0, "Median household income ($ a year)": 70168.0, "Median household income ($ a year) margin": 6595.0, "Survey years": "2020 to 2024", "id": "48339694105"}, "geometry": {"type": "Polygon", "coordinates": [[[-95.495892, 30.455769], [-95.495436, 30.43603], [-95.494997, 30.431582], [-95.494603, 30.42971], [-95.491959, 30.42106], [-95.48799, 30.407987], [-95.487406, 30.405334], [-95.48703, 30.40165], [-95.486692, 30.391247], [-95.482434, 30.39138], [-95.479779, 30.391363], [-95.476117, 30.390536], [-95.476639, 30.388905], [-95.47585, 30.389016], [-95.467055, 30.391152], [-95.471037, 30.397632], [-95.469102, 30.397721], [-95.467884, 30.395225], [-95.46688, 30.394768], [-95.466825, 30.393417], [-95.466032, 30.393051], [-95.465952, 30.392066], [-95.465053, 30.391654], [-95.463705, 30.390487], [-95.461882, 30.390787], [-95.461143, 30.39223], [-95.460325, 30.392505], [-95.459558, 30.391819], [-95.45784, 30.391454], [-95.457046, 30.39024], [-95.45694, 30.389255], [-95.455644, 30.388752], [-95.454031, 30.387104], [-95.452684, 30.387059], [-95.449329, 30.388298], [-95.447718, 30.388437], [-95.448116, 30.39004], [-95.44986, 30.390612], [-95.450204, 30.391825], [-95.449809, 30.393246], [-95.45018, 30.393933], [-95.45121, 30.393886], [-95.452268, 30.394825], [-95.452375, 30.396359], [-95.452719, 30.396794], [-95.452799, 30.398168], [-95.452193, 30.399795], [-95.452619, 30.402772], [-95.45254, 30.403574], [-95.451457, 30.404285], [-95.451009, 30.405362], [-95.451327, 30.406232], [-95.452094, 30.406552], [-95.453654, 30.407994], [-95.453709, 30.409712], [-95.454502, 30.410696], [-95.455495, 30.411125], [-95.45662, 30.41087], [-95.457648, 30.411702], [-95.461638, 30.411172], [-95.462166, 30.41092], [-95.463831, 30.410896], [-95.466449, 30.412749], [-95.467266, 30.414254], [-95.468589, 30.415016], [-95.468877, 30.417601], [-95.46913, 30.417752], [-95.470062, 30.420612], [-95.470107, 30.421716], [-95.471982, 30.421994], [-95.4738, 30.427457], [-95.47093, 30.42851], [-95.472985, 30.431116], [-95.472519, 30.431574], [-95.474129, 30.43358], [-95.472568, 30.434722], [-95.478053, 30.436154], [-95.478449, 30.436623], [-95.477731, 30.444488], [-95.477736, 30.445876], [-95.4821, 30.446848], [-95.481504, 30.448582], [-95.481505, 30.449499], [-95.482749, 30.45062], [-95.483306, 30.451993], [-95.48447, 30.452382], [-95.485845, 30.453205], [-95.486348, 30.453067], [-95.487195, 30.453891], [-95.48947, 30.4554], [-95.489921, 30.455995], [-95.488972, 30.458058], [-95.488127, 30.458906], [-95.488233, 30.459639], [-95.489342, 30.458332], [-95.490214, 30.457942], [-95.490345, 30.457209], [-95.491375, 30.456452], [-95.492399, 30.45654], [-95.492976, 30.45519], [-95.495892, 30.455769]]]}},
    {"type": "Feature", "properties": {"name": "Census tract 6941.06", "description": "Montgomery County", "Population": 5545, "Housing units": 1913, "Vacant housing units": 100, "Vacancy rate (%)": 5.2, "Median gross rent ($ a month)": 1724.0, "Median gross rent ($ a month) margin": 142.0, "Median home value ($)": 213300.0, "Median home value ($) margin": 22193.0, "Median household income ($ a year)": 81806.0, "Median household income ($ a year) margin": 8085.0, "Survey years": "2020 to 2024", "id": "48339694106"}, "geometry": {"type": "Polygon", "coordinates": [[[-95.495892, 30.455769], [-95.492976, 30.45519], [-95.492399, 30.45654], [-95.491375, 30.456452], [-95.490345, 30.457209], [-95.490214, 30.457942], [-95.489342, 30.458332], [-95.488233, 30.459639], [-95.488127, 30.458906], [-95.488972, 30.458058], [-95.489921, 30.455995], [-95.48947, 30.4554], [-95.487195, 30.453891], [-95.486348, 30.453067], [-95.485845, 30.453205], [-95.48447, 30.452382], [-95.483306, 30.451993], [-95.482749, 30.45062], [-95.481505, 30.449499], [-95.481504, 30.448582], [-95.4821, 30.446848], [-95.477736, 30.445876], [-95.477731, 30.444488], [-95.478449, 30.436623], [-95.478053, 30.436154], [-95.472568, 30.434722], [-95.474129, 30.43358], [-95.472519, 30.431574], [-95.472985, 30.431116], [-95.47093, 30.42851], [-95.464026, 30.431478], [-95.449839, 30.437622], [-95.44602, 30.439579], [-95.439387, 30.443202], [-95.434466, 30.446574], [-95.428294, 30.451821], [-95.423397, 30.454996], [-95.424113, 30.455197], [-95.42422, 30.456113], [-95.423691, 30.457006], [-95.424485, 30.457098], [-95.424353, 30.45838], [-95.425358, 30.458701], [-95.425306, 30.460075], [-95.426338, 30.460349], [-95.426947, 30.461219], [-95.425916, 30.462869], [-95.427186, 30.463785], [-95.427794, 30.463578], [-95.42954, 30.463898], [-95.429488, 30.464975], [-95.430413, 30.465226], [-95.430096, 30.46573], [-95.430018, 30.467379], [-95.430574, 30.46841], [-95.431394, 30.469188], [-95.430708, 30.470471], [-95.430867, 30.470998], [-95.431739, 30.470631], [-95.432533, 30.470997], [-95.43367, 30.471019], [-95.435654, 30.472438], [-95.436871, 30.472254], [-95.437108, 30.471269], [-95.438351, 30.471589], [-95.439038, 30.471199], [-95.439964, 30.471336], [-95.440149, 30.472023], [-95.441048, 30.471473], [-95.441974, 30.472068], [-95.443454, 30.471357], [-95.445014, 30.471447], [-95.445808, 30.471768], [-95.446338, 30.4725], [-95.447343, 30.472866], [-95.447581, 30.473576], [-95.449089, 30.473506], [-95.450016, 30.47504], [-95.451657, 30.476872], [-95.452424, 30.476848], [-95.453271, 30.477512], [-95.453667, 30.476916], [-95.455465, 30.476411], [-95.456151, 30.474967], [-95.456271, 30.473969], [-95.4572, 30.475822], [-95.457159, 30.476671], [-95.456591, 30.477883], [-95.457582, 30.478127], [-95.459591, 30.477896], [-95.46393, 30.475655], [-95.466935, 30.47638], [-95.473441, 30.477121], [-95.477325, 30.467212], [-95.477758, 30.465582], [-95.480037, 30.466124], [-95.483498, 30.469026], [-95.484507, 30.469734], [-95.485907, 30.469729], [-95.486926, 30.470166], [-95.48882, 30.473067], [-95.490956, 30.474966], [-95.495328, 30.476036], [-95.494748, 30.477927], [-95.495591, 30.47804], [-95.496498, 30.47212], [-95.49659, 30.468497], [-95.496085, 30.4632], [-95.495892, 30.455769]]]}},
    {"type": "Feature", "properties": {"name": "Census tract 6941.07", "description": "Montgomery County", "Population": 3654, "Housing units": 1577, "Vacant housing units": 185, "Vacancy rate (%)": 11.7, "Median gross rent ($ a month)": 1398.0, "Median gross rent ($ a month) margin": 188.0, "Median home value ($)": 343800.0, "Median home value ($) margin": 216829.0, "Median household income ($ a year)": 125511.0, "Median household income ($ a year) margin": 86935.0, "Survey years": "2020 to 2024", "id": "48339694107"}, "geometry": {"type": "Polygon", "coordinates": [[[-95.495591, 30.47804], [-95.494748, 30.477927], [-95.495328, 30.476036], [-95.490956, 30.474966], [-95.48882, 30.473067], [-95.486926, 30.470166], [-95.485907, 30.469729], [-95.484507, 30.469734], [-95.483498, 30.469026], [-95.480037, 30.466124], [-95.477758, 30.465582], [-95.477325, 30.467212], [-95.473441, 30.477121], [-95.466935, 30.47638], [-95.46393, 30.475655], [-95.459591, 30.477896], [-95.457582, 30.478127], [-95.456591, 30.477883], [-95.457159, 30.476671], [-95.4572, 30.475822], [-95.456271, 30.473969], [-95.456151, 30.474967], [-95.455465, 30.476411], [-95.453667, 30.476916], [-95.453271, 30.477512], [-95.452424, 30.476848], [-95.451657, 30.476872], [-95.450016, 30.47504], [-95.449089, 30.473506], [-95.447581, 30.473576], [-95.447343, 30.472866], [-95.446338, 30.4725], [-95.445808, 30.471768], [-95.445014, 30.471447], [-95.443454, 30.471357], [-95.441974, 30.472068], [-95.441048, 30.471473], [-95.440149, 30.472023], [-95.439964, 30.471336], [-95.439038, 30.471199], [-95.438351, 30.471589], [-95.437108, 30.471269], [-95.436871, 30.472254], [-95.435654, 30.472438], [-95.43367, 30.471019], [-95.432533, 30.470997], [-95.431739, 30.470631], [-95.430867, 30.470998], [-95.430708, 30.470471], [-95.431394, 30.469188], [-95.430574, 30.46841], [-95.430018, 30.467379], [-95.430096, 30.46573], [-95.430413, 30.465226], [-95.429488, 30.464975], [-95.42954, 30.463898], [-95.427794, 30.463578], [-95.427186, 30.463785], [-95.425916, 30.462869], [-95.426947, 30.461219], [-95.426338, 30.460349], [-95.425306, 30.460075], [-95.425358, 30.458701], [-95.424353, 30.45838], [-95.424485, 30.457098], [-95.423691, 30.457006], [-95.42422, 30.456113], [-95.424113, 30.455197], [-95.423397, 30.454996], [-95.42295, 30.454739], [-95.423399, 30.453891], [-95.423266, 30.453113], [-95.422208, 30.452014], [-95.421018, 30.451648], [-95.420779, 30.450503], [-95.419377, 30.44961], [-95.417103, 30.449336], [-95.416124, 30.447802], [-95.415067, 30.44723], [-95.414723, 30.446565], [-95.414986, 30.445512], [-95.413928, 30.444458], [-95.413769, 30.443863], [-95.412315, 30.442856], [-95.411469, 30.443566], [-95.410438, 30.442559], [-95.409645, 30.442811], [-95.408957, 30.441483], [-95.408005, 30.440887], [-95.407872, 30.440177], [-95.406735, 30.438781], [-95.406443, 30.437475], [-95.406919, 30.437086], [-95.406548, 30.435826], [-95.405834, 30.434566], [-95.406468, 30.433833], [-95.405728, 30.43294], [-95.406309, 30.43239], [-95.406731, 30.431199], [-95.406942, 30.428816], [-95.406175, 30.427969], [-95.404906, 30.427122], [-95.405566, 30.42616], [-95.404402, 30.424786], [-95.404402, 30.423755], [-95.402287, 30.42229], [-95.401757, 30.420778], [-95.402154, 30.420297], [-95.4007, 30.419427], [-95.400646, 30.417114], [-95.399641, 30.416106], [-95.398161, 30.415969], [-95.397421, 30.414435], [-95.396522, 30.414366], [-95.396495, 30.413404], [-95.395703, 30.413587], [-95.395729, 30.412396], [-95.394381, 30.411709], [-95.393614, 30.411847], [-95.394169, 30.411091], [-95.392742, 30.410427], [-95.391737, 30.410702], [-95.391843, 30.409259], [-95.390865, 30.409442], [-95.390759, 30.408687], [-95.388829, 30.406099], [-95.388459, 30.404587], [-95.388591, 30.403419], [-95.389383, 30.402938], [-95.388537, 30.402182], [-95.387982, 30.401197], [-95.38859, 30.400785], [-95.388417, 30.400149], [-95.387203, 30.400621], [-95.38603, 30.40155], [-95.385213, 30.402883], [-95.383567, 30.403968], [-95.379057, 30.404909], [-95.377675, 30.404682], [-95.376077, 30.403448], [-95.375182, 30.401911], [-95.374017, 30.400923], [-95.371546, 30.399704], [-95.366578, 30.395672], [-95.364849, 30.395263], [-95.36069, 30.395016], [-95.357456, 30.3953], [-95.35176, 30.395674], [-95.350107, 30.395404], [-95.348772, 30.394705], [-95.347544, 30.394374], [-95.346492, 30.394448], [-95.343745, 30.395333], [-95.339318, 30.397122], [-95.338075, 30.397283], [-95.336598, 30.396858], [-95.333037, 30.394443], [-95.33054, 30.393748], [-95.32819, 30.393739], [-95.326865, 30.417598], [-95.32647, 30.424409], [-95.326266, 30.429731], [-95.326096, 30.429852], [-95.328436, 30.431923], [-95.329528, 30.433193], [-95.330493, 30.435402], [-95.330982, 30.437931], [-95.330526, 30.44024], [-95.330209, 30.442802], [-95.331161, 30.444622], [-95.332176, 30.445424], [-95.332284, 30.446007], [-95.334341, 30.447332], [-95.335337, 30.448871], [-95.335978, 30.449464], [-95.337909, 30.453351], [-95.338506, 30.455291], [-95.340055, 30.458886], [-95.340545, 30.460887], [-95.340456, 30.462284], [-95.341396, 30.464515], [-95.343358, 30.466576], [-95.345187, 30.468209], [-95.346984, 30.47033], [-95.347809, 30.471743], [-95.348102, 30.473837], [-95.34894, 30.474865], [-95.350045, 30.475151], [-95.350705, 30.476057], [-95.350453, 30.479098], [-95.350186, 30.479499], [-95.351158, 30.481159], [-95.351546, 30.481214], [-95.351679, 30.482335], [-95.352499, 30.484254], [-95.353364, 30.487552], [-95.353562, 30.4904], [-95.352885, 30.493572], [-95.353361, 30.495144], [-95.354715, 30.497392], [-95.354912, 30.49831], [-95.356811, 30.499997], [-95.356775, 30.501402], [-95.357302, 30.501902], [-95.358433, 30.503749], [-95.359156, 30.504369], [-95.360414, 30.505166], [-95.361107, 30.507392], [-95.361819, 30.507881], [-95.361425, 30.508173], [-95.361866, 30.508916], [-95.375359, 30.508938], [-95.392396, 30.508848], [-95.395852, 30.50879], [-95.403219, 30.508872], [-95.411796, 30.508872], [-95.426185, 30.508818], [-95.439836, 30.508893], [-95.447285, 30.508864], [-95.453104, 30.508894], [-95.483026, 30.508869], [-95.491514, 30.508831], [-95.491789, 30.503991], [-95.492251, 30.499647], [-95.495591, 30.47804]]]}},
    {"type": "Feature", "properties": {"name": "Census tract 6942.03", "description": "Montgomery County", "Population": 2288, "Housing units": 792, "Vacant housing units": 29, "Vacancy rate (%)": 3.7, "Median gross rent ($ a month)": 1135.0, "Median gross rent ($ a month) margin": 74.0, "Median home value ($)": 250000.0, "Median home value ($) margin": 150562.0, "Median household income ($ a year)": 75304.0, "Median household income ($ a year) margin": 17095.0, "Survey years": "2020 to 2024", "id": "48339694203"}, "geometry": {"type": "Polygon", "coordinates": [[[-95.566243, 30.432221], [-95.561957, 30.431243], [-95.557923, 30.430317], [-95.549909, 30.428586], [-95.541697, 30.426657], [-95.531792, 30.424367], [-95.527103, 30.423132], [-95.514151, 30.420306], [-95.507607, 30.418817], [-95.506104, 30.418723], [-95.501703, 30.418933], [-95.499999, 30.419189], [-95.495009, 30.420528], [-95.491959, 30.42106], [-95.494603, 30.42971], [-95.494997, 30.431582], [-95.495436, 30.43603], [-95.497322, 30.436445], [-95.50377, 30.438197], [-95.506061, 30.438974], [-95.51036, 30.439654], [-95.520149, 30.441874], [-95.526649, 30.443414], [-95.538423, 30.446142], [-95.545585, 30.447709], [-95.55208, 30.449226], [-95.553503, 30.444636], [-95.554451, 30.444162], [-95.555824, 30.444401], [-95.556955, 30.444026], [-95.560673, 30.443169], [-95.562387, 30.443372], [-95.563412, 30.442424], [-95.564341, 30.438542], [-95.566243, 30.432221]]]}},
    {"type": "Feature", "properties": {"name": "Census tract 6942.04", "description": "Montgomery County", "Population": 5677, "Housing units": 2524, "Vacant housing units": 427, "Vacancy rate (%)": 16.9, "Median gross rent ($ a month)": 1454.0, "Median gross rent ($ a month) margin": 288.0, "Median home value ($)": 206300.0, "Median home value ($) margin": 78720.0, "Median household income ($ a year)": 62490.0, "Median household income ($ a year) margin": 36713.0, "Survey years": "2020 to 2024", "id": "48339694204"}, "geometry": {"type": "Polygon", "coordinates": [[[-95.598871, 30.437159], [-95.588381, 30.437169], [-95.586845, 30.437075], [-95.570151, 30.433173], [-95.566243, 30.432221], [-95.564341, 30.438542], [-95.563412, 30.442424], [-95.562387, 30.443372], [-95.560673, 30.443169], [-95.556955, 30.444026], [-95.555824, 30.444401], [-95.554451, 30.444162], [-95.553503, 30.444636], [-95.55208, 30.449226], [-95.545585, 30.447709], [-95.538423, 30.446142], [-95.526649, 30.443414], [-95.520149, 30.441874], [-95.51036, 30.439654], [-95.506061, 30.438974], [-95.50377, 30.438197], [-95.497322, 30.436445], [-95.495436, 30.43603], [-95.495892, 30.455769], [-95.499395, 30.456561], [-95.529004, 30.463806], [-95.535812, 30.465389], [-95.543556, 30.467293], [-95.545967, 30.467104], [-95.546859, 30.467235], [-95.551234, 30.469107], [-95.569149, 30.473512], [-95.569482, 30.471958], [-95.572272, 30.469323], [-95.573303, 30.467562], [-95.573601, 30.466555], [-95.575802, 30.464673], [-95.577413, 30.463797], [-95.582237, 30.463185], [-95.590452, 30.456158], [-95.591188, 30.455027], [-95.592215, 30.454022], [-95.593099, 30.452639], [-95.592955, 30.452135], [-95.594423, 30.450628], [-95.59516, 30.44937], [-95.595312, 30.44811], [-95.595752, 30.447734], [-95.595766, 30.444961], [-95.59694, 30.443705], [-95.597089, 30.443075], [-95.598558, 30.441316], [-95.598858, 30.439805], [-95.598871, 30.437159]]]}},
    {"type": "Feature", "properties": {"name": "Census tract 6942.05", "description": "Montgomery County", "Population": 1452, "Housing units": 685, "Vacant housing units": 183, "Vacancy rate (%)": 26.7, "Median home value ($)": 342600.0, "Median home value ($) margin": 90603.0, "Median household income ($ a year)": 110539.0, "Median household income ($ a year) margin": 19457.0, "Survey years": "2020 to 2024", "id": "48339694205"}, "geometry": {"type": "Polygon", "coordinates": [[[-95.590452, 30.456158], [-95.582237, 30.463185], [-95.577413, 30.463797], [-95.575802, 30.464673], [-95.573601, 30.466555], [-95.573303, 30.467562], [-95.572272, 30.469323], [-95.569482, 30.471958], [-95.569149, 30.473512], [-95.551234, 30.469107], [-95.546859, 30.467235], [-95.545967, 30.467104], [-95.543556, 30.467293], [-95.535812, 30.465389], [-95.529004, 30.463806], [-95.499395, 30.456561], [-95.495892, 30.455769], [-95.496085, 30.4632], [-95.49659, 30.468497], [-95.496498, 30.47212], [-95.495591, 30.47804], [-95.492251, 30.499647], [-95.491789, 30.503991], [-95.491514, 30.508831], [-95.498593, 30.50888], [-95.52587, 30.508939], [-95.543099, 30.508912], [-95.555031, 30.508847], [-95.598878, 30.50898], [-95.599157, 30.506546], [-95.599046, 30.505039], [-95.598271, 30.503307], [-95.594775, 30.500214], [-95.590053, 30.494385], [-95.585902, 30.489413], [-95.585954, 30.479205], [-95.585524, 30.477439], [-95.585389, 30.475296], [-95.584956, 30.474286], [-95.584983, 30.468867], [-95.585729, 30.465845], [-95.58589, 30.462821], [-95.58663, 30.460933], [-95.587807, 30.459299], [-95.589714, 30.457668], [-95.590597, 30.456411], [-95.590452, 30.456158]]]}},
    {"type": "Feature", "properties": {"name": "Census tract 6942.06", "description": "Montgomery County", "Population": 4125, "Housing units": 1914, "Vacant housing units": 212, "Vacancy rate (%)": 11.1, "Median gross rent ($ a month)": 1505.0, "Median gross rent ($ a month) margin": 314.0, "Median home value ($)": 299300.0, "Median home value ($) margin": 24917.0, "Median household income ($ a year)": 115978.0, "Median household income ($ a year) margin": 54516.0, "Survey years": "2020 to 2024", "id": "48339694206"}, "geometry": {"type": "Polygon", "coordinates": [[[-95.587653, 30.402833], [-95.576609, 30.393211], [-95.566452, 30.398589], [-95.56383, 30.400953], [-95.562623, 30.402931], [-95.560958, 30.40251], [-95.560258, 30.401582], [-95.560417, 30.40108], [-95.55482, 30.399806], [-95.551944, 30.408856], [-95.550087, 30.414791], [-95.548233, 30.417225], [-95.543613, 30.420734], [-95.54339, 30.421045], [-95.541697, 30.426657], [-95.549909, 30.428586], [-95.557923, 30.430317], [-95.561957, 30.431243], [-95.561968, 30.429203], [-95.565489, 30.42594], [-95.566667, 30.424054], [-95.566964, 30.423173], [-95.571656, 30.419284], [-95.571952, 30.418528], [-95.574299, 30.416521], [-95.575321, 30.416399], [-95.577812, 30.414644], [-95.580591, 30.413772], [-95.581762, 30.413146], [-95.583077, 30.412899], [-95.587475, 30.409133], [-95.587653, 30.402833]]]}},
    {"type": "Feature", "properties": {"name": "Census tract 6942.07", "description": "Montgomery County", "Population": 1303, "Housing units": 626, "Vacant housing units": 77, "Vacancy rate (%)": 12.3, "Median gross rent ($ a month)": 1983.0, "Median gross rent ($ a month) margin": 555.0, "Median home value ($)": 412900.0, "Median home value ($) margin": 62604.0, "Median household income ($ a year)": 107621.0, "Median household income ($ a year) margin": 16348.0, "Survey years": "2020 to 2024", "id": "48339694207"}, "geometry": {"type": "Polygon", "coordinates": [[[-95.576609, 30.393211], [-95.576827, 30.37922], [-95.576395, 30.378084], [-95.57044, 30.372766], [-95.570006, 30.372134], [-95.56871, 30.368726], [-95.568745, 30.362045], [-95.568169, 30.360656], [-95.565265, 30.357997], [-95.565093, 30.362913], [-95.560403, 30.366928], [-95.559381, 30.367176], [-95.554983, 30.37094], [-95.554242, 30.372954], [-95.554088, 30.374466], [-95.552763, 30.376604], [-95.551443, 30.377859], [-95.550699, 30.380503], [-95.54908, 30.383017], [-95.548924, 30.384908], [-95.547593, 30.388053], [-95.547146, 30.38969], [-95.545639, 30.391943], [-95.544792, 30.39321], [-95.54478, 30.395353], [-95.544486, 30.39573], [-95.544466, 30.399259], [-95.545479, 30.400776], [-95.545477, 30.40128], [-95.546344, 30.402796], [-95.545896, 30.404559], [-95.545014, 30.405816], [-95.542251, 30.406504], [-95.551944, 30.408856], [-95.55482, 30.399806], [-95.560417, 30.40108], [-95.560258, 30.401582], [-95.560958, 30.40251], [-95.562623, 30.402931], [-95.56383, 30.400953], [-95.566452, 30.398589], [-95.576609, 30.393211]]]}},
    {"type": "Feature", "properties": {"name": "Census tract 6942.08", "description": "Montgomery County", "Population": 4597, "Housing units": 2012, "Vacant housing units": 257, "Vacancy rate (%)": 12.8, "Median gross rent ($ a month)": 1871.0, "Median gross rent ($ a month) margin": 192.0, "Median home value ($)": 291100.0, "Median home value ($) margin": 15915.0, "Median household income ($ a year)": 101546.0, "Median household income ($ a year) margin": 22994.0, "Survey years": "2020 to 2024", "id": "48339694208"}, "geometry": {"type": "Polygon", "coordinates": [[[-95.529728, 30.377178], [-95.524607, 30.375937], [-95.51001, 30.372573], [-95.485649, 30.366987], [-95.485295, 30.366881], [-95.485918, 30.373702], [-95.48633, 30.380507], [-95.486692, 30.391247], [-95.497819, 30.391013], [-95.499545, 30.391152], [-95.502042, 30.391753], [-95.509424, 30.3944], [-95.51095, 30.395111], [-95.51229, 30.395998], [-95.515301, 30.398519], [-95.515634, 30.398384], [-95.517031, 30.396426], [-95.517735, 30.394742], [-95.518097, 30.392707], [-95.518905, 30.389441], [-95.519872, 30.386254], [-95.521045, 30.383817], [-95.522281, 30.382658], [-95.523587, 30.382174], [-95.525669, 30.380806], [-95.528783, 30.381483], [-95.528755, 30.381102], [-95.529728, 30.377178]]]}},
    {"type": "Feature", "properties": {"name": "Census tract 6942.09", "description": "Montgomery County", "Population": 4037, "Housing units": 1549, "Vacant housing units": 29, "Vacancy rate (%)": 1.9, "Median home value ($)": 378600.0, "Median home value ($) margin": 107766.0, "Median household income ($ a year)": 114931.0, "Median household income ($ a year) margin": 34678.0, "Survey years": "2020 to 2024", "id": "48339694209"}, "geometry": {"type": "Polygon", "coordinates": [[[-95.551944, 30.408856], [-95.542251, 30.406504], [-95.545014, 30.405816], [-95.545896, 30.404559], [-95.546344, 30.402796], [-95.545477, 30.40128], [-95.545479, 30.400776], [-95.544466, 30.399259], [-95.544486, 30.39573], [-95.54478, 30.395353], [-95.544792, 30.39321], [-95.545639, 30.391943], [-95.542846, 30.390159], [-95.541095, 30.389955], [-95.534414, 30.388375], [-95.53353, 30.387829], [-95.529036, 30.382078], [-95.528783, 30.381483], [-95.525669, 30.380806], [-95.523587, 30.382174], [-95.522281, 30.382658], [-95.521045, 30.383817], [-95.519872, 30.386254], [-95.518905, 30.389441], [-95.518097, 30.392707], [-95.517735, 30.394742], [-95.517031, 30.396426], [-95.515634, 30.398384], [-95.515301, 30.398519], [-95.51229, 30.395998], [-95.51095, 30.395111], [-95.509424, 30.3944], [-95.502042, 30.391753], [-95.499545, 30.391152], [-95.497819, 30.391013], [-95.486692, 30.391247], [-95.48703, 30.40165], [-95.487406, 30.405334], [-95.48799, 30.407987], [-95.491959, 30.42106], [-95.495009, 30.420528], [-95.499999, 30.419189], [-95.501703, 30.418933], [-95.506104, 30.418723], [-95.507607, 30.418817], [-95.514151, 30.420306], [-95.527103, 30.423132], [-95.531792, 30.424367], [-95.541697, 30.426657], [-95.54339, 30.421045], [-95.543613, 30.420734], [-95.548233, 30.417225], [-95.550087, 30.414791], [-95.551944, 30.408856]]]}},
    {"type": "Feature", "properties": {"name": "Census tract 6942.10", "description": "Montgomery County", "Population": 2204, "Housing units": 1050, "Vacant housing units": 143, "Vacancy rate (%)": 13.6, "Median gross rent ($ a month)": 2028.0, "Median gross rent ($ a month) margin": 793.0, "Median home value ($)": 387800.0, "Median home value ($) margin": 69186.0, "Median household income ($ a year)": 128849.0, "Median household income ($ a year) margin": 22253.0, "Survey years": "2020 to 2024", "id": "48339694210"}, "geometry": {"type": "Polygon", "coordinates": [[[-95.598871, 30.437159], [-95.598896, 30.43199], [-95.598318, 30.430728], [-95.597158, 30.429085], [-95.597066, 30.418119], [-95.596487, 30.416983], [-95.596203, 30.415343], [-95.59621, 30.413956], [-95.595921, 30.413325], [-95.592579, 30.410288], [-95.592148, 30.4089], [-95.592153, 30.407891], [-95.591571, 30.407385], [-95.591576, 30.406503], [-95.587653, 30.402833], [-95.587475, 30.409133], [-95.583077, 30.412899], [-95.581762, 30.413146], [-95.580591, 30.413772], [-95.577812, 30.414644], [-95.575321, 30.416399], [-95.574299, 30.416521], [-95.571952, 30.418528], [-95.571656, 30.419284], [-95.566964, 30.423173], [-95.566667, 30.424054], [-95.565489, 30.42594], [-95.561968, 30.429203], [-95.561957, 30.431243], [-95.566243, 30.432221], [-95.570151, 30.433173], [-95.586845, 30.437075], [-95.588381, 30.437169], [-95.598871, 30.437159]]]}},
    {"type": "Feature", "properties": {"name": "Census tract 6943.03", "description": "Montgomery County", "Population": 4399, "Housing units": 1823, "Vacant housing units": 95, "Vacancy rate (%)": 5.2, "Median gross rent ($ a month)": 1396.0, "Median gross rent ($ a month) margin": 337.0, "Median home value ($)": 646400.0, "Median home value ($) margin": 52904.0, "Median household income ($ a year)": 119211.0, "Median household income ($ a year) margin": 36382.0, "Survey years": "2020 to 2024", "id": "48339694303"}, "geometry": {"type": "Polygon", "coordinates": [[[-95.69657, 30.388514], [-95.694533, 30.389135], [-95.68917, 30.389267], [-95.687071, 30.389086], [-95.679573, 30.387793], [-95.676413, 30.387314], [-95.663825, 30.384913], [-95.654536, 30.383187], [-95.652963, 30.382798], [-95.652768, 30.384554], [-95.653316, 30.385877], [-95.655782, 30.388317], [-95.656667, 30.391076], [-95.656544, 30.392115], [-95.655724, 30.393674], [-95.654919, 30.39444], [-95.65311, 30.395069], [-95.652278, 30.395923], [-95.652113, 30.396906], [-95.653099, 30.401792], [-95.653248, 30.402781], [-95.652648, 30.403984], [-95.651748, 30.404526], [-95.650378, 30.404637], [-95.648622, 30.404221], [-95.646548, 30.404173], [-95.646576, 30.410426], [-95.644761, 30.409724], [-95.644693, 30.413463], [-95.64639, 30.413976], [-95.650484, 30.417653], [-95.6518, 30.418542], [-95.655901, 30.420075], [-95.657072, 30.420711], [-95.659858, 30.420977], [-95.661321, 30.421993], [-95.663518, 30.423012], [-95.664544, 30.423017], [-95.667035, 30.423786], [-95.668062, 30.423917], [-95.670034, 30.425334], [-95.671928, 30.422883], [-95.672583, 30.421474], [-95.674048, 30.416862], [-95.675175, 30.415289], [-95.68171, 30.411011], [-95.682735, 30.409773], [-95.684535, 30.408662], [-95.68568, 30.4077], [-95.688011, 30.405057], [-95.689472, 30.404256], [-95.694386, 30.404058], [-95.698124, 30.404103], [-95.699518, 30.402385], [-95.699635, 30.401887], [-95.699327, 30.399481], [-95.697357, 30.392601], [-95.696621, 30.391406], [-95.69657, 30.388514]]]}},
    {"type": "Feature", "properties": {"name": "Census tract 6943.04", "description": "Montgomery County", "Population": 4290, "Housing units": 2211, "Vacant housing units": 196, "Vacancy rate (%)": 8.9, "Median gross rent ($ a month)": 1899.0, "Median gross rent ($ a month) margin": 285.0, "Median home value ($)": 553600.0, "Median home value ($) margin": 90871.0, "Median household income ($ a year)": 140760.0, "Median household income ($ a year) margin": 29409.0, "Survey years": "2020 to 2024", "id": "48339694304"}, "geometry": {"type": "Polygon", "coordinates": [[[-95.670034, 30.425334], [-95.668062, 30.423917], [-95.667035, 30.423786], [-95.664544, 30.423017], [-95.663518, 30.423012], [-95.661321, 30.421993], [-95.659858, 30.420977], [-95.657072, 30.420711], [-95.655901, 30.420075], [-95.6518, 30.418542], [-95.650484, 30.417653], [-95.64639, 30.413976], [-95.644693, 30.413463], [-95.638619, 30.413433], [-95.636569, 30.412918], [-95.633784, 30.412526], [-95.630411, 30.412508], [-95.629529, 30.413008], [-95.62557, 30.412987], [-95.620601, 30.408675], [-95.618555, 30.407277], [-95.614741, 30.407258], [-95.60989, 30.410257], [-95.607543, 30.410371], [-95.605781, 30.410866], [-95.596548, 30.410817], [-95.591576, 30.406503], [-95.591571, 30.407385], [-95.592153, 30.407891], [-95.592148, 30.4089], [-95.592579, 30.410288], [-95.595921, 30.413325], [-95.59621, 30.413956], [-95.596203, 30.415343], [-95.596487, 30.416983], [-95.597066, 30.418119], [-95.597158, 30.429085], [-95.598318, 30.430728], [-95.598896, 30.43199], [-95.598871, 30.437159], [-95.606352, 30.437158], [-95.61474, 30.437066], [-95.62503, 30.437071], [-95.639837, 30.436868], [-95.647021, 30.436865], [-95.648451, 30.436155], [-95.648939, 30.435249], [-95.65026, 30.434396], [-95.653702, 30.434283], [-95.65562, 30.434369], [-95.661431, 30.434378], [-95.662899, 30.433774], [-95.663575, 30.432677], [-95.666025, 30.430287], [-95.670034, 30.425334]]]}},
    {"type": "Feature", "properties": {"name": "Census tract 6943.05", "description": "Montgomery County", "Population": 5264, "Housing units": 2374, "Vacant housing units": 313, "Vacancy rate (%)": 13.2, "Median gross rent ($ a month)": 1681.0, "Median gross rent ($ a month) margin": 297.0, "Median home value ($)": 348900.0, "Median home value ($) margin": 29613.0, "Median household income ($ a year)": 74955.0, "Median household income ($ a year) margin": 67362.0, "Survey years": "2020 to 2024", "id": "48339694305"}, "geometry": {"type": "Polygon", "coordinates": [[[-95.646548, 30.404173], [-95.641221, 30.404186], [-95.63496, 30.404302], [-95.633747, 30.404255], [-95.631635, 30.403754], [-95.627349, 30.401961], [-95.626033, 30.40096], [-95.625295, 30.400039], [-95.624755, 30.398659], [-95.624044, 30.395951], [-95.622746, 30.394524], [-95.621587, 30.393843], [-95.620133, 30.393438], [-95.618387, 30.39343], [-95.616989, 30.393769], [-95.613543, 30.395248], [-95.611404, 30.395612], [-95.608951, 30.395451], [-95.60728, 30.394961], [-95.599679, 30.39175], [-95.598461, 30.390896], [-95.597398, 30.388455], [-95.59759, 30.387249], [-95.59599, 30.385697], [-95.594673, 30.384908], [-95.595634, 30.384817], [-95.596823, 30.385596], [-95.597721, 30.386673], [-95.598725, 30.384589], [-95.60105, 30.385093], [-95.601763, 30.384956], [-95.602291, 30.385528], [-95.602265, 30.386421], [-95.601551, 30.387223], [-95.601102, 30.388574], [-95.602423, 30.388231], [-95.603744, 30.389491], [-95.604748, 30.3913], [-95.604722, 30.39043], [-95.605567, 30.390498], [-95.60414, 30.388345], [-95.60422, 30.386696], [-95.605277, 30.385734], [-95.606545, 30.386101], [-95.60636, 30.384887], [-95.607919, 30.384681], [-95.60953, 30.386216], [-95.610772, 30.386605], [-95.611749, 30.387933], [-95.611247, 30.39004], [-95.611908, 30.389628], [-95.612145, 30.388414], [-95.613281, 30.388208], [-95.614893, 30.390132], [-95.614893, 30.389147], [-95.61418, 30.38814], [-95.612647, 30.387155], [-95.611934, 30.386422], [-95.610798, 30.384681], [-95.610798, 30.383834], [-95.610307, 30.379973], [-95.60382, 30.379951], [-95.602504, 30.38045], [-95.597891, 30.380383], [-95.579011, 30.380111], [-95.578284, 30.37973], [-95.576395, 30.378084], [-95.576827, 30.37922], [-95.576609, 30.393211], [-95.587653, 30.402833], [-95.591576, 30.406503], [-95.596548, 30.410817], [-95.605781, 30.410866], [-95.607543, 30.410371], [-95.60989, 30.410257], [-95.614741, 30.407258], [-95.618555, 30.407277], [-95.620601, 30.408675], [-95.62557, 30.412987], [-95.629529, 30.413008], [-95.630411, 30.412508], [-95.633784, 30.412526], [-95.636569, 30.412918], [-95.638619, 30.413433], [-95.644693, 30.413463], [-95.644761, 30.409724], [-95.646576, 30.410426], [-95.646548, 30.404173]]]}},
    {"type": "Feature", "properties": {"name": "Census tract 6943.06", "description": "Montgomery County", "Population": 4947, "Housing units": 2258, "Vacant housing units": 407, "Vacancy rate (%)": 18.0, "Median gross rent ($ a month)": 1385.0, "Median gross rent ($ a month) margin": 54.0, "Median home value ($)": 307200.0, "Median home value ($) margin": 83811.0, "Median household income ($ a year)": 124145.0, "Median household income ($ a year) margin": 28747.0, "Survey years": "2020 to 2024", "id": "48339694306"}, "geometry": {"type": "Polygon", "coordinates": [[[-95.653099, 30.401792], [-95.651591, 30.401793], [-95.648248, 30.398631], [-95.646789, 30.398375], [-95.644608, 30.396477], [-95.643302, 30.394708], [-95.642145, 30.392309], [-95.640255, 30.390664], [-95.639236, 30.390031], [-95.634422, 30.389511], [-95.632383, 30.388621], [-95.630196, 30.38811], [-95.625254, 30.383681], [-95.622195, 30.38241], [-95.620887, 30.381271], [-95.620013, 30.381016], [-95.616219, 30.380877], [-95.613886, 30.380491], [-95.612429, 30.379981], [-95.610307, 30.379973], [-95.610798, 30.383834], [-95.610798, 30.384681], [-95.611934, 30.386422], [-95.612647, 30.387155], [-95.61418, 30.38814], [-95.614893, 30.389147], [-95.614893, 30.390132], [-95.613281, 30.388208], [-95.612145, 30.388414], [-95.611908, 30.389628], [-95.611247, 30.39004], [-95.611749, 30.387933], [-95.610772, 30.386605], [-95.60953, 30.386216], [-95.607919, 30.384681], [-95.60636, 30.384887], [-95.606545, 30.386101], [-95.605277, 30.385734], [-95.60422, 30.386696], [-95.60414, 30.388345], [-95.605567, 30.390498], [-95.604722, 30.39043], [-95.604748, 30.3913], [-95.603744, 30.389491], [-95.602423, 30.388231], [-95.601102, 30.388574], [-95.601551, 30.387223], [-95.602265, 30.386421], [-95.602291, 30.385528], [-95.601763, 30.384956], [-95.60105, 30.385093], [-95.598725, 30.384589], [-95.597721, 30.386673], [-95.596823, 30.385596], [-95.595634, 30.384817], [-95.594673, 30.384908], [-95.59599, 30.385697], [-95.59759, 30.387249], [-95.597398, 30.388455], [-95.598461, 30.390896], [-95.599679, 30.39175], [-95.60728, 30.394961], [-95.608951, 30.395451], [-95.611404, 30.395612], [-95.613543, 30.395248], [-95.616989, 30.393769], [-95.618387, 30.39343], [-95.620133, 30.393438], [-95.621587, 30.393843], [-95.622746, 30.394524], [-95.624044, 30.395951], [-95.624755, 30.398659], [-95.625295, 30.400039], [-95.626033, 30.40096], [-95.627349, 30.401961], [-95.631635, 30.403754], [-95.633747, 30.404255], [-95.63496, 30.404302], [-95.641221, 30.404186], [-95.646548, 30.404173], [-95.648622, 30.404221], [-95.650378, 30.404637], [-95.651748, 30.404526], [-95.652648, 30.403984], [-95.653248, 30.402781], [-95.653099, 30.401792]]]}},
    {"type": "Feature", "properties": {"name": "Census tract 6943.07", "description": "Montgomery County", "Population": 2314, "Housing units": 1069, "Vacant housing units": 160, "Vacancy rate (%)": 15.0, "Median gross rent ($ a month)": 2193.0, "Median gross rent ($ a month) margin": 136.0, "Median home value ($)": 396800.0, "Median home value ($) margin": 73494.0, "Median household income ($ a year)": 110509.0, "Median household income ($ a year) margin": 41752.0, "Survey years": "2020 to 2024", "id": "48339694307"}, "geometry": {"type": "Polygon", "coordinates": [[[-95.609634, 30.363218], [-95.603733, 30.361226], [-95.594697, 30.357991], [-95.5831, 30.353893], [-95.57418, 30.350732], [-95.567326, 30.348354], [-95.553357, 30.343379], [-95.550322, 30.342625], [-95.547963, 30.342361], [-95.54257, 30.342399], [-95.541614, 30.342861], [-95.539501, 30.342997], [-95.538841, 30.343226], [-95.538391, 30.344302], [-95.53839, 30.345447], [-95.539603, 30.347372], [-95.540395, 30.347853], [-95.540739, 30.34712], [-95.541452, 30.347006], [-95.543854, 30.349115], [-95.545359, 30.349986], [-95.546125, 30.34962], [-95.545386, 30.349024], [-95.545782, 30.348268], [-95.547394, 30.347903], [-95.548978, 30.348385], [-95.550325, 30.348271], [-95.551433, 30.348936], [-95.552701, 30.348272], [-95.553678, 30.348547], [-95.554576, 30.348342], [-95.555132, 30.346807], [-95.556347, 30.346739], [-95.55867, 30.347153], [-95.559938, 30.348275], [-95.56073, 30.348665], [-95.560333, 30.350154], [-95.559619, 30.350612], [-95.559117, 30.351756], [-95.560226, 30.351368], [-95.560067, 30.352696], [-95.562338, 30.354071], [-95.563525, 30.355217], [-95.565265, 30.357997], [-95.568169, 30.360656], [-95.568745, 30.362045], [-95.56871, 30.368726], [-95.570006, 30.372134], [-95.57044, 30.372766], [-95.576395, 30.378084], [-95.578284, 30.37973], [-95.579011, 30.380111], [-95.597891, 30.380383], [-95.598119, 30.376549], [-95.597406, 30.376], [-95.598252, 30.373572], [-95.597671, 30.372221], [-95.597803, 30.371808], [-95.600264, 30.370052], [-95.6001, 30.369068], [-95.600157, 30.366746], [-95.601292, 30.365193], [-95.602855, 30.364531], [-95.603834, 30.364423], [-95.60577, 30.364973], [-95.607978, 30.36513], [-95.609753, 30.365491], [-95.609453, 30.363987], [-95.609634, 30.363218]]]}},
    {"type": "Feature", "properties": {"name": "Census tract 6943.08", "description": "Montgomery County", "Population": 2231, "Housing units": 1134, "Vacant housing units": 125, "Vacancy rate (%)": 11.0, "Median gross rent ($ a month)": 1818.0, "Median gross rent ($ a month) margin": 281.0, "Median home value ($)": 413200.0, "Median home value ($) margin": 158137.0, "Median household income ($ a year)": 85031.0, "Median household income ($ a year) margin": 14709.0, "Survey years": "2020 to 2024", "id": "48339694308"}, "geometry": {"type": "Polygon", "coordinates": [[[-95.652963, 30.382798], [-95.649752, 30.381547], [-95.635273, 30.373449], [-95.629082, 30.370732], [-95.627349, 30.372217], [-95.627627, 30.37537], [-95.626308, 30.3765], [-95.625867, 30.377255], [-95.621473, 30.380895], [-95.620013, 30.381016], [-95.620887, 30.381271], [-95.622195, 30.38241], [-95.625254, 30.383681], [-95.630196, 30.38811], [-95.632383, 30.388621], [-95.634422, 30.389511], [-95.639236, 30.390031], [-95.640255, 30.390664], [-95.642145, 30.392309], [-95.643302, 30.394708], [-95.644608, 30.396477], [-95.646789, 30.398375], [-95.648248, 30.398631], [-95.651591, 30.401793], [-95.653099, 30.401792], [-95.652113, 30.396906], [-95.652278, 30.395923], [-95.65311, 30.395069], [-95.654919, 30.39444], [-95.655724, 30.393674], [-95.656544, 30.392115], [-95.656667, 30.391076], [-95.655782, 30.388317], [-95.653316, 30.385877], [-95.652768, 30.384554], [-95.652963, 30.382798]]]}},
    {"type": "Feature", "properties": {"name": "Census tract 6943.09", "description": "Montgomery County", "Population": 3160, "Housing units": 1795, "Vacant housing units": 224, "Vacancy rate (%)": 12.5, "Median gross rent ($ a month)": 1807.0, "Median gross rent ($ a month) margin": 859.0, "Median home value ($)": 345500.0, "Median home value ($) margin": 36502.0, "Median household income ($ a year)": 95121.0, "Median household income ($ a year) margin": 30109.0, "Survey years": "2020 to 2024", "id": "48339694309"}, "geometry": {"type": "Polygon", "coordinates": [[[-95.629082, 30.370732], [-95.622613, 30.367876], [-95.616748, 30.365677], [-95.609634, 30.363218], [-95.609453, 30.363987], [-95.609753, 30.365491], [-95.607978, 30.36513], [-95.60577, 30.364973], [-95.603834, 30.364423], [-95.602855, 30.364531], [-95.601292, 30.365193], [-95.600157, 30.366746], [-95.6001, 30.369068], [-95.600264, 30.370052], [-95.597803, 30.371808], [-95.597671, 30.372221], [-95.598252, 30.373572], [-95.597406, 30.376], [-95.598119, 30.376549], [-95.597891, 30.380383], [-95.602504, 30.38045], [-95.60382, 30.379951], [-95.610307, 30.379973], [-95.612429, 30.379981], [-95.613886, 30.380491], [-95.616219, 30.380877], [-95.620013, 30.381016], [-95.621473, 30.380895], [-95.625867, 30.377255], [-95.626308, 30.3765], [-95.627627, 30.37537], [-95.627349, 30.372217], [-95.629082, 30.370732]]]}},
    {"type": "Feature", "properties": {"name": "Census tract 6944.01", "description": "Montgomery County", "Population": 3219, "Housing units": 1347, "Vacant housing units": 135, "Vacancy rate (%)": 10.0, "Median gross rent ($ a month)": 1480.0, "Median gross rent ($ a month) margin": 235.0, "Median home value ($)": 263100.0, "Median home value ($) margin": 36271.0, "Median household income ($ a year)": 86419.0, "Median household income ($ a year) margin": 14949.0, "Survey years": "2020 to 2024", "id": "48339694401"}, "geometry": {"type": "Polygon", "coordinates": [[[-95.588259, 30.319512], [-95.580191, 30.319948], [-95.577289, 30.319877], [-95.566676, 30.318996], [-95.528849, 30.31589], [-95.523571, 30.315625], [-95.511664, 30.314624], [-95.512011, 30.31776], [-95.512987, 30.319158], [-95.513858, 30.319662], [-95.513038, 30.320417], [-95.512932, 30.321288], [-95.51412, 30.321197], [-95.514067, 30.321632], [-95.512904, 30.322341], [-95.513482, 30.324747], [-95.513825, 30.325068], [-95.515515, 30.325069], [-95.515833, 30.324474], [-95.515306, 30.32342], [-95.516335, 30.323856], [-95.518394, 30.323972], [-95.520375, 30.323011], [-95.520403, 30.322049], [-95.520878, 30.321866], [-95.521696, 30.322715], [-95.522409, 30.322601], [-95.523622, 30.323403], [-95.525418, 30.323198], [-95.527238, 30.325078], [-95.52898, 30.326384], [-95.529428, 30.327278], [-95.530984, 30.328745], [-95.531801, 30.330372], [-95.53283, 30.33138], [-95.533648, 30.331495], [-95.533516, 30.332366], [-95.534307, 30.332847], [-95.53465, 30.333924], [-95.53362, 30.333992], [-95.534226, 30.335344], [-95.534965, 30.335459], [-95.536097, 30.336372], [-95.536205, 30.336902], [-95.537393, 30.338186], [-95.538686, 30.338713], [-95.538104, 30.33979], [-95.53842, 30.340477], [-95.53974, 30.341394], [-95.541536, 30.341051], [-95.542697, 30.341922], [-95.54257, 30.342399], [-95.547963, 30.342361], [-95.550322, 30.342625], [-95.553357, 30.343379], [-95.567326, 30.348354], [-95.57418, 30.350732], [-95.5831, 30.353893], [-95.583311, 30.350963], [-95.583316, 30.340635], [-95.583953, 30.339224], [-95.58683, 30.336076], [-95.587957, 30.334586], [-95.58818, 30.333601], [-95.588079, 30.323879], [-95.588259, 30.319512]]]}},
    {"type": "Feature", "properties": {"name": "Census tract 6944.02", "description": "Montgomery County", "Population": 3905, "Housing units": 1551, "Vacant housing units": 47, "Vacancy rate (%)": 3.0, "Median gross rent ($ a month)": 1198.0, "Median gross rent ($ a month) margin": 360.0, "Median home value ($)": 243800.0, "Median home value ($) margin": 26568.0, "Median household income ($ a year)": 92692.0, "Median household income ($ a year) margin": 22800.0, "Survey years": "2020 to 2024", "id": "48339694402"}, "geometry": {"type": "Polygon", "coordinates": [[[-95.642916, 30.31826], [-95.64171, 30.317669], [-95.639702, 30.317209], [-95.638243, 30.317277], [-95.627783, 30.318411], [-95.626219, 30.318487], [-95.617084, 30.318214], [-95.612885, 30.318194], [-95.600249, 30.318866], [-95.588259, 30.319512], [-95.588079, 30.323879], [-95.58818, 30.333601], [-95.587957, 30.334586], [-95.58683, 30.336076], [-95.583953, 30.339224], [-95.583316, 30.340635], [-95.583311, 30.350963], [-95.5831, 30.353893], [-95.594697, 30.357991], [-95.603733, 30.361226], [-95.609634, 30.363218], [-95.616748, 30.365677], [-95.616643, 30.358971], [-95.614495, 30.358986], [-95.614142, 30.340791], [-95.628407, 30.343861], [-95.630106, 30.344159], [-95.635357, 30.343116], [-95.637323, 30.341454], [-95.638284, 30.341329], [-95.640926, 30.341426], [-95.645049, 30.341333], [-95.649601, 30.341677], [-95.65238, 30.341237], [-95.652382, 30.338127], [-95.651657, 30.336585], [-95.649049, 30.333313], [-95.64761, 30.330469], [-95.646871, 30.327736], [-95.64665, 30.324762], [-95.645972, 30.322465], [-95.644053, 30.319257], [-95.642916, 30.31826]]]}},
    {"type": "Feature", "properties": {"name": "Census tract 6944.03", "description": "Montgomery County", "Population": 4428, "Housing units": 1664, "Vacant housing units": 60, "Vacancy rate (%)": 3.6, "Median gross rent ($ a month)": 1659.0, "Median gross rent ($ a month) margin": 169.0, "Median home value ($)": 333800.0, "Median home value ($) margin": 27706.0, "Median household income ($ a year)": 80446.0, "Median household income ($ a year) margin": 17647.0, "Survey years": "2020 to 2024", "id": "48339694403"}, "geometry": {"type": "Polygon", "coordinates": [[[-95.65238, 30.341237], [-95.649601, 30.341677], [-95.645049, 30.341333], [-95.640926, 30.341426], [-95.638284, 30.341329], [-95.637323, 30.341454], [-95.635357, 30.343116], [-95.630106, 30.344159], [-95.628407, 30.343861], [-95.614142, 30.340791], [-95.614495, 30.358986], [-95.616643, 30.358971], [-95.616748, 30.365677], [-95.622613, 30.367876], [-95.629082, 30.370732], [-95.635273, 30.373449], [-95.649752, 30.381547], [-95.652963, 30.382798], [-95.654536, 30.383187], [-95.663825, 30.384913], [-95.676413, 30.387314], [-95.677605, 30.385058], [-95.677951, 30.383991], [-95.678419, 30.380812], [-95.678382, 30.372177], [-95.678174, 30.37102], [-95.67728, 30.369425], [-95.675291, 30.36684], [-95.673912, 30.365494], [-95.666927, 30.360461], [-95.663245, 30.357966], [-95.662253, 30.357177], [-95.654662, 30.349656], [-95.653, 30.347741], [-95.652163, 30.346227], [-95.65238, 30.341237]]]}},
    {"type": "Feature", "properties": {"name": "Census tract 6945.01", "description": "Montgomery County", "Population": 2119, "Housing units": 931, "Vacant housing units": 29, "Vacancy rate (%)": 3.1, "Median gross rent ($ a month)": 1131.0, "Median gross rent ($ a month) margin": 37.0, "Median home value ($)": 346900.0, "Median home value ($) margin": 25399.0, "Median household income ($ a year)": 138472.0, "Median household income ($ a year) margin": 70839.0, "Survey years": "2020 to 2024", "id": "48339694501"}, "geometry": {"type": "Polygon", "coordinates": [[[-95.705255, 30.280451], [-95.704671, 30.279643], [-95.703273, 30.279621], [-95.702665, 30.279255], [-95.70211, 30.277996], [-95.701451, 30.278637], [-95.700976, 30.278157], [-95.699155, 30.27841], [-95.697519, 30.278067], [-95.696675, 30.278342], [-95.695302, 30.277839], [-95.695329, 30.278664], [-95.693402, 30.278595], [-95.692822, 30.278161], [-95.691714, 30.278277], [-95.690605, 30.277819], [-95.690077, 30.276766], [-95.691106, 30.276674], [-95.690762, 30.275002], [-95.68902, 30.274774], [-95.688333, 30.27411], [-95.687093, 30.274088], [-95.686854, 30.272256], [-95.685456, 30.272073], [-95.685086, 30.271088], [-95.685587, 30.270355], [-95.68482, 30.268798], [-95.685427, 30.267767], [-95.684978, 30.267058], [-95.685874, 30.266233], [-95.684977, 30.265935], [-95.684159, 30.266531], [-95.683763, 30.26589], [-95.68429, 30.264676], [-95.683789, 30.264081], [-95.68421, 30.262935], [-95.683734, 30.261126], [-95.682441, 30.2606], [-95.681992, 30.259822], [-95.681991, 30.258516], [-95.68112, 30.258127], [-95.679221, 30.258609], [-95.678193, 30.259365], [-95.676451, 30.258587], [-95.676002, 30.257878], [-95.676292, 30.256686], [-95.67447, 30.255199], [-95.673626, 30.255038], [-95.672465, 30.254352], [-95.672306, 30.253207], [-95.673493, 30.252794], [-95.674548, 30.251694], [-95.67249, 30.250939], [-95.671408, 30.251466], [-95.67014, 30.250111], [-95.669111, 30.249791], [-95.668374, 30.251101], [-95.667133, 30.250089], [-95.664811, 30.250091], [-95.663599, 30.250782], [-95.662175, 30.250576], [-95.662307, 30.251584], [-95.661463, 30.25179], [-95.662123, 30.252067], [-95.663165, 30.254021], [-95.664166, 30.255281], [-95.664717, 30.256405], [-95.666273, 30.257504], [-95.666536, 30.258741], [-95.666298, 30.260001], [-95.66643, 30.262015], [-95.666694, 30.262657], [-95.666772, 30.26481], [-95.666508, 30.265451], [-95.666376, 30.269505], [-95.66582, 30.275964], [-95.664817, 30.276536], [-95.663551, 30.277933], [-95.662574, 30.279399], [-95.662969, 30.280384], [-95.66442, 30.280321], [-95.663765, 30.28093], [-95.663559, 30.282598], [-95.661159, 30.28575], [-95.660489, 30.286914], [-95.658491, 30.28808], [-95.656352, 30.289065], [-95.655716, 30.292679], [-95.653552, 30.293332], [-95.652452, 30.294249], [-95.651019, 30.294636], [-95.64645, 30.299771], [-95.645616, 30.302146], [-95.644349, 30.304947], [-95.643966, 30.308404], [-95.643847, 30.312139], [-95.644529, 30.313204], [-95.644259, 30.315425], [-95.644378, 30.317078], [-95.642916, 30.31826], [-95.644053, 30.319257], [-95.645972, 30.322465], [-95.64665, 30.324762], [-95.646871, 30.327736], [-95.64761, 30.330469], [-95.649049, 30.333313], [-95.651657, 30.336585], [-95.652382, 30.338127], [-95.65238, 30.341237], [-95.652163, 30.346227], [-95.653, 30.347741], [-95.654662, 30.349656], [-95.662253, 30.357177], [-95.663245, 30.357966], [-95.666927, 30.360461], [-95.673912, 30.365494], [-95.675291, 30.36684], [-95.67728, 30.369425], [-95.678174, 30.37102], [-95.678382, 30.372177], [-95.678419, 30.380812], [-95.677951, 30.383991], [-95.677605, 30.385058], [-95.676413, 30.387314], [-95.679573, 30.387793], [-95.687071, 30.389086], [-95.68917, 30.389267], [-95.694533, 30.389135], [-95.69657, 30.388514], [-95.696703, 30.383627], [-95.696851, 30.382797], [-95.697745, 30.380915], [-95.69822, 30.378628], [-95.698252, 30.374123], [-95.698161, 30.370826], [-95.697832, 30.360509], [-95.6977, 30.348431], [-95.697354, 30.333982], [-95.69721, 30.331316], [-95.696988, 30.314513], [-95.69672, 30.3], [-95.696852, 30.298631], [-95.699539, 30.290165], [-95.700354, 30.288328], [-95.700591, 30.286486], [-95.701297, 30.284723], [-95.702569, 30.283054], [-95.705255, 30.280451]]]}},
    {"type": "Feature", "properties": {"name": "Census tract 6945.02", "description": "Montgomery County", "Population": 5293, "Housing units": 1587, "Vacant housing units": 35, "Vacancy rate (%)": 2.2, "Median home value ($)": 556400.0, "Median home value ($) margin": 117909.0, "Median household income ($ a year)": 172404.0, "Median household income ($ a year) margin": 56248.0, "Survey years": "2020 to 2024", "id": "48339694502"}, "geometry": {"type": "Polygon", "coordinates": [[[-95.661463, 30.25179], [-95.660012, 30.252157], [-95.659299, 30.251493], [-95.656714, 30.251082], [-95.655287, 30.249751], [-95.654392, 30.251082], [-95.652651, 30.25051], [-95.652174, 30.249546], [-95.650987, 30.249501], [-95.651039, 30.248493], [-95.650063, 30.247989], [-95.647979, 30.247738], [-95.648031, 30.246799], [-95.646949, 30.246525], [-95.645341, 30.247143], [-95.644575, 30.246525], [-95.643441, 30.247442], [-95.642834, 30.246915], [-95.640829, 30.246022], [-95.639247, 30.247076], [-95.636608, 30.246596], [-95.636609, 30.247512], [-95.635975, 30.246688], [-95.635184, 30.246345], [-95.635105, 30.245703], [-95.635658, 30.244993], [-95.634788, 30.245245], [-95.634049, 30.244467], [-95.633099, 30.244604], [-95.631965, 30.243299], [-95.631226, 30.243093], [-95.630303, 30.243803], [-95.629353, 30.243987], [-95.628667, 30.24346], [-95.627929, 30.244697], [-95.626742, 30.244216], [-95.625634, 30.244445], [-95.625607, 30.24369], [-95.624974, 30.24369], [-95.624631, 30.243003], [-95.622679, 30.242866], [-95.622046, 30.241858], [-95.622151, 30.240942], [-95.621518, 30.2403], [-95.619724, 30.240255], [-95.619091, 30.241354], [-95.616427, 30.242202], [-95.615557, 30.242912], [-95.61466, 30.242294], [-95.614317, 30.242958], [-95.613367, 30.242431], [-95.611995, 30.242408], [-95.611494, 30.241882], [-95.610808, 30.242546], [-95.610043, 30.242225], [-95.608803, 30.242317], [-95.608566, 30.241355], [-95.607669, 30.241195], [-95.607642, 30.240645], [-95.606218, 30.240874], [-95.605585, 30.240233], [-95.604662, 30.240508], [-95.603237, 30.241584], [-95.602419, 30.241882], [-95.601127, 30.241767], [-95.60052, 30.242088], [-95.600625, 30.243783], [-95.600335, 30.244172], [-95.599227, 30.24392], [-95.597961, 30.24447], [-95.596932, 30.244172], [-95.596088, 30.244401], [-95.595376, 30.245523], [-95.594109, 30.246073], [-95.59403, 30.24692], [-95.593054, 30.246851], [-95.591787, 30.248294], [-95.590916, 30.250035], [-95.588885, 30.249874], [-95.588412, 30.250668], [-95.587382, 30.251516], [-95.585905, 30.251859], [-95.583663, 30.251056], [-95.582238, 30.251651], [-95.582, 30.252407], [-95.581367, 30.252613], [-95.581181, 30.25369], [-95.580126, 30.254147], [-95.579034, 30.253614], [-95.578253, 30.253941], [-95.576987, 30.253619], [-95.576986, 30.254719], [-95.576088, 30.255726], [-95.575007, 30.255634], [-95.574426, 30.256802], [-95.57345, 30.256252], [-95.572262, 30.256618], [-95.57155, 30.257213], [-95.571102, 30.256572], [-95.570389, 30.256869], [-95.569229, 30.256113], [-95.568384, 30.256571], [-95.570679, 30.257694], [-95.570837, 30.258038], [-95.569939, 30.258908], [-95.569438, 30.258747], [-95.569438, 30.259778], [-95.571284, 30.260466], [-95.57197, 30.25987], [-95.573131, 30.26065], [-95.573051, 30.262184], [-95.572707, 30.263489], [-95.572179, 30.263718], [-95.572258, 30.265711], [-95.572521, 30.266238], [-95.573392, 30.266147], [-95.574315, 30.266582], [-95.575266, 30.265941], [-95.576374, 30.266583], [-95.576162, 30.267385], [-95.576768, 30.268851], [-95.578008, 30.270179], [-95.577188, 30.273615], [-95.578191, 30.274302], [-95.577742, 30.27547], [-95.578005, 30.276913], [-95.58009, 30.277212], [-95.582068, 30.277877], [-95.583335, 30.27893], [-95.583941, 30.279801], [-95.585234, 30.279733], [-95.586211, 30.280168], [-95.585682, 30.282207], [-95.586341, 30.284199], [-95.587265, 30.284566], [-95.587079, 30.286742], [-95.587449, 30.287521], [-95.588267, 30.287773], [-95.589506, 30.289491], [-95.590245, 30.291278], [-95.591723, 30.29153], [-95.593042, 30.292172], [-95.593807, 30.293637], [-95.592751, 30.294393], [-95.593992, 30.295172], [-95.594546, 30.294508], [-95.595628, 30.296157], [-95.596314, 30.296157], [-95.596736, 30.297188], [-95.597955, 30.29809], [-95.598303, 30.301955], [-95.598889, 30.304944], [-95.599438, 30.306561], [-95.599816, 30.308485], [-95.600007, 30.318222], [-95.600249, 30.318866], [-95.612885, 30.318194], [-95.617084, 30.318214], [-95.626219, 30.318487], [-95.627783, 30.318411], [-95.638243, 30.317277], [-95.639702, 30.317209], [-95.64171, 30.317669], [-95.642916, 30.31826], [-95.644378, 30.317078], [-95.644259, 30.315425], [-95.644529, 30.313204], [-95.643847, 30.312139], [-95.643966, 30.308404], [-95.644349, 30.304947], [-95.645616, 30.302146], [-95.64645, 30.299771], [-95.651019, 30.294636], [-95.652452, 30.294249], [-95.653552, 30.293332], [-95.655716, 30.292679], [-95.656352, 30.289065], [-95.658491, 30.28808], [-95.660489, 30.286914], [-95.661159, 30.28575], [-95.663559, 30.282598], [-95.663765, 30.28093], [-95.66442, 30.280321], [-95.662969, 30.280384], [-95.662574, 30.279399], [-95.663551, 30.277933], [-95.664817, 30.276536], [-95.66582, 30.275964], [-95.666376, 30.269505], [-95.666508, 30.265451], [-95.666772, 30.26481], [-95.666694, 30.262657], [-95.66643, 30.262015], [-95.666298, 30.260001], [-95.666536, 30.258741], [-95.666273, 30.257504], [-95.664717, 30.256405], [-95.664166, 30.255281], [-95.663165, 30.254021], [-95.662123, 30.252067], [-95.661463, 30.25179]]]}},
    {"type": "Feature", "properties": {"name": "Census tract 6945.03", "description": "Montgomery County", "Population": 13157, "Housing units": 4929, "Vacant housing units": 77, "Vacancy rate (%)": 1.6, "Median home value ($)": 479400.0, "Median home value ($) margin": 23650.0, "Median household income ($ a year)": 141490.0, "Median household income ($ a year) margin": 4634.0, "Survey years": "2020 to 2024", "id": "48339694503"}, "geometry": {"type": "Polygon", "coordinates": [[[-95.600249, 30.318866], [-95.600007, 30.318222], [-95.599816, 30.308485], [-95.599438, 30.306561], [-95.598889, 30.304944], [-95.598303, 30.301955], [-95.597955, 30.29809], [-95.596736, 30.297188], [-95.596314, 30.296157], [-95.595628, 30.296157], [-95.594546, 30.294508], [-95.593992, 30.295172], [-95.592751, 30.294393], [-95.593807, 30.293637], [-95.593042, 30.292172], [-95.591723, 30.29153], [-95.590245, 30.291278], [-95.589506, 30.289491], [-95.588267, 30.287773], [-95.587449, 30.287521], [-95.587079, 30.286742], [-95.587265, 30.284566], [-95.586341, 30.284199], [-95.585682, 30.282207], [-95.586211, 30.280168], [-95.585234, 30.279733], [-95.583941, 30.279801], [-95.583335, 30.27893], [-95.582068, 30.277877], [-95.58009, 30.277212], [-95.578005, 30.276913], [-95.577742, 30.27547], [-95.578191, 30.274302], [-95.577188, 30.273615], [-95.578008, 30.270179], [-95.576768, 30.268851], [-95.576162, 30.267385], [-95.576374, 30.266583], [-95.575266, 30.265941], [-95.574315, 30.266582], [-95.573392, 30.266147], [-95.572521, 30.266238], [-95.572258, 30.265711], [-95.572179, 30.263718], [-95.572707, 30.263489], [-95.573051, 30.262184], [-95.573131, 30.26065], [-95.57197, 30.25987], [-95.571284, 30.260466], [-95.569438, 30.259778], [-95.569438, 30.258747], [-95.569939, 30.258908], [-95.570837, 30.258038], [-95.570679, 30.257694], [-95.568384, 30.256571], [-95.566748, 30.256593], [-95.566431, 30.258036], [-95.565059, 30.2576], [-95.56403, 30.257783], [-95.562632, 30.25753], [-95.562131, 30.256453], [-95.560785, 30.257002], [-95.560733, 30.255766], [-95.559941, 30.256429], [-95.55857, 30.25565], [-95.559335, 30.255055], [-95.558333, 30.254482], [-95.555747, 30.255442], [-95.555429, 30.256588], [-95.553978, 30.256426], [-95.552527, 30.256769], [-95.552422, 30.256242], [-95.551129, 30.256677], [-95.550389, 30.257638], [-95.549281, 30.257363], [-95.548595, 30.257889], [-95.54614, 30.258735], [-95.545402, 30.258139], [-95.545531, 30.261621], [-95.544661, 30.261552], [-95.544317, 30.262193], [-95.542892, 30.262673], [-95.542812, 30.263795], [-95.5407, 30.264664], [-95.539539, 30.264755], [-95.537349, 30.264067], [-95.537825, 30.263655], [-95.536639, 30.262165], [-95.5359, 30.262187], [-95.535292, 30.262897], [-95.533419, 30.262552], [-95.532046, 30.263467], [-95.530146, 30.264314], [-95.529644, 30.264886], [-95.527664, 30.265778], [-95.526396, 30.266739], [-95.525973, 30.268067], [-95.524229, 30.269898], [-95.523464, 30.269966], [-95.523571, 30.26889], [-95.523175, 30.268454], [-95.520668, 30.268567], [-95.519717, 30.270192], [-95.520825, 30.270193], [-95.520375, 30.271109], [-95.520532, 30.27246], [-95.52003, 30.273216], [-95.519212, 30.273421], [-95.518577, 30.274772], [-95.516836, 30.274771], [-95.516229, 30.274129], [-95.515835, 30.272892], [-95.515097, 30.271998], [-95.512538, 30.271263], [-95.511984, 30.270736], [-95.510981, 30.27101], [-95.509396, 30.272566], [-95.508156, 30.272679], [-95.507074, 30.272289], [-95.505569, 30.272837], [-95.50433, 30.272309], [-95.503935, 30.271393], [-95.502669, 30.270979], [-95.501825, 30.269925], [-95.499977, 30.268875], [-95.499105, 30.268074], [-95.497521, 30.267412], [-95.496439, 30.267939], [-95.493642, 30.267896], [-95.495097, 30.270575], [-95.495916, 30.271284], [-95.497685, 30.271947], [-95.498266, 30.272473], [-95.498426, 30.273572], [-95.499668, 30.274785], [-95.501978, 30.274987], [-95.502742, 30.275835], [-95.502846, 30.277118], [-95.501894, 30.278789], [-95.503054, 30.279661], [-95.503607, 30.280623], [-95.503632, 30.281814], [-95.503048, 30.284654], [-95.502993, 30.286647], [-95.503388, 30.287655], [-95.504602, 30.287496], [-95.505182, 30.287771], [-95.505946, 30.288963], [-95.506974, 30.289788], [-95.506814, 30.291529], [-95.507288, 30.292148], [-95.509267, 30.292905], [-95.510217, 30.293799], [-95.512353, 30.294878], [-95.51362, 30.295062], [-95.515072, 30.294491], [-95.516075, 30.294698], [-95.520004, 30.29832], [-95.519368, 30.300747], [-95.519499, 30.301915], [-95.518706, 30.303014], [-95.517756, 30.302968], [-95.51744, 30.302005], [-95.516596, 30.30173], [-95.515248, 30.302668], [-95.514404, 30.302667], [-95.513849, 30.303423], [-95.512343, 30.304498], [-95.5125, 30.305162], [-95.513397, 30.306217], [-95.513317, 30.306995], [-95.512075, 30.307842], [-95.511758, 30.30846], [-95.511809, 30.30972], [-95.51112, 30.311712], [-95.511699, 30.313339], [-95.511664, 30.314624], [-95.523571, 30.315625], [-95.528849, 30.31589], [-95.566676, 30.318996], [-95.577289, 30.319877], [-95.580191, 30.319948], [-95.588259, 30.319512], [-95.600249, 30.318866]]]}},
    {"type": "Feature", "properties": {"name": "Census tract 6946.01", "description": "Montgomery County", "Population": 2216, "Housing units": 1303, "Vacant housing units": 270, "Vacancy rate (%)": 20.7, "Median gross rent ($ a month)": 1435.0, "Median gross rent ($ a month) margin": 233.0, "Median home value ($)": 302300.0, "Median home value ($) margin": 46388.0, "Median household income ($ a year)": 71083.0, "Median household income ($ a year) margin": 22420.0, "Survey years": "2020 to 2024", "id": "48339694601"}, "geometry": {"type": "Polygon", "coordinates": [[[-95.80571, 30.354678], [-95.799842, 30.355955], [-95.787323, 30.358606], [-95.784074, 30.359846], [-95.782405, 30.360939], [-95.776669, 30.365478], [-95.764164, 30.37541], [-95.758392, 30.380305], [-95.757455, 30.381006], [-95.755351, 30.381992], [-95.747591, 30.384242], [-95.747542, 30.384017], [-95.74584, 30.384737], [-95.740779, 30.388383], [-95.739434, 30.389245], [-95.734602, 30.390817], [-95.732217, 30.390975], [-95.729897, 30.390319], [-95.728097, 30.389523], [-95.726454, 30.388397], [-95.721435, 30.384332], [-95.715802, 30.379924], [-95.714647, 30.379461], [-95.712363, 30.379375], [-95.710038, 30.380321], [-95.708853, 30.38061], [-95.70638, 30.380354], [-95.704799, 30.379289], [-95.700442, 30.37357], [-95.698161, 30.370826], [-95.698252, 30.374123], [-95.69822, 30.378628], [-95.697745, 30.380915], [-95.696851, 30.382797], [-95.696703, 30.383627], [-95.69657, 30.388514], [-95.696621, 30.391406], [-95.697357, 30.392601], [-95.699327, 30.399481], [-95.699635, 30.401887], [-95.699518, 30.402385], [-95.698124, 30.404103], [-95.696553, 30.406408], [-95.696136, 30.408017], [-95.695909, 30.411024], [-95.697594, 30.410969], [-95.700044, 30.411188], [-95.707596, 30.413149], [-95.711012, 30.413634], [-95.714771, 30.413764], [-95.717183, 30.414183], [-95.719902, 30.414956], [-95.722174, 30.415122], [-95.726974, 30.414883], [-95.7313, 30.415117], [-95.733301, 30.415837], [-95.734257, 30.416762], [-95.734717, 30.417687], [-95.734999, 30.42037], [-95.735087, 30.424371], [-95.735354, 30.425917], [-95.737459, 30.433438], [-95.738058, 30.434404], [-95.739137, 30.435154], [-95.742402, 30.436215], [-95.743501, 30.437402], [-95.743825, 30.43848], [-95.744137, 30.450391], [-95.752313, 30.450318], [-95.752999, 30.449727], [-95.753103, 30.448263], [-95.753665, 30.447666], [-95.755983, 30.447683], [-95.758979, 30.448143], [-95.760847, 30.447652], [-95.765986, 30.447604], [-95.768008, 30.447422], [-95.770779, 30.446443], [-95.777752, 30.446296], [-95.782418, 30.445618], [-95.784628, 30.447118], [-95.787704, 30.447744], [-95.792005, 30.447213], [-95.793105, 30.446976], [-95.794996, 30.447301], [-95.798961, 30.449491], [-95.801354, 30.450293], [-95.806251, 30.451113], [-95.808103, 30.451932], [-95.810693, 30.454521], [-95.813864, 30.459147], [-95.813948, 30.455742], [-95.812163, 30.433877], [-95.811929, 30.431532], [-95.809868, 30.40643], [-95.809521, 30.401526], [-95.808401, 30.38797], [-95.80747, 30.376251], [-95.807121, 30.371361], [-95.806735, 30.367226], [-95.80571, 30.354678]]]}},
    {"type": "Feature", "properties": {"name": "Census tract 6946.02", "description": "Montgomery County", "Population": 1869, "Housing units": 730, "Vacant housing units": 39, "Vacancy rate (%)": 5.3, "Median home value ($)": 340400.0, "Median home value ($) margin": 48375.0, "Median household income ($ a year)": 85923.0, "Median household income ($ a year) margin": 41804.0, "Survey years": "2020 to 2024", "id": "48339694602"}, "geometry": {"type": "Polygon", "coordinates": [[[-95.710886, 30.273746], [-95.708558, 30.275901], [-95.707742, 30.277713], [-95.707003, 30.278756], [-95.705255, 30.280451], [-95.702569, 30.283054], [-95.701297, 30.284723], [-95.700591, 30.286486], [-95.700354, 30.288328], [-95.699539, 30.290165], [-95.696852, 30.298631], [-95.69672, 30.3], [-95.696988, 30.314513], [-95.69721, 30.331316], [-95.697354, 30.333982], [-95.6977, 30.348431], [-95.697832, 30.360509], [-95.698161, 30.370826], [-95.700442, 30.37357], [-95.704799, 30.379289], [-95.70638, 30.380354], [-95.708853, 30.38061], [-95.710038, 30.380321], [-95.712363, 30.379375], [-95.714647, 30.379461], [-95.715802, 30.379924], [-95.721435, 30.384332], [-95.726454, 30.388397], [-95.728097, 30.389523], [-95.729897, 30.390319], [-95.732217, 30.390975], [-95.734602, 30.390817], [-95.739434, 30.389245], [-95.740779, 30.388383], [-95.74584, 30.384737], [-95.747542, 30.384017], [-95.747591, 30.384242], [-95.755351, 30.381992], [-95.757455, 30.381006], [-95.758392, 30.380305], [-95.764164, 30.37541], [-95.776669, 30.365478], [-95.776088, 30.363781], [-95.776142, 30.36318], [-95.776931, 30.362085], [-95.776764, 30.356622], [-95.776232, 30.356058], [-95.774689, 30.355515], [-95.771456, 30.353177], [-95.769945, 30.351383], [-95.769718, 30.349945], [-95.76974, 30.344302], [-95.769527, 30.342635], [-95.768789, 30.340681], [-95.766382, 30.336424], [-95.765891, 30.335191], [-95.765593, 30.325741], [-95.759764, 30.32592], [-95.758164, 30.325747], [-95.757024, 30.325241], [-95.750596, 30.320454], [-95.74754, 30.318015], [-95.735788, 30.308085], [-95.732993, 30.303107], [-95.73196, 30.301828], [-95.727254, 30.297098], [-95.724973, 30.294672], [-95.715631, 30.285178], [-95.714189, 30.283171], [-95.710886, 30.273746]]]}},
    {"type": "Feature", "properties": {"name": "Census tract 6946.03", "description": "Montgomery County", "Population": 5256, "Housing units": 2096, "Vacant housing units": 310, "Vacancy rate (%)": 14.8, "Median gross rent ($ a month)": 1722.0, "Median gross rent ($ a month) margin": 159.0, "Median home value ($)": 422700.0, "Median home value ($) margin": 80634.0, "Median household income ($ a year)": 105417.0, "Median household income ($ a year) margin": 36762.0, "Survey years": "2020 to 2024", "id": "48339694603"}, "geometry": {"type": "Polygon", "coordinates": [[[-95.80571, 30.354678], [-95.805082, 30.348265], [-95.804351, 30.3378], [-95.804325, 30.325416], [-95.804362, 30.320118], [-95.804346, 30.307065], [-95.804289, 30.298457], [-95.80431, 30.280383], [-95.804198, 30.270024], [-95.804247, 30.267786], [-95.804203, 30.251683], [-95.804306, 30.24557], [-95.803397, 30.246181], [-95.802685, 30.246135], [-95.801947, 30.244165], [-95.80266, 30.243181], [-95.802582, 30.242219], [-95.800894, 30.240409], [-95.800235, 30.240134], [-95.79868, 30.238393], [-95.797124, 30.238049], [-95.79636, 30.236812], [-95.795806, 30.236537], [-95.794698, 30.237269], [-95.793114, 30.239329], [-95.792296, 30.239466], [-95.791031, 30.238183], [-95.790241, 30.236763], [-95.789239, 30.23674], [-95.787075, 30.238181], [-95.786309, 30.239143], [-95.784067, 30.239233], [-95.783223, 30.239576], [-95.782748, 30.23921], [-95.781614, 30.239186], [-95.781324, 30.239736], [-95.779873, 30.239758], [-95.778106, 30.239184], [-95.777104, 30.239252], [-95.776681, 30.239824], [-95.775521, 30.24019], [-95.77473, 30.239823], [-95.772962, 30.240005], [-95.770721, 30.238561], [-95.769614, 30.238492], [-95.768876, 30.237965], [-95.767531, 30.237574], [-95.766583, 30.236108], [-95.766689, 30.235329], [-95.767375, 30.234895], [-95.766506, 30.233337], [-95.764581, 30.233221], [-95.76437, 30.232557], [-95.76263, 30.232441], [-95.762154, 30.233013], [-95.762893, 30.23322], [-95.762285, 30.234387], [-95.762178, 30.23567], [-95.760859, 30.235806], [-95.760173, 30.236584], [-95.758697, 30.235095], [-95.757642, 30.234865], [-95.756905, 30.234154], [-95.755745, 30.233718], [-95.750231, 30.23303], [-95.748674, 30.232437], [-95.747778, 30.232919], [-95.746802, 30.232897], [-95.746012, 30.233516], [-95.745142, 30.233379], [-95.745011, 30.234158], [-95.744167, 30.234228], [-95.742797, 30.235489], [-95.742455, 30.23613], [-95.740269, 30.238171], [-95.738449, 30.238539], [-95.738107, 30.239135], [-95.736788, 30.238999], [-95.735996, 30.238588], [-95.736074, 30.23774], [-95.735545, 30.236275], [-95.734542, 30.235726], [-95.733223, 30.235819], [-95.732616, 30.235522], [-95.731667, 30.235706], [-95.729609, 30.235685], [-95.72816, 30.236557], [-95.727845, 30.238069], [-95.726237, 30.238482], [-95.725023, 30.237934], [-95.723308, 30.237867], [-95.721963, 30.238097], [-95.720749, 30.237411], [-95.720192, 30.234938], [-95.718847, 30.234779], [-95.718239, 30.233909], [-95.716762, 30.233452], [-95.71589, 30.232193], [-95.715677, 30.230407], [-95.715914, 30.229697], [-95.715122, 30.229308], [-95.713091, 30.229104], [-95.710928, 30.228556], [-95.709477, 30.228557], [-95.709131, 30.228152], [-95.70602, 30.228641], [-95.695244, 30.228091], [-95.691806, 30.227852], [-95.695271, 30.23938], [-95.696278, 30.241878], [-95.700936, 30.250167], [-95.705333, 30.25785], [-95.706184, 30.259807], [-95.707578, 30.263728], [-95.709085, 30.2686], [-95.710886, 30.273746], [-95.714189, 30.283171], [-95.715631, 30.285178], [-95.724973, 30.294672], [-95.727254, 30.297098], [-95.73196, 30.301828], [-95.732993, 30.303107], [-95.735788, 30.308085], [-95.74754, 30.318015], [-95.750596, 30.320454], [-95.757024, 30.325241], [-95.758164, 30.325747], [-95.759764, 30.32592], [-95.765593, 30.325741], [-95.765891, 30.335191], [-95.766382, 30.336424], [-95.768789, 30.340681], [-95.769527, 30.342635], [-95.76974, 30.344302], [-95.769718, 30.349945], [-95.769945, 30.351383], [-95.771456, 30.353177], [-95.774689, 30.355515], [-95.776232, 30.356058], [-95.776764, 30.356622], [-95.776931, 30.362085], [-95.776142, 30.36318], [-95.776088, 30.363781], [-95.776669, 30.365478], [-95.782405, 30.360939], [-95.784074, 30.359846], [-95.787323, 30.358606], [-95.799842, 30.355955], [-95.80571, 30.354678]]]}},
    {"type": "Feature", "properties": {"name": "Census tract 6947", "description": "Montgomery County", "Population": 3930, "Housing units": 1806, "Vacant housing units": 187, "Vacancy rate (%)": 10.4, "Median home value ($)": 440200.0, "Median home value ($) margin": 37230.0, "Median household income ($ a year)": 101319.0, "Median household income ($ a year) margin": 15123.0, "Survey years": "2020 to 2024", "id": "48339694700"}, "geometry": {"type": "Polygon", "coordinates": [[[-95.83024, 30.630284], [-95.829091, 30.618981], [-95.828436, 30.612033], [-95.8274, 30.60192], [-95.826294, 30.589407], [-95.825638, 30.58299], [-95.824762, 30.573548], [-95.822656, 30.551416], [-95.821112, 30.535678], [-95.820194, 30.525934], [-95.819733, 30.521599], [-95.818951, 30.512924], [-95.817982, 30.503076], [-95.817478, 30.500218], [-95.816991, 30.494519], [-95.814748, 30.466439], [-95.814638, 30.463365], [-95.814339, 30.462462], [-95.814171, 30.459944], [-95.813864, 30.459147], [-95.810693, 30.454521], [-95.808103, 30.451932], [-95.806251, 30.451113], [-95.801354, 30.450293], [-95.798961, 30.449491], [-95.794996, 30.447301], [-95.793105, 30.446976], [-95.792005, 30.447213], [-95.787704, 30.447744], [-95.784628, 30.447118], [-95.782418, 30.445618], [-95.777752, 30.446296], [-95.770779, 30.446443], [-95.768008, 30.447422], [-95.765986, 30.447604], [-95.760847, 30.447652], [-95.758979, 30.448143], [-95.755983, 30.447683], [-95.753665, 30.447666], [-95.753103, 30.448263], [-95.752999, 30.449727], [-95.752313, 30.450318], [-95.744137, 30.450391], [-95.743825, 30.43848], [-95.743501, 30.437402], [-95.742402, 30.436215], [-95.739137, 30.435154], [-95.738058, 30.434404], [-95.737459, 30.433438], [-95.735354, 30.425917], [-95.735087, 30.424371], [-95.734999, 30.42037], [-95.734717, 30.417687], [-95.734257, 30.416762], [-95.733301, 30.415837], [-95.7313, 30.415117], [-95.726974, 30.414883], [-95.722174, 30.415122], [-95.719902, 30.414956], [-95.717183, 30.414183], [-95.714771, 30.413764], [-95.711012, 30.413634], [-95.707596, 30.413149], [-95.700044, 30.411188], [-95.697594, 30.410969], [-95.695909, 30.411024], [-95.696136, 30.408017], [-95.696553, 30.406408], [-95.698124, 30.404103], [-95.694386, 30.404058], [-95.689472, 30.404256], [-95.688011, 30.405057], [-95.68568, 30.4077], [-95.684535, 30.408662], [-95.682735, 30.409773], [-95.68171, 30.411011], [-95.675175, 30.415289], [-95.674048, 30.416862], [-95.672583, 30.421474], [-95.671928, 30.422883], [-95.670034, 30.425334], [-95.666025, 30.430287], [-95.663575, 30.432677], [-95.662899, 30.433774], [-95.661431, 30.434378], [-95.65562, 30.434369], [-95.653702, 30.434283], [-95.65026, 30.434396], [-95.648939, 30.435249], [-95.648451, 30.436155], [-95.647021, 30.436865], [-95.639837, 30.436868], [-95.62503, 30.437071], [-95.61474, 30.437066], [-95.606352, 30.437158], [-95.598871, 30.437159], [-95.598858, 30.439805], [-95.598558, 30.441316], [-95.597089, 30.443075], [-95.59694, 30.443705], [-95.595766, 30.444961], [-95.595752, 30.447734], [-95.595312, 30.44811], [-95.59516, 30.44937], [-95.594423, 30.450628], [-95.592955, 30.452135], [-95.593099, 30.452639], [-95.592215, 30.454022], [-95.591188, 30.455027], [-95.590452, 30.456158], [-95.590597, 30.456411], [-95.589714, 30.457668], [-95.587807, 30.459299], [-95.58663, 30.460933], [-95.58589, 30.462821], [-95.585729, 30.465845], [-95.584983, 30.468867], [-95.584956, 30.474286], [-95.585389, 30.475296], [-95.585524, 30.477439], [-95.585954, 30.479205], [-95.585902, 30.489413], [-95.590053, 30.494385], [-95.594775, 30.500214], [-95.598271, 30.503307], [-95.599046, 30.505039], [-95.599157, 30.506546], [-95.598878, 30.50898], [-95.600707, 30.509924], [-95.605176, 30.512638], [-95.611013, 30.51533], [-95.625222, 30.522913], [-95.628845, 30.524797], [-95.644428, 30.533018], [-95.652891, 30.537514], [-95.663832, 30.543214], [-95.671686, 30.547274], [-95.673626, 30.548353], [-95.690325, 30.557061], [-95.728579, 30.577222], [-95.746035, 30.586485], [-95.750226, 30.588818], [-95.761543, 30.594816], [-95.774805, 30.601659], [-95.779999, 30.604381], [-95.820184, 30.625198], [-95.820366, 30.625197], [-95.83024, 30.630284]]]}},
    {"type": "Feature", "properties": {"name": "Census tract 7901.01", "description": "Walker County", "Population": 7478, "Housing units": 1037, "Vacant housing units": 349, "Vacancy rate (%)": 33.7, "Median gross rent ($ a month)": 972.0, "Median gross rent ($ a month) margin": 111.0, "Median home value ($)": 243600.0, "Median home value ($) margin": 74827.0, "Median household income ($ a year)": 72375.0, "Median household income ($ a year) margin": 48325.0, "Survey years": "2020 to 2024", "id": "48471790101"}, "geometry": {"type": "Polygon", "coordinates": [[[-95.683389, 30.90564], [-95.681412, 30.903103], [-95.678307, 30.900272], [-95.677475, 30.89909], [-95.672897, 30.890354], [-95.671494, 30.885828], [-95.66906, 30.877556], [-95.668312, 30.875652], [-95.664627, 30.871435], [-95.661125, 30.868778], [-95.656403, 30.864521], [-95.655098, 30.863108], [-95.650024, 30.856985], [-95.648727, 30.855721], [-95.647469, 30.854887], [-95.638657, 30.849863], [-95.636124, 30.848886], [-95.630898, 30.848236], [-95.628334, 30.847322], [-95.625725, 30.845806], [-95.619629, 30.842093], [-95.614342, 30.838081], [-95.611076, 30.834858], [-95.610741, 30.834394], [-95.608215, 30.832567], [-95.596542, 30.825056], [-95.595779, 30.8241], [-95.590569, 30.816114], [-95.588882, 30.814497], [-95.583046, 30.812483], [-95.579918, 30.811567], [-95.5784, 30.8109], [-95.571548, 30.806128], [-95.56813, 30.802715], [-95.563492, 30.793928], [-95.562492, 30.791449], [-95.561386, 30.78826], [-95.560356, 30.783398], [-95.557671, 30.77771], [-95.557243, 30.776276], [-95.555392, 30.767918], [-95.553995, 30.763205], [-95.553441, 30.76196], [-95.550819, 30.757747], [-95.550361, 30.756742], [-95.549665, 30.753646], [-95.546822, 30.758292], [-95.546256, 30.759361], [-95.544402, 30.764311], [-95.542907, 30.768674], [-95.541183, 30.773224], [-95.541656, 30.775015], [-95.541618, 30.775906], [-95.53965, 30.781336], [-95.538399, 30.785065], [-95.534386, 30.795824], [-95.532921, 30.800112], [-95.531158, 30.804754], [-95.529411, 30.808084], [-95.527702, 30.811865], [-95.526566, 30.81465], [-95.52536, 30.817055], [-95.5233, 30.82185], [-95.521614, 30.826752], [-95.520882, 30.829414], [-95.520699, 30.831129], [-95.519936, 30.834], [-95.519493, 30.836407], [-95.519424, 30.840576], [-95.518982, 30.84189], [-95.511665, 30.848021], [-95.508469, 30.850273], [-95.500282, 30.856495], [-95.498299, 30.857403], [-95.48172, 30.863352], [-95.479118, 30.864363], [-95.474503, 30.8664], [-95.465332, 30.870817], [-95.463242, 30.871166], [-95.459961, 30.870665], [-95.453415, 30.869982], [-95.447807, 30.869068], [-95.445831, 30.868334], [-95.441246, 30.866323], [-95.438255, 30.865416], [-95.436798, 30.864502], [-95.435173, 30.86244], [-95.432419, 30.859678], [-95.431046, 30.858677], [-95.427917, 30.857233], [-95.426544, 30.857031], [-95.42466, 30.857786], [-95.422028, 30.859987], [-95.420792, 30.860472], [-95.418617, 30.860807], [-95.415634, 30.860308], [-95.413147, 30.860262], [-95.411827, 30.859724], [-95.410156, 30.85854], [-95.405571, 30.854876], [-95.403412, 30.853056], [-95.398367, 30.859639], [-95.398442, 30.859934], [-95.399015, 30.862507], [-95.398984, 30.864651], [-95.398375, 30.867184], [-95.397312, 30.869099], [-95.396061, 30.870643], [-95.394325, 30.872342], [-95.392106, 30.874141], [-95.391592, 30.875188], [-95.391757, 30.876677], [-95.392199, 30.877389], [-95.393676, 30.878376], [-95.395446, 30.879082], [-95.398635, 30.879846], [-95.399581, 30.88066], [-95.399433, 30.881507], [-95.398763, 30.882261], [-95.397175, 30.883244], [-95.396067, 30.882768], [-95.39438, 30.881255], [-95.392493, 30.880064], [-95.388671, 30.879045], [-95.386403, 30.878667], [-95.383355, 30.878856], [-95.381351, 30.879303], [-95.380232, 30.880079], [-95.380799, 30.883335], [-95.380887, 30.886236], [-95.381253, 30.887062], [-95.384014, 30.888672], [-95.385906, 30.889282], [-95.388404, 30.88904], [-95.389524, 30.889161], [-95.392401, 30.890447], [-95.394843, 30.891215], [-95.398108, 30.891939], [-95.399695, 30.892895], [-95.404737, 30.898062], [-95.406241, 30.901407], [-95.406545, 30.904058], [-95.406243, 30.905839], [-95.407409, 30.906474], [-95.40859, 30.906574], [-95.412908, 30.906481], [-95.414642, 30.907001], [-95.415504, 30.907862], [-95.415153, 30.909572], [-95.412394, 30.910773], [-95.411267, 30.911533], [-95.410902, 30.912629], [-95.410927, 30.913735], [-95.413042, 30.916386], [-95.413995, 30.918058], [-95.414012, 30.919374], [-95.413228, 30.921363], [-95.412201, 30.923311], [-95.41088, 30.926301], [-95.410077, 30.927695], [-95.410087, 30.929259], [-95.410825, 30.930353], [-95.413114, 30.932336], [-95.414992, 30.933591], [-95.421074, 30.936433], [-95.424844, 30.937345], [-95.428901, 30.937572], [-95.432673, 30.937144], [-95.434335, 30.937405], [-95.434424, 30.940931], [-95.434371, 30.944407], [-95.434519, 30.994858], [-95.434573, 30.999975], [-95.434659, 31.024747], [-95.434632, 31.033812], [-95.434781, 31.058098], [-95.439484, 31.054895], [-95.474813, 31.030098], [-95.475835, 31.029342], [-95.496438, 31.014968], [-95.50022, 31.012503], [-95.525099, 30.995134], [-95.53975, 30.985005], [-95.540577, 30.98447], [-95.579682, 30.957128], [-95.616943, 30.931083], [-95.617872, 30.930418], [-95.618493, 30.927818], [-95.619264, 30.926893], [-95.621819, 30.926151], [-95.621619, 30.924833], [-95.619621, 30.924285], [-95.618722, 30.922538], [-95.616761, 30.921982], [-95.614431, 30.920391], [-95.611925, 30.918244], [-95.612369, 30.917322], [-95.613567, 30.917189], [-95.615033, 30.917509], [-95.615625, 30.91676], [-95.615781, 30.915234], [-95.613802, 30.914565], [-95.614428, 30.912484], [-95.616052, 30.911003], [-95.616233, 30.910196], [-95.617092, 30.91032], [-95.618164, 30.911786], [-95.618195, 30.912537], [-95.618928, 30.913719], [-95.62145, 30.913622], [-95.621151, 30.91195], [-95.621639, 30.911596], [-95.623924, 30.911843], [-95.625222, 30.90976], [-95.626347, 30.9095], [-95.627323, 30.91072], [-95.627987, 30.910437], [-95.628666, 30.909424], [-95.629345, 30.909262], [-95.629607, 30.908573], [-95.629027, 30.906593], [-95.62982, 30.905916], [-95.629489, 30.904369], [-95.629606, 30.903417], [-95.627935, 30.902996], [-95.627926, 30.902242], [-95.628999, 30.901743], [-95.629597, 30.900084], [-95.630467, 30.899936], [-95.631763, 30.900877], [-95.632498, 30.899487], [-95.633115, 30.899353], [-95.63533, 30.901401], [-95.636176, 30.901146], [-95.63701, 30.899436], [-95.638255, 30.899734], [-95.639165, 30.900854], [-95.640066, 30.899949], [-95.642099, 30.899903], [-95.643553, 30.900122], [-95.644873, 30.898224], [-95.645567, 30.897544], [-95.64735, 30.896992], [-95.648325, 30.897507], [-95.648963, 30.897238], [-95.649325, 30.89533], [-95.651258, 30.894457], [-95.652798, 30.894459], [-95.65349, 30.893557], [-95.654501, 30.89324], [-95.656087, 30.893486], [-95.656275, 30.894616], [-95.655185, 30.894909], [-95.654592, 30.895835], [-95.655165, 30.896669], [-95.656782, 30.896264], [-95.657664, 30.897428], [-95.660039, 30.896661], [-95.661438, 30.896964], [-95.661618, 30.898169], [-95.660567, 30.8986], [-95.659317, 30.898293], [-95.659517, 30.899043], [-95.66083, 30.89999], [-95.661013, 30.901022], [-95.661664, 30.901537], [-95.662401, 30.901407], [-95.662698, 30.902269], [-95.663811, 30.904119], [-95.664135, 30.904196], [-95.665169, 30.902966], [-95.666169, 30.90338], [-95.666272, 30.905009], [-95.667331, 30.904836], [-95.670512, 30.903486], [-95.671595, 30.903352], [-95.672554, 30.904553], [-95.674001, 30.905384], [-95.675869, 30.905872], [-95.67793, 30.90614], [-95.681582, 30.904916], [-95.682707, 30.906129], [-95.683389, 30.90564]]]}},
    {"type": "Feature", "properties": {"name": "Census tract 7901.02", "description": "Walker County", "Population": 4414, "Housing units": 1828, "Vacant housing units": 253, "Vacancy rate (%)": 13.8, "Median gross rent ($ a month)": 986.0, "Median gross rent ($ a month) margin": 131.0, "Median home value ($)": 163200.0, "Median home value ($) margin": 74626.0, "Median household income ($ a year)": 77981.0, "Median household income ($ a year) margin": 13051.0, "Survey years": "2020 to 2024", "id": "48471790102"}, "geometry": {"type": "Polygon", "coordinates": [[[-95.549665, 30.753646], [-95.549117, 30.750014], [-95.548789, 30.744153], [-95.54896, 30.741887], [-95.539858, 30.742119], [-95.523561, 30.742251], [-95.520335, 30.749016], [-95.518908, 30.75114], [-95.512875, 30.757141], [-95.509013, 30.760846], [-95.496598, 30.770643], [-95.484245, 30.78034], [-95.48182, 30.781477], [-95.47799, 30.782603], [-95.476057, 30.783375], [-95.474608, 30.784333], [-95.465993, 30.791099], [-95.461419, 30.794634], [-95.447805, 30.805326], [-95.446071, 30.806963], [-95.440869, 30.812252], [-95.43749, 30.815599], [-95.42905, 30.824101], [-95.419392, 30.833894], [-95.416508, 30.836866], [-95.413048, 30.841204], [-95.404243, 30.851898], [-95.403412, 30.853056], [-95.405571, 30.854876], [-95.410156, 30.85854], [-95.411827, 30.859724], [-95.413147, 30.860262], [-95.415634, 30.860308], [-95.418617, 30.860807], [-95.420792, 30.860472], [-95.422028, 30.859987], [-95.42466, 30.857786], [-95.426544, 30.857031], [-95.427917, 30.857233], [-95.431046, 30.858677], [-95.432419, 30.859678], [-95.435173, 30.86244], [-95.436798, 30.864502], [-95.438255, 30.865416], [-95.441246, 30.866323], [-95.445831, 30.868334], [-95.447807, 30.869068], [-95.453415, 30.869982], [-95.459961, 30.870665], [-95.463242, 30.871166], [-95.465332, 30.870817], [-95.474503, 30.8664], [-95.479118, 30.864363], [-95.48172, 30.863352], [-95.498299, 30.857403], [-95.500282, 30.856495], [-95.508469, 30.850273], [-95.511665, 30.848021], [-95.518982, 30.84189], [-95.519424, 30.840576], [-95.519493, 30.836407], [-95.519936, 30.834], [-95.520699, 30.831129], [-95.520882, 30.829414], [-95.521614, 30.826752], [-95.5233, 30.82185], [-95.52536, 30.817055], [-95.526566, 30.81465], [-95.527702, 30.811865], [-95.529411, 30.808084], [-95.531158, 30.804754], [-95.532921, 30.800112], [-95.534386, 30.795824], [-95.538399, 30.785065], [-95.53965, 30.781336], [-95.541618, 30.775906], [-95.541656, 30.775015], [-95.541183, 30.773224], [-95.542907, 30.768674], [-95.544402, 30.764311], [-95.546256, 30.759361], [-95.546822, 30.758292], [-95.549665, 30.753646]]]}},
    {"type": "Feature", "properties": {"name": "Census tract 7901.03", "description": "Walker County", "Population": 5453, "Housing units": 2683, "Vacant housing units": 584, "Vacancy rate (%)": 21.8, "Median gross rent ($ a month)": 970.0, "Median gross rent ($ a month) margin": 287.0, "Median home value ($)": 156100.0, "Median home value ($) margin": 60129.0, "Median household income ($ a year)": 61702.0, "Median household income ($ a year) margin": 8598.0, "Survey years": "2020 to 2024", "id": "48471790103"}, "geometry": {"type": "Polygon", "coordinates": [[[-95.525518, 30.716111], [-95.522956, 30.714828], [-95.512422, 30.71125], [-95.511093, 30.710979], [-95.475151, 30.705248], [-95.471954, 30.70508], [-95.449852, 30.706232], [-95.444778, 30.706415], [-95.44088, 30.706684], [-95.431099, 30.707178], [-95.428864, 30.707563], [-95.42717, 30.708252], [-95.425049, 30.709831], [-95.421356, 30.713938], [-95.415604, 30.719807], [-95.413895, 30.721258], [-95.405746, 30.726738], [-95.403801, 30.727661], [-95.402649, 30.727953], [-95.397614, 30.728718], [-95.378554, 30.731698], [-95.357857, 30.734871], [-95.353584, 30.735598], [-95.341903, 30.737421], [-95.338625, 30.737826], [-95.337919, 30.746741], [-95.337332, 30.750186], [-95.332421, 30.804641], [-95.32748, 30.859547], [-95.328852, 30.859312], [-95.331052, 30.860961], [-95.332456, 30.863388], [-95.332923, 30.864491], [-95.334933, 30.86768], [-95.336919, 30.871621], [-95.338757, 30.873546], [-95.341806, 30.875537], [-95.343956, 30.875801], [-95.345335, 30.875335], [-95.347359, 30.872377], [-95.348608, 30.870029], [-95.350247, 30.86855], [-95.351051, 30.866648], [-95.351061, 30.86568], [-95.349777, 30.86113], [-95.349748, 30.860452], [-95.352072, 30.856951], [-95.353988, 30.856207], [-95.35587, 30.855754], [-95.363639, 30.854672], [-95.366968, 30.855241], [-95.367839, 30.855648], [-95.371364, 30.856119], [-95.375218, 30.855724], [-95.379457, 30.8548], [-95.382435, 30.85377], [-95.383279, 30.852961], [-95.384156, 30.853061], [-95.385343, 30.853659], [-95.388628, 30.855907], [-95.390067, 30.856407], [-95.395033, 30.857551], [-95.396697, 30.857706], [-95.39795, 30.858953], [-95.398442, 30.859934], [-95.398367, 30.859639], [-95.403412, 30.853056], [-95.404243, 30.851898], [-95.413048, 30.841204], [-95.416508, 30.836866], [-95.419392, 30.833894], [-95.42905, 30.824101], [-95.43749, 30.815599], [-95.440869, 30.812252], [-95.446071, 30.806963], [-95.447805, 30.805326], [-95.461419, 30.794634], [-95.465993, 30.791099], [-95.474608, 30.784333], [-95.476057, 30.783375], [-95.47799, 30.782603], [-95.48182, 30.781477], [-95.484245, 30.78034], [-95.496598, 30.770643], [-95.509013, 30.760846], [-95.512875, 30.757141], [-95.518908, 30.75114], [-95.520335, 30.749016], [-95.523561, 30.742251], [-95.527977, 30.732914], [-95.526743, 30.730459], [-95.526621, 30.729244], [-95.525795, 30.726429], [-95.525518, 30.716111]]]}},
    {"type": "Feature", "properties": {"name": "Census tract 7902", "description": "Walker County", "Population": 8036, "Housing units": 2772, "Vacant housing units": 348, "Vacancy rate (%)": 12.6, "Median gross rent ($ a month)": 937.0, "Median gross rent ($ a month) margin": 178.0, "Median home value ($)": 208300.0, "Median home value ($) margin": 69890.0, "Median household income ($ a year)": 54167.0, "Median household income ($ a year) margin": 11930.0, "Survey years": "2020 to 2024", "id": "48471790200"}, "geometry": {"type": "Polygon", "coordinates": [[[-95.520735, 30.676809], [-95.520955, 30.676704], [-95.519309, 30.675031], [-95.518351, 30.673581], [-95.511839, 30.661838], [-95.510887, 30.659355], [-95.510517, 30.657604], [-95.509912, 30.650594], [-95.504736, 30.592868], [-95.504472, 30.590387], [-95.503567, 30.579675], [-95.502264, 30.565777], [-95.501316, 30.561546], [-95.49501, 30.536009], [-95.492296, 30.524539], [-95.491347, 30.520743], [-95.49105, 30.517686], [-95.491514, 30.508831], [-95.483026, 30.508869], [-95.453104, 30.508894], [-95.447285, 30.508864], [-95.439836, 30.508893], [-95.426185, 30.508818], [-95.411796, 30.508872], [-95.403219, 30.508872], [-95.395852, 30.50879], [-95.392396, 30.508848], [-95.375359, 30.508938], [-95.361866, 30.508916], [-95.361425, 30.508173], [-95.361819, 30.507881], [-95.361107, 30.507392], [-95.360414, 30.505166], [-95.359156, 30.504369], [-95.358856, 30.506194], [-95.356557, 30.528937], [-95.356324, 30.530973], [-95.353895, 30.554104], [-95.352747, 30.565248], [-95.350706, 30.584518], [-95.349465, 30.596702], [-95.34762, 30.615878], [-95.34647, 30.625197], [-95.344724, 30.652864], [-95.343481, 30.671863], [-95.342296, 30.688187], [-95.34135, 30.701982], [-95.339274, 30.729607], [-95.338625, 30.737826], [-95.341903, 30.737421], [-95.353584, 30.735598], [-95.357857, 30.734871], [-95.378554, 30.731698], [-95.397614, 30.728718], [-95.402649, 30.727953], [-95.403801, 30.727661], [-95.405746, 30.726738], [-95.413895, 30.721258], [-95.415604, 30.719807], [-95.421356, 30.713938], [-95.425049, 30.709831], [-95.42717, 30.708252], [-95.428864, 30.707563], [-95.431099, 30.707178], [-95.44088, 30.706684], [-95.444778, 30.706415], [-95.449852, 30.706232], [-95.471954, 30.70508], [-95.475151, 30.705248], [-95.511093, 30.710979], [-95.512422, 30.71125], [-95.522956, 30.714828], [-95.525518, 30.716111], [-95.525637, 30.713548], [-95.526684, 30.710586], [-95.530012, 30.704115], [-95.5308, 30.701472], [-95.53174, 30.695637], [-95.527469, 30.690923], [-95.526791, 30.689976], [-95.519814, 30.677414], [-95.520735, 30.676809]]]}},
    {"type": "Feature", "properties": {"name": "Census tract 7903.01", "description": "Walker County", "Population": 4268, "Housing units": 1943, "Vacant housing units": 297, "Vacancy rate (%)": 15.3, "Median gross rent ($ a month)": 1135.0, "Median gross rent ($ a month) margin": 155.0, "Median home value ($)": 219300.0, "Median home value ($) margin": 17737.0, "Median household income ($ a year)": 56994.0, "Median household income ($ a year) margin": 8161.0, "Survey years": "2020 to 2024", "id": "48471790301"}, "geometry": {"type": "Polygon", "coordinates": [[[-95.834197, 30.658], [-95.83356, 30.653317], [-95.83024, 30.630284], [-95.820366, 30.625197], [-95.820184, 30.625198], [-95.779999, 30.604381], [-95.774805, 30.601659], [-95.761543, 30.594816], [-95.750226, 30.588818], [-95.746035, 30.586485], [-95.728579, 30.577222], [-95.690325, 30.557061], [-95.673626, 30.548353], [-95.671686, 30.547274], [-95.663832, 30.543214], [-95.666023, 30.54903], [-95.666458, 30.550371], [-95.667244, 30.551559], [-95.664246, 30.552408], [-95.661514, 30.5529], [-95.658264, 30.553711], [-95.652634, 30.555452], [-95.651733, 30.555836], [-95.64978, 30.557386], [-95.647652, 30.558275], [-95.6436, 30.558924], [-95.641327, 30.559456], [-95.639664, 30.560322], [-95.637604, 30.562271], [-95.634705, 30.564533], [-95.628181, 30.566263], [-95.62709, 30.566442], [-95.626328, 30.567078], [-95.624252, 30.567947], [-95.623466, 30.568752], [-95.622849, 30.570015], [-95.622383, 30.57202], [-95.621315, 30.574787], [-95.620659, 30.575848], [-95.618629, 30.579849], [-95.618187, 30.581049], [-95.617058, 30.583218], [-95.61454, 30.588976], [-95.615746, 30.589214], [-95.621567, 30.591026], [-95.622948, 30.592009], [-95.623901, 30.593834], [-95.624062, 30.595985], [-95.624825, 30.597887], [-95.626457, 30.600237], [-95.627083, 30.602724], [-95.626656, 30.604431], [-95.623962, 30.61096], [-95.623398, 30.611763], [-95.621895, 30.613035], [-95.618507, 30.615477], [-95.608322, 30.623163], [-95.605812, 30.625837], [-95.604454, 30.627628], [-95.603157, 30.63088], [-95.602013, 30.632252], [-95.598358, 30.635029], [-95.59491, 30.639292], [-95.591896, 30.642168], [-95.591049, 30.643679], [-95.590202, 30.646278], [-95.58876, 30.647943], [-95.585533, 30.65016], [-95.584061, 30.651562], [-95.582756, 30.65313], [-95.580673, 30.657272], [-95.57795, 30.661201], [-95.576408, 30.664276], [-95.572662, 30.672331], [-95.570824, 30.673904], [-95.565205, 30.677347], [-95.562497, 30.680632], [-95.561783, 30.681653], [-95.556763, 30.690998], [-95.554888, 30.694641], [-95.553736, 30.695453], [-95.558826, 30.702078], [-95.561597, 30.706145], [-95.569702, 30.718203], [-95.572685, 30.722676], [-95.574929, 30.725505], [-95.576851, 30.72725], [-95.57755, 30.727212], [-95.577395, 30.725648], [-95.577429, 30.722893], [-95.577224, 30.721469], [-95.577656, 30.720088], [-95.577179, 30.718341], [-95.582037, 30.717957], [-95.583475, 30.717726], [-95.58933, 30.715734], [-95.591251, 30.714877], [-95.594886, 30.713045], [-95.608719, 30.70421], [-95.61377, 30.701212], [-95.615639, 30.700541], [-95.626091, 30.699379], [-95.628731, 30.698887], [-95.664696, 30.691965], [-95.68676, 30.687651], [-95.701607, 30.684847], [-95.705109, 30.684443], [-95.738945, 30.684326], [-95.749092, 30.684252], [-95.750282, 30.684031], [-95.753139, 30.683155], [-95.83333, 30.658283], [-95.834197, 30.658]]]}},
    {"type": "Feature", "properties": {"name": "Census tract 7903.02", "description": "Walker County", "Population": 8084, "Housing units": 4072, "Vacant housing units": 278, "Vacancy rate (%)": 6.8, "Median gross rent ($ a month)": 1430.0, "Median gross rent ($ a month) margin": 136.0, "Median home value ($)": 290200.0, "Median home value ($) margin": 28646.0, "Median household income ($ a year)": 81788.0, "Median household income ($ a year) margin": 6103.0, "Survey years": "2020 to 2024", "id": "48471790302"}, "geometry": {"type": "Polygon", "coordinates": [[[-95.663832, 30.543214], [-95.652891, 30.537514], [-95.644428, 30.533018], [-95.628845, 30.524797], [-95.625222, 30.522913], [-95.611013, 30.51533], [-95.605176, 30.512638], [-95.600707, 30.509924], [-95.598878, 30.50898], [-95.555031, 30.508847], [-95.543099, 30.508912], [-95.52587, 30.508939], [-95.498593, 30.50888], [-95.491514, 30.508831], [-95.49105, 30.517686], [-95.491347, 30.520743], [-95.492296, 30.524539], [-95.49501, 30.536009], [-95.501316, 30.561546], [-95.502264, 30.565777], [-95.503567, 30.579675], [-95.504472, 30.590387], [-95.504736, 30.592868], [-95.509912, 30.650594], [-95.510517, 30.657604], [-95.510887, 30.659355], [-95.511839, 30.661838], [-95.518351, 30.673581], [-95.519309, 30.675031], [-95.520955, 30.676704], [-95.520735, 30.676809], [-95.522001, 30.677731], [-95.526429, 30.680572], [-95.530423, 30.68256], [-95.539314, 30.686855], [-95.548918, 30.691567], [-95.551162, 30.692882], [-95.552344, 30.693851], [-95.553736, 30.695453], [-95.554888, 30.694641], [-95.556763, 30.690998], [-95.561783, 30.681653], [-95.562497, 30.680632], [-95.565205, 30.677347], [-95.570824, 30.673904], [-95.572662, 30.672331], [-95.576408, 30.664276], [-95.57795, 30.661201], [-95.580673, 30.657272], [-95.582756, 30.65313], [-95.584061, 30.651562], [-95.585533, 30.65016], [-95.58876, 30.647943], [-95.590202, 30.646278], [-95.591049, 30.643679], [-95.591896, 30.642168], [-95.59491, 30.639292], [-95.598358, 30.635029], [-95.602013, 30.632252], [-95.603157, 30.63088], [-95.604454, 30.627628], [-95.605812, 30.625837], [-95.608322, 30.623163], [-95.618507, 30.615477], [-95.621895, 30.613035], [-95.623398, 30.611763], [-95.623962, 30.61096], [-95.626656, 30.604431], [-95.627083, 30.602724], [-95.626457, 30.600237], [-95.624825, 30.597887], [-95.624062, 30.595985], [-95.623901, 30.593834], [-95.622948, 30.592009], [-95.621567, 30.591026], [-95.615746, 30.589214], [-95.61454, 30.588976], [-95.617058, 30.583218], [-95.618187, 30.581049], [-95.618629, 30.579849], [-95.620659, 30.575848], [-95.621315, 30.574787], [-95.622383, 30.57202], [-95.622849, 30.570015], [-95.623466, 30.568752], [-95.624252, 30.567947], [-95.626328, 30.567078], [-95.62709, 30.566442], [-95.628181, 30.566263], [-95.634705, 30.564533], [-95.637604, 30.562271], [-95.639664, 30.560322], [-95.641327, 30.559456], [-95.6436, 30.558924], [-95.647652, 30.558275], [-95.64978, 30.557386], [-95.651733, 30.555836], [-95.652634, 30.555452], [-95.658264, 30.553711], [-95.661514, 30.5529], [-95.664246, 30.552408], [-95.667244, 30.551559], [-95.666458, 30.550371], [-95.666023, 30.54903], [-95.663832, 30.543214]]]}},
    {"type": "Feature", "properties": {"name": "Census tract 7904.01", "description": "Walker County", "Population": 5744, "Housing units": 1748, "Vacant housing units": 372, "Vacancy rate (%)": 21.3, "Median gross rent ($ a month)": 733.0, "Median gross rent ($ a month) margin": 91.0, "Median home value ($)": 314400.0, "Median home value ($) margin": 66850.0, "Median household income ($ a year)": 78333.0, "Median household income ($ a year) margin": 37270.0, "Survey years": "2020 to 2024", "id": "48471790401"}, "geometry": {"type": "Polygon", "coordinates": [[[-95.863059, 30.864125], [-95.847197, 30.750193], [-95.845972, 30.740206], [-95.844357, 30.728968], [-95.84218, 30.714398], [-95.837517, 30.681191], [-95.834991, 30.663814], [-95.834197, 30.658], [-95.83333, 30.658283], [-95.753139, 30.683155], [-95.750282, 30.684031], [-95.749092, 30.684252], [-95.738945, 30.684326], [-95.705109, 30.684443], [-95.701607, 30.684847], [-95.68676, 30.687651], [-95.664696, 30.691965], [-95.628731, 30.698887], [-95.626091, 30.699379], [-95.615639, 30.700541], [-95.61377, 30.701212], [-95.608719, 30.70421], [-95.594886, 30.713045], [-95.591251, 30.714877], [-95.58933, 30.715734], [-95.583475, 30.717726], [-95.582037, 30.717957], [-95.577179, 30.718341], [-95.577656, 30.720088], [-95.577224, 30.721469], [-95.577429, 30.722893], [-95.577395, 30.725648], [-95.57755, 30.727212], [-95.576851, 30.72725], [-95.583493, 30.732849], [-95.589457, 30.73685], [-95.589951, 30.73629], [-95.592294, 30.738098], [-95.594013, 30.739181], [-95.595212, 30.739553], [-95.60038, 30.740767], [-95.62278, 30.746704], [-95.6269, 30.747831], [-95.633667, 30.749584], [-95.647758, 30.753302], [-95.648872, 30.753765], [-95.654587, 30.757545], [-95.670914, 30.768524], [-95.672058, 30.769806], [-95.681091, 30.787489], [-95.681786, 30.788424], [-95.687332, 30.793917], [-95.690865, 30.797295], [-95.695518, 30.801876], [-95.696777, 30.802778], [-95.711433, 30.809776], [-95.72084, 30.814299], [-95.722504, 30.815271], [-95.723297, 30.816076], [-95.732071, 30.826366], [-95.733177, 30.828009], [-95.738464, 30.83663], [-95.740585, 30.839293], [-95.748421, 30.848465], [-95.750488, 30.851133], [-95.751808, 30.853094], [-95.754181, 30.856993], [-95.757541, 30.862219], [-95.759789, 30.865059], [-95.765312, 30.870766], [-95.77282, 30.878305], [-95.774445, 30.880142], [-95.777773, 30.884512], [-95.779114, 30.88406], [-95.779388, 30.88295], [-95.78051, 30.882906], [-95.781121, 30.883758], [-95.781854, 30.883297], [-95.78181, 30.882362], [-95.783142, 30.881719], [-95.783887, 30.881775], [-95.783512, 30.881077], [-95.78499, 30.880912], [-95.7855, 30.879912], [-95.784532, 30.879307], [-95.785105, 30.87889], [-95.7858, 30.879197], [-95.786902, 30.87867], [-95.787431, 30.879407], [-95.789279, 30.877973], [-95.790974, 30.878017], [-95.791235, 30.878594], [-95.792822, 30.878677], [-95.793969, 30.878297], [-95.794625, 30.878534], [-95.795536, 30.878127], [-95.796416, 30.878199], [-95.796734, 30.877611], [-95.799289, 30.876534], [-95.799965, 30.875929], [-95.80289, 30.875358], [-95.804279, 30.873695], [-95.805241, 30.873574], [-95.805591, 30.87303], [-95.806719, 30.872574], [-95.80914, 30.872244], [-95.810484, 30.871518], [-95.81079, 30.87065], [-95.811657, 30.870282], [-95.811663, 30.868589], [-95.813064, 30.867611], [-95.814886, 30.867407], [-95.8156, 30.868352], [-95.816715, 30.86827], [-95.816938, 30.869243], [-95.817607, 30.868924], [-95.818021, 30.869435], [-95.818856, 30.868698], [-95.820391, 30.868473], [-95.820907, 30.869193], [-95.821462, 30.869061], [-95.821232, 30.868083], [-95.824385, 30.866598], [-95.824564, 30.865972], [-95.825526, 30.866158], [-95.826672, 30.86551], [-95.827392, 30.865988], [-95.828456, 30.86546], [-95.828462, 30.865086], [-95.827328, 30.864817], [-95.82692, 30.863828], [-95.827857, 30.86369], [-95.827863, 30.862888], [-95.829099, 30.863239], [-95.829156, 30.862245], [-95.830488, 30.862354], [-95.831431, 30.863486], [-95.832386, 30.863266], [-95.83303, 30.86381], [-95.83217, 30.863992], [-95.831979, 30.86469], [-95.833266, 30.86514], [-95.834438, 30.864848], [-95.835088, 30.865068], [-95.835961, 30.864579], [-95.836451, 30.863771], [-95.837343, 30.864342], [-95.838649, 30.864336], [-95.840573, 30.863226], [-95.842191, 30.863335], [-95.842299, 30.862186], [-95.843165, 30.861867], [-95.844554, 30.862944], [-95.846274, 30.863086], [-95.846758, 30.862575], [-95.849116, 30.86303], [-95.850014, 30.863805], [-95.849339, 30.863981], [-95.849021, 30.865042], [-95.849448, 30.865943], [-95.84927, 30.866905], [-95.850284, 30.86763], [-95.850793, 30.867119], [-95.851743, 30.867426], [-95.852972, 30.867079], [-95.853672, 30.865887], [-95.854857, 30.865534], [-95.855991, 30.865633], [-95.856201, 30.865199], [-95.857462, 30.86539], [-95.858016, 30.864714], [-95.858093, 30.865456], [-95.85961, 30.865824], [-95.860291, 30.865164], [-95.862266, 30.865361], [-95.861902, 30.864828], [-95.863059, 30.864125]]]}},
    {"type": "Feature", "properties": {"name": "Census tract 7904.02", "description": "Walker County", "Population": 4488, "Housing units": 1080, "Vacant housing units": 99, "Vacancy rate (%)": 9.2, "Median gross rent ($ a month)": 1106.0, "Median gross rent ($ a month) margin": 178.0, "Median home value ($)": 201200.0, "Median home value ($) margin": 64385.0, "Median household income ($ a year)": 62077.0, "Median household income ($ a year) margin": 10221.0, "Survey years": "2020 to 2024", "id": "48471790402"}, "geometry": {"type": "Polygon", "coordinates": [[[-95.777773, 30.884512], [-95.774445, 30.880142], [-95.77282, 30.878305], [-95.765312, 30.870766], [-95.759789, 30.865059], [-95.757541, 30.862219], [-95.754181, 30.856993], [-95.751808, 30.853094], [-95.750488, 30.851133], [-95.748421, 30.848465], [-95.740585, 30.839293], [-95.738464, 30.83663], [-95.733177, 30.828009], [-95.732071, 30.826366], [-95.723297, 30.816076], [-95.722504, 30.815271], [-95.72084, 30.814299], [-95.711433, 30.809776], [-95.696777, 30.802778], [-95.695518, 30.801876], [-95.690865, 30.797295], [-95.687332, 30.793917], [-95.681786, 30.788424], [-95.681091, 30.787489], [-95.672058, 30.769806], [-95.670914, 30.768524], [-95.654587, 30.757545], [-95.648872, 30.753765], [-95.647758, 30.753302], [-95.633667, 30.749584], [-95.6269, 30.747831], [-95.62278, 30.746704], [-95.60038, 30.740767], [-95.595212, 30.739553], [-95.594013, 30.739181], [-95.592294, 30.738098], [-95.589951, 30.73629], [-95.589457, 30.73685], [-95.588527, 30.737786], [-95.585242, 30.736945], [-95.5773, 30.735835], [-95.574882, 30.737199], [-95.566892, 30.740782], [-95.564547, 30.741498], [-95.562498, 30.741745], [-95.54896, 30.741887], [-95.548789, 30.744153], [-95.549117, 30.750014], [-95.549665, 30.753646], [-95.550361, 30.756742], [-95.550819, 30.757747], [-95.553441, 30.76196], [-95.553995, 30.763205], [-95.555392, 30.767918], [-95.557243, 30.776276], [-95.557671, 30.77771], [-95.560356, 30.783398], [-95.561386, 30.78826], [-95.562492, 30.791449], [-95.563492, 30.793928], [-95.56813, 30.802715], [-95.571548, 30.806128], [-95.5784, 30.8109], [-95.579918, 30.811567], [-95.583046, 30.812483], [-95.588882, 30.814497], [-95.590569, 30.816114], [-95.595779, 30.8241], [-95.596542, 30.825056], [-95.608215, 30.832567], [-95.610741, 30.834394], [-95.611076, 30.834858], [-95.614342, 30.838081], [-95.619629, 30.842093], [-95.625725, 30.845806], [-95.628334, 30.847322], [-95.630898, 30.848236], [-95.636124, 30.848886], [-95.638657, 30.849863], [-95.647469, 30.854887], [-95.648727, 30.855721], [-95.650024, 30.856985], [-95.655098, 30.863108], [-95.656403, 30.864521], [-95.661125, 30.868778], [-95.664627, 30.871435], [-95.668312, 30.875652], [-95.66906, 30.877556], [-95.671494, 30.885828], [-95.672897, 30.890354], [-95.677475, 30.89909], [-95.678307, 30.900272], [-95.681412, 30.903103], [-95.683389, 30.90564], [-95.684585, 30.90416], [-95.685575, 30.903501], [-95.685341, 30.901728], [-95.686855, 30.90097], [-95.688816, 30.90199], [-95.690496, 30.902362], [-95.690634, 30.901354], [-95.691598, 30.901095], [-95.692522, 30.901714], [-95.693863, 30.903353], [-95.696348, 30.904226], [-95.697406, 30.904053], [-95.697602, 30.904431], [-95.696988, 30.905643], [-95.69553, 30.906535], [-95.695691, 30.907243], [-95.696797, 30.907214], [-95.697242, 30.907754], [-95.699286, 30.907324], [-95.699998, 30.906887], [-95.701017, 30.907826], [-95.70138, 30.907136], [-95.703051, 30.906752], [-95.70446, 30.90701], [-95.703778, 30.907494], [-95.704269, 30.907895], [-95.705193, 30.907499], [-95.705767, 30.907796], [-95.706187, 30.907032], [-95.706799, 30.907329], [-95.707405, 30.906576], [-95.708284, 30.906416], [-95.708973, 30.906751], [-95.709597, 30.905482], [-95.70975, 30.906416], [-95.710821, 30.907839], [-95.711306, 30.907328], [-95.712428, 30.907778], [-95.712281, 30.908372], [-95.711395, 30.908718], [-95.711211, 30.909362], [-95.7126, 30.909086], [-95.712983, 30.909564], [-95.711925, 30.909955], [-95.712237, 30.910576], [-95.713053, 30.911004], [-95.713053, 30.910273], [-95.715036, 30.910982], [-95.714679, 30.910009], [-95.715838, 30.909635], [-95.716425, 30.910091], [-95.715807, 30.911235], [-95.716508, 30.911405], [-95.718477, 30.909629], [-95.718706, 30.90859], [-95.719943, 30.908826], [-95.72002, 30.909376], [-95.721894, 30.908969], [-95.722034, 30.908023], [-95.723175, 30.90854], [-95.723653, 30.907869], [-95.723149, 30.907286], [-95.725908, 30.906593], [-95.725883, 30.906203], [-95.726877, 30.905829], [-95.726864, 30.905076], [-95.728807, 30.903355], [-95.72984, 30.903008], [-95.729922, 30.902442], [-95.730725, 30.902244], [-95.731089, 30.902827], [-95.732249, 30.903095], [-95.732395, 30.902513], [-95.731859, 30.901738], [-95.733109, 30.901688], [-95.733388, 30.900056], [-95.734963, 30.900698], [-95.736059, 30.900412], [-95.736269, 30.899868], [-95.737435, 30.900098], [-95.738741, 30.899213], [-95.739264, 30.899482], [-95.738749, 30.900796], [-95.73924, 30.901197], [-95.739972, 30.900922], [-95.74119, 30.901223], [-95.742669, 30.902256], [-95.743326, 30.90242], [-95.744262, 30.901816], [-95.743191, 30.901393], [-95.743981, 30.900711], [-95.744982, 30.901403], [-95.745639, 30.902288], [-95.74641, 30.901688], [-95.747908, 30.90111], [-95.749399, 30.901764], [-95.75016, 30.901669], [-95.751735, 30.900027], [-95.75292, 30.90056], [-95.753928, 30.899165], [-95.754533, 30.899858], [-95.756184, 30.899358], [-95.758536, 30.899277], [-95.759626, 30.898821], [-95.760091, 30.898189], [-95.76122, 30.897618], [-95.762348, 30.897552], [-95.761743, 30.896827], [-95.762017, 30.896041], [-95.763451, 30.896564], [-95.76493, 30.896328], [-95.765586, 30.895377], [-95.764599, 30.89508], [-95.764892, 30.893986], [-95.76625, 30.894141], [-95.766416, 30.893514], [-95.765332, 30.893432], [-95.765492, 30.892954], [-95.766684, 30.892712], [-95.766518, 30.892179], [-95.7672, 30.891866], [-95.76727, 30.893234], [-95.768736, 30.892636], [-95.768698, 30.891729], [-95.769495, 30.891224], [-95.76933, 30.889674], [-95.770656, 30.888982], [-95.773754, 30.887021], [-95.775009, 30.886999], [-95.775341, 30.886158], [-95.77703, 30.885675], [-95.777773, 30.884512]]]}},
    {"type": "Feature", "properties": {"name": "Census tract 7905", "description": "Walker County", "Population": 7750, "Housing units": 3405, "Vacant housing units": 480, "Vacancy rate (%)": 14.1, "Median gross rent ($ a month)": 958.0, "Median gross rent ($ a month) margin": 96.0, "Median home value ($)": 257800.0, "Median home value ($) margin": 23750.0, "Median household income ($ a year)": 39846.0, "Median household income ($ a year) margin": 9795.0, "Survey years": "2020 to 2024", "id": "48471790500"}, "geometry": {"type": "Polygon", "coordinates": [[[-95.589457, 30.73685], [-95.583493, 30.732849], [-95.576851, 30.72725], [-95.574929, 30.725505], [-95.572685, 30.722676], [-95.569702, 30.718203], [-95.568206, 30.71838], [-95.564428, 30.719231], [-95.564255, 30.713795], [-95.55619, 30.71412], [-95.551074, 30.714143], [-95.551403, 30.715367], [-95.551416, 30.717782], [-95.550482, 30.717785], [-95.550466, 30.726432], [-95.550797, 30.730881], [-95.550364, 30.732833], [-95.54896, 30.741887], [-95.562498, 30.741745], [-95.564547, 30.741498], [-95.566892, 30.740782], [-95.574882, 30.737199], [-95.5773, 30.735835], [-95.585242, 30.736945], [-95.588527, 30.737786], [-95.589457, 30.73685]]]}},
    {"type": "Feature", "properties": {"name": "Census tract 7906", "description": "Walker County", "Population": 6464, "Housing units": 1677, "Vacant housing units": 153, "Vacancy rate (%)": 9.1, "Median gross rent ($ a month)": 973.0, "Median gross rent ($ a month) margin": 294.0, "Median home value ($)": 48000.0, "Median home value ($) margin": 22873.0, "Median household income ($ a year)": 33259.0, "Median household income ($ a year) margin": 15345.0, "Survey years": "2020 to 2024", "id": "48471790600"}, "geometry": {"type": "Polygon", "coordinates": [[[-95.550482, 30.717785], [-95.547512, 30.717756], [-95.544401, 30.717706], [-95.542844, 30.716531], [-95.539737, 30.715392], [-95.540252, 30.716434], [-95.540301, 30.718288], [-95.535805, 30.718278], [-95.535106, 30.720039], [-95.535035, 30.72187], [-95.532706, 30.720595], [-95.525518, 30.716111], [-95.525795, 30.726429], [-95.526621, 30.729244], [-95.526743, 30.730459], [-95.527977, 30.732914], [-95.523561, 30.742251], [-95.539858, 30.742119], [-95.54896, 30.741887], [-95.550364, 30.732833], [-95.550797, 30.730881], [-95.550466, 30.726432], [-95.550482, 30.717785]]]}},
    {"type": "Feature", "properties": {"name": "Census tract 7907", "description": "Walker County", "Population": 9789, "Housing units": 3717, "Vacant housing units": 410, "Vacancy rate (%)": 11.0, "Median gross rent ($ a month)": 989.0, "Median gross rent ($ a month) margin": 155.0, "Median home value ($)": 218800.0, "Median home value ($) margin": 9897.0, "Median household income ($ a year)": 42140.0, "Median household income ($ a year) margin": 10124.0, "Survey years": "2020 to 2024", "id": "48471790700"}, "geometry": {"type": "Polygon", "coordinates": [[[-95.553736, 30.695453], [-95.552344, 30.693851], [-95.551162, 30.692882], [-95.548918, 30.691567], [-95.539314, 30.686855], [-95.530423, 30.68256], [-95.526429, 30.680572], [-95.522001, 30.677731], [-95.520735, 30.676809], [-95.519814, 30.677414], [-95.526791, 30.689976], [-95.527469, 30.690923], [-95.53174, 30.695637], [-95.5308, 30.701472], [-95.530012, 30.704115], [-95.526684, 30.710586], [-95.525637, 30.713548], [-95.525518, 30.716111], [-95.532706, 30.720595], [-95.535035, 30.72187], [-95.535106, 30.720039], [-95.535805, 30.718278], [-95.540301, 30.718288], [-95.540252, 30.716434], [-95.539737, 30.715392], [-95.542844, 30.716531], [-95.544401, 30.717706], [-95.547512, 30.717756], [-95.547721, 30.715308], [-95.548035, 30.714945], [-95.548095, 30.712247], [-95.546176, 30.706501], [-95.54383, 30.705398], [-95.544091, 30.703558], [-95.545497, 30.701483], [-95.54705, 30.700082], [-95.549824, 30.697112], [-95.551136, 30.696206], [-95.552676, 30.696001], [-95.553736, 30.695453]]]}},
    {"type": "Feature", "properties": {"name": "Census tract 7908", "description": "Walker County", "Population": 8241, "Housing units": 4421, "Vacant housing units": 743, "Vacancy rate (%)": 16.8, "Median gross rent ($ a month)": 1087.0, "Median gross rent ($ a month) margin": 69.0, "Median home value ($)": 174100.0, "Median home value ($) margin": 117907.0, "Median household income ($ a year)": 31946.0, "Median household income ($ a year) margin": 5964.0, "Survey years": "2020 to 2024", "id": "48471790800"}, "geometry": {"type": "Polygon", "coordinates": [[[-95.569702, 30.718203], [-95.561597, 30.706145], [-95.558826, 30.702078], [-95.553736, 30.695453], [-95.552676, 30.696001], [-95.551136, 30.696206], [-95.549824, 30.697112], [-95.54705, 30.700082], [-95.545497, 30.701483], [-95.544091, 30.703558], [-95.54383, 30.705398], [-95.546176, 30.706501], [-95.548095, 30.712247], [-95.548035, 30.714945], [-95.547721, 30.715308], [-95.547512, 30.717756], [-95.550482, 30.717785], [-95.551416, 30.717782], [-95.551403, 30.715367], [-95.551074, 30.714143], [-95.55619, 30.71412], [-95.564255, 30.713795], [-95.564428, 30.719231], [-95.568206, 30.71838], [-95.569702, 30.718203]]]}},
    {"type": "Feature", "properties": {"name": "Census tract 6801", "description": "Waller County", "Population": 12207, "Housing units": 3841, "Vacant housing units": 191, "Vacancy rate (%)": 5.0, "Median gross rent ($ a month)": 2357.0, "Median gross rent ($ a month) margin": 587.0, "Median home value ($)": 422600.0, "Median home value ($) margin": 32431.0, "Median household income ($ a year)": 139934.0, "Median household income ($ a year) margin": 11906.0, "Survey years": "2020 to 2024", "id": "48473680100"}, "geometry": {"type": "Polygon", "coordinates": [[[-95.920592, 29.752614], [-95.907672, 29.757609], [-95.901401, 29.759931], [-95.884814, 29.765877], [-95.873296, 29.770318], [-95.872108, 29.770714], [-95.857602, 29.776211], [-95.854564, 29.777426], [-95.841911, 29.782194], [-95.838559, 29.783564], [-95.833551, 29.785436], [-95.82622, 29.78828], [-95.825975, 29.788616], [-95.829332, 29.79813], [-95.830196, 29.800418], [-95.83769, 29.821378], [-95.839954, 29.828337], [-95.840999, 29.830878], [-95.846287, 29.845323], [-95.851397, 29.859807], [-95.856851, 29.874578], [-95.859786, 29.87454], [-95.890511, 29.874371], [-95.890563, 29.871646], [-95.890425, 29.865668], [-95.89029, 29.845976], [-95.890179, 29.839278], [-95.890138, 29.832554], [-95.889957, 29.816198], [-95.88976, 29.801966], [-95.889642, 29.78632], [-95.920413, 29.786451], [-95.920706, 29.786197], [-95.920539, 29.782432], [-95.920427, 29.770422], [-95.920923, 29.768461], [-95.920592, 29.752614]]]}},
    {"type": "Feature", "properties": {"name": "Census tract 6802.01", "description": "Waller County", "Population": 5313, "Housing units": 1897, "Vacant housing units": 228, "Vacancy rate (%)": 12.0, "Median home value ($)": 290300.0, "Median home value ($) margin": 52686.0, "Median household income ($ a year)": 76242.0, "Median household income ($ a year) margin": 12181.0, "Survey years": "2020 to 2024", "id": "48473680201"}, "geometry": {"type": "Polygon", "coordinates": [[[-96.036276, 29.771743], [-96.024345, 29.774617], [-95.995199, 29.781598], [-95.985044, 29.784003], [-95.983635, 29.784485], [-95.980409, 29.786189], [-95.980545, 29.786582], [-95.98013, 29.788429], [-95.979695, 29.78905], [-95.979595, 29.79049], [-95.978978, 29.791858], [-95.974732, 29.792541], [-95.974474, 29.79303], [-95.972791, 29.793581], [-95.971146, 29.79342], [-95.967646, 29.796154], [-95.967783, 29.796979], [-95.965936, 29.798099], [-95.970771, 29.802542], [-95.970718, 29.806327], [-95.967292, 29.810674], [-95.963953, 29.815058], [-95.962055, 29.817758], [-95.958911, 29.817835], [-95.940028, 29.817997], [-95.940006, 29.815796], [-95.922876, 29.815955], [-95.915626, 29.815996], [-95.889957, 29.816198], [-95.890138, 29.832554], [-95.890179, 29.839278], [-95.89029, 29.845976], [-95.890425, 29.865668], [-95.890563, 29.871646], [-95.890511, 29.874371], [-95.859786, 29.87454], [-95.856851, 29.874578], [-95.857212, 29.875794], [-95.862009, 29.889054], [-95.867094, 29.903709], [-95.86892, 29.908851], [-95.87025, 29.908029], [-95.872962, 29.907742], [-95.874998, 29.909373], [-95.875799, 29.910445], [-95.877823, 29.911765], [-95.879948, 29.913398], [-95.882629, 29.914493], [-95.881707, 29.916433], [-95.881801, 29.91767], [-95.88151, 29.918302], [-95.883579, 29.920353], [-95.883578, 29.921397], [-95.886191, 29.921447], [-95.886114, 29.922612], [-95.885533, 29.923618], [-95.886101, 29.924366], [-95.885608, 29.925168], [-95.88716, 29.925591], [-95.88769, 29.925988], [-95.887608, 29.927059], [-95.891557, 29.928231], [-95.89292, 29.929216], [-95.895355, 29.929123], [-95.895797, 29.928722], [-95.897362, 29.928959], [-95.899833, 29.928587], [-95.900809, 29.927734], [-95.903978, 29.927324], [-95.906431, 29.928393], [-95.906636, 29.929082], [-95.907863, 29.929615], [-95.9078, 29.932425], [-95.926599, 29.932048], [-95.958013, 29.931774], [-95.97352, 29.931635], [-95.975132, 29.931864], [-95.980955, 29.931845], [-95.993588, 29.931681], [-95.993901, 29.931903], [-95.994013, 29.946968], [-95.994488, 29.94757], [-96.010981, 29.947339], [-96.010752, 29.940864], [-96.019556, 29.940785], [-96.032661, 29.940605], [-96.02717, 29.92709], [-96.023275, 29.91764], [-96.032059, 29.917411], [-96.033399, 29.917014], [-96.035087, 29.915761], [-96.036573, 29.915219], [-96.050921, 29.914889], [-96.05271, 29.914133], [-96.054329, 29.912857], [-96.05606, 29.91243], [-96.071734, 29.912195], [-96.073273, 29.912286], [-96.106475, 29.915958], [-96.109755, 29.915937], [-96.113319, 29.915301], [-96.11317, 29.914356], [-96.113871, 29.912843], [-96.11512, 29.911881], [-96.115138, 29.911399], [-96.120786, 29.908865], [-96.12383, 29.907149], [-96.126134, 29.903229], [-96.126267, 29.89885], [-96.125949, 29.897709], [-96.12415, 29.895046], [-96.122563, 29.893921], [-96.117347, 29.890892], [-96.113475, 29.889682], [-96.109312, 29.888882], [-96.105685, 29.883688], [-96.10434, 29.882641], [-96.101116, 29.882772], [-96.098107, 29.883677], [-96.0947, 29.884079], [-96.09416, 29.883945], [-96.092739, 29.882765], [-96.092476, 29.881821], [-96.092937, 29.879379], [-96.095808, 29.876676], [-96.100071, 29.875228], [-96.101896, 29.874716], [-96.105605, 29.874159], [-96.108232, 29.874171], [-96.11028, 29.873816], [-96.112227, 29.872557], [-96.112667, 29.870257], [-96.1121, 29.865683], [-96.110202, 29.858672], [-96.109589, 29.857943], [-96.107428, 29.856592], [-96.104828, 29.855504], [-96.101657, 29.853963], [-96.10085, 29.853307], [-96.100939, 29.852514], [-96.102637, 29.851227], [-96.104515, 29.85046], [-96.107465, 29.849887], [-96.110453, 29.85002], [-96.113516, 29.8486], [-96.114734, 29.848273], [-96.116245, 29.847506], [-96.118798, 29.845388], [-96.121313, 29.841963], [-96.122097, 29.839404], [-96.121405, 29.836652], [-96.119885, 29.83381], [-96.118868, 29.832581], [-96.114031, 29.828314], [-96.111676, 29.825861], [-96.110825, 29.824764], [-96.109232, 29.823197], [-96.107925, 29.82228], [-96.106678, 29.82224], [-96.105411, 29.822933], [-96.104176, 29.824412], [-96.102751, 29.82547], [-96.100107, 29.826931], [-96.098988, 29.827382], [-96.098172, 29.826728], [-96.097843, 29.825834], [-96.09827, 29.823589], [-96.098726, 29.820267], [-96.101434, 29.81615], [-96.103308, 29.812431], [-96.103114, 29.81071], [-96.102496, 29.809665], [-96.101511, 29.809469], [-96.098123, 29.80935], [-96.092846, 29.808599], [-96.087203, 29.80639], [-96.082275, 29.804733], [-96.079546, 29.80442], [-96.077088, 29.804571], [-96.074301, 29.805143], [-96.071778, 29.805987], [-96.069858, 29.806955], [-96.067138, 29.807129], [-96.0646, 29.806939], [-96.062105, 29.805947], [-96.060824, 29.804569], [-96.058993, 29.80036], [-96.058272, 29.799754], [-96.056259, 29.79966], [-96.053633, 29.802392], [-96.049234, 29.803187], [-96.046947, 29.80099], [-96.042242, 29.795314], [-96.041365, 29.792443], [-96.041399, 29.789288], [-96.041835, 29.785853], [-96.042862, 29.782249], [-96.043009, 29.779129], [-96.042043, 29.777226], [-96.040607, 29.775891], [-96.038628, 29.774683], [-96.037374, 29.773717], [-96.036276, 29.771743]]]}},
    {"type": "Feature", "properties": {"name": "Census tract 6802.02", "description": "Waller County", "Population": 6513, "Housing units": 2240, "Vacant housing units": 263, "Vacancy rate (%)": 11.7, "Median gross rent ($ a month)": 1264.0, "Median gross rent ($ a month) margin": 243.0, "Median home value ($)": 133900.0, "Median home value ($) margin": 75628.0, "Median household income ($ a year)": 65889.0, "Median household income ($ a year) margin": 18782.0, "Survey years": "2020 to 2024", "id": "48473680202"}, "geometry": {"type": "Polygon", "coordinates": [[[-95.920592, 29.752614], [-95.920923, 29.768461], [-95.920427, 29.770422], [-95.920539, 29.782432], [-95.920706, 29.786197], [-95.920413, 29.786451], [-95.889642, 29.78632], [-95.88976, 29.801966], [-95.889957, 29.816198], [-95.915626, 29.815996], [-95.922876, 29.815955], [-95.940006, 29.815796], [-95.940028, 29.817997], [-95.958911, 29.817835], [-95.962055, 29.817758], [-95.963953, 29.815058], [-95.967292, 29.810674], [-95.970718, 29.806327], [-95.970771, 29.802542], [-95.965936, 29.798099], [-95.967783, 29.796979], [-95.967646, 29.796154], [-95.971146, 29.79342], [-95.972791, 29.793581], [-95.974474, 29.79303], [-95.974732, 29.792541], [-95.978978, 29.791858], [-95.979595, 29.79049], [-95.979695, 29.78905], [-95.98013, 29.788429], [-95.980545, 29.786582], [-95.980409, 29.786189], [-95.983635, 29.784485], [-95.985044, 29.784003], [-95.995199, 29.781598], [-96.024345, 29.774617], [-96.036276, 29.771743], [-96.034493, 29.766729], [-96.029596, 29.754666], [-96.029259, 29.752585], [-96.029943, 29.748284], [-96.031015, 29.746033], [-96.032061, 29.744976], [-96.037262, 29.741047], [-96.039692, 29.739722], [-96.040073, 29.73815], [-96.039844, 29.737452], [-96.037795, 29.735612], [-96.037144, 29.733639], [-96.036261, 29.732818], [-96.034391, 29.731864], [-96.033275, 29.730096], [-96.032711, 29.727944], [-96.021196, 29.72804], [-96.020182, 29.727991], [-96.008503, 29.728083], [-95.996815, 29.72829], [-95.988739, 29.728381], [-95.972563, 29.728642], [-95.97094, 29.728554], [-95.971089, 29.735958], [-95.971287, 29.740454], [-95.950931, 29.740769], [-95.948012, 29.741949], [-95.920592, 29.752614]]]}},
    {"type": "Feature", "properties": {"name": "Census tract 6803.01", "description": "Waller County", "Population": 6077, "Housing units": 2546, "Vacant housing units": 293, "Vacancy rate (%)": 11.5, "Median gross rent ($ a month)": 951.0, "Median gross rent ($ a month) margin": 223.0, "Median home value ($)": 170200.0, "Median home value ($) margin": 52479.0, "Median household income ($ a year)": 38246.0, "Median household income ($ a year) margin": 18513.0, "Survey years": "2020 to 2024", "id": "48473680301"}, "geometry": {"type": "Polygon", "coordinates": [[[-95.992862, 30.072732], [-95.987586, 30.07131], [-95.973692, 30.067939], [-95.968438, 30.066704], [-95.944324, 30.060825], [-95.933894, 30.058318], [-95.933701, 30.046972], [-95.934245, 30.045111], [-95.934913, 30.044238], [-95.936356, 30.043049], [-95.935073, 30.042829], [-95.933721, 30.041999], [-95.9329, 30.040883], [-95.928769, 30.038998], [-95.9282, 30.036167], [-95.928586, 30.035535], [-95.9264, 30.034579], [-95.925554, 30.03315], [-95.925617, 30.032727], [-95.924183, 30.031347], [-95.923722, 30.029924], [-95.92268, 30.029396], [-95.922333, 30.027852], [-95.922649, 30.02706], [-95.920849, 30.026329], [-95.920022, 30.025252], [-95.920654, 30.024532], [-95.919959, 30.023075], [-95.919119, 30.023064], [-95.91821, 30.022185], [-95.918305, 30.021465], [-95.917831, 30.020382], [-95.917092, 30.019744], [-95.916158, 30.017238], [-95.913878, 30.015847], [-95.913171, 30.015814], [-95.912256, 30.015193], [-95.911106, 30.015066], [-95.910645, 30.014484], [-95.909705, 30.014209], [-95.90944, 30.012857], [-95.908284, 30.012757], [-95.907463, 30.012312], [-95.907482, 30.010861], [-95.908664, 30.009081], [-95.907913, 30.007311], [-95.908627, 30.006651], [-95.908198, 30.005371], [-95.90612, 30.004293], [-95.905142, 30.003331], [-95.903841, 30.003583], [-95.902338, 30.002247], [-95.921164, 30.053827], [-95.921407, 30.054529], [-95.921502, 30.064028], [-95.925084, 30.063905], [-95.925109, 30.066354], [-95.924777, 30.066359], [-95.924718, 30.068727], [-95.926563, 30.068683], [-95.928305, 30.073464], [-95.936612, 30.095957], [-95.936721, 30.095871], [-95.934766, 30.090884], [-95.934553, 30.089954], [-95.934505, 30.087813], [-95.934965, 30.087766], [-95.948777, 30.087336], [-95.962665, 30.086934], [-95.965207, 30.086909], [-95.978915, 30.087347], [-95.988928, 30.087902], [-95.996144, 30.087882], [-95.997781, 30.088545], [-95.998028, 30.089337], [-95.998093, 30.091729], [-95.998146, 30.101432], [-95.997734, 30.102245], [-95.999406, 30.102393], [-96.004439, 30.102557], [-96.00428, 30.095985], [-96.003901, 30.092838], [-96.003997, 30.091261], [-96.003821, 30.085349], [-96.004072, 30.084524], [-96.005178, 30.082744], [-96.005294, 30.081767], [-96.005169, 30.07576], [-95.998635, 30.074192], [-95.992862, 30.072732]]]}},
    {"type": "Feature", "properties": {"name": "Census tract 6803.02", "description": "Waller County", "Population": 2357, "Housing units": 976, "Vacant housing units": 74, "Vacancy rate (%)": 7.6, "Median home value ($)": 274100.0, "Median home value ($) margin": 49509.0, "Median household income ($ a year)": 52879.0, "Median household income ($ a year) margin": 36549.0, "Survey years": "2020 to 2024", "id": "48473680302"}, "geometry": {"type": "Polygon", "coordinates": [[[-95.992682, 29.985856], [-95.992637, 29.984331], [-95.992776, 29.977877], [-95.992597, 29.96751], [-95.960043, 29.96782], [-95.959649, 29.966127], [-95.95953, 29.961701], [-95.958608, 29.959543], [-95.958399, 29.958616], [-95.958233, 29.948446], [-95.958013, 29.931774], [-95.926599, 29.932048], [-95.9078, 29.932425], [-95.907863, 29.929615], [-95.906636, 29.929082], [-95.906431, 29.928393], [-95.903978, 29.927324], [-95.900809, 29.927734], [-95.899833, 29.928587], [-95.897362, 29.928959], [-95.895797, 29.928722], [-95.895355, 29.929123], [-95.89292, 29.929216], [-95.891557, 29.928231], [-95.887608, 29.927059], [-95.88769, 29.925988], [-95.88716, 29.925591], [-95.885608, 29.925168], [-95.886101, 29.924366], [-95.885533, 29.923618], [-95.886114, 29.922612], [-95.886191, 29.921447], [-95.883578, 29.921397], [-95.883579, 29.920353], [-95.88151, 29.918302], [-95.881801, 29.91767], [-95.881707, 29.916433], [-95.882629, 29.914493], [-95.879948, 29.913398], [-95.877823, 29.911765], [-95.875799, 29.910445], [-95.874998, 29.909373], [-95.872962, 29.907742], [-95.87025, 29.908029], [-95.86892, 29.908851], [-95.878715, 29.936214], [-95.88765, 29.961091], [-95.888936, 29.96501], [-95.89019, 29.968342], [-95.892215, 29.975632], [-95.893101, 29.977715], [-95.894182, 29.981012], [-95.899476, 29.994603], [-95.902338, 30.002247], [-95.903841, 30.003583], [-95.905142, 30.003331], [-95.90612, 30.004293], [-95.908198, 30.005371], [-95.908627, 30.006651], [-95.907913, 30.007311], [-95.908664, 30.009081], [-95.907482, 30.010861], [-95.907463, 30.012312], [-95.908284, 30.012757], [-95.90944, 30.012857], [-95.909705, 30.014209], [-95.910645, 30.014484], [-95.911106, 30.015066], [-95.912256, 30.015193], [-95.913171, 30.015814], [-95.913878, 30.015847], [-95.916158, 30.017238], [-95.917092, 30.019744], [-95.917831, 30.020382], [-95.918305, 30.021465], [-95.91821, 30.022185], [-95.919119, 30.023064], [-95.919959, 30.023075], [-95.920654, 30.024532], [-95.920022, 30.025252], [-95.920849, 30.026329], [-95.922649, 30.02706], [-95.922333, 30.027852], [-95.92268, 30.029396], [-95.923722, 30.029924], [-95.924183, 30.031347], [-95.925617, 30.032727], [-95.925554, 30.03315], [-95.9264, 30.034579], [-95.928586, 30.035535], [-95.9282, 30.036167], [-95.928769, 30.038998], [-95.9329, 30.040883], [-95.933721, 30.041999], [-95.935073, 30.042829], [-95.936356, 30.043049], [-95.934913, 30.044238], [-95.934245, 30.045111], [-95.933701, 30.046972], [-95.933894, 30.058318], [-95.944324, 30.060825], [-95.968438, 30.066704], [-95.973692, 30.067939], [-95.987586, 30.07131], [-95.992862, 30.072732], [-95.992631, 30.070725], [-95.992599, 30.065563], [-95.992875, 30.063579], [-95.992716, 30.058557], [-95.992045, 30.05684], [-95.990294, 30.055021], [-95.989745, 30.053697], [-95.989643, 30.046831], [-95.990024, 30.045231], [-95.990071, 30.043735], [-95.989779, 30.031898], [-95.989715, 30.027666], [-95.989726, 30.021648], [-95.993315, 30.021629], [-95.993413, 30.021197], [-95.993069, 29.997993], [-95.992682, 29.985856]]]}},
    {"type": "Feature", "properties": {"name": "Census tract 6803.03", "description": "Waller County", "Population": 5421, "Housing units": 1903, "Vacant housing units": 267, "Vacancy rate (%)": 14.0, "Median gross rent ($ a month)": 943.0, "Median gross rent ($ a month) margin": 270.0, "Median home value ($)": 286100.0, "Median home value ($) margin": 79724.0, "Median household income ($ a year)": 73056.0, "Median household income ($ a year) margin": 15726.0, "Survey years": "2020 to 2024", "id": "48473680303"}, "geometry": {"type": "Polygon", "coordinates": [[[-95.992682, 29.985856], [-95.993069, 29.997993], [-95.993413, 30.021197], [-95.993315, 30.021629], [-95.989726, 30.021648], [-95.989715, 30.027666], [-95.989779, 30.031898], [-95.990071, 30.043735], [-95.990024, 30.045231], [-95.989643, 30.046831], [-95.989745, 30.053697], [-95.990294, 30.055021], [-95.992045, 30.05684], [-95.992716, 30.058557], [-95.992875, 30.063579], [-95.992599, 30.065563], [-95.992631, 30.070725], [-95.992862, 30.072732], [-95.998635, 30.074192], [-96.005169, 30.07576], [-96.005294, 30.081767], [-96.005178, 30.082744], [-96.004072, 30.084524], [-96.003821, 30.085349], [-96.003997, 30.091261], [-96.003901, 30.092838], [-96.00428, 30.095985], [-96.004439, 30.102557], [-95.999406, 30.102393], [-95.997734, 30.102245], [-95.996139, 30.102622], [-95.991902, 30.102618], [-95.991009, 30.102851], [-95.990329, 30.103727], [-95.990269, 30.104587], [-95.987248, 30.102979], [-95.986536, 30.101587], [-95.982103, 30.101675], [-95.975648, 30.101921], [-95.967571, 30.102077], [-95.967495, 30.093922], [-95.965311, 30.093843], [-95.965207, 30.086909], [-95.962665, 30.086934], [-95.948777, 30.087336], [-95.934965, 30.087766], [-95.934505, 30.087813], [-95.934553, 30.089954], [-95.934766, 30.090884], [-95.936721, 30.095871], [-95.936612, 30.095957], [-95.947089, 30.124934], [-95.954124, 30.144675], [-95.957384, 30.153719], [-95.960733, 30.163415], [-95.961861, 30.163556], [-95.963171, 30.164455], [-95.967242, 30.164373], [-95.968064, 30.164565], [-95.968778, 30.165241], [-95.969155, 30.173512], [-95.976634, 30.173268], [-95.982382, 30.173741], [-95.983761, 30.173615], [-95.989281, 30.172418], [-95.990053, 30.172037], [-95.990868, 30.171114], [-95.991178, 30.170179], [-95.991121, 30.166082], [-95.991638, 30.164869], [-95.992618, 30.164052], [-95.99563, 30.162702], [-95.99743, 30.162536], [-96.003834, 30.164392], [-96.008616, 30.166335], [-96.010221, 30.167417], [-96.011228, 30.167783], [-96.016725, 30.168235], [-96.025638, 30.171052], [-96.02687, 30.17134], [-96.02847, 30.171284], [-96.031236, 30.170086], [-96.030877, 30.167604], [-96.031212, 30.166626], [-96.031314, 30.164439], [-96.032074, 30.163659], [-96.03375, 30.162511], [-96.034585, 30.160846], [-96.035863, 30.16012], [-96.036609, 30.160351], [-96.039822, 30.159819], [-96.038821, 30.158443], [-96.039095, 30.158286], [-96.040519, 30.156011], [-96.040108, 30.155516], [-96.039241, 30.155813], [-96.037389, 30.154317], [-96.03768, 30.153482], [-96.037231, 30.152361], [-96.038364, 30.150641], [-96.03849, 30.150069], [-96.038067, 30.148508], [-96.039699, 30.147245], [-96.039067, 30.145744], [-96.038112, 30.14592], [-96.037335, 30.143859], [-96.037664, 30.143502], [-96.038675, 30.143898], [-96.040219, 30.143063], [-96.039916, 30.140529], [-96.040226, 30.140161], [-96.042439, 30.13987], [-96.04469, 30.138645], [-96.044481, 30.137776], [-96.043799, 30.13738], [-96.044741, 30.136699], [-96.045386, 30.135644], [-96.044925, 30.134056], [-96.043919, 30.133775], [-96.043502, 30.132923], [-96.043452, 30.131676], [-96.044293, 30.129675], [-96.044173, 30.12912], [-96.046361, 30.127351], [-96.048163, 30.127664], [-96.049693, 30.127082], [-96.049073, 30.126642], [-96.049523, 30.125417], [-96.051438, 30.125351], [-96.05133, 30.124793], [-96.052765, 30.124277], [-96.05427, 30.124134], [-96.054827, 30.12298], [-96.054087, 30.122073], [-96.054574, 30.120243], [-96.055877, 30.119864], [-96.056541, 30.118979], [-96.057148, 30.117446], [-96.057148, 30.116078], [-96.056592, 30.11538], [-96.055922, 30.115528], [-96.055492, 30.114967], [-96.054879, 30.115148], [-96.054259, 30.114022], [-96.053463, 30.113692], [-96.053558, 30.112868], [-96.054304, 30.110686], [-96.053185, 30.110367], [-96.052965, 30.108152], [-96.05227, 30.106772], [-96.053161, 30.103876], [-96.053408, 30.103612], [-96.051752, 30.102398], [-96.051114, 30.101447], [-96.050039, 30.101144], [-96.048997, 30.099221], [-96.04992, 30.097929], [-96.04956, 30.096006], [-96.048897, 30.095214], [-96.047374, 30.095], [-96.046893, 30.094049], [-96.04668, 30.090311], [-96.046724, 30.088778], [-96.047085, 30.087783], [-96.047098, 30.086118], [-96.048488, 30.084755], [-96.048071, 30.08386], [-96.048293, 30.082777], [-96.047377, 30.082233], [-96.046783, 30.08132], [-96.047181, 30.079952], [-96.048711, 30.079501], [-96.050449, 30.078271], [-96.051207, 30.076292], [-96.053312, 30.075556], [-96.054607, 30.076122], [-96.055902, 30.076183], [-96.056395, 30.075375], [-96.05637, 30.074611], [-96.054241, 30.071632], [-96.053578, 30.071049], [-96.053123, 30.069884], [-96.052302, 30.06967], [-96.05095, 30.066647], [-96.050957, 30.064218], [-96.051298, 30.06258], [-96.050837, 30.062003], [-96.051924, 30.059717], [-96.051899, 30.059057], [-96.052872, 30.058348], [-96.0531, 30.05765], [-96.05545, 30.057255], [-96.057636, 30.055903], [-96.058299, 30.054436], [-96.059114, 30.053666], [-96.059494, 30.051666], [-96.059879, 30.050671], [-96.059538, 30.049473], [-96.060435, 30.048704], [-96.060871, 30.047627], [-96.060416, 30.046659], [-96.060713, 30.045087], [-96.061231, 30.044593], [-96.061175, 30.042796], [-96.060549, 30.042251], [-96.059608, 30.039701], [-96.059678, 30.038926], [-96.06024, 30.03847], [-96.060651, 30.036843], [-96.059912, 30.033705], [-96.059571, 30.033238], [-96.059956, 30.032128], [-96.059767, 30.031628], [-96.060392, 30.029875], [-96.060297, 30.029028], [-96.060702, 30.028396], [-96.060146, 30.027044], [-96.060645, 30.02545], [-96.059647, 30.025], [-96.05966, 30.024021], [-96.058106, 30.02301], [-96.057569, 30.0224], [-96.056426, 30.022427], [-96.056047, 30.021521], [-96.056414, 30.020949], [-96.056995, 30.018322], [-96.059736, 30.01608], [-96.0605, 30.014865], [-96.060765, 30.012238], [-96.061599, 30.012288], [-96.061927, 30.011425], [-96.061567, 30.00921], [-96.062685, 30.008375], [-96.064668, 30.007715], [-96.066569, 30.006621], [-96.065988, 30.005049], [-96.065148, 30.005121], [-96.062588, 30.002948], [-96.061601, 29.998346], [-96.061171, 29.998254], [-96.057216, 29.998957], [-96.052131, 29.999414], [-96.051741, 29.999733], [-96.052471, 30.00297], [-96.05146, 30.003573], [-96.036097, 30.006208], [-96.036231, 30.010175], [-96.023897, 30.01043], [-96.018464, 29.985512], [-96.001275, 29.985765], [-95.992682, 29.985856]]]}},
    {"type": "Feature", "properties": {"name": "Census tract 6805.01", "description": "Waller County", "Population": 5872, "Housing units": 2075, "Vacant housing units": 163, "Vacancy rate (%)": 7.9, "Median gross rent ($ a month)": 1267.0, "Median gross rent ($ a month) margin": 248.0, "Median home value ($)": 234000.0, "Median home value ($) margin": 60277.0, "Median household income ($ a year)": 60678.0, "Median household income ($ a year) margin": 5140.0, "Survey years": "2020 to 2024", "id": "48473680501"}, "geometry": {"type": "Polygon", "coordinates": [[[-96.113319, 29.915301], [-96.109755, 29.915937], [-96.106475, 29.915958], [-96.073273, 29.912286], [-96.071734, 29.912195], [-96.05606, 29.91243], [-96.054329, 29.912857], [-96.05271, 29.914133], [-96.050921, 29.914889], [-96.036573, 29.915219], [-96.035087, 29.915761], [-96.033399, 29.917014], [-96.032059, 29.917411], [-96.023275, 29.91764], [-96.02717, 29.92709], [-96.032661, 29.940605], [-96.019556, 29.940785], [-96.010752, 29.940864], [-96.010981, 29.947339], [-95.994488, 29.94757], [-95.994013, 29.946968], [-95.993901, 29.931903], [-95.993588, 29.931681], [-95.980955, 29.931845], [-95.975132, 29.931864], [-95.97352, 29.931635], [-95.958013, 29.931774], [-95.958233, 29.948446], [-95.958399, 29.958616], [-95.958608, 29.959543], [-95.95953, 29.961701], [-95.959649, 29.966127], [-95.960043, 29.96782], [-95.992597, 29.96751], [-95.992776, 29.977877], [-95.992637, 29.984331], [-95.992682, 29.985856], [-96.001275, 29.985765], [-96.018464, 29.985512], [-96.023897, 30.01043], [-96.036231, 30.010175], [-96.036097, 30.006208], [-96.05146, 30.003573], [-96.052471, 30.00297], [-96.051741, 29.999733], [-96.052131, 29.999414], [-96.057216, 29.998957], [-96.061171, 29.998254], [-96.061601, 29.998346], [-96.062588, 30.002948], [-96.065148, 30.005121], [-96.065988, 30.005049], [-96.066569, 30.006621], [-96.064668, 30.007715], [-96.062685, 30.008375], [-96.061567, 30.00921], [-96.061927, 30.011425], [-96.061599, 30.012288], [-96.060765, 30.012238], [-96.0605, 30.014865], [-96.059736, 30.01608], [-96.056995, 30.018322], [-96.056414, 30.020949], [-96.056047, 30.021521], [-96.056426, 30.022427], [-96.057569, 30.0224], [-96.058106, 30.02301], [-96.05966, 30.024021], [-96.059647, 30.025], [-96.060645, 30.02545], [-96.060146, 30.027044], [-96.060702, 30.028396], [-96.060297, 30.029028], [-96.060392, 30.029875], [-96.059767, 30.031628], [-96.059956, 30.032128], [-96.059571, 30.033238], [-96.059912, 30.033705], [-96.060651, 30.036843], [-96.06024, 30.03847], [-96.059678, 30.038926], [-96.059608, 30.039701], [-96.060549, 30.042251], [-96.061175, 30.042796], [-96.061231, 30.044593], [-96.060713, 30.045087], [-96.060416, 30.046659], [-96.060871, 30.047627], [-96.060435, 30.048704], [-96.059538, 30.049473], [-96.059879, 30.050671], [-96.059494, 30.051666], [-96.059114, 30.053666], [-96.058299, 30.054436], [-96.057636, 30.055903], [-96.05545, 30.057255], [-96.0531, 30.05765], [-96.052872, 30.058348], [-96.051899, 30.059057], [-96.051924, 30.059717], [-96.050837, 30.062003], [-96.051298, 30.06258], [-96.050957, 30.064218], [-96.05095, 30.066647], [-96.052302, 30.06967], [-96.053123, 30.069884], [-96.053578, 30.071049], [-96.054241, 30.071632], [-96.05637, 30.074611], [-96.056395, 30.075375], [-96.055902, 30.076183], [-96.054607, 30.076122], [-96.053312, 30.075556], [-96.051207, 30.076292], [-96.050449, 30.078271], [-96.048711, 30.079501], [-96.047181, 30.079952], [-96.046783, 30.08132], [-96.047377, 30.082233], [-96.048293, 30.082777], [-96.048071, 30.08386], [-96.048488, 30.084755], [-96.047098, 30.086118], [-96.047085, 30.087783], [-96.046724, 30.088778], [-96.04668, 30.090311], [-96.046893, 30.094049], [-96.047374, 30.095], [-96.048897, 30.095214], [-96.04956, 30.096006], [-96.04992, 30.097929], [-96.048997, 30.099221], [-96.050039, 30.101144], [-96.051114, 30.101447], [-96.051752, 30.102398], [-96.053408, 30.103612], [-96.053161, 30.103876], [-96.054647, 30.104662], [-96.054855, 30.106405], [-96.054286, 30.107674], [-96.055013, 30.108284], [-96.055543, 30.109515], [-96.056352, 30.109768], [-96.05768, 30.109543], [-96.058578, 30.10868], [-96.059513, 30.109049], [-96.060386, 30.10862], [-96.060474, 30.109032], [-96.062636, 30.108955], [-96.063445, 30.109263], [-96.062522, 30.11039], [-96.063622, 30.111302], [-96.064102, 30.112198], [-96.06481, 30.112511], [-96.064892, 30.113363], [-96.073688, 30.114234], [-96.076069, 30.114597], [-96.080546, 30.115556], [-96.081961, 30.109123], [-96.081966, 30.107423], [-96.080311, 30.102952], [-96.079591, 30.100691], [-96.079706, 30.097445], [-96.082139, 30.097529], [-96.082826, 30.082933], [-96.08341, 30.081205], [-96.084124, 30.080116], [-96.093579, 30.070654], [-96.103125, 30.059998], [-96.105136, 30.05737], [-96.105864, 30.055204], [-96.10652, 30.048608], [-96.107189, 30.046707], [-96.108336, 30.045401], [-96.110391, 30.043725], [-96.109598, 30.042515], [-96.107465, 30.038618], [-96.107057, 30.036149], [-96.107229, 30.034719], [-96.107711, 30.033252], [-96.10867, 30.032001], [-96.112839, 30.029533], [-96.113289, 30.029028], [-96.113221, 30.026997], [-96.112075, 30.026097], [-96.110728, 30.025836], [-96.108343, 30.02485], [-96.104686, 30.025138], [-96.102974, 30.025694], [-96.099917, 30.028152], [-96.097505, 30.027975], [-96.095841, 30.026945], [-96.09471, 30.025384], [-96.093624, 30.022352], [-96.092166, 30.017908], [-96.090517, 30.014038], [-96.088384, 30.01074], [-96.085186, 30.006201], [-96.084541, 30.005137], [-96.084584, 30.002846], [-96.084815, 30.001863], [-96.086286, 29.999945], [-96.089223, 29.998602], [-96.091567, 29.998218], [-96.093613, 29.999401], [-96.09634, 30.001772], [-96.098439, 30.004047], [-96.099689, 30.004296], [-96.101549, 30.003733], [-96.102696, 30.000222], [-96.104516, 29.996378], [-96.103394, 29.993753], [-96.102961, 29.989649], [-96.101985, 29.986554], [-96.100301, 29.98381], [-96.096721, 29.979482], [-96.095703, 29.978139], [-96.09598, 29.976699], [-96.097455, 29.97485], [-96.100402, 29.971641], [-96.102883, 29.967761], [-96.102898, 29.967178], [-96.101147, 29.966222], [-96.098037, 29.965116], [-96.094663, 29.964305], [-96.093031, 29.96324], [-96.092768, 29.961488], [-96.094946, 29.95982], [-96.096907, 29.95984], [-96.099041, 29.961104], [-96.103498, 29.961354], [-96.103937, 29.959999], [-96.105258, 29.959172], [-96.107692, 29.959325], [-96.109192, 29.960177], [-96.111026, 29.961737], [-96.114414, 29.962494], [-96.117277, 29.964588], [-96.120145, 29.967099], [-96.122754, 29.968545], [-96.124242, 29.968113], [-96.125572, 29.966337], [-96.126038, 29.964969], [-96.125954, 29.963824], [-96.124488, 29.960398], [-96.124131, 29.958962], [-96.121774, 29.956518], [-96.11946, 29.955017], [-96.118002, 29.954913], [-96.114135, 29.955552], [-96.109344, 29.955892], [-96.106352, 29.9555], [-96.103751, 29.952402], [-96.103068, 29.949687], [-96.103657, 29.948172], [-96.103508, 29.94659], [-96.100796, 29.943526], [-96.101373, 29.941409], [-96.103116, 29.940432], [-96.106618, 29.940267], [-96.108436, 29.94063], [-96.113066, 29.943136], [-96.11373, 29.943876], [-96.114142, 29.944954], [-96.115588, 29.946482], [-96.121487, 29.949189], [-96.122905, 29.949026], [-96.124271, 29.947956], [-96.125502, 29.944941], [-96.127549, 29.942485], [-96.130575, 29.939565], [-96.13165, 29.937504], [-96.131582, 29.934962], [-96.131192, 29.933734], [-96.130053, 29.932438], [-96.128555, 29.931459], [-96.125248, 29.930456], [-96.122645, 29.929211], [-96.119676, 29.928454], [-96.118987, 29.927488], [-96.116317, 29.921206], [-96.113357, 29.915565], [-96.113319, 29.915301]]]}},
    {"type": "Feature", "properties": {"name": "Census tract 6805.02", "description": "Waller County", "Population": 4218, "Housing units": 1568, "Vacant housing units": 299, "Vacancy rate (%)": 19.1, "Median gross rent ($ a month)": 987.0, "Median gross rent ($ a month) margin": 314.0, "Median home value ($)": 269200.0, "Median home value ($) margin": 46521.0, "Median household income ($ a year)": 73964.0, "Median household income ($ a year) margin": 6891.0, "Survey years": "2020 to 2024", "id": "48473680502"}, "geometry": {"type": "Polygon", "coordinates": [[[-96.146052, 30.070224], [-96.14525, 30.069608], [-96.144202, 30.067827], [-96.144144, 30.066889], [-96.14499, 30.066642], [-96.146262, 30.0658], [-96.146441, 30.064486], [-96.144778, 30.062701], [-96.144115, 30.061466], [-96.143526, 30.061175], [-96.140629, 30.058225], [-96.138949, 30.056939], [-96.137, 30.056083], [-96.134689, 30.055356], [-96.129918, 30.054273], [-96.126748, 30.0533], [-96.125132, 30.052617], [-96.121833, 30.050876], [-96.117214, 30.050126], [-96.11593, 30.04962], [-96.114671, 30.048808], [-96.11205, 30.046258], [-96.110391, 30.043725], [-96.108336, 30.045401], [-96.107189, 30.046707], [-96.10652, 30.048608], [-96.105864, 30.055204], [-96.105136, 30.05737], [-96.103125, 30.059998], [-96.093579, 30.070654], [-96.084124, 30.080116], [-96.08341, 30.081205], [-96.082826, 30.082933], [-96.082139, 30.097529], [-96.079706, 30.097445], [-96.079591, 30.100691], [-96.080311, 30.102952], [-96.081966, 30.107423], [-96.081961, 30.109123], [-96.080546, 30.115556], [-96.076069, 30.114597], [-96.073688, 30.114234], [-96.064892, 30.113363], [-96.06481, 30.112511], [-96.064102, 30.112198], [-96.063622, 30.111302], [-96.062522, 30.11039], [-96.063445, 30.109263], [-96.062636, 30.108955], [-96.060474, 30.109032], [-96.060386, 30.10862], [-96.059513, 30.109049], [-96.058578, 30.10868], [-96.05768, 30.109543], [-96.056352, 30.109768], [-96.055543, 30.109515], [-96.055013, 30.108284], [-96.054286, 30.107674], [-96.054855, 30.106405], [-96.054647, 30.104662], [-96.053161, 30.103876], [-96.05227, 30.106772], [-96.052965, 30.108152], [-96.053185, 30.110367], [-96.054304, 30.110686], [-96.053558, 30.112868], [-96.053463, 30.113692], [-96.054259, 30.114022], [-96.054879, 30.115148], [-96.055492, 30.114967], [-96.055922, 30.115528], [-96.056592, 30.11538], [-96.057148, 30.116078], [-96.057148, 30.117446], [-96.056541, 30.118979], [-96.055877, 30.119864], [-96.054574, 30.120243], [-96.054087, 30.122073], [-96.054827, 30.12298], [-96.05427, 30.124134], [-96.052765, 30.124277], [-96.05133, 30.124793], [-96.051438, 30.125351], [-96.049523, 30.125417], [-96.049073, 30.126642], [-96.049693, 30.127082], [-96.048163, 30.127664], [-96.046361, 30.127351], [-96.044173, 30.12912], [-96.044293, 30.129675], [-96.043452, 30.131676], [-96.043502, 30.132923], [-96.043919, 30.133775], [-96.044925, 30.134056], [-96.045386, 30.135644], [-96.044741, 30.136699], [-96.043799, 30.13738], [-96.044481, 30.137776], [-96.04469, 30.138645], [-96.042439, 30.13987], [-96.040226, 30.140161], [-96.039916, 30.140529], [-96.040219, 30.143063], [-96.038675, 30.143898], [-96.037664, 30.143502], [-96.037335, 30.143859], [-96.038112, 30.14592], [-96.039067, 30.145744], [-96.039699, 30.147245], [-96.038067, 30.148508], [-96.03849, 30.150069], [-96.038364, 30.150641], [-96.037231, 30.152361], [-96.03768, 30.153482], [-96.037389, 30.154317], [-96.039241, 30.155813], [-96.040108, 30.155516], [-96.040519, 30.156011], [-96.039095, 30.158286], [-96.038821, 30.158443], [-96.039822, 30.159819], [-96.036609, 30.160351], [-96.035863, 30.16012], [-96.034585, 30.160846], [-96.03375, 30.162511], [-96.032074, 30.163659], [-96.031314, 30.164439], [-96.031212, 30.166626], [-96.030877, 30.167604], [-96.031236, 30.170086], [-96.02847, 30.171284], [-96.02687, 30.17134], [-96.025638, 30.171052], [-96.016725, 30.168235], [-96.011228, 30.167783], [-96.010221, 30.167417], [-96.008616, 30.166335], [-96.003834, 30.164392], [-95.99743, 30.162536], [-95.99563, 30.162702], [-95.992618, 30.164052], [-95.991638, 30.164869], [-95.991121, 30.166082], [-95.991178, 30.170179], [-95.990868, 30.171114], [-95.990053, 30.172037], [-95.989281, 30.172418], [-95.983761, 30.173615], [-95.982382, 30.173741], [-95.976634, 30.173268], [-95.969155, 30.173512], [-95.969183, 30.175306], [-95.969689, 30.188597], [-95.969508, 30.19193], [-95.96906, 30.193801], [-95.968973, 30.195336], [-95.969154, 30.202676], [-95.969037, 30.204282], [-95.968214, 30.204773], [-95.962886, 30.205021], [-95.962543, 30.205489], [-95.962759, 30.215867], [-95.96258, 30.216213], [-95.960725, 30.215375], [-95.954076, 30.215381], [-95.953126, 30.215253], [-95.951222, 30.21431], [-95.949162, 30.213895], [-95.941289, 30.214079], [-95.941547, 30.222243], [-95.941804, 30.223627], [-95.942565, 30.225259], [-95.943552, 30.226733], [-95.948512, 30.233579], [-95.950301, 30.236905], [-95.950349, 30.236906], [-95.953773, 30.236964], [-95.993538, 30.234418], [-95.99633, 30.234178], [-96.000233, 30.234015], [-96.011343, 30.233304], [-96.046542, 30.231267], [-96.056904, 30.230733], [-96.069319, 30.229964], [-96.072849, 30.229491], [-96.079741, 30.229215], [-96.088941, 30.228718], [-96.08991, 30.227433], [-96.091453, 30.225994], [-96.092309, 30.225591], [-96.093165, 30.225187], [-96.092662, 30.22364], [-96.092742, 30.22202], [-96.093122, 30.220447], [-96.094966, 30.217756], [-96.096706, 30.214872], [-96.097435, 30.214472], [-96.098936, 30.214525], [-96.101017, 30.215674], [-96.103384, 30.216572], [-96.109406, 30.219914], [-96.109841, 30.220935], [-96.110982, 30.222315], [-96.113704, 30.227203], [-96.114778, 30.227898], [-96.115929, 30.227881], [-96.117159, 30.227275], [-96.118018, 30.224212], [-96.11916, 30.222726], [-96.125236, 30.215185], [-96.126063, 30.213911], [-96.128228, 30.211605], [-96.130107, 30.210755], [-96.133983, 30.210557], [-96.136315, 30.210806], [-96.138157, 30.211347], [-96.14019, 30.212224], [-96.14188, 30.213879], [-96.143531, 30.216809], [-96.145075, 30.218566], [-96.146482, 30.218425], [-96.147428, 30.217976], [-96.148454, 30.216578], [-96.149463, 30.214544], [-96.149885, 30.213024], [-96.151551, 30.211525], [-96.153569, 30.210107], [-96.157023, 30.207902], [-96.157265, 30.207258], [-96.15901, 30.206613], [-96.158998, 30.205454], [-96.15933, 30.203402], [-96.159071, 30.201297], [-96.158282, 30.199219], [-96.158634, 30.197155], [-96.159094, 30.195859], [-96.159059, 30.194335], [-96.158482, 30.192633], [-96.157092, 30.190498], [-96.157017, 30.189124], [-96.157264, 30.188105], [-96.158524, 30.18585], [-96.159775, 30.18318], [-96.159962, 30.182109], [-96.159231, 30.180413], [-96.156628, 30.17888], [-96.154562, 30.177124], [-96.154927, 30.175502], [-96.1552, 30.173161], [-96.156841, 30.171299], [-96.160912, 30.168559], [-96.161824, 30.166032], [-96.162006, 30.164915], [-96.161368, 30.163425], [-96.160031, 30.161829], [-96.157327, 30.160632], [-96.153408, 30.159488], [-96.15299, 30.158653], [-96.151554, 30.15744], [-96.150126, 30.155445], [-96.150005, 30.154274], [-96.1504, 30.152066], [-96.151129, 30.149912], [-96.150929, 30.147648], [-96.151082, 30.146851], [-96.152527, 30.143128], [-96.153529, 30.141958], [-96.154866, 30.141373], [-96.156932, 30.141399], [-96.158846, 30.142144], [-96.160639, 30.143128], [-96.162827, 30.144858], [-96.164502, 30.146572], [-96.168448, 30.149167], [-96.170271, 30.150124], [-96.172609, 30.151602], [-96.174736, 30.153669], [-96.176289, 30.154821], [-96.177646, 30.155543], [-96.178729, 30.155804], [-96.180662, 30.155684], [-96.182546, 30.153982], [-96.183214, 30.152439], [-96.183153, 30.15071], [-96.181877, 30.148129], [-96.180323, 30.146533], [-96.178231, 30.144991], [-96.174585, 30.14366], [-96.171942, 30.14116], [-96.17176, 30.13983], [-96.17261, 30.138633], [-96.174403, 30.137755], [-96.175922, 30.137728], [-96.179052, 30.138819], [-96.181827, 30.140903], [-96.183568, 30.141425], [-96.186131, 30.141931], [-96.187802, 30.141692], [-96.190172, 30.140202], [-96.191782, 30.13842], [-96.192208, 30.136664], [-96.191418, 30.134669], [-96.190081, 30.133818], [-96.188288, 30.132011], [-96.18703, 30.12904], [-96.186368, 30.128147], [-96.18458, 30.126566], [-96.182446, 30.125217], [-96.179872, 30.122992], [-96.1789, 30.120943], [-96.178687, 30.119773], [-96.178869, 30.118443], [-96.179811, 30.117352], [-96.180844, 30.11706], [-96.183002, 30.117086], [-96.187418, 30.118594], [-96.189761, 30.118481], [-96.191235, 30.117577], [-96.191658, 30.116687], [-96.191708, 30.115235], [-96.191099, 30.113872], [-96.188653, 30.110463], [-96.187498, 30.109638], [-96.186101, 30.109266], [-96.183548, 30.109212], [-96.179143, 30.110941], [-96.175046, 30.112435], [-96.173873, 30.111322], [-96.17261, 30.110755], [-96.171456, 30.109345], [-96.171425, 30.108095], [-96.172337, 30.106286], [-96.174099, 30.103812], [-96.17466, 30.102702], [-96.173643, 30.100035], [-96.172823, 30.099343], [-96.171304, 30.098891], [-96.169936, 30.098785], [-96.168144, 30.098998], [-96.166078, 30.099875], [-96.164285, 30.101152], [-96.162371, 30.103467], [-96.161064, 30.106818], [-96.160271, 30.108066], [-96.157661, 30.108547], [-96.154988, 30.108521], [-96.153985, 30.107989], [-96.153347, 30.107217], [-96.152496, 30.104211], [-96.152557, 30.102535], [-96.153408, 30.101365], [-96.156173, 30.098838], [-96.157661, 30.098306], [-96.158998, 30.097029], [-96.159393, 30.095726], [-96.159241, 30.094103], [-96.158421, 30.091709], [-96.156142, 30.088942], [-96.15435, 30.086522], [-96.153438, 30.08575], [-96.152071, 30.085032], [-96.15046, 30.084713], [-96.146359, 30.085059], [-96.145326, 30.085245], [-96.143502, 30.084979], [-96.142287, 30.084234], [-96.141649, 30.083197], [-96.141193, 30.081175], [-96.141315, 30.078807], [-96.14092, 30.076839], [-96.139674, 30.075562], [-96.137031, 30.074312], [-96.135379, 30.073242], [-96.134904, 30.07229], [-96.13378, 30.07096], [-96.133567, 30.068965], [-96.134661, 30.067529], [-96.137, 30.066997], [-96.140599, 30.069255], [-96.142858, 30.070942], [-96.144803, 30.073325], [-96.146294, 30.074946], [-96.147825, 30.076037], [-96.149129, 30.076632], [-96.151247, 30.076396], [-96.151878, 30.075161], [-96.151305, 30.073445], [-96.150005, 30.071726], [-96.147922, 30.071153], [-96.146052, 30.070224]]]}},
    {"type": "Feature", "properties": {"name": "Census tract 6806.01", "description": "Waller County", "Population": 2982, "Housing units": 1039, "Vacant housing units": 53, "Vacancy rate (%)": 5.1, "Median gross rent ($ a month)": 1038.0, "Median gross rent ($ a month) margin": 489.0, "Median home value ($)": 461900.0, "Median home value ($) margin": 58183.0, "Median household income ($ a year)": 129615.0, "Median household income ($ a year) margin": 75512.0, "Survey years": "2020 to 2024", "id": "48473680601"}, "geometry": {"type": "Polygon", "coordinates": [[[-95.944645, 30.148314], [-95.942588, 30.147055], [-95.941071, 30.145802], [-95.940559, 30.145703], [-95.940856, 30.144334], [-95.93973, 30.143944], [-95.938446, 30.144527], [-95.937726, 30.14529], [-95.935614, 30.144098], [-95.934646, 30.144752], [-95.932287, 30.143268], [-95.931478, 30.144455], [-95.929056, 30.144175], [-95.926596, 30.141558], [-95.924421, 30.142416], [-95.924017, 30.141157], [-95.924548, 30.139651], [-95.923555, 30.13864], [-95.921766, 30.138744], [-95.921981, 30.136672], [-95.921317, 30.135864], [-95.920173, 30.13526], [-95.919003, 30.135391], [-95.918826, 30.134188], [-95.917284, 30.133583], [-95.917398, 30.132753], [-95.915514, 30.130927], [-95.915102, 30.13113], [-95.912731, 30.131141], [-95.911612, 30.129794], [-95.911056, 30.12953], [-95.911082, 30.128107], [-95.910134, 30.128085], [-95.909236, 30.127502], [-95.907138, 30.126825], [-95.905361, 30.127507], [-95.904748, 30.126891], [-95.904792, 30.126083], [-95.904034, 30.125808], [-95.902473, 30.124687], [-95.902309, 30.123214], [-95.899331, 30.122532], [-95.899413, 30.121219], [-95.898459, 30.120923], [-95.897877, 30.122143], [-95.897005, 30.122692], [-95.895544, 30.122258], [-95.894931, 30.121675], [-95.894881, 30.120845], [-95.893787, 30.120224], [-95.892264, 30.120163], [-95.890804, 30.119019], [-95.889369, 30.119167], [-95.889817, 30.120245], [-95.888369, 30.120228], [-95.887788, 30.119909], [-95.886991, 30.120887], [-95.886561, 30.120914], [-95.885152, 30.119776], [-95.883116, 30.119775], [-95.882584, 30.120957], [-95.881768, 30.121902], [-95.881452, 30.123105], [-95.880693, 30.123177], [-95.879701, 30.12178], [-95.879581, 30.12089], [-95.878728, 30.120356], [-95.875718, 30.120894], [-95.874053, 30.122225], [-95.872162, 30.120593], [-95.872212, 30.119626], [-95.872692, 30.119527], [-95.872786, 30.118548], [-95.872324, 30.117955], [-95.870181, 30.117978], [-95.868284, 30.117413], [-95.868201, 30.116077], [-95.86851, 30.115671], [-95.866974, 30.11471], [-95.865417, 30.114293], [-95.86343, 30.112534], [-95.862547, 30.11145], [-95.862457, 30.110697], [-95.863419, 30.110231], [-95.863115, 30.106972], [-95.861927, 30.105608], [-95.860024, 30.105269], [-95.857702, 30.104602], [-95.857186, 30.104224], [-95.856902, 30.101798], [-95.856277, 30.102046], [-95.85445, 30.101684], [-95.850569, 30.102092], [-95.850088, 30.100883], [-95.849417, 30.100245], [-95.848684, 30.100147], [-95.846649, 30.100499], [-95.84632, 30.100054], [-95.84594, 30.0979], [-95.846098, 30.097471], [-95.845029, 30.096718], [-95.84391, 30.09657], [-95.842747, 30.094834], [-95.842992, 30.092619], [-95.843763, 30.091404], [-95.844741, 30.088914], [-95.8439, 30.087194], [-95.842301, 30.086128], [-95.839135, 30.084511], [-95.839162, 30.08357], [-95.838621, 30.083089], [-95.837421, 30.083249], [-95.836391, 30.083739], [-95.834653, 30.084179], [-95.833831, 30.08491], [-95.832637, 30.084954], [-95.831942, 30.08435], [-95.830861, 30.084383], [-95.830096, 30.083943], [-95.830039, 30.083031], [-95.829337, 30.082163], [-95.82849, 30.081734], [-95.828016, 30.082014], [-95.824351, 30.082444], [-95.822019, 30.082213], [-95.820357, 30.08301], [-95.81927, 30.083087], [-95.818176, 30.082192], [-95.817045, 30.081779], [-95.81647, 30.08262], [-95.816533, 30.083764], [-95.816249, 30.084912], [-95.815779, 30.085322], [-95.814395, 30.084687], [-95.812285, 30.084323], [-95.811518, 30.084958], [-95.8096, 30.085314], [-95.809139, 30.085853], [-95.809088, 30.086974], [-95.809619, 30.087837], [-95.809139, 30.088442], [-95.805637, 30.089799], [-95.80333, 30.090096], [-95.803683, 30.113801], [-95.803668, 30.121185], [-95.803781, 30.132479], [-95.803807, 30.143716], [-95.805248, 30.143825], [-95.805567, 30.142604], [-95.807076, 30.140666], [-95.808293, 30.141538], [-95.808438, 30.142715], [-95.807812, 30.143138], [-95.809127, 30.144397], [-95.809621, 30.145397], [-95.810696, 30.145479], [-95.81184, 30.146282], [-95.812764, 30.147519], [-95.813975, 30.147859], [-95.814895, 30.147521], [-95.817804, 30.147468], [-95.823586, 30.147532], [-95.8282, 30.147363], [-95.828668, 30.147545], [-95.828801, 30.151758], [-95.829345, 30.152115], [-95.835074, 30.152093], [-95.836571, 30.152948], [-95.840053, 30.15284], [-95.843766, 30.152885], [-95.84554, 30.153483], [-95.850864, 30.153563], [-95.854614, 30.153489], [-95.856044, 30.153258], [-95.863053, 30.153055], [-95.863385, 30.153664], [-95.864492, 30.153943], [-95.865618, 30.155366], [-95.867016, 30.155789], [-95.868016, 30.156816], [-95.869522, 30.157206], [-95.869883, 30.158289], [-95.870794, 30.158964], [-95.870801, 30.160157], [-95.871244, 30.160838], [-95.872377, 30.161404], [-95.873623, 30.161304], [-95.874998, 30.161693], [-95.876566, 30.162617], [-95.878089, 30.164377], [-95.879512, 30.164801], [-95.88132, 30.165659], [-95.88198, 30.165644], [-95.883208, 30.166489], [-95.885494, 30.164214], [-95.886752, 30.163157], [-95.889243, 30.162315], [-95.898332, 30.162093], [-95.900384, 30.162277], [-95.904964, 30.163216], [-95.911954, 30.163184], [-95.917969, 30.163273], [-95.91877, 30.163398], [-95.923268, 30.164687], [-95.924968, 30.164753], [-95.929989, 30.16467], [-95.933966, 30.164934], [-95.938516, 30.164823], [-95.939842, 30.163995], [-95.940014, 30.162907], [-95.939679, 30.154708], [-95.939651, 30.152746], [-95.940536, 30.15141], [-95.944645, 30.148314]]]}},
    {"type": "Feature", "properties": {"name": "Census tract 6806.02", "description": "Waller County", "Population": 6292, "Housing units": 2260, "Vacant housing units": 172, "Vacancy rate (%)": 7.6, "Median gross rent ($ a month)": 1816.0, "Median gross rent ($ a month) margin": 262.0, "Median home value ($)": 358200.0, "Median home value ($) margin": 45915.0, "Median household income ($ a year)": 92153.0, "Median household income ($ a year) margin": 19543.0, "Survey years": "2020 to 2024", "id": "48473680602"}, "geometry": {"type": "Polygon", "coordinates": [[[-95.969155, 30.173512], [-95.968778, 30.165241], [-95.968064, 30.164565], [-95.967242, 30.164373], [-95.963171, 30.164455], [-95.961861, 30.163556], [-95.960733, 30.163415], [-95.95911, 30.163243], [-95.957971, 30.162122], [-95.957085, 30.161987], [-95.955819, 30.161265], [-95.955567, 30.160457], [-95.954574, 30.15965], [-95.954397, 30.158545], [-95.953644, 30.158012], [-95.952792, 30.158238], [-95.95286, 30.157485], [-95.951842, 30.156386], [-95.950735, 30.15599], [-95.949875, 30.156111], [-95.949691, 30.155479], [-95.948281, 30.15521], [-95.946706, 30.15377], [-95.947104, 30.153138], [-95.945827, 30.151962], [-95.945808, 30.151127], [-95.945188, 30.150489], [-95.945485, 30.149198], [-95.944645, 30.148314], [-95.940536, 30.15141], [-95.939651, 30.152746], [-95.939679, 30.154708], [-95.940014, 30.162907], [-95.939842, 30.163995], [-95.938516, 30.164823], [-95.933966, 30.164934], [-95.929989, 30.16467], [-95.924968, 30.164753], [-95.923268, 30.164687], [-95.91877, 30.163398], [-95.917969, 30.163273], [-95.911954, 30.163184], [-95.904964, 30.163216], [-95.900384, 30.162277], [-95.898332, 30.162093], [-95.889243, 30.162315], [-95.886752, 30.163157], [-95.885494, 30.164214], [-95.883208, 30.166489], [-95.88198, 30.165644], [-95.88132, 30.165659], [-95.879512, 30.164801], [-95.878089, 30.164377], [-95.876566, 30.162617], [-95.874998, 30.161693], [-95.873623, 30.161304], [-95.872377, 30.161404], [-95.871244, 30.160838], [-95.870801, 30.160157], [-95.870794, 30.158964], [-95.869883, 30.158289], [-95.869522, 30.157206], [-95.868016, 30.156816], [-95.867016, 30.155789], [-95.865618, 30.155366], [-95.864492, 30.153943], [-95.863385, 30.153664], [-95.863053, 30.153055], [-95.856044, 30.153258], [-95.854614, 30.153489], [-95.850864, 30.153563], [-95.84554, 30.153483], [-95.843766, 30.152885], [-95.840053, 30.15284], [-95.836571, 30.152948], [-95.835074, 30.152093], [-95.829345, 30.152115], [-95.828801, 30.151758], [-95.828668, 30.147545], [-95.8282, 30.147363], [-95.823586, 30.147532], [-95.817804, 30.147468], [-95.814895, 30.147521], [-95.813975, 30.147859], [-95.812764, 30.147519], [-95.81184, 30.146282], [-95.810696, 30.145479], [-95.809621, 30.145397], [-95.809127, 30.144397], [-95.807812, 30.143138], [-95.808438, 30.142715], [-95.808293, 30.141538], [-95.807076, 30.140666], [-95.805567, 30.142604], [-95.805248, 30.143825], [-95.803807, 30.143716], [-95.803886, 30.178692], [-95.804002, 30.189759], [-95.803949, 30.19336], [-95.804123, 30.226119], [-95.804077, 30.226643], [-95.804306, 30.24557], [-95.805054, 30.245632], [-95.814501, 30.24484], [-95.821199, 30.24475], [-95.828423, 30.244233], [-95.842138, 30.243445], [-95.8521, 30.242456], [-95.86731, 30.241454], [-95.879497, 30.24053], [-95.890156, 30.239687], [-95.907832, 30.238443], [-95.911538, 30.238236], [-95.918871, 30.237698], [-95.923283, 30.237284], [-95.926415, 30.237292], [-95.928931, 30.237624], [-95.938612, 30.237527], [-95.948958, 30.236882], [-95.950301, 30.236905], [-95.948512, 30.233579], [-95.943552, 30.226733], [-95.942565, 30.225259], [-95.941804, 30.223627], [-95.941547, 30.222243], [-95.941289, 30.214079], [-95.949162, 30.213895], [-95.951222, 30.21431], [-95.953126, 30.215253], [-95.954076, 30.215381], [-95.960725, 30.215375], [-95.96258, 30.216213], [-95.962759, 30.215867], [-95.962543, 30.205489], [-95.962886, 30.205021], [-95.968214, 30.204773], [-95.969037, 30.204282], [-95.969154, 30.202676], [-95.968973, 30.195336], [-95.96906, 30.193801], [-95.969508, 30.19193], [-95.969689, 30.188597], [-95.969183, 30.175306], [-95.969155, 30.173512]]]}},
    {"type": "Feature", "properties": {"name": "Census tract 9800", "description": "Waller County", "Population": 4300, "Housing units": 0, "Vacant housing units": 0, "Survey years": "2020 to 2024", "id": "48473980000"}, "geometry": {"type": "Polygon", "coordinates": [[[-95.997734, 30.102245], [-95.996139, 30.102622], [-95.991902, 30.102618], [-95.991009, 30.102851], [-95.990329, 30.103727], [-95.990269, 30.104587], [-95.987248, 30.102979], [-95.986536, 30.101587], [-95.982103, 30.101675], [-95.975648, 30.101921], [-95.967571, 30.102077], [-95.967495, 30.093922], [-95.965311, 30.093843], [-95.965207, 30.086909], [-95.978915, 30.087347], [-95.988928, 30.087902], [-95.996144, 30.087882], [-95.997781, 30.088545], [-95.998028, 30.089337], [-95.998093, 30.091729], [-95.998146, 30.101432], [-95.997734, 30.102245]]]}},
    {"type": "Feature", "properties": {"name": "Census tract 1701", "description": "Washington County", "Population": 4418, "Housing units": 2065, "Vacant housing units": 158, "Vacancy rate (%)": 7.7, "Median gross rent ($ a month)": 1082.0, "Median gross rent ($ a month) margin": 105.0, "Median home value ($)": 224700.0, "Median home value ($) margin": 43174.0, "Median household income ($ a year)": 65869.0, "Median household income ($ a year) margin": 15442.0, "Survey years": "2020 to 2024", "id": "48477170100"}, "geometry": {"type": "Polygon", "coordinates": [[[-96.40002, 30.166257], [-96.396125, 30.167089], [-96.387696, 30.168854], [-96.381357, 30.170094], [-96.376755, 30.170176], [-96.373392, 30.170603], [-96.369321, 30.171891], [-96.366831, 30.172151], [-96.362843, 30.17153], [-96.360156, 30.172747], [-96.356375, 30.173369], [-96.355511, 30.173678], [-96.354396, 30.175307], [-96.352457, 30.176309], [-96.35076, 30.176181], [-96.341517, 30.172936], [-96.340458, 30.172769], [-96.339818, 30.173892], [-96.3372, 30.175118], [-96.33596, 30.176251], [-96.335226, 30.177444], [-96.335543, 30.18067], [-96.334316, 30.181616], [-96.333455, 30.180968], [-96.329634, 30.183496], [-96.326591, 30.183332], [-96.324092, 30.181831], [-96.323433, 30.182293], [-96.322016, 30.182271], [-96.321396, 30.181875], [-96.319827, 30.182568], [-96.318929, 30.182007], [-96.317157, 30.18204], [-96.316543, 30.181144], [-96.315367, 30.181172], [-96.314108, 30.18076], [-96.312665, 30.179633], [-96.311039, 30.178935], [-96.3083, 30.17872], [-96.306497, 30.179792], [-96.30532, 30.179775], [-96.303751, 30.181138], [-96.303453, 30.18204], [-96.302188, 30.181759], [-96.302042, 30.18293], [-96.300675, 30.182672], [-96.299967, 30.183067], [-96.29972, 30.182572], [-96.297866, 30.182446], [-96.29469, 30.183803], [-96.293728, 30.184347], [-96.292988, 30.183709], [-96.290407, 30.184055], [-96.28985, 30.1845], [-96.288939, 30.184297], [-96.288843, 30.185478], [-96.287546, 30.185896], [-96.286344, 30.186868], [-96.285578, 30.186923], [-96.284383, 30.186148], [-96.283781, 30.187005], [-96.281801, 30.187978], [-96.280814, 30.18779], [-96.280136, 30.188219], [-96.278264, 30.188427], [-96.276409, 30.188861], [-96.274594, 30.189025], [-96.273885, 30.189652], [-96.271797, 30.189338], [-96.270822, 30.189519], [-96.26905, 30.191101], [-96.268094, 30.192535], [-96.267737, 30.197053], [-96.267427, 30.197669], [-96.267331, 30.199296], [-96.266596, 30.200296], [-96.265685, 30.200317], [-96.265476, 30.201164], [-96.263888, 30.201268], [-96.263811, 30.201977], [-96.262761, 30.202125], [-96.262178, 30.203301], [-96.260646, 30.203443], [-96.259836, 30.203976], [-96.259247, 30.205152], [-96.257848, 30.205085], [-96.257348, 30.206014], [-96.25848, 30.206685], [-96.259367, 30.206097], [-96.260638, 30.20657], [-96.263454, 30.206654], [-96.264005, 30.206995], [-96.265454, 30.206199], [-96.267816, 30.204166], [-96.268759, 30.202995], [-96.269943, 30.202705], [-96.272144, 30.203755], [-96.273087, 30.205124], [-96.274377, 30.206026], [-96.275327, 30.205537], [-96.276757, 30.205911], [-96.27651, 30.206752], [-96.277661, 30.207286], [-96.277939, 30.208055], [-96.279135, 30.208336], [-96.278553, 30.208902], [-96.279317, 30.211662], [-96.279235, 30.212596], [-96.280013, 30.213663], [-96.279784, 30.215251], [-96.279986, 30.216372], [-96.280524, 30.216191], [-96.281366, 30.216769], [-96.283094, 30.216758], [-96.283859, 30.217401], [-96.285207, 30.217319], [-96.286701, 30.217891], [-96.285606, 30.218254], [-96.286074, 30.219194], [-96.286802, 30.218809], [-96.287029, 30.219452], [-96.287719, 30.218936], [-96.288061, 30.219403], [-96.288846, 30.219156], [-96.291194, 30.219063], [-96.296429, 30.218278], [-96.297517, 30.218432], [-96.299131, 30.218268], [-96.29977, 30.217729], [-96.300619, 30.218015], [-96.302302, 30.219186], [-96.303302, 30.220127], [-96.305061, 30.221946], [-96.305206, 30.222809], [-96.306871, 30.226316], [-96.309548, 30.226525], [-96.31058, 30.226201], [-96.312244, 30.226778], [-96.313624, 30.227894], [-96.315795, 30.227234], [-96.316384, 30.226833], [-96.316745, 30.22763], [-96.318188, 30.22719], [-96.318454, 30.227674], [-96.319454, 30.2279], [-96.319815, 30.228427], [-96.320764, 30.228708], [-96.32167, 30.228218], [-96.322454, 30.228955], [-96.323271, 30.228752], [-96.3246, 30.229395], [-96.325214, 30.230477], [-96.327278, 30.232027], [-96.331773, 30.234006], [-96.332741, 30.234902], [-96.333691, 30.235325], [-96.335381, 30.235435], [-96.336362, 30.236001], [-96.338433, 30.23765], [-96.340585, 30.238029], [-96.342826, 30.238149], [-96.343776, 30.238589], [-96.344662, 30.238209], [-96.345441, 30.238572], [-96.346713, 30.2385], [-96.346827, 30.23894], [-96.346068, 30.239721], [-96.347537, 30.240897], [-96.348012, 30.241738], [-96.348721, 30.242084], [-96.349184, 30.243189], [-96.350519, 30.242705], [-96.35119, 30.242798], [-96.351583, 30.243534], [-96.353976, 30.243133], [-96.354515, 30.24416], [-96.356167, 30.244165], [-96.356421, 30.244819], [-96.358447, 30.245127], [-96.358909, 30.245737], [-96.361131, 30.246291], [-96.362069, 30.247247], [-96.362563, 30.246895], [-96.364106, 30.247659], [-96.364927, 30.244363], [-96.364966, 30.243006], [-96.364717, 30.236426], [-96.367708, 30.236319], [-96.370002, 30.236817], [-96.377158, 30.236746], [-96.377074, 30.231835], [-96.377227, 30.231245], [-96.379694, 30.229758], [-96.385487, 30.229732], [-96.391791, 30.229569], [-96.391542, 30.223612], [-96.391476, 30.21771], [-96.390918, 30.214722], [-96.391066, 30.213124], [-96.393052, 30.208962], [-96.393754, 30.202984], [-96.393813, 30.198552], [-96.394206, 30.195491], [-96.394831, 30.193449], [-96.394934, 30.192412], [-96.394288, 30.185541], [-96.393766, 30.179321], [-96.393366, 30.177727], [-96.396214, 30.177067], [-96.398463, 30.176958], [-96.400325, 30.176583], [-96.399765, 30.172818], [-96.39896, 30.169737], [-96.399844, 30.168501], [-96.400236, 30.167452], [-96.40002, 30.166257]]]}},
    {"type": "Feature", "properties": {"name": "Census tract 1702.01", "description": "Washington County", "Population": 3900, "Housing units": 1765, "Vacant housing units": 61, "Vacancy rate (%)": 3.5, "Median gross rent ($ a month)": 1295.0, "Median gross rent ($ a month) margin": 115.0, "Median home value ($)": 223500.0, "Median home value ($) margin": 20360.0, "Median household income ($ a year)": 71471.0, "Median household income ($ a year) margin": 8047.0, "Survey years": "2020 to 2024", "id": "48477170201"}, "geometry": {"type": "Polygon", "coordinates": [[[-96.423014, 30.162373], [-96.421456, 30.162493], [-96.417886, 30.162234], [-96.413455, 30.162437], [-96.403566, 30.164017], [-96.399618, 30.164757], [-96.40002, 30.166257], [-96.400236, 30.167452], [-96.399844, 30.168501], [-96.39896, 30.169737], [-96.399765, 30.172818], [-96.400325, 30.176583], [-96.398463, 30.176958], [-96.396214, 30.177067], [-96.393366, 30.177727], [-96.393766, 30.179321], [-96.394288, 30.185541], [-96.396403, 30.186127], [-96.39787, 30.185651], [-96.400965, 30.186431], [-96.401306, 30.187163], [-96.402337, 30.1878], [-96.403976, 30.187262], [-96.404571, 30.186493], [-96.405457, 30.186938], [-96.406868, 30.18651], [-96.408197, 30.186571], [-96.41, 30.187583], [-96.410519, 30.187418], [-96.412241, 30.188096], [-96.423336, 30.175914], [-96.424236, 30.174588], [-96.424708, 30.173448], [-96.425066, 30.17135], [-96.424927, 30.169723], [-96.423014, 30.162373]]]}},
    {"type": "Feature", "properties": {"name": "Census tract 1702.02", "description": "Washington County", "Population": 2701, "Housing units": 1173, "Vacant housing units": 90, "Vacancy rate (%)": 7.7, "Median home value ($)": 364900.0, "Median home value ($) margin": 25622.0, "Median household income ($ a year)": 104861.0, "Median household income ($ a year) margin": 19485.0, "Survey years": "2020 to 2024", "id": "48477170202"}, "geometry": {"type": "Polygon", "coordinates": [[[-96.5052, 30.156514], [-96.502434, 30.15658], [-96.496691, 30.156398], [-96.494359, 30.155887], [-96.490078, 30.154669], [-96.486403, 30.153905], [-96.477885, 30.153262], [-96.47601, 30.153245], [-96.473703, 30.153648], [-96.471019, 30.154719], [-96.469603, 30.155985], [-96.469191, 30.157116], [-96.468121, 30.158389], [-96.465664, 30.159763], [-96.462572, 30.160082], [-96.457463, 30.160156], [-96.454582, 30.15989], [-96.449709, 30.159632], [-96.433657, 30.161001], [-96.431411, 30.160875], [-96.428447, 30.161261], [-96.426072, 30.161778], [-96.422948, 30.162113], [-96.423014, 30.162373], [-96.424927, 30.169723], [-96.425066, 30.17135], [-96.424708, 30.173448], [-96.424236, 30.174588], [-96.423336, 30.175914], [-96.412241, 30.188096], [-96.410519, 30.187418], [-96.41, 30.187583], [-96.408197, 30.186571], [-96.406868, 30.18651], [-96.405457, 30.186938], [-96.404571, 30.186493], [-96.403976, 30.187262], [-96.402337, 30.1878], [-96.401306, 30.187163], [-96.400965, 30.186431], [-96.39787, 30.185651], [-96.396403, 30.186127], [-96.394288, 30.185541], [-96.394934, 30.192412], [-96.394831, 30.193449], [-96.394206, 30.195491], [-96.393813, 30.198552], [-96.393754, 30.202984], [-96.393052, 30.208962], [-96.391066, 30.213124], [-96.390918, 30.214722], [-96.391476, 30.21771], [-96.391542, 30.223612], [-96.391791, 30.229569], [-96.405732, 30.229479], [-96.407148, 30.229907], [-96.414451, 30.22998], [-96.415436, 30.2295], [-96.421238, 30.229436], [-96.427617, 30.229837], [-96.430456, 30.227768], [-96.428422, 30.225], [-96.433835, 30.215168], [-96.435021, 30.213224], [-96.438043, 30.214253], [-96.441127, 30.208374], [-96.437533, 30.205342], [-96.438429, 30.204084], [-96.446088, 30.207241], [-96.455296, 30.210865], [-96.467129, 30.21576], [-96.46843, 30.215702], [-96.470302, 30.214505], [-96.471709, 30.214105], [-96.473091, 30.215194], [-96.477678, 30.210992], [-96.479616, 30.208623], [-96.484911, 30.203529], [-96.489578, 30.198941], [-96.491324, 30.200529], [-96.491837, 30.201796], [-96.494783, 30.199182], [-96.497658, 30.196449], [-96.502559, 30.200374], [-96.508169, 30.204783], [-96.513036, 30.208678], [-96.514213, 30.208234], [-96.514646, 30.208415], [-96.520278, 30.213269], [-96.520719, 30.213251], [-96.523127, 30.2111], [-96.523929, 30.211644], [-96.532228, 30.218694], [-96.532665, 30.21784], [-96.532881, 30.216196], [-96.532507, 30.215784], [-96.533077, 30.214937], [-96.532369, 30.214756], [-96.532388, 30.213926], [-96.532901, 30.213568], [-96.5328, 30.212694], [-96.533906, 30.212342], [-96.532908, 30.210825], [-96.532408, 30.210517], [-96.532871, 30.209445], [-96.532491, 30.208472], [-96.533188, 30.2074], [-96.532942, 30.204861], [-96.531791, 30.202573], [-96.531918, 30.201534], [-96.53262, 30.201001], [-96.531912, 30.199924], [-96.531836, 30.198797], [-96.53221, 30.197543], [-96.52973, 30.196443], [-96.529667, 30.195371], [-96.530895, 30.195207], [-96.531496, 30.194531], [-96.531465, 30.193299], [-96.531111, 30.192507], [-96.529946, 30.192672], [-96.529396, 30.191666], [-96.530232, 30.190171], [-96.52953, 30.189164], [-96.529822, 30.188208], [-96.529626, 30.186916], [-96.530012, 30.186377], [-96.529867, 30.184409], [-96.529203, 30.183579], [-96.527413, 30.182561], [-96.526679, 30.181522], [-96.526673, 30.180973], [-96.525844, 30.180516], [-96.525775, 30.179966], [-96.524162, 30.179405], [-96.523542, 30.178756], [-96.522827, 30.178646], [-96.521676, 30.176694], [-96.520139, 30.176979], [-96.51838, 30.176148], [-96.517033, 30.174735], [-96.516092, 30.172201], [-96.515308, 30.17109], [-96.515258, 30.169583], [-96.513848, 30.166955], [-96.513159, 30.166389], [-96.509737, 30.164353], [-96.507948, 30.162604], [-96.507215, 30.160883], [-96.50554, 30.15898], [-96.5052, 30.156514]]]}},
    {"type": "Feature", "properties": {"name": "Census tract 1703", "description": "Washington County", "Population": 6997, "Housing units": 3204, "Vacant housing units": 263, "Vacancy rate (%)": 8.2, "Median gross rent ($ a month)": 1219.0, "Median gross rent ($ a month) margin": 116.0, "Median home value ($)": 293600.0, "Median home value ($) margin": 36283.0, "Median household income ($ a year)": 72978.0, "Median household income ($ a year) margin": 20599.0, "Survey years": "2020 to 2024", "id": "48477170300"}, "geometry": {"type": "Polygon", "coordinates": [[[-96.35724, 30.0866], [-96.35407, 30.08727], [-96.33748, 30.09005], [-96.336737, 30.090559], [-96.33734, 30.093566], [-96.338658, 30.099389], [-96.339204, 30.102194], [-96.340113, 30.105834], [-96.343087, 30.119261], [-96.343386, 30.119381], [-96.349107, 30.118369], [-96.349428, 30.118738], [-96.351765, 30.128911], [-96.351882, 30.137777], [-96.351781, 30.138403], [-96.358647, 30.141201], [-96.358082, 30.142039], [-96.358044, 30.143193], [-96.357058, 30.144353], [-96.357729, 30.145892], [-96.356914, 30.147052], [-96.355852, 30.147217], [-96.35682, 30.148542], [-96.356783, 30.15001], [-96.356232, 30.150631], [-96.354715, 30.150917], [-96.354069, 30.150753], [-96.35369, 30.151819], [-96.353975, 30.152687], [-96.354754, 30.153259], [-96.354773, 30.15421], [-96.355526, 30.155106], [-96.355273, 30.155996], [-96.35435, 30.155771], [-96.353933, 30.156783], [-96.35411, 30.157756], [-96.353819, 30.158371], [-96.352649, 30.158778], [-96.352669, 30.159548], [-96.35179, 30.160867], [-96.351695, 30.161527], [-96.35303, 30.162829], [-96.353651, 30.164858], [-96.352791, 30.164891], [-96.353171, 30.167073], [-96.352463, 30.167975], [-96.351773, 30.168195], [-96.351027, 30.169206], [-96.348282, 30.171274], [-96.346739, 30.171131], [-96.346283, 30.171615], [-96.341868, 30.171737], [-96.340458, 30.172769], [-96.341517, 30.172936], [-96.35076, 30.176181], [-96.352457, 30.176309], [-96.354396, 30.175307], [-96.355511, 30.173678], [-96.356375, 30.173369], [-96.360156, 30.172747], [-96.362843, 30.17153], [-96.366831, 30.172151], [-96.369321, 30.171891], [-96.373392, 30.170603], [-96.376755, 30.170176], [-96.381357, 30.170094], [-96.387696, 30.168854], [-96.396125, 30.167089], [-96.392862, 30.155417], [-96.391935, 30.152368], [-96.391509, 30.151797], [-96.396862, 30.15042], [-96.396704, 30.14949], [-96.39598, 30.141133], [-96.395442, 30.136552], [-96.393305, 30.126582], [-96.392471, 30.12465], [-96.391699, 30.123502], [-96.387482, 30.118213], [-96.382572, 30.113468], [-96.376898, 30.108431], [-96.376544, 30.108035], [-96.369656, 30.098721], [-96.366158, 30.094393], [-96.364662, 30.093018], [-96.35724, 30.0866]]]}},
    {"type": "Feature", "properties": {"name": "Census tract 1704", "description": "Washington County", "Population": 5844, "Housing units": 2596, "Vacant housing units": 210, "Vacancy rate (%)": 8.1, "Median gross rent ($ a month)": 1019.0, "Median gross rent ($ a month) margin": 132.0, "Median home value ($)": 228600.0, "Median home value ($) margin": 19787.0, "Median household income ($ a year)": 58918.0, "Median household income ($ a year) margin": 8369.0, "Survey years": "2020 to 2024", "id": "48477170400"}, "geometry": {"type": "Polygon", "coordinates": [[[-96.436225, 30.076487], [-96.41869, 30.07896], [-96.411931, 30.079805], [-96.394042, 30.082151], [-96.385108, 30.08349], [-96.375236, 30.084787], [-96.37447, 30.085113], [-96.370091, 30.085383], [-96.35724, 30.0866], [-96.364662, 30.093018], [-96.366158, 30.094393], [-96.369656, 30.098721], [-96.376544, 30.108035], [-96.376898, 30.108431], [-96.382572, 30.113468], [-96.387482, 30.118213], [-96.391699, 30.123502], [-96.392471, 30.12465], [-96.393305, 30.126582], [-96.395442, 30.136552], [-96.39598, 30.141133], [-96.396704, 30.14949], [-96.396862, 30.15042], [-96.391509, 30.151797], [-96.391935, 30.152368], [-96.392862, 30.155417], [-96.396125, 30.167089], [-96.40002, 30.166257], [-96.399618, 30.164757], [-96.403566, 30.164017], [-96.413455, 30.162437], [-96.417886, 30.162234], [-96.421456, 30.162493], [-96.423014, 30.162373], [-96.422948, 30.162113], [-96.426072, 30.161778], [-96.428447, 30.161261], [-96.431411, 30.160875], [-96.433657, 30.161001], [-96.449709, 30.159632], [-96.454582, 30.15989], [-96.457463, 30.160156], [-96.462572, 30.160082], [-96.465664, 30.159763], [-96.468121, 30.158389], [-96.469191, 30.157116], [-96.469603, 30.155985], [-96.471019, 30.154719], [-96.473703, 30.153648], [-96.47601, 30.153245], [-96.477885, 30.153262], [-96.486403, 30.153905], [-96.490078, 30.154669], [-96.494359, 30.155887], [-96.496691, 30.156398], [-96.502434, 30.15658], [-96.5052, 30.156514], [-96.505144, 30.153785], [-96.504797, 30.153307], [-96.505221, 30.151872], [-96.506, 30.151372], [-96.506064, 30.150328], [-96.505482, 30.149536], [-96.505546, 30.14886], [-96.504731, 30.147645], [-96.503187, 30.147121], [-96.501834, 30.14733], [-96.501176, 30.147879], [-96.500398, 30.147214], [-96.499299, 30.146982], [-96.49761, 30.147104], [-96.497345, 30.146752], [-96.49472, 30.146671], [-96.492594, 30.146045], [-96.492948, 30.144995], [-96.492637, 30.144115], [-96.493554, 30.144494], [-96.494035, 30.144225], [-96.493604, 30.143246], [-96.494471, 30.142812], [-96.495153, 30.14186], [-96.494267, 30.139711], [-96.493267, 30.138909], [-96.493564, 30.138326], [-96.493095, 30.137177], [-96.493537, 30.136567], [-96.492232, 30.132604], [-96.491536, 30.131966], [-96.491529, 30.130719], [-96.490764, 30.129911], [-96.490497, 30.12824], [-96.489478, 30.126624], [-96.489794, 30.126036], [-96.488541, 30.125057], [-96.486562, 30.124573], [-96.485353, 30.122781], [-96.483519, 30.120989], [-96.481653, 30.118808], [-96.477193, 30.114169], [-96.476181, 30.111866], [-96.475099, 30.110547], [-96.475655, 30.1097], [-96.473992, 30.108106], [-96.47415, 30.106853], [-96.473903, 30.105709], [-96.470077, 30.105254], [-96.469673, 30.105683], [-96.469123, 30.104545], [-96.469527, 30.104143], [-96.468585, 30.103946], [-96.467902, 30.104226], [-96.466119, 30.104375], [-96.465702, 30.104688], [-96.464539, 30.103919], [-96.464197, 30.102847], [-96.464608, 30.101528], [-96.464171, 30.099944], [-96.464996, 30.097352], [-96.46405, 30.094963], [-96.463026, 30.091804], [-96.463984, 30.090682], [-96.463221, 30.0895], [-96.461337, 30.087779], [-96.461722, 30.087279], [-96.460281, 30.087845], [-96.45901, 30.086081], [-96.459699, 30.085322], [-96.458391, 30.084668], [-96.456361, 30.084509], [-96.455634, 30.083981], [-96.454389, 30.084218], [-96.453542, 30.084801], [-96.452891, 30.084757], [-96.452923, 30.08595], [-96.451659, 30.08606], [-96.446146, 30.085664], [-96.444977, 30.085351], [-96.444497, 30.085664], [-96.44322, 30.085598], [-96.442436, 30.083454], [-96.441361, 30.082893], [-96.440217, 30.080947], [-96.437708, 30.080359], [-96.43688, 30.079661], [-96.436121, 30.078264], [-96.436225, 30.076487]]]}},
    {"type": "Feature", "properties": {"name": "Census tract 1705.01", "description": "Washington County", "Population": 3536, "Housing units": 2122, "Vacant housing units": 592, "Vacancy rate (%)": 27.9, "Median gross rent ($ a month)": 857.0, "Median gross rent ($ a month) margin": 88.0, "Median home value ($)": 394800.0, "Median home value ($) margin": 116666.0, "Median household income ($ a year)": 108657.0, "Median household income ($ a year) margin": 17695.0, "Survey years": "2020 to 2024", "id": "48477170501"}, "geometry": {"type": "Polygon", "coordinates": [[[-96.436225, 30.076487], [-96.436121, 30.078264], [-96.43688, 30.079661], [-96.437708, 30.080359], [-96.440217, 30.080947], [-96.441361, 30.082893], [-96.442436, 30.083454], [-96.44322, 30.085598], [-96.444497, 30.085664], [-96.444977, 30.085351], [-96.446146, 30.085664], [-96.451659, 30.08606], [-96.452923, 30.08595], [-96.452891, 30.084757], [-96.453542, 30.084801], [-96.454389, 30.084218], [-96.455634, 30.083981], [-96.456361, 30.084509], [-96.458391, 30.084668], [-96.459699, 30.085322], [-96.45901, 30.086081], [-96.460281, 30.087845], [-96.461722, 30.087279], [-96.461337, 30.087779], [-96.463221, 30.0895], [-96.463984, 30.090682], [-96.463026, 30.091804], [-96.46405, 30.094963], [-96.464996, 30.097352], [-96.464171, 30.099944], [-96.464608, 30.101528], [-96.464197, 30.102847], [-96.464539, 30.103919], [-96.465702, 30.104688], [-96.466119, 30.104375], [-96.467902, 30.104226], [-96.468585, 30.103946], [-96.469527, 30.104143], [-96.469123, 30.104545], [-96.469673, 30.105683], [-96.470077, 30.105254], [-96.473903, 30.105709], [-96.47415, 30.106853], [-96.473992, 30.108106], [-96.475655, 30.1097], [-96.475099, 30.110547], [-96.476181, 30.111866], [-96.477193, 30.114169], [-96.481653, 30.118808], [-96.483519, 30.120989], [-96.485353, 30.122781], [-96.486562, 30.124573], [-96.488541, 30.125057], [-96.489794, 30.126036], [-96.489478, 30.126624], [-96.490497, 30.12824], [-96.490764, 30.129911], [-96.491529, 30.130719], [-96.491536, 30.131966], [-96.492232, 30.132604], [-96.493537, 30.136567], [-96.493095, 30.137177], [-96.493564, 30.138326], [-96.493267, 30.138909], [-96.494267, 30.139711], [-96.495153, 30.14186], [-96.494471, 30.142812], [-96.493604, 30.143246], [-96.494035, 30.144225], [-96.493554, 30.144494], [-96.492637, 30.144115], [-96.492948, 30.144995], [-96.492594, 30.146045], [-96.49472, 30.146671], [-96.497345, 30.146752], [-96.49761, 30.147104], [-96.499299, 30.146982], [-96.500398, 30.147214], [-96.501176, 30.147879], [-96.501834, 30.14733], [-96.503187, 30.147121], [-96.504731, 30.147645], [-96.505546, 30.14886], [-96.505482, 30.149536], [-96.506064, 30.150328], [-96.506, 30.151372], [-96.505221, 30.151872], [-96.504797, 30.153307], [-96.505144, 30.153785], [-96.5052, 30.156514], [-96.50554, 30.15898], [-96.507215, 30.160883], [-96.507948, 30.162604], [-96.509737, 30.164353], [-96.513159, 30.166389], [-96.513848, 30.166955], [-96.515258, 30.169583], [-96.515308, 30.17109], [-96.516092, 30.172201], [-96.517033, 30.174735], [-96.51838, 30.176148], [-96.520139, 30.176979], [-96.521676, 30.176694], [-96.522827, 30.178646], [-96.523542, 30.178756], [-96.524162, 30.179405], [-96.525775, 30.179966], [-96.525844, 30.180516], [-96.526673, 30.180973], [-96.526679, 30.181522], [-96.527413, 30.182561], [-96.529203, 30.183579], [-96.529867, 30.184409], [-96.530012, 30.186377], [-96.529626, 30.186916], [-96.529822, 30.188208], [-96.52953, 30.189164], [-96.530232, 30.190171], [-96.529396, 30.191666], [-96.529946, 30.192672], [-96.531111, 30.192507], [-96.531465, 30.193299], [-96.531496, 30.194531], [-96.530895, 30.195207], [-96.529667, 30.195371], [-96.52973, 30.196443], [-96.53221, 30.197543], [-96.531836, 30.198797], [-96.531912, 30.199924], [-96.53262, 30.201001], [-96.531918, 30.201534], [-96.531791, 30.202573], [-96.532942, 30.204861], [-96.533188, 30.2074], [-96.532491, 30.208472], [-96.532871, 30.209445], [-96.532408, 30.210517], [-96.532908, 30.210825], [-96.533906, 30.212342], [-96.5328, 30.212694], [-96.532901, 30.213568], [-96.532388, 30.213926], [-96.532369, 30.214756], [-96.533077, 30.214937], [-96.532507, 30.215784], [-96.532881, 30.216196], [-96.532665, 30.21784], [-96.532228, 30.218694], [-96.534059, 30.22028], [-96.534172, 30.221565], [-96.53539, 30.222948], [-96.542289, 30.228834], [-96.537775, 30.232057], [-96.53717, 30.2323], [-96.534953, 30.23235], [-96.53427, 30.232626], [-96.529757, 30.23573], [-96.531658, 30.237792], [-96.533711, 30.238143], [-96.535541, 30.238964], [-96.540082, 30.240512], [-96.542112, 30.240308], [-96.544988, 30.241029], [-96.548542, 30.242375], [-96.55088, 30.243608], [-96.552678, 30.244845], [-96.555895, 30.247481], [-96.556919, 30.248701], [-96.558504, 30.251321], [-96.558989, 30.251865], [-96.562054, 30.254359], [-96.564371, 30.255256], [-96.56547, 30.256101], [-96.567809, 30.261007], [-96.568394, 30.264587], [-96.567188, 30.265094], [-96.566688, 30.265677], [-96.566808, 30.266573], [-96.565542, 30.268761], [-96.564269, 30.268975], [-96.564117, 30.269668], [-96.562457, 30.270849], [-96.562305, 30.271488], [-96.563224, 30.272373], [-96.565086, 30.272851], [-96.565041, 30.273724], [-96.565529, 30.274343], [-96.564855, 30.276586], [-96.566244, 30.27759], [-96.566094, 30.279209], [-96.565653, 30.279726], [-96.565895, 30.280544], [-96.566881, 30.282038], [-96.566325, 30.283332], [-96.565374, 30.284146], [-96.565058, 30.285402], [-96.563792, 30.286457], [-96.56365, 30.289014], [-96.564189, 30.290167], [-96.565495, 30.29138], [-96.564423, 30.293511], [-96.563168, 30.29377], [-96.55998, 30.295092], [-96.558215, 30.297451], [-96.557007, 30.298828], [-96.554527, 30.300404], [-96.553591, 30.3048], [-96.544484, 30.318563], [-96.546007, 30.319097], [-96.546692, 30.320584], [-96.547956, 30.320553], [-96.548429, 30.321297], [-96.549256, 30.321265], [-96.549518, 30.320361], [-96.550615, 30.32037], [-96.552054, 30.320856], [-96.552108, 30.321704], [-96.552853, 30.321099], [-96.553578, 30.321302], [-96.55299, 30.322416], [-96.555379, 30.322281], [-96.556318, 30.321862], [-96.556529, 30.323163], [-96.557123, 30.323721], [-96.558675, 30.323851], [-96.559707, 30.32365], [-96.560648, 30.323029], [-96.561782, 30.322917], [-96.562359, 30.322457], [-96.561553, 30.32135], [-96.561573, 30.320647], [-96.560709, 30.320226], [-96.561008, 30.319411], [-96.562551, 30.31938], [-96.56324, 30.318783], [-96.564662, 30.318639], [-96.565528, 30.317921], [-96.568467, 30.316938], [-96.568431, 30.316139], [-96.569379, 30.315889], [-96.568805, 30.315057], [-96.567885, 30.314571], [-96.56941, 30.31433], [-96.567916, 30.313239], [-96.569812, 30.312748], [-96.572073, 30.311699], [-96.573524, 30.310699], [-96.575251, 30.311815], [-96.576032, 30.311178], [-96.576962, 30.311098], [-96.576811, 30.312148], [-96.577666, 30.312302], [-96.578968, 30.311729], [-96.579397, 30.311043], [-96.58029, 30.310745], [-96.581109, 30.309978], [-96.582912, 30.309624], [-96.582672, 30.308743], [-96.584456, 30.308842], [-96.585507, 30.308236], [-96.586529, 30.309021], [-96.588351, 30.308998], [-96.588361, 30.308263], [-96.589644, 30.308143], [-96.590036, 30.307222], [-96.590546, 30.307723], [-96.592146, 30.30644], [-96.592704, 30.30644], [-96.593287, 30.307781], [-96.594644, 30.307992], [-96.595713, 30.30746], [-96.596512, 30.307994], [-96.598667, 30.308447], [-96.599606, 30.308117], [-96.600014, 30.308844], [-96.600944, 30.308336], [-96.60152, 30.30853], [-96.603362, 30.307247], [-96.604181, 30.306342], [-96.604061, 30.305769], [-96.604898, 30.305058], [-96.604881, 30.304113], [-96.605644, 30.303128], [-96.60599, 30.302119], [-96.608322, 30.302274], [-96.609512, 30.302008], [-96.610869, 30.30133], [-96.613118, 30.301549], [-96.614402, 30.301364], [-96.615211, 30.300807], [-96.616381, 30.301106], [-96.618948, 30.299662], [-96.619933, 30.299808], [-96.621114, 30.298831], [-96.622703, 30.29892], [-96.623001, 30.298226], [-96.6259, 30.298196], [-96.626189, 30.299262], [-96.628576, 30.299631], [-96.628957, 30.300866], [-96.629478, 30.301156], [-96.630425, 30.300429], [-96.630007, 30.299711], [-96.631326, 30.299217], [-96.632468, 30.299435], [-96.633026, 30.300314], [-96.633239, 30.299539], [-96.634382, 30.298739], [-96.635651, 30.298752], [-96.636713, 30.298276], [-96.636992, 30.297088], [-96.637839, 30.29753], [-96.638085, 30.296977], [-96.638886, 30.296876], [-96.639742, 30.297369], [-96.640586, 30.296717], [-96.640595, 30.296224], [-96.642044, 30.295488], [-96.642229, 30.29355], [-96.644208, 30.293266], [-96.645684, 30.291434], [-96.646622, 30.291376], [-96.646724, 30.291982], [-96.647737, 30.291529], [-96.648396, 30.292182], [-96.649409, 30.291737], [-96.65044, 30.291712], [-96.650383, 30.29076], [-96.65173, 30.290104], [-96.65316, 30.289805], [-96.653949, 30.288536], [-96.654218, 30.287503], [-96.654886, 30.287204], [-96.655434, 30.287663], [-96.657895, 30.287777], [-96.658189, 30.286913], [-96.659111, 30.28594], [-96.660068, 30.285415], [-96.66016, 30.284817], [-96.65945, 30.28367], [-96.659523, 30.282585], [-96.660547, 30.282697], [-96.65999, 30.281675], [-96.660984, 30.282021], [-96.660529, 30.281081], [-96.661783, 30.279982], [-96.661499, 30.278745], [-96.663513, 30.277838], [-96.664191, 30.277921], [-96.66492, 30.277365], [-96.665407, 30.277789], [-96.666896, 30.277074], [-96.667656, 30.276024], [-96.668689, 30.275711], [-96.669487, 30.274848], [-96.669988, 30.273809], [-96.670045, 30.27233], [-96.669697, 30.271561], [-96.671071, 30.269812], [-96.670939, 30.269164], [-96.67199, 30.269274], [-96.672408, 30.268856], [-96.671553, 30.268724], [-96.672104, 30.267361], [-96.673061, 30.267471], [-96.673605, 30.266388], [-96.674283, 30.266679], [-96.675012, 30.266393], [-96.676722, 30.266608], [-96.6779, 30.263727], [-96.678882, 30.263227], [-96.678996, 30.261451], [-96.680041, 30.260088], [-96.679864, 30.259071], [-96.680636, 30.258757], [-96.68139, 30.259164], [-96.683024, 30.258752], [-96.683119, 30.258125], [-96.684234, 30.257949], [-96.685272, 30.256014], [-96.684316, 30.254513], [-96.684563, 30.252957], [-96.685709, 30.252699], [-96.684551, 30.251781], [-96.685235, 30.251258], [-96.684126, 30.250516], [-96.684254, 30.249982], [-96.685596, 30.248921], [-96.686173, 30.249053], [-96.687104, 30.248069], [-96.689567, 30.24863], [-96.690922, 30.248228], [-96.69179, 30.248767], [-96.692993, 30.248943], [-96.693531, 30.249982], [-96.694727, 30.250335], [-96.695279, 30.249339], [-96.696564, 30.250071], [-96.69678, 30.249179], [-96.698059, 30.249465], [-96.699908, 30.248987], [-96.700421, 30.249504], [-96.701422, 30.248575], [-96.701573, 30.247327], [-96.703163, 30.246898], [-96.70379, 30.246397], [-96.705753, 30.245864], [-96.706626, 30.244627], [-96.707532, 30.245341], [-96.709362, 30.245193], [-96.710882, 30.245451], [-96.712142, 30.246331], [-96.711997, 30.247337], [-96.712478, 30.247639], [-96.714276, 30.247199], [-96.713852, 30.248233], [-96.714181, 30.250684], [-96.714815, 30.251047], [-96.715258, 30.250678], [-96.715037, 30.249739], [-96.716063, 30.249568], [-96.716619, 30.250068], [-96.718437, 30.25048], [-96.719615, 30.249705], [-96.720995, 30.24822], [-96.721996, 30.24816], [-96.722015, 30.246818], [-96.72337, 30.245878], [-96.724921, 30.246867], [-96.725687, 30.246235], [-96.725579, 30.245504], [-96.72651, 30.243793], [-96.727839, 30.243469], [-96.728821, 30.244145], [-96.729321, 30.243336], [-96.730632, 30.243457], [-96.730873, 30.243963], [-96.731645, 30.243886], [-96.732855, 30.242907], [-96.733215, 30.241856], [-96.734513, 30.241306], [-96.734069, 30.240207], [-96.735228, 30.239508], [-96.734075, 30.239096], [-96.735556, 30.236451], [-96.735854, 30.237012], [-96.737037, 30.236231], [-96.736246, 30.235632], [-96.736359, 30.23401], [-96.737011, 30.233663], [-96.736972, 30.231882], [-96.738156, 30.232437], [-96.738821, 30.232261], [-96.738466, 30.231057], [-96.740213, 30.228994], [-96.741922, 30.22801], [-96.742396, 30.226728], [-96.741364, 30.226366], [-96.741679, 30.224128], [-96.740944, 30.223276], [-96.740559, 30.223947], [-96.739767, 30.223771], [-96.739038, 30.222095], [-96.739981, 30.22072], [-96.741373, 30.22034], [-96.741474, 30.219746], [-96.74362, 30.218135], [-96.743987, 30.21731], [-96.743885, 30.216243], [-96.743308, 30.214489], [-96.74263, 30.214044], [-96.743136, 30.213186], [-96.74206, 30.213429], [-96.742041, 30.212109], [-96.741338, 30.212445], [-96.740597, 30.212154], [-96.741451, 30.210455], [-96.740697, 30.208619], [-96.74112, 30.207689], [-96.739848, 30.206733], [-96.740696, 30.205952], [-96.74005, 30.205111], [-96.739909, 30.203148], [-96.740586, 30.202664], [-96.740567, 30.201147], [-96.7418, 30.199794], [-96.741895, 30.198997], [-96.741464, 30.197567], [-96.744026, 30.195941], [-96.750254, 30.191352], [-96.794552, 30.160545], [-96.780751, 30.152124], [-96.773016, 30.149466], [-96.766937, 30.138745], [-96.750254, 30.143393], [-96.743897, 30.145033], [-96.735445, 30.147393], [-96.714989, 30.144983], [-96.702002, 30.157839], [-96.687141, 30.16435], [-96.683394, 30.151038], [-96.661872, 30.149133], [-96.647223, 30.145174], [-96.653112, 30.12999], [-96.646901, 30.125217], [-96.644271, 30.123337], [-96.640649, 30.120579], [-96.633673, 30.106142], [-96.633272, 30.098402], [-96.633186, 30.092951], [-96.632717, 30.088496], [-96.632478, 30.08404], [-96.634289, 30.075701], [-96.630847, 30.070287], [-96.623863, 30.066713], [-96.622283, 30.048098], [-96.622011, 30.04433], [-96.620848, 30.045203], [-96.600777, 30.064564], [-96.594141, 30.071022], [-96.592675, 30.070842], [-96.592125, 30.070484], [-96.591638, 30.069396], [-96.590033, 30.068901], [-96.589957, 30.068203], [-96.588161, 30.067016], [-96.587194, 30.065339], [-96.585899, 30.064668], [-96.541049, 30.065], [-96.537562, 30.06505], [-96.518814, 30.065198], [-96.50452, 30.06729], [-96.497946, 30.068286], [-96.47741, 30.0709], [-96.46236, 30.07299], [-96.436225, 30.076487]]]}},
    {"type": "Feature", "properties": {"name": "Census tract 1705.02", "description": "Washington County", "Population": 3502, "Housing units": 1813, "Vacant housing units": 438, "Vacancy rate (%)": 24.2, "Median home value ($)": 346600.0, "Median home value ($) margin": 82752.0, "Median household income ($ a year)": 95282.0, "Median household income ($ a year) margin": 28167.0, "Survey years": "2020 to 2024", "id": "48477170502"}, "geometry": {"type": "Polygon", "coordinates": [[[-96.532228, 30.218694], [-96.523929, 30.211644], [-96.523127, 30.2111], [-96.520719, 30.213251], [-96.520278, 30.213269], [-96.514646, 30.208415], [-96.514213, 30.208234], [-96.513036, 30.208678], [-96.508169, 30.204783], [-96.502559, 30.200374], [-96.497658, 30.196449], [-96.494783, 30.199182], [-96.491837, 30.201796], [-96.491324, 30.200529], [-96.489578, 30.198941], [-96.484911, 30.203529], [-96.479616, 30.208623], [-96.477678, 30.210992], [-96.473091, 30.215194], [-96.471709, 30.214105], [-96.470302, 30.214505], [-96.46843, 30.215702], [-96.467129, 30.21576], [-96.455296, 30.210865], [-96.446088, 30.207241], [-96.438429, 30.204084], [-96.437533, 30.205342], [-96.441127, 30.208374], [-96.438043, 30.214253], [-96.435021, 30.213224], [-96.433835, 30.215168], [-96.428422, 30.225], [-96.430456, 30.227768], [-96.427617, 30.229837], [-96.421238, 30.229436], [-96.415436, 30.2295], [-96.414451, 30.22998], [-96.407148, 30.229907], [-96.405732, 30.229479], [-96.391791, 30.229569], [-96.385487, 30.229732], [-96.379694, 30.229758], [-96.377227, 30.231245], [-96.377074, 30.231835], [-96.377158, 30.236746], [-96.370002, 30.236817], [-96.367708, 30.236319], [-96.364717, 30.236426], [-96.364966, 30.243006], [-96.364927, 30.244363], [-96.364106, 30.247659], [-96.362563, 30.246895], [-96.362069, 30.247247], [-96.361131, 30.246291], [-96.358909, 30.245737], [-96.358447, 30.245127], [-96.356421, 30.244819], [-96.356167, 30.244165], [-96.354515, 30.24416], [-96.353976, 30.243133], [-96.351583, 30.243534], [-96.35119, 30.242798], [-96.350519, 30.242705], [-96.349184, 30.243189], [-96.348721, 30.242084], [-96.348012, 30.241738], [-96.347537, 30.240897], [-96.346068, 30.239721], [-96.346827, 30.23894], [-96.346713, 30.2385], [-96.345441, 30.238572], [-96.344662, 30.238209], [-96.343776, 30.238589], [-96.342826, 30.238149], [-96.340585, 30.238029], [-96.338433, 30.23765], [-96.336362, 30.236001], [-96.335381, 30.235435], [-96.333691, 30.235325], [-96.332741, 30.234902], [-96.331773, 30.234006], [-96.327278, 30.232027], [-96.325214, 30.230477], [-96.3246, 30.229395], [-96.323271, 30.228752], [-96.322454, 30.228955], [-96.32167, 30.228218], [-96.320764, 30.228708], [-96.319815, 30.228427], [-96.319454, 30.2279], [-96.318454, 30.227674], [-96.318188, 30.22719], [-96.316745, 30.22763], [-96.316384, 30.226833], [-96.315795, 30.227234], [-96.313624, 30.227894], [-96.312244, 30.226778], [-96.31058, 30.226201], [-96.309548, 30.226525], [-96.306871, 30.226316], [-96.305206, 30.222809], [-96.305061, 30.221946], [-96.303302, 30.220127], [-96.297001, 30.225596], [-96.288027, 30.233283], [-96.285391, 30.235691], [-96.283161, 30.237818], [-96.273276, 30.246981], [-96.273624, 30.247364], [-96.273868, 30.254575], [-96.274023, 30.262928], [-96.274806, 30.292067], [-96.275072, 30.300158], [-96.275316, 30.312475], [-96.275308, 30.313705], [-96.278569, 30.314544], [-96.280665, 30.31475], [-96.282529, 30.315291], [-96.282654, 30.325511], [-96.284149, 30.329905], [-96.287057, 30.340332], [-96.291183, 30.339353], [-96.291865, 30.33894], [-96.292119, 30.339847], [-96.292626, 30.339935], [-96.293462, 30.341788], [-96.294095, 30.342233], [-96.293449, 30.342892], [-96.294082, 30.343959], [-96.296604, 30.345828], [-96.295653, 30.347246], [-96.294842, 30.347878], [-96.294867, 30.348697], [-96.296083, 30.349808], [-96.297516, 30.34967], [-96.297655, 30.350231], [-96.298897, 30.35066], [-96.298085, 30.35188], [-96.299277, 30.352578], [-96.298928, 30.353265], [-96.298833, 30.354738], [-96.298351, 30.355057], [-96.297191, 30.354832], [-96.296481, 30.355431], [-96.296906, 30.356503], [-96.29676, 30.357404], [-96.296189, 30.358107], [-96.294629, 30.359305], [-96.293754, 30.361212], [-96.29267, 30.361899], [-96.291903, 30.361569], [-96.291345, 30.362163], [-96.289507, 30.361673], [-96.287771, 30.361997], [-96.28803, 30.362712], [-96.287593, 30.363536], [-96.285753, 30.364689], [-96.287654, 30.366334], [-96.288437, 30.3685], [-96.289191, 30.371485], [-96.290575, 30.373394], [-96.294546, 30.376218], [-96.298632, 30.377022], [-96.299766, 30.377981], [-96.299173, 30.379152], [-96.29954, 30.379952], [-96.301031, 30.381446], [-96.304075, 30.383239], [-96.305247, 30.383214], [-96.305267, 30.382209], [-96.306072, 30.381601], [-96.307827, 30.381734], [-96.309202, 30.382455], [-96.310251, 30.383468], [-96.311648, 30.384171], [-96.312795, 30.3843], [-96.313748, 30.383655], [-96.313988, 30.382422], [-96.31513, 30.381162], [-96.317623, 30.379394], [-96.319122, 30.379116], [-96.324482, 30.37907], [-96.325485, 30.378498], [-96.327302, 30.376665], [-96.327834, 30.374232], [-96.329812, 30.372994], [-96.330909, 30.372902], [-96.33419, 30.373894], [-96.337779, 30.371853], [-96.338496, 30.369656], [-96.340036, 30.368243], [-96.340912, 30.367814], [-96.342384, 30.36854], [-96.343482, 30.368489], [-96.344789, 30.36801], [-96.346499, 30.369041], [-96.348891, 30.36919], [-96.350239, 30.370673], [-96.351831, 30.370389], [-96.353077, 30.371129], [-96.353231, 30.372493], [-96.354299, 30.373475], [-96.354916, 30.373651], [-96.356635, 30.373209], [-96.357407, 30.373318], [-96.358976, 30.372637], [-96.35958, 30.371574], [-96.359093, 30.370775], [-96.359668, 30.369158], [-96.360511, 30.367844], [-96.361625, 30.367334], [-96.364072, 30.367065], [-96.365401, 30.367172], [-96.366527, 30.36657], [-96.367624, 30.365535], [-96.36919, 30.365072], [-96.370108, 30.36428], [-96.369951, 30.363802], [-96.368298, 30.363008], [-96.369293, 30.36244], [-96.370461, 30.362784], [-96.371812, 30.362622], [-96.373633, 30.363433], [-96.37489, 30.363571], [-96.375684, 30.362706], [-96.375606, 30.361952], [-96.374749, 30.361337], [-96.375111, 30.360255], [-96.374897, 30.358972], [-96.375289, 30.358063], [-96.376834, 30.358567], [-96.377766, 30.358039], [-96.377251, 30.356898], [-96.377261, 30.356044], [-96.377966, 30.355624], [-96.378992, 30.356623], [-96.38008, 30.356802], [-96.381139, 30.355984], [-96.381611, 30.357325], [-96.382091, 30.357756], [-96.383651, 30.35827], [-96.384252, 30.358164], [-96.385078, 30.357137], [-96.389151, 30.356331], [-96.391669, 30.355643], [-96.394435, 30.355542], [-96.39567, 30.355265], [-96.396849, 30.354555], [-96.39747, 30.353758], [-96.39855, 30.353629], [-96.399662, 30.354175], [-96.400772, 30.353927], [-96.401615, 30.35296], [-96.402875, 30.352386], [-96.404272, 30.352911], [-96.404689, 30.351659], [-96.405236, 30.351138], [-96.406558, 30.351184], [-96.407656, 30.353783], [-96.408766, 30.355484], [-96.40927, 30.356737], [-96.408867, 30.357874], [-96.409323, 30.35839], [-96.411889, 30.358245], [-96.412113, 30.357235], [-96.413334, 30.356546], [-96.413586, 30.355609], [-96.41247, 30.354512], [-96.412945, 30.354185], [-96.414387, 30.354115], [-96.415302, 30.354516], [-96.416271, 30.354336], [-96.418542, 30.352814], [-96.418834, 30.351965], [-96.419988, 30.351112], [-96.420203, 30.350514], [-96.418856, 30.34935], [-96.41932, 30.348266], [-96.418586, 30.346972], [-96.419997, 30.345559], [-96.420937, 30.344983], [-96.42156, 30.344063], [-96.422745, 30.343372], [-96.423842, 30.343806], [-96.426618, 30.344184], [-96.428099, 30.344095], [-96.428481, 30.343524], [-96.431551, 30.342769], [-96.432258, 30.343147], [-96.433926, 30.343258], [-96.435707, 30.342757], [-96.438095, 30.342926], [-96.438992, 30.342163], [-96.440485, 30.34144], [-96.442391, 30.341432], [-96.444359, 30.342254], [-96.445514, 30.34252], [-96.445693, 30.341406], [-96.446229, 30.341123], [-96.447566, 30.341277], [-96.448223, 30.340978], [-96.449601, 30.34107], [-96.450422, 30.341545], [-96.450642, 30.342611], [-96.452633, 30.343956], [-96.455138, 30.344534], [-96.45695, 30.343329], [-96.458272, 30.343448], [-96.45848, 30.342672], [-96.457341, 30.341859], [-96.456612, 30.340624], [-96.456511, 30.338603], [-96.458781, 30.339257], [-96.461069, 30.337936], [-96.46123, 30.337152], [-96.462112, 30.336353], [-96.463442, 30.33649], [-96.465322, 30.336229], [-96.466264, 30.337067], [-96.468447, 30.337972], [-96.469142, 30.338005], [-96.46977, 30.337453], [-96.471276, 30.336996], [-96.472438, 30.335683], [-96.474194, 30.335495], [-96.475404, 30.333584], [-96.482651, 30.33309], [-96.484059, 30.33409], [-96.483869, 30.334657], [-96.48475, 30.335717], [-96.484991, 30.336657], [-96.484421, 30.33768], [-96.485898, 30.338136], [-96.488078, 30.337558], [-96.489789, 30.336595], [-96.490504, 30.335617], [-96.490079, 30.334919], [-96.490288, 30.334275], [-96.491093, 30.333879], [-96.491688, 30.332818], [-96.491565, 30.331416], [-96.494224, 30.327981], [-96.494689, 30.326824], [-96.495454, 30.326003], [-96.496041, 30.324358], [-96.499999, 30.324239], [-96.502725, 30.323598], [-96.504787, 30.322922], [-96.507446, 30.321812], [-96.510289, 30.321625], [-96.510982, 30.322151], [-96.511659, 30.324526], [-96.512799, 30.325989], [-96.514047, 30.325643], [-96.515118, 30.326061], [-96.515638, 30.325567], [-96.517286, 30.325193], [-96.518103, 30.324633], [-96.519301, 30.324578], [-96.519904, 30.323342], [-96.520816, 30.323144], [-96.52242, 30.322227], [-96.52304, 30.323271], [-96.523978, 30.323514], [-96.525729, 30.322281], [-96.525585, 30.321303], [-96.527283, 30.321734], [-96.527944, 30.321048], [-96.529851, 30.320226], [-96.531802, 30.320859], [-96.535197, 30.319893], [-96.536238, 30.320032], [-96.536914, 30.320929], [-96.538893, 30.321295], [-96.539609, 30.321094], [-96.540411, 30.319818], [-96.542075, 30.319618], [-96.541453, 30.319101], [-96.540907, 30.317985], [-96.541661, 30.317816], [-96.542803, 30.318391], [-96.544484, 30.318563], [-96.553591, 30.3048], [-96.554527, 30.300404], [-96.557007, 30.298828], [-96.558215, 30.297451], [-96.55998, 30.295092], [-96.563168, 30.29377], [-96.564423, 30.293511], [-96.565495, 30.29138], [-96.564189, 30.290167], [-96.56365, 30.289014], [-96.563792, 30.286457], [-96.565058, 30.285402], [-96.565374, 30.284146], [-96.566325, 30.283332], [-96.566881, 30.282038], [-96.565895, 30.280544], [-96.565653, 30.279726], [-96.566094, 30.279209], [-96.566244, 30.27759], [-96.564855, 30.276586], [-96.565529, 30.274343], [-96.565041, 30.273724], [-96.565086, 30.272851], [-96.563224, 30.272373], [-96.562305, 30.271488], [-96.562457, 30.270849], [-96.564117, 30.269668], [-96.564269, 30.268975], [-96.565542, 30.268761], [-96.566808, 30.266573], [-96.566688, 30.265677], [-96.567188, 30.265094], [-96.568394, 30.264587], [-96.567809, 30.261007], [-96.56547, 30.256101], [-96.564371, 30.255256], [-96.562054, 30.254359], [-96.558989, 30.251865], [-96.558504, 30.251321], [-96.556919, 30.248701], [-96.555895, 30.247481], [-96.552678, 30.244845], [-96.55088, 30.243608], [-96.548542, 30.242375], [-96.544988, 30.241029], [-96.542112, 30.240308], [-96.540082, 30.240512], [-96.535541, 30.238964], [-96.533711, 30.238143], [-96.531658, 30.237792], [-96.529757, 30.23573], [-96.53427, 30.232626], [-96.534953, 30.23235], [-96.53717, 30.2323], [-96.537775, 30.232057], [-96.542289, 30.228834], [-96.53539, 30.222948], [-96.534172, 30.221565], [-96.534059, 30.22028], [-96.532228, 30.218694]]]}},
    {"type": "Feature", "properties": {"name": "Census tract 1706.01", "description": "Washington County", "Population": 2826, "Housing units": 1523, "Vacant housing units": 278, "Vacancy rate (%)": 18.3, "Median gross rent ($ a month)": 2111.0, "Median gross rent ($ a month) margin": 417.0, "Median home value ($)": 518900.0, "Median home value ($) margin": 142285.0, "Median household income ($ a year)": 90938.0, "Median household income ($ a year) margin": 20350.0, "Survey years": "2020 to 2024", "id": "48477170601"}, "geometry": {"type": "Polygon", "coordinates": [[[-96.33748, 30.09005], [-96.334061, 30.090646], [-96.292849, 30.09615], [-96.290927, 30.096532], [-96.290032, 30.096229], [-96.288894, 30.096833], [-96.285746, 30.096387], [-96.284469, 30.09553], [-96.28392, 30.094271], [-96.281828, 30.093292], [-96.280089, 30.094132], [-96.278162, 30.09351], [-96.277252, 30.092774], [-96.276171, 30.092378], [-96.274793, 30.093026], [-96.273869, 30.093976], [-96.272479, 30.094432], [-96.271101, 30.094003], [-96.270634, 30.09248], [-96.269566, 30.091732], [-96.26932, 30.091001], [-96.270016, 30.09005], [-96.268759, 30.087681], [-96.268823, 30.086318], [-96.267516, 30.083893], [-96.267946, 30.083261], [-96.26715, 30.082442], [-96.265595, 30.082326], [-96.265229, 30.081578], [-96.264603, 30.081732], [-96.264237, 30.080814], [-96.264509, 30.080011], [-96.264346, 30.078719], [-96.263025, 30.078136], [-96.260947, 30.078117], [-96.259821, 30.077277], [-96.259336, 30.075744], [-96.257939, 30.076216], [-96.25725, 30.075825], [-96.256005, 30.076], [-96.25483, 30.075681], [-96.254729, 30.074587], [-96.254047, 30.074603], [-96.253869, 30.075823], [-96.252674, 30.07574], [-96.252403, 30.074921], [-96.251733, 30.074882], [-96.250881, 30.074063], [-96.249495, 30.074233], [-96.249098, 30.074942], [-96.248352, 30.075129], [-96.247619, 30.074772], [-96.247417, 30.075256], [-96.245653, 30.074113], [-96.244926, 30.073987], [-96.243781, 30.07241], [-96.243029, 30.072306], [-96.24095, 30.072977], [-96.241083, 30.073675], [-96.240369, 30.073829], [-96.240174, 30.075094], [-96.239561, 30.075572], [-96.23654, 30.075469], [-96.233931, 30.076294], [-96.22859, 30.075592], [-96.226883, 30.074317], [-96.225385, 30.073801], [-96.225018, 30.072372], [-96.223793, 30.072641], [-96.223205, 30.072394], [-96.221511, 30.072356], [-96.221202, 30.072659], [-96.219837, 30.07262], [-96.218414, 30.071785], [-96.218686, 30.070757], [-96.216916, 30.070521], [-96.216152, 30.06968], [-96.214806, 30.069554], [-96.21382, 30.068988], [-96.214059, 30.066388], [-96.212719, 30.065883], [-96.212056, 30.064844], [-96.210615, 30.063734], [-96.209964, 30.062305], [-96.209389, 30.062184], [-96.208441, 30.063613], [-96.208511, 30.065224], [-96.207645, 30.066439], [-96.206786, 30.066961], [-96.205301, 30.066631], [-96.204353, 30.066741], [-96.202375, 30.066197], [-96.201421, 30.066681], [-96.200568, 30.066588], [-96.199569, 30.065659], [-96.198502, 30.065571], [-96.197023, 30.064703], [-96.195532, 30.064983], [-96.193705, 30.064967], [-96.192479, 30.065181], [-96.191026, 30.064736], [-96.190274, 30.064895], [-96.18908, 30.064389], [-96.18745, 30.063279], [-96.18702, 30.063295], [-96.185838, 30.06235], [-96.184973, 30.062878], [-96.184391, 30.062487], [-96.18364, 30.063015], [-96.182875, 30.06235], [-96.181352, 30.0628], [-96.18072, 30.062212], [-96.179773, 30.062047], [-96.179545, 30.060877], [-96.1777, 30.060541], [-96.177915, 30.059563], [-96.176386, 30.058804], [-96.175495, 30.058991], [-96.173796, 30.057935], [-96.173727, 30.056847], [-96.172987, 30.056385], [-96.171926, 30.056347], [-96.170681, 30.055758], [-96.169139, 30.056495], [-96.168451, 30.056115], [-96.168413, 30.055164], [-96.168837, 30.054411], [-96.166847, 30.054004], [-96.166531, 30.053532], [-96.1654, 30.053218], [-96.163618, 30.053355], [-96.162816, 30.052882], [-96.162228, 30.054201], [-96.161388, 30.054075], [-96.160472, 30.053409], [-96.159056, 30.054069], [-96.158273, 30.054948], [-96.157634, 30.055041], [-96.15735, 30.055926], [-96.155706, 30.058789], [-96.156299, 30.060141], [-96.157424, 30.060609], [-96.157209, 30.061895], [-96.156014, 30.06273], [-96.155357, 30.063708], [-96.155028, 30.064846], [-96.154357, 30.065851], [-96.155362, 30.066687], [-96.155065, 30.067182], [-96.152973, 30.067197], [-96.150527, 30.068175], [-96.149308, 30.067993], [-96.148562, 30.069175], [-96.147089, 30.070076], [-96.146052, 30.070224], [-96.147922, 30.071153], [-96.150005, 30.071726], [-96.151305, 30.073445], [-96.151878, 30.075161], [-96.151247, 30.076396], [-96.149129, 30.076632], [-96.147825, 30.076037], [-96.146294, 30.074946], [-96.144803, 30.073325], [-96.142858, 30.070942], [-96.140599, 30.069255], [-96.137, 30.066997], [-96.134661, 30.067529], [-96.133567, 30.068965], [-96.13378, 30.07096], [-96.134904, 30.07229], [-96.135379, 30.073242], [-96.137031, 30.074312], [-96.139674, 30.075562], [-96.14092, 30.076839], [-96.141315, 30.078807], [-96.141193, 30.081175], [-96.141649, 30.083197], [-96.142287, 30.084234], [-96.143502, 30.084979], [-96.145326, 30.085245], [-96.146359, 30.085059], [-96.15046, 30.084713], [-96.152071, 30.085032], [-96.153438, 30.08575], [-96.15435, 30.086522], [-96.156142, 30.088942], [-96.158421, 30.091709], [-96.159241, 30.094103], [-96.159393, 30.095726], [-96.158998, 30.097029], [-96.157661, 30.098306], [-96.156173, 30.098838], [-96.153408, 30.101365], [-96.152557, 30.102535], [-96.152496, 30.104211], [-96.153347, 30.107217], [-96.153985, 30.107989], [-96.154988, 30.108521], [-96.157661, 30.108547], [-96.160271, 30.108066], [-96.161064, 30.106818], [-96.162371, 30.103467], [-96.164285, 30.101152], [-96.166078, 30.099875], [-96.168144, 30.098998], [-96.169936, 30.098785], [-96.171304, 30.098891], [-96.172823, 30.099343], [-96.173643, 30.100035], [-96.17466, 30.102702], [-96.174099, 30.103812], [-96.172337, 30.106286], [-96.171425, 30.108095], [-96.171456, 30.109345], [-96.17261, 30.110755], [-96.173873, 30.111322], [-96.175046, 30.112435], [-96.179143, 30.110941], [-96.183548, 30.109212], [-96.186101, 30.109266], [-96.187498, 30.109638], [-96.188653, 30.110463], [-96.191099, 30.113872], [-96.191708, 30.115235], [-96.191658, 30.116687], [-96.191235, 30.117577], [-96.189761, 30.118481], [-96.187418, 30.118594], [-96.183002, 30.117086], [-96.180844, 30.11706], [-96.179811, 30.117352], [-96.178869, 30.118443], [-96.178687, 30.119773], [-96.1789, 30.120943], [-96.179872, 30.122992], [-96.182446, 30.125217], [-96.18458, 30.126566], [-96.186368, 30.128147], [-96.18703, 30.12904], [-96.188288, 30.132011], [-96.190081, 30.133818], [-96.191418, 30.134669], [-96.192208, 30.136664], [-96.191782, 30.13842], [-96.190172, 30.140202], [-96.187802, 30.141692], [-96.186131, 30.141931], [-96.183568, 30.141425], [-96.181827, 30.140903], [-96.179052, 30.138819], [-96.175922, 30.137728], [-96.174403, 30.137755], [-96.17261, 30.138633], [-96.17176, 30.13983], [-96.171942, 30.14116], [-96.174585, 30.14366], [-96.178231, 30.144991], [-96.180323, 30.146533], [-96.181877, 30.148129], [-96.183153, 30.15071], [-96.183214, 30.152439], [-96.182546, 30.153982], [-96.180662, 30.155684], [-96.178729, 30.155804], [-96.177646, 30.155543], [-96.176289, 30.154821], [-96.174736, 30.153669], [-96.172609, 30.151602], [-96.170271, 30.150124], [-96.168448, 30.149167], [-96.164502, 30.146572], [-96.162827, 30.144858], [-96.160639, 30.143128], [-96.158846, 30.142144], [-96.156932, 30.141399], [-96.154866, 30.141373], [-96.153529, 30.141958], [-96.152527, 30.143128], [-96.151082, 30.146851], [-96.150929, 30.147648], [-96.151129, 30.149912], [-96.1504, 30.152066], [-96.150005, 30.154274], [-96.150126, 30.155445], [-96.151554, 30.15744], [-96.15299, 30.158653], [-96.153408, 30.159488], [-96.157327, 30.160632], [-96.160031, 30.161829], [-96.161368, 30.163425], [-96.162006, 30.164915], [-96.161824, 30.166032], [-96.160912, 30.168559], [-96.156841, 30.171299], [-96.1552, 30.173161], [-96.154927, 30.175502], [-96.154562, 30.177124], [-96.156628, 30.17888], [-96.159231, 30.180413], [-96.159962, 30.182109], [-96.159775, 30.18318], [-96.158524, 30.18585], [-96.157264, 30.188105], [-96.157017, 30.189124], [-96.157092, 30.190498], [-96.158482, 30.192633], [-96.159059, 30.194335], [-96.159094, 30.195859], [-96.158634, 30.197155], [-96.158282, 30.199219], [-96.159071, 30.201297], [-96.15933, 30.203402], [-96.158998, 30.205454], [-96.15901, 30.206613], [-96.157265, 30.207258], [-96.157023, 30.207902], [-96.153569, 30.210107], [-96.151551, 30.211525], [-96.149885, 30.213024], [-96.149463, 30.214544], [-96.148454, 30.216578], [-96.147428, 30.217976], [-96.147846, 30.21835], [-96.147919, 30.21958], [-96.147443, 30.221198], [-96.147512, 30.221974], [-96.14686, 30.222435], [-96.146999, 30.222946], [-96.148277, 30.223634], [-96.148074, 30.224738], [-96.148694, 30.225393], [-96.148908, 30.227069], [-96.149725, 30.227443], [-96.149547, 30.228531], [-96.14911, 30.22885], [-96.148091, 30.228602], [-96.14778, 30.230735], [-96.146679, 30.230668], [-96.145469, 30.23136], [-96.144436, 30.234212], [-96.142746, 30.233926], [-96.14212, 30.233475], [-96.141082, 30.233777], [-96.139815, 30.236134], [-96.138878, 30.235348], [-96.137315, 30.235286], [-96.136644, 30.235588], [-96.135636, 30.237237], [-96.134408, 30.237692], [-96.135179, 30.239111], [-96.137039, 30.240672], [-96.137039, 30.242074], [-96.136734, 30.242931], [-96.138133, 30.243262], [-96.138671, 30.243861], [-96.138847, 30.244839], [-96.139657, 30.246236], [-96.138251, 30.247576], [-96.138161, 30.249296], [-96.138781, 30.250646], [-96.140407, 30.251641], [-96.140389, 30.25096], [-96.14137, 30.251147], [-96.141578, 30.252016], [-96.141021, 30.253142], [-96.139666, 30.25368], [-96.138805, 30.253405], [-96.138564, 30.254032], [-96.139557, 30.254724], [-96.14211, 30.252909], [-96.143863, 30.251874], [-96.14704, 30.250465], [-96.148725, 30.250065], [-96.153927, 30.249601], [-96.153646, 30.246566], [-96.154026, 30.245453], [-96.154827, 30.244672], [-96.156071, 30.244196], [-96.163959, 30.243488], [-96.17212, 30.242665], [-96.177076, 30.242329], [-96.182445, 30.241764], [-96.185754, 30.241667], [-96.18833, 30.241754], [-96.192619, 30.241671], [-96.197046, 30.24148], [-96.199415, 30.241537], [-96.202249, 30.241363], [-96.219912, 30.240998], [-96.231897, 30.240852], [-96.238544, 30.240678], [-96.246944, 30.240535], [-96.248572, 30.240772], [-96.253252, 30.240717], [-96.25383, 30.240564], [-96.255758, 30.23933], [-96.257031, 30.238941], [-96.26491, 30.236946], [-96.267125, 30.236526], [-96.272003, 30.234694], [-96.273458, 30.234303], [-96.277189, 30.234343], [-96.280519, 30.233691], [-96.283329, 30.234157], [-96.284526, 30.234823], [-96.285391, 30.235691], [-96.288027, 30.233283], [-96.297001, 30.225596], [-96.303302, 30.220127], [-96.302302, 30.219186], [-96.300619, 30.218015], [-96.29977, 30.217729], [-96.299131, 30.218268], [-96.297517, 30.218432], [-96.296429, 30.218278], [-96.291194, 30.219063], [-96.288846, 30.219156], [-96.288061, 30.219403], [-96.287719, 30.218936], [-96.287029, 30.219452], [-96.286802, 30.218809], [-96.286074, 30.219194], [-96.285606, 30.218254], [-96.286701, 30.217891], [-96.285207, 30.217319], [-96.283859, 30.217401], [-96.283094, 30.216758], [-96.281366, 30.216769], [-96.280524, 30.216191], [-96.279986, 30.216372], [-96.279784, 30.215251], [-96.280013, 30.213663], [-96.279235, 30.212596], [-96.279317, 30.211662], [-96.278553, 30.208902], [-96.279135, 30.208336], [-96.277939, 30.208055], [-96.277661, 30.207286], [-96.27651, 30.206752], [-96.276757, 30.205911], [-96.275327, 30.205537], [-96.274377, 30.206026], [-96.273087, 30.205124], [-96.272144, 30.203755], [-96.269943, 30.202705], [-96.268759, 30.202995], [-96.267816, 30.204166], [-96.265454, 30.206199], [-96.264005, 30.206995], [-96.263454, 30.206654], [-96.260638, 30.20657], [-96.259367, 30.206097], [-96.25848, 30.206685], [-96.257348, 30.206014], [-96.257848, 30.205085], [-96.259247, 30.205152], [-96.259836, 30.203976], [-96.260646, 30.203443], [-96.262178, 30.203301], [-96.262761, 30.202125], [-96.263811, 30.201977], [-96.263888, 30.201268], [-96.265476, 30.201164], [-96.265685, 30.200317], [-96.266596, 30.200296], [-96.267331, 30.199296], [-96.267427, 30.197669], [-96.267737, 30.197053], [-96.268094, 30.192535], [-96.26905, 30.191101], [-96.270822, 30.189519], [-96.271797, 30.189338], [-96.273885, 30.189652], [-96.274594, 30.189025], [-96.276409, 30.188861], [-96.278264, 30.188427], [-96.280136, 30.188219], [-96.280814, 30.18779], [-96.281801, 30.187978], [-96.283781, 30.187005], [-96.284383, 30.186148], [-96.285578, 30.186923], [-96.286344, 30.186868], [-96.287546, 30.185896], [-96.288843, 30.185478], [-96.288939, 30.184297], [-96.28985, 30.1845], [-96.290407, 30.184055], [-96.292988, 30.183709], [-96.293728, 30.184347], [-96.29469, 30.183803], [-96.297866, 30.182446], [-96.29972, 30.182572], [-96.299967, 30.183067], [-96.300675, 30.182672], [-96.302042, 30.18293], [-96.302188, 30.181759], [-96.303453, 30.18204], [-96.303751, 30.181138], [-96.30532, 30.179775], [-96.306497, 30.179792], [-96.3083, 30.17872], [-96.311039, 30.178935], [-96.312665, 30.179633], [-96.314108, 30.18076], [-96.315367, 30.181172], [-96.316543, 30.181144], [-96.317157, 30.18204], [-96.318929, 30.182007], [-96.319827, 30.182568], [-96.321396, 30.181875], [-96.322016, 30.182271], [-96.323433, 30.182293], [-96.324092, 30.181831], [-96.326591, 30.183332], [-96.329634, 30.183496], [-96.333455, 30.180968], [-96.334316, 30.181616], [-96.335543, 30.18067], [-96.335226, 30.177444], [-96.33596, 30.176251], [-96.3372, 30.175118], [-96.339818, 30.173892], [-96.340458, 30.172769], [-96.341868, 30.171737], [-96.346283, 30.171615], [-96.346739, 30.171131], [-96.348282, 30.171274], [-96.351027, 30.169206], [-96.351773, 30.168195], [-96.352463, 30.167975], [-96.353171, 30.167073], [-96.352791, 30.164891], [-96.353651, 30.164858], [-96.35303, 30.162829], [-96.351695, 30.161527], [-96.35179, 30.160867], [-96.352669, 30.159548], [-96.352649, 30.158778], [-96.353819, 30.158371], [-96.35411, 30.157756], [-96.353933, 30.156783], [-96.35435, 30.155771], [-96.355273, 30.155996], [-96.355526, 30.155106], [-96.354773, 30.15421], [-96.354754, 30.153259], [-96.353975, 30.152687], [-96.35369, 30.151819], [-96.354069, 30.150753], [-96.354715, 30.150917], [-96.356232, 30.150631], [-96.356783, 30.15001], [-96.35682, 30.148542], [-96.355852, 30.147217], [-96.356914, 30.147052], [-96.357729, 30.145892], [-96.357058, 30.144353], [-96.358044, 30.143193], [-96.358082, 30.142039], [-96.358647, 30.141201], [-96.351781, 30.138403], [-96.351882, 30.137777], [-96.351765, 30.128911], [-96.349428, 30.118738], [-96.349107, 30.118369], [-96.343386, 30.119381], [-96.343087, 30.119261], [-96.340113, 30.105834], [-96.339204, 30.102194], [-96.338658, 30.099389], [-96.33734, 30.093566], [-96.336737, 30.090559], [-96.33748, 30.09005]]]}},
    {"type": "Feature", "properties": {"name": "Census tract 1706.02", "description": "Washington County", "Population": 2923, "Housing units": 1381, "Vacant housing units": 71, "Vacancy rate (%)": 5.1, "Median gross rent ($ a month)": 988.0, "Median gross rent ($ a month) margin": 887.0, "Median home value ($)": 261200.0, "Median home value ($) margin": 19348.0, "Median household income ($ a year)": 86696.0, "Median household income ($ a year) margin": 10114.0, "Survey years": "2020 to 2024", "id": "48477170602"}, "geometry": {"type": "Polygon", "coordinates": [[[-96.285391, 30.235691], [-96.284526, 30.234823], [-96.283329, 30.234157], [-96.280519, 30.233691], [-96.277189, 30.234343], [-96.273458, 30.234303], [-96.272003, 30.234694], [-96.267125, 30.236526], [-96.26491, 30.236946], [-96.257031, 30.238941], [-96.255758, 30.23933], [-96.25383, 30.240564], [-96.253252, 30.240717], [-96.248572, 30.240772], [-96.246944, 30.240535], [-96.238544, 30.240678], [-96.231897, 30.240852], [-96.219912, 30.240998], [-96.202249, 30.241363], [-96.199415, 30.241537], [-96.197046, 30.24148], [-96.192619, 30.241671], [-96.18833, 30.241754], [-96.185754, 30.241667], [-96.182445, 30.241764], [-96.177076, 30.242329], [-96.17212, 30.242665], [-96.163959, 30.243488], [-96.156071, 30.244196], [-96.154827, 30.244672], [-96.154026, 30.245453], [-96.153646, 30.246566], [-96.153927, 30.249601], [-96.148725, 30.250065], [-96.14704, 30.250465], [-96.143863, 30.251874], [-96.14211, 30.252909], [-96.139557, 30.254724], [-96.138564, 30.254032], [-96.138805, 30.253405], [-96.139666, 30.25368], [-96.141021, 30.253142], [-96.141578, 30.252016], [-96.14137, 30.251147], [-96.140389, 30.25096], [-96.140407, 30.251641], [-96.138781, 30.250646], [-96.138161, 30.249296], [-96.138251, 30.247576], [-96.139657, 30.246236], [-96.138847, 30.244839], [-96.138671, 30.243861], [-96.138133, 30.243262], [-96.136734, 30.242931], [-96.137039, 30.242074], [-96.137039, 30.240672], [-96.135179, 30.239111], [-96.134408, 30.237692], [-96.135636, 30.237237], [-96.136644, 30.235588], [-96.137315, 30.235286], [-96.138878, 30.235348], [-96.139815, 30.236134], [-96.141082, 30.233777], [-96.14212, 30.233475], [-96.142746, 30.233926], [-96.144436, 30.234212], [-96.145469, 30.23136], [-96.146679, 30.230668], [-96.14778, 30.230735], [-96.148091, 30.228602], [-96.14911, 30.22885], [-96.149547, 30.228531], [-96.149725, 30.227443], [-96.148908, 30.227069], [-96.148694, 30.225393], [-96.148074, 30.224738], [-96.148277, 30.223634], [-96.146999, 30.222946], [-96.14686, 30.222435], [-96.147512, 30.221974], [-96.147443, 30.221198], [-96.147919, 30.21958], [-96.147846, 30.21835], [-96.147428, 30.217976], [-96.146482, 30.218425], [-96.145075, 30.218566], [-96.143531, 30.216809], [-96.14188, 30.213879], [-96.14019, 30.212224], [-96.138157, 30.211347], [-96.136315, 30.210806], [-96.133983, 30.210557], [-96.130107, 30.210755], [-96.128228, 30.211605], [-96.126063, 30.213911], [-96.125236, 30.215185], [-96.11916, 30.222726], [-96.118018, 30.224212], [-96.117159, 30.227275], [-96.115929, 30.227881], [-96.114778, 30.227898], [-96.113704, 30.227203], [-96.110982, 30.222315], [-96.109841, 30.220935], [-96.109406, 30.219914], [-96.103384, 30.216572], [-96.101017, 30.215674], [-96.098936, 30.214525], [-96.097435, 30.214472], [-96.096706, 30.214872], [-96.094966, 30.217756], [-96.093122, 30.220447], [-96.092742, 30.22202], [-96.092662, 30.22364], [-96.093165, 30.225187], [-96.094114, 30.227008], [-96.09557, 30.22876], [-96.098248, 30.230439], [-96.101477, 30.23076], [-96.104367, 30.231473], [-96.105379, 30.23287], [-96.104444, 30.234947], [-96.103145, 30.238681], [-96.101346, 30.24088], [-96.098571, 30.242736], [-96.096936, 30.243007], [-96.094423, 30.242386], [-96.092994, 30.24133], [-96.090396, 30.238883], [-96.087671, 30.23777], [-96.083327, 30.238312], [-96.081741, 30.240882], [-96.081144, 30.242534], [-96.080839, 30.244305], [-96.08228, 30.246795], [-96.08304, 30.248753], [-96.084578, 30.251253], [-96.08605, 30.252541], [-96.089438, 30.253041], [-96.094873, 30.252392], [-96.0981, 30.253867], [-96.09912, 30.255174], [-96.099253, 30.258049], [-96.09886, 30.259704], [-96.098039, 30.261674], [-96.095514, 30.265597], [-96.094859, 30.268309], [-96.094683, 30.271205], [-96.093798, 30.274316], [-96.093256, 30.275503], [-96.091737, 30.278013], [-96.090602, 30.279071], [-96.086737, 30.281369], [-96.085089, 30.282607], [-96.084382, 30.28376], [-96.084049, 30.285065], [-96.084068, 30.286456], [-96.084382, 30.28766], [-96.085893, 30.288983], [-96.087691, 30.289623], [-96.089809, 30.289668], [-96.09393, 30.289078], [-96.096933, 30.289], [-96.098424, 30.289585], [-96.099925, 30.29099], [-96.10058, 30.292805], [-96.100046, 30.29669], [-96.098768, 30.299555], [-96.097614, 30.300984], [-96.095342, 30.302824], [-96.093637, 30.305195], [-96.093513, 30.306532], [-96.093829, 30.308171], [-96.094404, 30.309371], [-96.095613, 30.310493], [-96.097193, 30.311112], [-96.098587, 30.311021], [-96.100871, 30.310214], [-96.10408, 30.30882], [-96.112305, 30.306601], [-96.115056, 30.306001], [-96.117372, 30.304195], [-96.119506, 30.304821], [-96.120477, 30.305689], [-96.122703, 30.309368], [-96.125273, 30.311563], [-96.126191, 30.311878], [-96.128033, 30.311975], [-96.131635, 30.312434], [-96.135057, 30.313508], [-96.136547, 30.314752], [-96.137078, 30.316669], [-96.137044, 30.319254], [-96.137298, 30.321058], [-96.138866, 30.322453], [-96.145244, 30.323592], [-96.147462, 30.324168], [-96.149386, 30.325187], [-96.152789, 30.32801], [-96.15463, 30.330288], [-96.158731, 30.336688], [-96.160203, 30.338487], [-96.160445, 30.339364], [-96.16016, 30.341739], [-96.155539, 30.347521], [-96.154024, 30.348614], [-96.15263, 30.350311], [-96.152364, 30.352879], [-96.152711, 30.355027], [-96.153456, 30.357466], [-96.154852, 30.360233], [-96.155429, 30.362048], [-96.155438, 30.363141], [-96.15463, 30.363781], [-96.151598, 30.365455], [-96.1504, 30.366694], [-96.149872, 30.367742], [-96.149872, 30.36879], [-96.151447, 30.371485], [-96.153315, 30.372403], [-96.15521, 30.373823], [-96.157194, 30.375741], [-96.158438, 30.378368], [-96.160523, 30.378709], [-96.161866, 30.37813], [-96.16299, 30.378092], [-96.164186, 30.3775], [-96.167219, 30.375246], [-96.169575, 30.374307], [-96.171543, 30.37379], [-96.173038, 30.373911], [-96.174762, 30.374525], [-96.176162, 30.375519], [-96.176568, 30.376103], [-96.176455, 30.378345], [-96.175296, 30.381405], [-96.17495, 30.381977], [-96.174151, 30.385084], [-96.17327, 30.38645], [-96.173467, 30.389221], [-96.175086, 30.391612], [-96.177095, 30.393587], [-96.178661, 30.394718], [-96.180522, 30.395099], [-96.183814, 30.394281], [-96.184744, 30.39459], [-96.186574, 30.395919], [-96.187711, 30.397013], [-96.189971, 30.397841], [-96.190775, 30.398706], [-96.19325, 30.399645], [-96.1945, 30.39989], [-96.195546, 30.399689], [-96.196516, 30.398729], [-96.198228, 30.395118], [-96.199211, 30.387383], [-96.19925, 30.385341], [-96.199544, 30.38291], [-96.201239, 30.381145], [-96.202196, 30.380671], [-96.204931, 30.380108], [-96.206507, 30.379], [-96.209217, 30.375842], [-96.2096, 30.374173], [-96.210148, 30.373899], [-96.212171, 30.373679], [-96.214732, 30.375881], [-96.216156, 30.376488], [-96.218036, 30.376693], [-96.221552, 30.376241], [-96.224011, 30.375377], [-96.23058, 30.372206], [-96.231914, 30.371376], [-96.235086, 30.36972], [-96.23869, 30.369006], [-96.242056, 30.369744], [-96.243205, 30.369719], [-96.246606, 30.368514], [-96.247346, 30.36777], [-96.249556, 30.366277], [-96.25175, 30.365384], [-96.254449, 30.365718], [-96.257222, 30.366403], [-96.258944, 30.36735], [-96.259539, 30.368723], [-96.260257, 30.369401], [-96.261458, 30.36997], [-96.262915, 30.370021], [-96.263441, 30.369659], [-96.26354, 30.368192], [-96.263208, 30.366844], [-96.262302, 30.364658], [-96.262442, 30.363811], [-96.263648, 30.362343], [-96.268675, 30.358675], [-96.271232, 30.35835], [-96.272455, 30.358468], [-96.275676, 30.359669], [-96.276579, 30.360266], [-96.277792, 30.362837], [-96.278512, 30.363849], [-96.279437, 30.364468], [-96.281704, 30.36461], [-96.28336, 30.364326], [-96.285753, 30.364689], [-96.287593, 30.363536], [-96.28803, 30.362712], [-96.287771, 30.361997], [-96.289507, 30.361673], [-96.291345, 30.362163], [-96.291903, 30.361569], [-96.29267, 30.361899], [-96.293754, 30.361212], [-96.294629, 30.359305], [-96.296189, 30.358107], [-96.29676, 30.357404], [-96.296906, 30.356503], [-96.296481, 30.355431], [-96.297191, 30.354832], [-96.298351, 30.355057], [-96.298833, 30.354738], [-96.298928, 30.353265], [-96.299277, 30.352578], [-96.298085, 30.35188], [-96.298897, 30.35066], [-96.297655, 30.350231], [-96.297516, 30.34967], [-96.296083, 30.349808], [-96.294867, 30.348697], [-96.294842, 30.347878], [-96.295653, 30.347246], [-96.296604, 30.345828], [-96.294082, 30.343959], [-96.293449, 30.342892], [-96.294095, 30.342233], [-96.293462, 30.341788], [-96.292626, 30.339935], [-96.292119, 30.339847], [-96.291865, 30.33894], [-96.291183, 30.339353], [-96.287057, 30.340332], [-96.284149, 30.329905], [-96.282654, 30.325511], [-96.282529, 30.315291], [-96.280665, 30.31475], [-96.278569, 30.314544], [-96.275308, 30.313705], [-96.275316, 30.312475], [-96.275072, 30.300158], [-96.274806, 30.292067], [-96.274023, 30.262928], [-96.273868, 30.254575], [-96.273624, 30.247364], [-96.273276, 30.246981], [-96.283161, 30.237818], [-96.285391, 30.235691]]]}}
  ]
}
