{
  "type": "FeatureCollection",
  "features": [
    {"type": "Feature", "properties": {"name": "Navasota ISD", "description": "Navasota Independent School District", "Students enrolled, 2025-26": 3136, "Change in one year": "+0.6% (+19 students)", "Change in five years": "+10.2% (+289 students)", "Change since 2011-12": "+5.1% (+151 students)", "Enrollment by year": {"2011-12": 2985, "2012-13": 3010, "2013-14": 3058, "2014-15": 3055, "2015-16": 3078, "2016-17": 3047, "2017-18": 3047, "2018-19": 3043, "2019-20": 3017, "2020-21": 2847, "2021-22": 2991, "2022-23": 2977, "2023-24": 3030, "2024-25": 3117, "2025-26": 3136}, "Enrollment covers": "The whole district, including any part outside Grimes County", "url": "https://rptsvr1.tea.texas.gov/adhocrpt/adste.html", "link": "Texas Education Agency enrollment reports"}, "geometry": {"type": "Polygon", "coordinates": [[[-96.149024, 30.523954], [-96.146307, 30.524067], [-96.141819, 30.525679], [-96.14164, 30.540057], [-96.141681, 30.543606], [-96.12599, 30.543407], [-96.12074, 30.54351], [-96.120526, 30.54356], [-96.112118, 30.544503], [-96.110373, 30.543975], [-96.107859, 30.543628], [-96.107242, 30.54365], [-96.107323, 30.546438], [-96.107441, 30.549453], [-96.107437, 30.550224], [-96.107499, 30.550704], [-96.102754, 30.553615], [-96.102736, 30.553652], [-96.099263, 30.554105], [-96.09816, 30.554592], [-96.097146, 30.555012], [-96.095339, 30.556014], [-96.095309, 30.556114], [-96.094551, 30.556494], [-96.094499, 30.556665], [-96.094143, 30.556913], [-96.09382, 30.556968], [-96.093388, 30.55677], [-96.093242, 30.55683], [-96.09281, 30.557204], [-96.09227, 30.557155], [-96.09154, 30.557397], [-96.090632, 30.557397], [-96.090435, 30.557424], [-96.090245, 30.557534], [-96.089851, 30.557974], [-96.089121, 30.558337], [-96.088588, 30.558799], [-96.0882, 30.55887], [-96.088041, 30.559079], [-96.087914, 30.55909], [-96.087622, 30.558947], [-96.087425, 30.55898], [-96.087298, 30.559134], [-96.087203, 30.559947], [-96.087057, 30.560272], [-96.086594, 30.560552], [-96.086511, 30.5607], [-96.086181, 30.561519], [-96.085838, 30.561547], [-96.085756, 30.561459], [-96.085229, 30.561371], [-96.084937, 30.561789], [-96.084835, 30.561992], [-96.084562, 30.562316], [-96.084454, 30.562558], [-96.084359, 30.563036], [-96.08434, 30.563531], [-96.084219, 30.56396], [-96.083991, 30.564108], [-96.083775, 30.564405], [-96.083489, 30.564586], [-96.083426, 30.565542], [-96.083286, 30.565735], [-96.083096, 30.565713], [-96.083019, 30.565565], [-96.082715, 30.565537], [-96.082473, 30.56535], [-96.082346, 30.565356], [-96.082156, 30.565504], [-96.081533, 30.565466], [-96.081178, 30.565372], [-96.080466, 30.565526], [-96.080168, 30.565631], [-96.079292, 30.566378], [-96.078968, 30.56651], [-96.07876, 30.566505], [-96.078577, 30.561684], [-96.078576, 30.560206], [-96.073655, 30.560081], [-96.066485, 30.559842], [-96.065352, 30.559877], [-96.065286, 30.562818], [-96.064437, 30.562852], [-96.052949, 30.562754], [-96.050897, 30.562741], [-96.047145, 30.562745], [-96.044009, 30.562712], [-96.041234, 30.562713], [-96.04117, 30.559561], [-96.041148, 30.554598], [-96.038482, 30.554773], [-96.036968, 30.554812], [-96.034807, 30.552351], [-96.033233, 30.550566], [-96.033262, 30.548762], [-96.033213, 30.546324], [-96.034101, 30.5462], [-96.03506, 30.536684], [-96.036699, 30.536577], [-96.043037, 30.536617], [-96.044749, 30.536615], [-96.044796, 30.535465], [-96.044853, 30.534503], [-96.044845, 30.530677], [-96.044877, 30.529184], [-96.044848, 30.523782], [-96.044867, 30.521686], [-96.044815, 30.51987], [-96.043844, 30.519867], [-96.040115, 30.519471], [-96.038822, 30.519447], [-96.038796, 30.51946], [-96.039419, 30.508233], [-96.040412, 30.507356], [-96.037292, 30.500822], [-96.034757, 30.495461], [-96.032588, 30.489848], [-96.031467, 30.487227], [-96.030943, 30.485905], [-96.030802, 30.485789], [-96.030789, 30.485046], [-96.030567, 30.484568], [-96.029818, 30.484568], [-96.029571, 30.484293], [-96.029533, 30.484062], [-96.029831, 30.483919], [-96.029819, 30.483776], [-96.029641, 30.483716], [-96.02933, 30.483798], [-96.029165, 30.483754], [-96.029045, 30.483853], [-96.02867, 30.483902], [-96.028734, 30.483749], [-96.02867, 30.483595], [-96.02848, 30.483584], [-96.028429, 30.483452], [-96.028759, 30.48343], [-96.028766, 30.483281], [-96.028467, 30.483232], [-96.028055, 30.483089], [-96.027674, 30.482891], [-96.027814, 30.482726], [-96.028062, 30.482638], [-96.028157, 30.482402], [-96.028525, 30.48243], [-96.028582, 30.482309], [-96.028481, 30.482188], [-96.028335, 30.482171], [-96.028252, 30.482034], [-96.028278, 30.481715], [-96.028183, 30.481528], [-96.027827, 30.481479], [-96.027694, 30.481231], [-96.027637, 30.480797], [-96.027714, 30.480594], [-96.027396, 30.480539], [-96.027162, 30.480341], [-96.02727, 30.480148], [-96.027492, 30.48], [-96.027644, 30.479495], [-96.027479, 30.479214], [-96.027403, 30.478857], [-96.027074, 30.478571], [-96.026655, 30.478478], [-96.026401, 30.478302], [-96.026268, 30.477966], [-96.026627, 30.477689], [-96.026205, 30.477542], [-96.023312, 30.470665], [-96.024719, 30.470148], [-96.024001, 30.468695], [-96.024141, 30.468549], [-96.024072, 30.468396], [-96.023684, 30.468465], [-96.020778, 30.460863], [-96.020002, 30.458889], [-96.017519, 30.458458], [-96.017286, 30.45841], [-96.014412, 30.452473], [-96.010741, 30.443521], [-96.012377, 30.443088], [-96.012061, 30.442274], [-96.010242, 30.437512], [-96.008866, 30.437984], [-96.008202, 30.438127], [-96.006316, 30.438687], [-96.00552, 30.438897], [-96.004944, 30.439111], [-96.004404, 30.439243], [-96.004461, 30.439345], [-96.00407, 30.439204], [-96.001877, 30.439738], [-96.002423, 30.441125], [-95.99669, 30.442431], [-95.996332, 30.441652], [-95.988297, 30.424049], [-95.982804, 30.411964], [-95.982448, 30.411233], [-95.980827, 30.407677], [-95.980954, 30.401345], [-95.980976, 30.400491], [-95.980795, 30.397435], [-95.97455, 30.397419], [-95.967539, 30.397451], [-95.959385, 30.397435], [-95.945988, 30.397542], [-95.945591, 30.397362], [-95.945602, 30.397486], [-95.944629, 30.397577], [-95.943159, 30.397576], [-95.942556, 30.397714], [-95.941689, 30.397347], [-95.94027, 30.397485], [-95.939983, 30.397691], [-95.937724, 30.397759], [-95.936306, 30.397667], [-95.936323, 30.398161], [-95.936441, 30.399227], [-95.936748, 30.402205], [-95.936856, 30.403428], [-95.936845, 30.403788], [-95.936933, 30.40404], [-95.937043, 30.404986], [-95.937491, 30.409236], [-95.937605, 30.409332], [-95.937623, 30.410536], [-95.937772, 30.412158], [-95.93779, 30.413317], [-95.937921, 30.413527], [-95.937889, 30.414476], [-95.937761, 30.414579], [-95.93803, 30.416821], [-95.937991, 30.41741], [-95.937783, 30.418954], [-95.937805, 30.421075], [-95.936247, 30.421113], [-95.936198, 30.421049], [-95.93583, 30.421054], [-95.935582, 30.42113], [-95.932793, 30.421141], [-95.927037, 30.421195], [-95.919364, 30.42103], [-95.918375, 30.420992], [-95.91714, 30.421232], [-95.916461, 30.421274], [-95.906592, 30.421354], [-95.905748, 30.4213], [-95.896244, 30.421438], [-95.89429, 30.421478], [-95.893375, 30.421473], [-95.893331, 30.41824], [-95.89329, 30.416118], [-95.893051, 30.408159], [-95.892941, 30.404722], [-95.892814, 30.399932], [-95.892439, 30.387911], [-95.892509, 30.38776], [-95.892343, 30.382225], [-95.891376, 30.382248], [-95.88815, 30.382303], [-95.887278, 30.382302], [-95.884629, 30.382331], [-95.881251, 30.38241], [-95.880209, 30.382393], [-95.87851, 30.382314], [-95.877344, 30.382288], [-95.875412, 30.382296], [-95.873721, 30.382324], [-95.872321, 30.382337], [-95.871536, 30.382318], [-95.869324, 30.382313], [-95.868429, 30.382331], [-95.867907, 30.382362], [-95.863673, 30.382537], [-95.862552, 30.382667], [-95.861349, 30.382847], [-95.857953, 30.383238], [-95.853016, 30.3841], [-95.85191, 30.384255], [-95.85047, 30.384373], [-95.849621, 30.384407], [-95.84907, 30.384339], [-95.84804, 30.384175], [-95.846394, 30.383885], [-95.845997, 30.38383], [-95.843734, 30.383759], [-95.842561, 30.383749], [-95.842512, 30.388095], [-95.840319, 30.388148], [-95.838881, 30.388097], [-95.836951, 30.388191], [-95.832461, 30.388257], [-95.824664, 30.388367], [-95.808677, 30.388461], [-95.808459, 30.388485], [-95.807835, 30.380845], [-95.80747, 30.376251], [-95.807433, 30.375918], [-95.807287, 30.374135], [-95.807121, 30.371361], [-95.80684, 30.368287], [-95.806735, 30.367226], [-95.806209, 30.360678], [-95.80571, 30.354678], [-95.805595, 30.353236], [-95.805538, 30.352706], [-95.804441, 30.339266], [-95.804392, 30.338425], [-95.804347, 30.322305], [-95.804362, 30.320118], [-95.804338, 30.316468], [-95.804335, 30.314428], [-95.804357, 30.312276], [-95.804346, 30.307065], [-95.804302, 30.301945], [-95.804289, 30.298457], [-95.804315, 30.292859], [-95.804305, 30.288695], [-95.804287, 30.284676], [-95.80431, 30.280383], [-95.804267, 30.274128], [-95.804199, 30.270086], [-95.804198, 30.269071], [-95.804247, 30.267786], [-95.804245, 30.26151], [-95.804237, 30.2607], [-95.804306, 30.24557], [-95.804872, 30.245645], [-95.805054, 30.245632], [-95.814501, 30.24484], [-95.818407, 30.244797], [-95.821199, 30.24475], [-95.842138, 30.243445], [-95.8521, 30.242456], [-95.86731, 30.241454], [-95.9003, 30.238996], [-95.900687, 30.238976], [-95.902883, 30.238818], [-95.907832, 30.238443], [-95.911538, 30.238236], [-95.918871, 30.237698], [-95.923283, 30.237284], [-95.926415, 30.237292], [-95.928931, 30.237624], [-95.938612, 30.237527], [-95.948958, 30.236882], [-95.953773, 30.236964], [-95.985844, 30.234909], [-95.993538, 30.234418], [-95.99633, 30.234178], [-96.000233, 30.234015], [-96.0101, 30.233383], [-96.051994, 30.230964], [-96.054762, 30.230809], [-96.056904, 30.230733], [-96.069319, 30.229964], [-96.072849, 30.229491], [-96.074503, 30.229427], [-96.078212, 30.229268], [-96.079741, 30.229215], [-96.088941, 30.228718], [-96.08991, 30.227433], [-96.091453, 30.225994], [-96.093165, 30.225187], [-96.093316, 30.225783], [-96.094114, 30.227008], [-96.09557, 30.22876], [-96.098248, 30.230439], [-96.101477, 30.23076], [-96.104367, 30.231473], [-96.105379, 30.23287], [-96.104444, 30.234947], [-96.103145, 30.238681], [-96.101346, 30.24088], [-96.098571, 30.242736], [-96.096936, 30.243007], [-96.095386, 30.242614], [-96.094423, 30.242386], [-96.092994, 30.24133], [-96.091964, 30.240252], [-96.090396, 30.238883], [-96.087671, 30.23777], [-96.083327, 30.238312], [-96.081741, 30.240882], [-96.081144, 30.242534], [-96.080839, 30.244305], [-96.082013, 30.246567], [-96.08228, 30.246795], [-96.08304, 30.248753], [-96.083911, 30.250354], [-96.084578, 30.251253], [-96.08605, 30.252541], [-96.088298, 30.252984], [-96.089438, 30.253041], [-96.094873, 30.252392], [-96.0981, 30.253867], [-96.09874, 30.254488], [-96.09912, 30.255174], [-96.099293, 30.256507], [-96.099253, 30.258049], [-96.09886, 30.259704], [-96.098039, 30.261674], [-96.096521, 30.26388], [-96.095514, 30.265597], [-96.095196, 30.266784], [-96.094859, 30.268309], [-96.094719, 30.269757], [-96.094683, 30.271205], [-96.094256, 30.272681], [-96.093798, 30.274316], [-96.093256, 30.275503], [-96.091737, 30.278013], [-96.090602, 30.279071], [-96.086737, 30.281369], [-96.085089, 30.282607], [-96.084382, 30.28376], [-96.084049, 30.285065], [-96.084068, 30.286456], [-96.084382, 30.28766], [-96.084794, 30.28822], [-96.085893, 30.288983], [-96.086855, 30.289407], [-96.087691, 30.289623], [-96.089809, 30.289668], [-96.091668, 30.289479], [-96.09393, 30.289078], [-96.096933, 30.289], [-96.098424, 30.289585], [-96.099316, 30.290258], [-96.099925, 30.29099], [-96.100321, 30.291809], [-96.10058, 30.292805], [-96.100402, 30.294802], [-96.100046, 30.29669], [-96.099345, 30.298466], [-96.098768, 30.299555], [-96.097614, 30.300984], [-96.095342, 30.302824], [-96.093637, 30.305195], [-96.093513, 30.306532], [-96.093829, 30.308171], [-96.094404, 30.309371], [-96.095613, 30.310493], [-96.097193, 30.311112], [-96.097723, 30.31111], [-96.098587, 30.311021], [-96.099945, 30.31061], [-96.101852, 30.309796], [-96.10408, 30.30882], [-96.112305, 30.306601], [-96.115056, 30.306001], [-96.117372, 30.304195], [-96.119506, 30.304821], [-96.120477, 30.305689], [-96.122703, 30.309368], [-96.124499, 30.310987], [-96.124535, 30.311055], [-96.125273, 30.311563], [-96.126191, 30.311878], [-96.131635, 30.312434], [-96.135057, 30.313508], [-96.136547, 30.314752], [-96.136987, 30.316371], [-96.137078, 30.316669], [-96.137044, 30.319254], [-96.137298, 30.321058], [-96.137944, 30.321859], [-96.138866, 30.322453], [-96.141187, 30.322917], [-96.142293, 30.323065], [-96.145244, 30.323592], [-96.147462, 30.324168], [-96.149386, 30.325187], [-96.150568, 30.326058], [-96.151367, 30.326788], [-96.152789, 30.32801], [-96.15463, 30.330288], [-96.154542, 30.330549], [-96.154268, 30.330647], [-96.154171, 30.332094], [-96.154444, 30.332767], [-96.154438, 30.333234], [-96.154013, 30.334002], [-96.153232, 30.334475], [-96.151728, 30.334747], [-96.150813, 30.335088], [-96.148346, 30.335397], [-96.146389, 30.335948], [-96.144092, 30.336957], [-96.14249, 30.338037], [-96.141546, 30.339083], [-96.140259, 30.339654], [-96.139812, 30.340291], [-96.139812, 30.340935], [-96.140093, 30.341723], [-96.14055, 30.342446], [-96.140997, 30.342766], [-96.141712, 30.342953], [-96.145245, 30.343044], [-96.145874, 30.343225], [-96.147843, 30.344424], [-96.148465, 30.345], [-96.148542, 30.346564], [-96.149693, 30.349892], [-96.149758, 30.352225], [-96.149069, 30.353116], [-96.148446, 30.353312], [-96.14762, 30.353278], [-96.14536, 30.352165], [-96.143597, 30.352102], [-96.142737, 30.352525], [-96.142423, 30.352905], [-96.141639, 30.355356], [-96.141778, 30.356308], [-96.142469, 30.35732], [-96.142623, 30.35806], [-96.142437, 30.359626], [-96.142511, 30.361131], [-96.142292, 30.362004], [-96.141712, 30.362947], [-96.141609, 30.36551], [-96.141991, 30.366498], [-96.14215, 30.367815], [-96.142617, 30.368367], [-96.143896, 30.368864], [-96.144657, 30.369365], [-96.1455, 30.370874], [-96.14548, 30.371828], [-96.144249, 30.374493], [-96.144134, 30.37698], [-96.145035, 30.378137], [-96.146243, 30.379009], [-96.147067, 30.380284], [-96.147412, 30.381353], [-96.147418, 30.382322], [-96.147255, 30.38284], [-96.146023, 30.383993], [-96.14591, 30.384444], [-96.145251, 30.384822], [-96.144493, 30.384669], [-96.143641, 30.384238], [-96.142252, 30.384022], [-96.138971, 30.383138], [-96.13786, 30.383217], [-96.136528, 30.383621], [-96.135024, 30.384464], [-96.134193, 30.384583], [-96.1337, 30.386271], [-96.132247, 30.387902], [-96.12941, 30.388324], [-96.126735, 30.38804], [-96.126016, 30.387775], [-96.122909, 30.384709], [-96.122444, 30.384078], [-96.12174, 30.383893], [-96.121478, 30.383999], [-96.121141, 30.384718], [-96.121107, 30.385541], [-96.120898, 30.386047], [-96.120004, 30.386766], [-96.119702, 30.38715], [-96.119669, 30.387469], [-96.12025, 30.389109], [-96.121515, 30.390278], [-96.121683, 30.390834], [-96.121524, 30.391891], [-96.120956, 30.392253], [-96.119319, 30.392115], [-96.117595, 30.391278], [-96.117152, 30.39145], [-96.116756, 30.392229], [-96.116755, 30.392802], [-96.117654, 30.394881], [-96.117772, 30.396044], [-96.118416, 30.398448], [-96.118262, 30.39932], [-96.117367, 30.399791], [-96.116317, 30.399332], [-96.115672, 30.398342], [-96.114443, 30.397486], [-96.114046, 30.396912], [-96.114076, 30.394845], [-96.113772, 30.394337], [-96.113067, 30.394102], [-96.112343, 30.394433], [-96.111445, 30.395211], [-96.111157, 30.396071], [-96.11118, 30.39682], [-96.111932, 30.398324], [-96.113234, 30.399887], [-96.11355, 30.401183], [-96.113373, 30.401621], [-96.112698, 30.402295], [-96.110011, 30.404167], [-96.108193, 30.406208], [-96.107914, 30.406987], [-96.108147, 30.407425], [-96.10862, 30.407622], [-96.109564, 30.407538], [-96.11096, 30.407053], [-96.1116, 30.407357], [-96.111879, 30.407835], [-96.112015, 30.408973], [-96.112373, 30.409849], [-96.112933, 30.410516], [-96.113342, 30.411377], [-96.11369, 30.412727], [-96.113601, 30.413186], [-96.112194, 30.415668], [-96.109523, 30.416902], [-96.10736, 30.417582], [-96.106743, 30.418294], [-96.106625, 30.418172], [-96.106528, 30.418263], [-96.106154, 30.418928], [-96.106155, 30.419714], [-96.106533, 30.421322], [-96.106341, 30.421933], [-96.105601, 30.422125], [-96.104315, 30.421723], [-96.103517, 30.421211], [-96.103052, 30.420419], [-96.103516, 30.419345], [-96.103456, 30.418892], [-96.102814, 30.41829], [-96.101896, 30.417891], [-96.101321, 30.41739], [-96.100592, 30.417425], [-96.099717, 30.418542], [-96.098562, 30.419343], [-96.098259, 30.419841], [-96.09746, 30.420027], [-96.096178, 30.419936], [-96.095537, 30.419696], [-96.095307, 30.419209], [-96.095338, 30.418817], [-96.095878, 30.418195], [-96.095818, 30.417429], [-96.095309, 30.416926], [-96.094498, 30.416651], [-96.091697, 30.416471], [-96.087926, 30.417293], [-96.086653, 30.418299], [-96.084794, 30.420591], [-96.084163, 30.421601], [-96.082934, 30.422949], [-96.082812, 30.42364], [-96.083347, 30.424985], [-96.082887, 30.42606], [-96.082524, 30.428255], [-96.082094, 30.428615], [-96.080777, 30.428937], [-96.080216, 30.429422], [-96.079969, 30.43003], [-96.080009, 30.430435], [-96.080387, 30.431043], [-96.080975, 30.43129], [-96.085383, 30.430026], [-96.086791, 30.42989], [-96.087431, 30.430756], [-96.087328, 30.431409], [-96.086481, 30.43257], [-96.085882, 30.433865], [-96.086, 30.434552], [-96.085832, 30.435217], [-96.086, 30.435559], [-96.086571, 30.436069], [-96.088471, 30.436779], [-96.090585, 30.438024], [-96.092821, 30.440101], [-96.093651, 30.440047], [-96.094352, 30.438887], [-96.09558, 30.438846], [-96.096234, 30.437566], [-96.09689, 30.437409], [-96.09732, 30.437586], [-96.097592, 30.438259], [-96.09827, 30.438888], [-96.099056, 30.440058], [-96.100629, 30.440693], [-96.102248, 30.438976], [-96.103185, 30.438347], [-96.103808, 30.437507], [-96.104669, 30.437032], [-96.105196, 30.437023], [-96.105709, 30.437608], [-96.105766, 30.438024], [-96.10644, 30.439313], [-96.106526, 30.440015], [-96.106217, 30.44028], [-96.104993, 30.440548], [-96.104766, 30.440835], [-96.104842, 30.44176], [-96.104598, 30.443787], [-96.10491, 30.444207], [-96.10534, 30.444408], [-96.106775, 30.443648], [-96.108706, 30.443801], [-96.109604, 30.443675], [-96.111013, 30.443155], [-96.111887, 30.442693], [-96.112109, 30.442317], [-96.112195, 30.441357], [-96.113073, 30.440607], [-96.114222, 30.441275], [-96.114558, 30.441146], [-96.115132, 30.440451], [-96.115909, 30.440427], [-96.117474, 30.441153], [-96.118433, 30.441276], [-96.118987, 30.441512], [-96.119176, 30.441737], [-96.119062, 30.4424], [-96.119354, 30.442696], [-96.119644, 30.442619], [-96.1197, 30.442247], [-96.119972, 30.441859], [-96.120202, 30.441805], [-96.120453, 30.441921], [-96.121095, 30.443029], [-96.121976, 30.443579], [-96.1218, 30.444834], [-96.122177, 30.445047], [-96.122238, 30.445701], [-96.123164, 30.446118], [-96.12288, 30.446714], [-96.123016, 30.447038], [-96.124507, 30.448197], [-96.125902, 30.448769], [-96.126509, 30.449508], [-96.126396, 30.449827], [-96.125683, 30.450215], [-96.12589, 30.450884], [-96.125482, 30.451207], [-96.125398, 30.451479], [-96.124776, 30.451244], [-96.124367, 30.451274], [-96.12371, 30.451799], [-96.12353, 30.453286], [-96.122784, 30.454464], [-96.122819, 30.454816], [-96.123073, 30.455139], [-96.123638, 30.455544], [-96.124356, 30.455586], [-96.124688, 30.455383], [-96.124795, 30.455121], [-96.124894, 30.454644], [-96.124691, 30.454117], [-96.124795, 30.453969], [-96.128129, 30.453441], [-96.128918, 30.452538], [-96.129821, 30.452384], [-96.130018, 30.452555], [-96.129903, 30.454093], [-96.129403, 30.455314], [-96.128739, 30.456024], [-96.126619, 30.456492], [-96.126375, 30.456678], [-96.12614, 30.457276], [-96.126175, 30.457521], [-96.126602, 30.45801], [-96.127166, 30.457773], [-96.128057, 30.458213], [-96.128363, 30.458983], [-96.129276, 30.459519], [-96.129709, 30.460115], [-96.129655, 30.460787], [-96.129143, 30.461182], [-96.128808, 30.461745], [-96.128939, 30.462189], [-96.129405, 30.462564], [-96.130283, 30.463871], [-96.129431, 30.465829], [-96.129483, 30.466248], [-96.129705, 30.466496], [-96.130138, 30.466608], [-96.130572, 30.466289], [-96.131014, 30.466297], [-96.132395, 30.467246], [-96.133409, 30.467531], [-96.134453, 30.467282], [-96.134674, 30.46707], [-96.134896, 30.466396], [-96.135187, 30.466149], [-96.135632, 30.466084], [-96.136151, 30.466286], [-96.1364, 30.466562], [-96.136457, 30.467084], [-96.135812, 30.46893], [-96.135892, 30.469241], [-96.137328, 30.470225], [-96.137983, 30.471037], [-96.13975, 30.471545], [-96.139964, 30.471806], [-96.139988, 30.472262], [-96.13878, 30.473921], [-96.138803, 30.474204], [-96.139731, 30.474797], [-96.140852, 30.47497], [-96.141089, 30.4753], [-96.14079, 30.475572], [-96.139885, 30.475598], [-96.139499, 30.476014], [-96.139124, 30.477646], [-96.139567, 30.478764], [-96.139329, 30.479179], [-96.137724, 30.47916], [-96.137529, 30.478531], [-96.137775, 30.477463], [-96.137646, 30.477032], [-96.136907, 30.476453], [-96.13656, 30.476459], [-96.136253, 30.476741], [-96.136155, 30.477672], [-96.136976, 30.478499], [-96.136996, 30.478836], [-96.135553, 30.47947], [-96.135281, 30.479857], [-96.135445, 30.480363], [-96.13674, 30.48086], [-96.137004, 30.481359], [-96.135604, 30.483317], [-96.135168, 30.483425], [-96.133907, 30.483344], [-96.13335, 30.483579], [-96.133113, 30.483868], [-96.132896, 30.48557], [-96.133038, 30.486226], [-96.132708, 30.487348], [-96.132554, 30.488708], [-96.13276, 30.48954], [-96.1321, 30.49054], [-96.132556, 30.491103], [-96.132504, 30.491905], [-96.132867, 30.492282], [-96.133232, 30.492395], [-96.134135, 30.491867], [-96.134647, 30.491839], [-96.134826, 30.492069], [-96.134917, 30.493103], [-96.135082, 30.493419], [-96.135391, 30.493471], [-96.136102, 30.493021], [-96.136585, 30.493207], [-96.136575, 30.493522], [-96.136061, 30.494197], [-96.136032, 30.494975], [-96.136668, 30.495394], [-96.13772, 30.495428], [-96.137955, 30.49572], [-96.137852, 30.496995], [-96.137486, 30.497935], [-96.136737, 30.498853], [-96.136604, 30.499378], [-96.136836, 30.500077], [-96.137819, 30.501184], [-96.138342, 30.501417], [-96.138778, 30.501096], [-96.139108, 30.500448], [-96.139522, 30.500156], [-96.139897, 30.500252], [-96.140285, 30.500792], [-96.140741, 30.500816], [-96.141425, 30.500413], [-96.141996, 30.500319], [-96.142185, 30.50038], [-96.14253, 30.500989], [-96.142913, 30.502442], [-96.143093, 30.502623], [-96.144127, 30.502645], [-96.144663, 30.503108], [-96.144688, 30.503893], [-96.144152, 30.504453], [-96.142481, 30.503719], [-96.142248, 30.503928], [-96.142561, 30.50598], [-96.141589, 30.506118], [-96.141061, 30.506389], [-96.141009, 30.50785], [-96.140187, 30.508407], [-96.140033, 30.508615], [-96.140079, 30.508997], [-96.140334, 30.509215], [-96.141018, 30.509084], [-96.141584, 30.509175], [-96.142017, 30.509558], [-96.142173, 30.509825], [-96.142259, 30.510124], [-96.142569, 30.510503], [-96.142838, 30.510725], [-96.143473, 30.511118], [-96.143817, 30.510999], [-96.14408, 30.510849], [-96.144571, 30.510631], [-96.144798, 30.510675], [-96.144783, 30.511692], [-96.144585, 30.512043], [-96.143863, 30.512568], [-96.143567, 30.51295], [-96.143521, 30.513197], [-96.143606, 30.51347], [-96.143808, 30.513696], [-96.144276, 30.514002], [-96.14464, 30.514033], [-96.145253, 30.514403], [-96.145651, 30.514543], [-96.145955, 30.514696], [-96.1463, 30.515634], [-96.146713, 30.515797], [-96.147294, 30.515498], [-96.147977, 30.516401], [-96.148269, 30.516886], [-96.148898, 30.51762], [-96.149017, 30.51772], [-96.149248, 30.517765], [-96.149923, 30.518044], [-96.150154, 30.518337], [-96.150315, 30.519006], [-96.150126, 30.519237], [-96.149351, 30.519486], [-96.149167, 30.519675], [-96.149033, 30.519977], [-96.149058, 30.520365], [-96.149337, 30.520715], [-96.149558, 30.520816], [-96.150011, 30.520848], [-96.151493, 30.519904], [-96.152123, 30.520059], [-96.152643, 30.520855], [-96.152453, 30.521672], [-96.151929, 30.52195], [-96.151637, 30.522295], [-96.151622, 30.52251], [-96.151839, 30.52327], [-96.151592, 30.523742], [-96.151209, 30.523814], [-96.15066, 30.523506], [-96.150046, 30.523559], [-96.149642, 30.523638], [-96.149298, 30.523765], [-96.149024, 30.523954]]]}},
    {"type": "Feature", "properties": {"name": "Anderson-Shiro CISD", "description": "Anderson-Shiro Consolidated Independent School District", "Students enrolled, 2025-26": 945, "Change in one year": "-3.5% (-34 students)", "Change in five years": "+6.5% (+58 students)", "Change since 2011-12": "+30.3% (+220 students)", "Enrollment by year": {"2011-12": 725, "2012-13": 729, "2013-14": 781, "2014-15": 823, "2015-16": 840, "2016-17": 857, "2017-18": 860, "2018-19": 879, "2019-20": 888, "2020-21": 887, "2021-22": 887, "2022-23": 934, "2023-24": 966, "2024-25": 979, "2025-26": 945}, "Enrollment covers": "The whole district, including any part outside Grimes County", "url": "https://rptsvr1.tea.texas.gov/adhocrpt/adste.html", "link": "Texas Education Agency enrollment reports"}, "geometry": {"type": "Polygon", "coordinates": [[[-96.167836, 30.575572], [-96.166526, 30.575766], [-96.160348, 30.575736], [-96.159851, 30.575729], [-96.154903, 30.575716], [-96.154988, 30.580397], [-96.155045, 30.586235], [-96.155041, 30.586769], [-96.155071, 30.598147], [-96.154972, 30.602002], [-96.155249, 30.602297], [-96.155016, 30.602559], [-96.155001, 30.603853], [-96.154243, 30.603907], [-96.154264, 30.610265], [-96.154312, 30.610724], [-96.138234, 30.61057], [-96.123287, 30.61048], [-96.116945, 30.610435], [-96.113378, 30.610426], [-96.109239, 30.610337], [-96.103409, 30.610349], [-96.103663, 30.613744], [-96.097493, 30.613828], [-96.097319, 30.615984], [-96.095522, 30.616014], [-96.091068, 30.616152], [-96.089202, 30.616151], [-96.081394, 30.615885], [-96.078957, 30.615561], [-96.0727, 30.615186], [-96.067837, 30.615195], [-96.067645, 30.616912], [-96.066725, 30.618213], [-96.065422, 30.619179], [-96.063553, 30.619346], [-96.06224, 30.61984], [-96.06179, 30.620863], [-96.061414, 30.621954], [-96.060796, 30.622639], [-96.059252, 30.623274], [-96.058716, 30.623755], [-96.058425, 30.625049], [-96.058039, 30.6258], [-96.057262, 30.625813], [-96.056192, 30.62698], [-96.055973, 30.627729], [-96.055902, 30.628273], [-96.055512, 30.62828], [-96.055293, 30.629028], [-96.054528, 30.630055], [-96.053604, 30.630677], [-96.052219, 30.632121], [-96.052887, 30.633196], [-96.051157, 30.635149], [-96.050203, 30.635309], [-96.049518, 30.634806], [-96.048481, 30.634671], [-96.047778, 30.635144], [-96.047192, 30.635874], [-96.046353, 30.636067], [-96.04583, 30.636964], [-96.044823, 30.637319], [-96.044518, 30.637864], [-96.044387, 30.638489], [-96.043448, 30.638764], [-96.042682, 30.639588], [-96.042237, 30.641493], [-96.041701, 30.641975], [-96.040849, 30.642259], [-96.039779, 30.643291], [-96.03971, 30.644378], [-96.039335, 30.6454], [-96.038724, 30.645816], [-96.037874, 30.646273], [-96.037411, 30.646444], [-96.037816, 30.647335], [-96.035643, 30.648315], [-96.033563, 30.6497], [-96.033345, 30.650721], [-96.032809, 30.651135], [-96.032093, 30.651291], [-96.031546, 30.65425], [-96.030999, 30.655074], [-96.030681, 30.655329], [-96.030344, 30.655532], [-96.030084, 30.655593], [-96.029658, 30.655466], [-96.0288, 30.655411], [-96.028488, 30.655642], [-96.028075, 30.656032], [-96.027967, 30.656219], [-96.028113, 30.656417], [-96.028405, 30.656213], [-96.028704, 30.656263], [-96.028698, 30.656417], [-96.028411, 30.656576], [-96.02857, 30.656785], [-96.028723, 30.657345], [-96.028818, 30.657444], [-96.028761, 30.657862], [-96.028881, 30.658054], [-96.028888, 30.658236], [-96.028786, 30.658329], [-96.028392, 30.658038], [-96.028309, 30.658131], [-96.028474, 30.658758], [-96.028531, 30.659164], [-96.028105, 30.659791], [-96.028048, 30.660049], [-96.028544, 30.660005], [-96.028658, 30.660033], [-96.02876, 30.66034], [-96.028957, 30.660456], [-96.028944, 30.660599], [-96.02862, 30.660681], [-96.028778, 30.660928], [-96.02867, 30.661077], [-96.028524, 30.661066], [-96.028314, 30.660912], [-96.028225, 30.660945], [-96.027901, 30.661434], [-96.02771, 30.661412], [-96.027564, 30.661192], [-96.027367, 30.661137], [-96.027126, 30.661324], [-96.02745, 30.66156], [-96.027475, 30.661637], [-96.027265, 30.661824], [-96.027087, 30.661873], [-96.026617, 30.661758], [-96.026496, 30.66162], [-96.026305, 30.661543], [-96.025918, 30.661653], [-96.025619, 30.661851], [-96.025612, 30.662038], [-96.025828, 30.662202], [-96.026426, 30.662247], [-96.026585, 30.662368], [-96.026947, 30.662774], [-96.027487, 30.663082], [-96.027767, 30.662939], [-96.027894, 30.662934], [-96.028447, 30.663083], [-96.028682, 30.663363], [-96.028625, 30.663429], [-96.028269, 30.663423], [-96.028129, 30.6635], [-96.028154, 30.663599], [-96.028542, 30.664017], [-96.028892, 30.663978], [-96.029, 30.664182], [-96.029044, 30.664479], [-96.028974, 30.664929], [-96.029018, 30.66516], [-96.028929, 30.665583], [-96.028942, 30.665946], [-96.028611, 30.666259], [-96.028465, 30.666622], [-96.02835, 30.666764], [-96.027867, 30.666885], [-96.027759, 30.666852], [-96.027823, 30.666577], [-96.027626, 30.666429], [-96.027397, 30.666489], [-96.027028, 30.666879], [-96.026863, 30.666901], [-96.026825, 30.666769], [-96.026945, 30.666396], [-96.026882, 30.666143], [-96.026596, 30.666181], [-96.026431, 30.666044], [-96.026463, 30.66572], [-96.026386, 30.665626], [-96.0261, 30.665637], [-96.025846, 30.665758], [-96.025725, 30.665741], [-96.025662, 30.665527], [-96.025204, 30.665351], [-96.025179, 30.665703], [-96.025001, 30.665928], [-96.025026, 30.666022], [-96.025305, 30.66612], [-96.025337, 30.666274], [-96.025051, 30.666621], [-96.024987, 30.666989], [-96.024841, 30.667104], [-96.024568, 30.667197], [-96.024555, 30.66739], [-96.024841, 30.667395], [-96.024942, 30.66767], [-96.025375, 30.667758], [-96.02568, 30.667934], [-96.025565, 30.668082], [-96.025273, 30.668082], [-96.025057, 30.668165], [-96.024949, 30.668385], [-96.024586, 30.668659], [-96.024516, 30.668917], [-96.024599, 30.669165], [-96.024236, 30.669274], [-96.024001, 30.66939], [-96.023975, 30.669577], [-96.024096, 30.669802], [-96.024096, 30.670066], [-96.024159, 30.670187], [-96.023797, 30.670291], [-96.023498, 30.670115], [-96.023359, 30.66989], [-96.023053, 30.669956], [-96.022964, 30.669835], [-96.022736, 30.669868], [-96.022322, 30.670258], [-96.022169, 30.670587], [-96.021845, 30.670807], [-96.021527, 30.671351], [-96.021311, 30.67151], [-96.021393, 30.671724], [-96.021622, 30.671873], [-96.021476, 30.672428], [-96.021584, 30.67262], [-96.021558, 30.67278], [-96.021297, 30.673049], [-96.021278, 30.673472], [-96.021151, 30.673554], [-96.020757, 30.673345], [-96.020579, 30.6734], [-96.020375, 30.673658], [-96.020223, 30.67368], [-96.02, 30.673422], [-96.019848, 30.673339], [-96.019632, 30.673339], [-96.019396, 30.673422], [-96.01925, 30.673367], [-96.01939, 30.673136], [-96.018799, 30.673141], [-96.018901, 30.672927], [-96.01892, 30.672603], [-96.018742, 30.672482], [-96.018303, 30.672548], [-96.018157, 30.672751], [-96.017636, 30.672707], [-96.017648, 30.672421], [-96.017521, 30.672371], [-96.017356, 30.672476], [-96.017216, 30.672421], [-96.017076, 30.672503], [-96.017057, 30.672761], [-96.016898, 30.67291], [-96.016567, 30.673058], [-96.016485, 30.672981], [-96.016479, 30.672552], [-96.016282, 30.672541], [-96.016186, 30.673201], [-96.015944, 30.673421], [-96.016001, 30.67358], [-96.016313, 30.673596], [-96.016357, 30.673772], [-96.016116, 30.673882], [-96.016046, 30.674058], [-96.0163, 30.674267], [-96.016802, 30.674256], [-96.016821, 30.674371], [-96.016694, 30.674498], [-96.016369, 30.67458], [-96.016331, 30.674679], [-96.016414, 30.674915], [-96.016306, 30.675168], [-96.016096, 30.675294], [-96.015943, 30.675289], [-96.015829, 30.675069], [-96.015473, 30.675069], [-96.015415, 30.675492], [-96.015193, 30.675712], [-96.015186, 30.67586], [-96.015281, 30.676338], [-96.015383, 30.676553], [-96.015644, 30.676805], [-96.015662, 30.677179], [-96.015828, 30.677427], [-96.016171, 30.677487], [-96.016152, 30.677811], [-96.01631, 30.678185], [-96.016584, 30.678416], [-96.016583, 30.678625], [-96.016399, 30.679405], [-96.016055, 30.679707], [-96.015839, 30.679746], [-96.015775, 30.679855], [-96.015483, 30.679894], [-96.015178, 30.679844], [-96.014815, 30.67997], [-96.014603, 30.679992], [-96.014052, 30.680228], [-96.013855, 30.680476], [-96.013683, 30.680552], [-96.013423, 30.680442], [-96.013181, 30.680464], [-96.012882, 30.680832], [-96.012558, 30.68103], [-96.011947, 30.681217], [-96.011884, 30.681288], [-96.012214, 30.681503], [-96.012284, 30.681667], [-96.012456, 30.681667], [-96.012684, 30.681871], [-96.012958, 30.682036], [-96.013046, 30.682249], [-96.013316, 30.682406], [-96.013758, 30.682459], [-96.013718, 30.682686], [-96.013943, 30.68283], [-96.013958, 30.683035], [-96.013709, 30.683193], [-96.01351, 30.683393], [-96.013357, 30.683657], [-96.013078, 30.683536], [-96.012976, 30.683761], [-96.013077, 30.683981], [-96.013096, 30.684262], [-96.012982, 30.684432], [-96.012352, 30.684618], [-96.012257, 30.684756], [-96.012422, 30.684899], [-96.012447, 30.685064], [-96.012225, 30.685432], [-96.012002, 30.685679], [-96.011716, 30.685767], [-96.011652, 30.68586], [-96.011398, 30.685909], [-96.011156, 30.685733], [-96.010895, 30.686047], [-96.011092, 30.686267], [-96.010965, 30.686338], [-96.010552, 30.686327], [-96.010386, 30.686706], [-96.010469, 30.686931], [-96.010316, 30.687123], [-96.010627, 30.687272], [-96.01064, 30.687393], [-96.010424, 30.687596], [-96.0105, 30.687728], [-96.010786, 30.687717], [-96.011072, 30.687519], [-96.011314, 30.687525], [-96.011409, 30.687673], [-96.011371, 30.687822], [-96.011161, 30.687937], [-96.01085, 30.687992], [-96.01085, 30.688212], [-96.01064, 30.688376], [-96.010334, 30.688481], [-96.010251, 30.688805], [-96.010372, 30.688948], [-96.010334, 30.689448], [-96.010117, 30.689739], [-96.009907, 30.689904], [-96.009551, 30.689975], [-96.009462, 30.690068], [-96.009526, 30.690217], [-96.009328, 30.690481], [-96.009157, 30.690513], [-96.008985, 30.690689], [-96.008756, 30.690733], [-96.007224, 30.690622], [-96.007052, 30.690705], [-96.007045, 30.690903], [-96.006874, 30.691144], [-96.006969, 30.691584], [-96.006791, 30.691721], [-96.006536, 30.691782], [-96.006199, 30.691787], [-96.005659, 30.691704], [-96.005404, 30.69177], [-96.004934, 30.692083], [-96.004666, 30.692352], [-96.004653, 30.692808], [-96.004221, 30.69272], [-96.004145, 30.69277], [-96.004081, 30.693187], [-96.003801, 30.693253], [-96.003699, 30.693495], [-96.003572, 30.693566], [-96.003171, 30.693637], [-96.002815, 30.693873], [-96.002592, 30.694088], [-96.002198, 30.69412], [-96.001905, 30.694379], [-96.001791, 30.694648], [-96.001384, 30.694609], [-96.001295, 30.694735], [-96.001511, 30.695082], [-96.001816, 30.695192], [-96.001949, 30.695351], [-96.001485, 30.695433], [-96.001402, 30.695549], [-96.001485, 30.695653], [-96.001688, 30.695714], [-96.00165, 30.695862], [-96.001497, 30.69595], [-96.00123, 30.695961], [-96.001071, 30.696087], [-96.00116, 30.696461], [-96.001064, 30.696604], [-96.000899, 30.696593], [-96.000753, 30.696389], [-96.000486, 30.696417], [-96.000594, 30.696625], [-96.000619, 30.696856], [-96.000937, 30.697027], [-96.000924, 30.697175], [-96.000765, 30.697301], [-96.000854, 30.697494], [-96.001019, 30.697543], [-96.001134, 30.697697], [-96.001553, 30.697972], [-96.001629, 30.698126], [-96.00154, 30.698335], [-96.001565, 30.698494], [-96.001756, 30.69867], [-96.001902, 30.698687], [-96.002106, 30.698599], [-96.002271, 30.698808], [-96.002169, 30.699132], [-96.00194, 30.699346], [-96.002035, 30.69955], [-96.002461, 30.700028], [-96.002887, 30.700297], [-96.003338, 30.700649], [-96.003516, 30.700897], [-96.003865, 30.701699], [-96.003865, 30.702084], [-96.003782, 30.70248], [-96.003776, 30.702727], [-96.003909, 30.702897], [-96.003642, 30.703018], [-96.003584, 30.703249], [-96.003699, 30.703353], [-96.003845, 30.703661], [-96.003794, 30.703886], [-96.003825, 30.704167], [-96.003819, 30.704639], [-96.00373, 30.704689], [-96.003456, 30.704612], [-96.003323, 30.704699], [-96.00338, 30.70482], [-96.003723, 30.705068], [-96.00406, 30.705167], [-96.004092, 30.705288], [-96.003831, 30.705332], [-96.003704, 30.705414], [-96.003825, 30.705573], [-96.003723, 30.705799], [-96.003411, 30.705815], [-96.00336, 30.705974], [-96.003551, 30.706178], [-96.00383, 30.706211], [-96.003798, 30.706321], [-96.003601, 30.706376], [-96.003537, 30.706766], [-96.003613, 30.707387], [-96.003861, 30.707337], [-96.004116, 30.707156], [-96.004268, 30.707266], [-96.004109, 30.707645], [-96.004039, 30.707958], [-96.004058, 30.708118], [-96.004312, 30.708222], [-96.004599, 30.708206], [-96.004891, 30.7083], [-96.005234, 30.708618], [-96.005368, 30.708838], [-96.005418, 30.709135], [-96.00538, 30.709371], [-96.005112, 30.710206], [-96.00515, 30.710421], [-96.005398, 30.710597], [-96.005907, 30.710581], [-96.006002, 30.710652], [-96.006072, 30.710921], [-96.006415, 30.711339], [-96.006472, 30.711834], [-96.006447, 30.711977], [-96.00623, 30.712031], [-96.006116, 30.712229], [-96.005976, 30.712328], [-96.006097, 30.712663], [-96.006363, 30.712988], [-96.006669, 30.712927], [-96.006847, 30.712971], [-96.007165, 30.713389], [-96.007152, 30.713516], [-96.006954, 30.713752], [-96.006948, 30.7139], [-96.007183, 30.714241], [-96.007361, 30.7144], [-96.007724, 30.71456], [-96.008258, 30.714747], [-96.008098, 30.715066], [-96.008079, 30.715401], [-96.008136, 30.715626], [-96.008358, 30.716225], [-96.008097, 30.716577], [-96.008084, 30.716896], [-96.008161, 30.717033], [-96.008326, 30.716929], [-96.008498, 30.716962], [-96.008377, 30.717171], [-96.008186, 30.717264], [-96.008256, 30.717385], [-96.008542, 30.717396], [-96.008485, 30.717654], [-96.008249, 30.717863], [-96.008058, 30.718253], [-96.007587, 30.718626], [-96.007822, 30.718791], [-96.007861, 30.718967], [-96.007752, 30.719083], [-96.00725, 30.719258], [-96.007199, 30.719341], [-96.007137, 30.719954], [-96.013489, 30.722022], [-96.0136, 30.722093], [-96.013635, 30.721973], [-96.014124, 30.722141], [-96.013137, 30.724578], [-96.013079, 30.72469], [-96.010869, 30.729738], [-96.010206, 30.731192], [-96.00798, 30.73662], [-96.008088, 30.736747], [-96.007876, 30.73678], [-96.007628, 30.736924], [-96.007435, 30.737178], [-96.007252, 30.737776], [-96.006596, 30.739386], [-96.006339, 30.740084], [-95.989282, 30.738108], [-95.988883, 30.738057], [-95.97813, 30.736815], [-95.972268, 30.736169], [-95.967268, 30.735604], [-95.965895, 30.734196], [-95.965864, 30.73404], [-95.965685, 30.73393], [-95.965641, 30.733656], [-95.965456, 30.733518], [-95.965315, 30.733502], [-95.962976, 30.73103], [-95.960782, 30.728802], [-95.960445, 30.728275], [-95.954211, 30.72963], [-95.949874, 30.730497], [-95.935082, 30.733589], [-95.933902, 30.733842], [-95.928227, 30.735027], [-95.922822, 30.736126], [-95.916171, 30.737509], [-95.914767, 30.737828], [-95.906951, 30.736569], [-95.905326, 30.736357], [-95.896333, 30.734972], [-95.888819, 30.733607], [-95.887789, 30.733433], [-95.888191, 30.731391], [-95.887294, 30.731265], [-95.881808, 30.730449], [-95.881161, 30.730371], [-95.879883, 30.730278], [-95.878987, 30.730071], [-95.878914, 30.729706], [-95.877775, 30.729564], [-95.869945, 30.728634], [-95.866463, 30.728225], [-95.864116, 30.727986], [-95.859736, 30.727283], [-95.859504, 30.728818], [-95.857098, 30.728379], [-95.856833, 30.729468], [-95.848115, 30.728165], [-95.84417, 30.727606], [-95.833914, 30.655915], [-95.83356, 30.653317], [-95.83262, 30.646765], [-95.831395, 30.638247], [-95.830772, 30.633953], [-95.830185, 30.629852], [-95.83007, 30.629045], [-95.82997, 30.627744], [-95.829736, 30.625189], [-95.829287, 30.620864], [-95.829053, 30.618424], [-95.829039, 30.618219], [-95.828716, 30.614901], [-95.826685, 30.593693], [-95.82662, 30.592897], [-95.826294, 30.589407], [-95.826185, 30.588338], [-95.826503, 30.588157], [-95.832517, 30.585774], [-95.848849, 30.579248], [-95.853967, 30.577198], [-95.854459, 30.577026], [-95.868522, 30.571405], [-95.873849, 30.569263], [-95.877635, 30.567731], [-95.884417, 30.565031], [-95.890591, 30.562569], [-95.897623, 30.559768], [-95.901631, 30.558174], [-95.903417, 30.561855], [-95.903402, 30.561963], [-95.915175, 30.558431], [-95.923678, 30.555908], [-95.924919, 30.557981], [-95.925131, 30.558389], [-95.925346, 30.558905], [-95.925517, 30.559456], [-95.925639, 30.560063], [-95.925739, 30.560911], [-95.930621, 30.559354], [-95.935501, 30.557927], [-95.934608, 30.556376], [-95.933798, 30.555842], [-95.932827, 30.554971], [-95.932417, 30.553889], [-95.932573, 30.552808], [-95.937374, 30.551593], [-95.937726, 30.551216], [-95.938056, 30.551249], [-95.93904, 30.550511], [-95.937591, 30.547689], [-95.934726, 30.542211], [-95.933742, 30.540279], [-95.933669, 30.540288], [-95.931962, 30.540938], [-95.931793, 30.541092], [-95.931758, 30.54085], [-95.927865, 30.532329], [-95.926478, 30.529173], [-95.92403, 30.530008], [-95.922872, 30.530393], [-95.919232, 30.531693], [-95.915783, 30.532842], [-95.914248, 30.533368], [-95.910129, 30.5244], [-95.911292, 30.523868], [-95.909462, 30.52007], [-95.905882, 30.52093], [-95.904717, 30.51792], [-95.904931, 30.517846], [-95.908128, 30.51685], [-95.907795, 30.515132], [-95.90921, 30.514632], [-95.905215, 30.504327], [-95.905064, 30.504031], [-95.904816, 30.50328], [-95.903166, 30.498959], [-95.902308, 30.49673], [-95.903098, 30.496593], [-95.90282, 30.495809], [-95.900871, 30.496494], [-95.899514, 30.496949], [-95.899067, 30.495961], [-95.895385, 30.48754], [-95.895583, 30.487336], [-95.895479, 30.487163], [-95.894441, 30.48674], [-95.894183, 30.486618], [-95.893252, 30.484505], [-95.893112, 30.484128], [-95.892989, 30.483633], [-95.892865, 30.482873], [-95.892703, 30.482241], [-95.892684, 30.481965], [-95.892748, 30.481203], [-95.892852, 30.480248], [-95.892934, 30.479727], [-95.892941, 30.479362], [-95.892793, 30.477961], [-95.892756, 30.476882], [-95.892642, 30.475689], [-95.892497, 30.474966], [-95.892494, 30.474788], [-95.892633, 30.474419], [-95.892829, 30.474304], [-95.893103, 30.474265], [-95.893848, 30.474283], [-95.894386, 30.474261], [-95.894549, 30.474037], [-95.894544, 30.473399], [-95.894485, 30.472133], [-95.89443, 30.470048], [-95.894526, 30.469647], [-95.894777, 30.469498], [-95.895732, 30.469292], [-95.896109, 30.469114], [-95.896384, 30.468869], [-95.896503, 30.468657], [-95.896572, 30.468204], [-95.896454, 30.46688], [-95.89643, 30.46636], [-95.896263, 30.466309], [-95.895825, 30.466291], [-95.895695, 30.466242], [-95.895524, 30.466033], [-95.895148, 30.465082], [-95.894895, 30.464744], [-95.894716, 30.464629], [-95.894371, 30.464581], [-95.893935, 30.464583], [-95.891949, 30.464629], [-95.888996, 30.464653], [-95.887376, 30.464673], [-95.886136, 30.464664], [-95.881358, 30.464703], [-95.880557, 30.464696], [-95.880111, 30.464715], [-95.878897, 30.464804], [-95.877658, 30.464946], [-95.876153, 30.465162], [-95.872157, 30.465631], [-95.870902, 30.465826], [-95.87019, 30.465874], [-95.868143, 30.465959], [-95.866146, 30.466031], [-95.863725, 30.466042], [-95.86332, 30.466023], [-95.863017, 30.465903], [-95.862732, 30.465604], [-95.861445, 30.463912], [-95.860435, 30.462556], [-95.85946, 30.461313], [-95.859181, 30.460912], [-95.858793, 30.460414], [-95.85823, 30.459777], [-95.857823, 30.459277], [-95.857388, 30.459015], [-95.856633, 30.458782], [-95.856179, 30.458723], [-95.855554, 30.458881], [-95.855264, 30.458995], [-95.854725, 30.45932], [-95.853232, 30.460375], [-95.852692, 30.460681], [-95.852097, 30.460891], [-95.850273, 30.46115], [-95.848879, 30.461433], [-95.846983, 30.461918], [-95.846194, 30.461954], [-95.845112, 30.461974], [-95.843294, 30.461916], [-95.841628, 30.461954], [-95.841306, 30.461912], [-95.840335, 30.461939], [-95.83986, 30.461922], [-95.839429, 30.461855], [-95.836456, 30.461964], [-95.830116, 30.462013], [-95.8301, 30.461839], [-95.829829, 30.461957], [-95.826237, 30.461956], [-95.826017, 30.456286], [-95.825549, 30.446009], [-95.825383, 30.442905], [-95.825236, 30.436919], [-95.813476, 30.436729], [-95.812396, 30.436726], [-95.808459, 30.388485], [-95.808677, 30.388461], [-95.824664, 30.388367], [-95.832461, 30.388257], [-95.836951, 30.388191], [-95.838881, 30.388097], [-95.840319, 30.388148], [-95.842512, 30.388095], [-95.842561, 30.383749], [-95.843734, 30.383759], [-95.845997, 30.38383], [-95.846394, 30.383885], [-95.84804, 30.384175], [-95.84907, 30.384339], [-95.849621, 30.384407], [-95.85047, 30.384373], [-95.85191, 30.384255], [-95.853016, 30.3841], [-95.857953, 30.383238], [-95.861349, 30.382847], [-95.862552, 30.382667], [-95.863673, 30.382537], [-95.867907, 30.382362], [-95.868429, 30.382331], [-95.869324, 30.382313], [-95.871536, 30.382318], [-95.872321, 30.382337], [-95.873721, 30.382324], [-95.875412, 30.382296], [-95.877344, 30.382288], [-95.87851, 30.382314], [-95.880209, 30.382393], [-95.881251, 30.38241], [-95.884629, 30.382331], [-95.887278, 30.382302], [-95.88815, 30.382303], [-95.891376, 30.382248], [-95.892343, 30.382225], [-95.892509, 30.38776], [-95.892439, 30.387911], [-95.892814, 30.399932], [-95.892941, 30.404722], [-95.893051, 30.408159], [-95.89329, 30.416118], [-95.893331, 30.41824], [-95.893375, 30.421473], [-95.89429, 30.421478], [-95.896244, 30.421438], [-95.905748, 30.4213], [-95.906592, 30.421354], [-95.916461, 30.421274], [-95.91714, 30.421232], [-95.918375, 30.420992], [-95.919364, 30.42103], [-95.927037, 30.421195], [-95.932793, 30.421141], [-95.935582, 30.42113], [-95.93583, 30.421054], [-95.936198, 30.421049], [-95.936247, 30.421113], [-95.937805, 30.421075], [-95.937783, 30.418954], [-95.937991, 30.41741], [-95.93803, 30.416821], [-95.937761, 30.414579], [-95.937889, 30.414476], [-95.937921, 30.413527], [-95.93779, 30.413317], [-95.937772, 30.412158], [-95.937623, 30.410536], [-95.937605, 30.409332], [-95.937491, 30.409236], [-95.937043, 30.404986], [-95.936933, 30.40404], [-95.936845, 30.403788], [-95.936856, 30.403428], [-95.936748, 30.402205], [-95.936441, 30.399227], [-95.936323, 30.398161], [-95.936306, 30.397667], [-95.937724, 30.397759], [-95.939983, 30.397691], [-95.94027, 30.397485], [-95.941689, 30.397347], [-95.942556, 30.397714], [-95.943159, 30.397576], [-95.944629, 30.397577], [-95.945602, 30.397486], [-95.945591, 30.397362], [-95.945988, 30.397542], [-95.959385, 30.397435], [-95.967539, 30.397451], [-95.97455, 30.397419], [-95.980795, 30.397435], [-95.980976, 30.400491], [-95.980954, 30.401345], [-95.980827, 30.407677], [-95.982448, 30.411233], [-95.982804, 30.411964], [-95.988297, 30.424049], [-95.996332, 30.441652], [-95.99669, 30.442431], [-96.002423, 30.441125], [-96.001877, 30.439738], [-96.00407, 30.439204], [-96.004461, 30.439345], [-96.004404, 30.439243], [-96.004944, 30.439111], [-96.00552, 30.438897], [-96.006316, 30.438687], [-96.008202, 30.438127], [-96.008866, 30.437984], [-96.010242, 30.437512], [-96.012061, 30.442274], [-96.012377, 30.443088], [-96.010741, 30.443521], [-96.014412, 30.452473], [-96.017286, 30.45841], [-96.017519, 30.458458], [-96.020002, 30.458889], [-96.020778, 30.460863], [-96.023684, 30.468465], [-96.024072, 30.468396], [-96.024141, 30.468549], [-96.024001, 30.468695], [-96.024719, 30.470148], [-96.023312, 30.470665], [-96.026205, 30.477542], [-96.026627, 30.477689], [-96.026268, 30.477966], [-96.026401, 30.478302], [-96.026655, 30.478478], [-96.027074, 30.478571], [-96.027403, 30.478857], [-96.027479, 30.479214], [-96.027644, 30.479495], [-96.027492, 30.48], [-96.02727, 30.480148], [-96.027162, 30.480341], [-96.027396, 30.480539], [-96.027714, 30.480594], [-96.027637, 30.480797], [-96.027694, 30.481231], [-96.027827, 30.481479], [-96.028183, 30.481528], [-96.028278, 30.481715], [-96.028252, 30.482034], [-96.028335, 30.482171], [-96.028481, 30.482188], [-96.028582, 30.482309], [-96.028525, 30.48243], [-96.028157, 30.482402], [-96.028062, 30.482638], [-96.027814, 30.482726], [-96.027674, 30.482891], [-96.028055, 30.483089], [-96.028467, 30.483232], [-96.028766, 30.483281], [-96.028759, 30.48343], [-96.028429, 30.483452], [-96.02848, 30.483584], [-96.02867, 30.483595], [-96.028734, 30.483749], [-96.02867, 30.483902], [-96.029045, 30.483853], [-96.029165, 30.483754], [-96.02933, 30.483798], [-96.029641, 30.483716], [-96.029819, 30.483776], [-96.029831, 30.483919], [-96.029533, 30.484062], [-96.029571, 30.484293], [-96.029818, 30.484568], [-96.030567, 30.484568], [-96.030789, 30.485046], [-96.030802, 30.485789], [-96.030943, 30.485905], [-96.031467, 30.487227], [-96.032588, 30.489848], [-96.034757, 30.495461], [-96.037292, 30.500822], [-96.040412, 30.507356], [-96.039419, 30.508233], [-96.038796, 30.51946], [-96.038822, 30.519447], [-96.040115, 30.519471], [-96.043844, 30.519867], [-96.044815, 30.51987], [-96.044867, 30.521686], [-96.044848, 30.523782], [-96.044877, 30.529184], [-96.044845, 30.530677], [-96.044853, 30.534503], [-96.044796, 30.535465], [-96.044749, 30.536615], [-96.043037, 30.536617], [-96.036699, 30.536577], [-96.03506, 30.536684], [-96.034101, 30.5462], [-96.033213, 30.546324], [-96.033262, 30.548762], [-96.033233, 30.550566], [-96.034807, 30.552351], [-96.036968, 30.554812], [-96.038482, 30.554773], [-96.041148, 30.554598], [-96.04117, 30.559561], [-96.041234, 30.562713], [-96.044009, 30.562712], [-96.047145, 30.562745], [-96.050897, 30.562741], [-96.052949, 30.562754], [-96.064437, 30.562852], [-96.065286, 30.562818], [-96.065352, 30.559877], [-96.066485, 30.559842], [-96.073655, 30.560081], [-96.078576, 30.560206], [-96.078577, 30.561684], [-96.07876, 30.566505], [-96.078968, 30.56651], [-96.079292, 30.566378], [-96.080168, 30.565631], [-96.080466, 30.565526], [-96.081178, 30.565372], [-96.081533, 30.565466], [-96.082156, 30.565504], [-96.082346, 30.565356], [-96.082473, 30.56535], [-96.082715, 30.565537], [-96.083019, 30.565565], [-96.083096, 30.565713], [-96.083286, 30.565735], [-96.083426, 30.565542], [-96.083489, 30.564586], [-96.083775, 30.564405], [-96.083991, 30.564108], [-96.084219, 30.56396], [-96.08434, 30.563531], [-96.084359, 30.563036], [-96.084454, 30.562558], [-96.084562, 30.562316], [-96.084835, 30.561992], [-96.084937, 30.561789], [-96.085229, 30.561371], [-96.085756, 30.561459], [-96.085838, 30.561547], [-96.086181, 30.561519], [-96.086511, 30.5607], [-96.086594, 30.560552], [-96.087057, 30.560272], [-96.087203, 30.559947], [-96.087298, 30.559134], [-96.087425, 30.55898], [-96.087622, 30.558947], [-96.087914, 30.55909], [-96.088041, 30.559079], [-96.0882, 30.55887], [-96.088588, 30.558799], [-96.089121, 30.558337], [-96.089851, 30.557974], [-96.090245, 30.557534], [-96.090435, 30.557424], [-96.090632, 30.557397], [-96.09154, 30.557397], [-96.09227, 30.557155], [-96.09281, 30.557204], [-96.093242, 30.55683], [-96.093388, 30.55677], [-96.09382, 30.556968], [-96.094143, 30.556913], [-96.094499, 30.556665], [-96.094551, 30.556494], [-96.095309, 30.556114], [-96.095339, 30.556014], [-96.097146, 30.555012], [-96.09816, 30.554592], [-96.099263, 30.554105], [-96.102736, 30.553652], [-96.102754, 30.553615], [-96.107499, 30.550704], [-96.107437, 30.550224], [-96.107441, 30.549453], [-96.107323, 30.546438], [-96.107242, 30.54365], [-96.107859, 30.543628], [-96.110373, 30.543975], [-96.112118, 30.544503], [-96.120526, 30.54356], [-96.12074, 30.54351], [-96.12599, 30.543407], [-96.141681, 30.543606], [-96.14164, 30.540057], [-96.141819, 30.525679], [-96.146307, 30.524067], [-96.149024, 30.523954], [-96.148918, 30.524217], [-96.149138, 30.524555], [-96.15007, 30.52481], [-96.150381, 30.525169], [-96.149546, 30.525771], [-96.149315, 30.52615], [-96.149279, 30.526454], [-96.149549, 30.527168], [-96.149352, 30.52739], [-96.149014, 30.527482], [-96.148818, 30.527462], [-96.148672, 30.527574], [-96.148262, 30.528146], [-96.148258, 30.528428], [-96.148421, 30.528715], [-96.148762, 30.529025], [-96.149091, 30.52924], [-96.150443, 30.529781], [-96.150884, 30.529912], [-96.151591, 30.530177], [-96.152001, 30.530945], [-96.151767, 30.531462], [-96.15206, 30.531729], [-96.152248, 30.532011], [-96.152468, 30.532082], [-96.15313, 30.532066], [-96.153587, 30.532227], [-96.153865, 30.532173], [-96.154291, 30.53191], [-96.155032, 30.531256], [-96.155175, 30.530963], [-96.155221, 30.530361], [-96.155479, 30.53014], [-96.156736, 30.530126], [-96.157004, 30.530285], [-96.157207, 30.530889], [-96.1571, 30.531304], [-96.156925, 30.531621], [-96.156295, 30.531954], [-96.156077, 30.532116], [-96.155879, 30.532466], [-96.155815, 30.532851], [-96.155845, 30.533205], [-96.156051, 30.533704], [-96.156496, 30.534384], [-96.156713, 30.534549], [-96.157486, 30.534843], [-96.158149, 30.53515], [-96.158387, 30.535197], [-96.15851, 30.535072], [-96.158354, 30.534665], [-96.158477, 30.534299], [-96.159713, 30.533559], [-96.16098, 30.533668], [-96.161231, 30.533919], [-96.161126, 30.534732], [-96.161171, 30.535164], [-96.160504, 30.536448], [-96.160335, 30.537144], [-96.160314, 30.537676], [-96.160604, 30.538455], [-96.160297, 30.540332], [-96.160393, 30.540965], [-96.160551, 30.541211], [-96.161089, 30.541379], [-96.161536, 30.541834], [-96.161568, 30.542748], [-96.161105, 30.543464], [-96.16105, 30.543672], [-96.161101, 30.543881], [-96.161358, 30.544108], [-96.161756, 30.544669], [-96.161532, 30.544903], [-96.161124, 30.54522], [-96.160962, 30.545498], [-96.161529, 30.546152], [-96.161885, 30.547093], [-96.161847, 30.547341], [-96.161199, 30.547634], [-96.160843, 30.548027], [-96.160485, 30.549315], [-96.160354, 30.550126], [-96.159797, 30.551318], [-96.159634, 30.552066], [-96.159826, 30.55344], [-96.160098, 30.553776], [-96.160291, 30.554432], [-96.16052, 30.556307], [-96.160368, 30.556688], [-96.159774, 30.557001], [-96.158764, 30.557989], [-96.158616, 30.558283], [-96.158604, 30.55864], [-96.158714, 30.55879], [-96.158945, 30.558941], [-96.159939, 30.559377], [-96.160285, 30.559776], [-96.160831, 30.561527], [-96.161433, 30.562419], [-96.161357, 30.563193], [-96.161063, 30.563644], [-96.161097, 30.563893], [-96.161256, 30.564308], [-96.161586, 30.565443], [-96.161302, 30.56645], [-96.160072, 30.566826], [-96.159864, 30.566998], [-96.159764, 30.567302], [-96.159915, 30.567555], [-96.160127, 30.567774], [-96.160816, 30.568173], [-96.161119, 30.568292], [-96.161522, 30.568373], [-96.161934, 30.568346], [-96.162223, 30.568374], [-96.162518, 30.568611], [-96.162572, 30.569091], [-96.162157, 30.569393], [-96.16188, 30.569525], [-96.161736, 30.569699], [-96.161752, 30.570233], [-96.161918, 30.570559], [-96.162323, 30.570727], [-96.163073, 30.570817], [-96.164107, 30.570991], [-96.164378, 30.570914], [-96.16462, 30.570612], [-96.164797, 30.570481], [-96.165311, 30.570467], [-96.166225, 30.570789], [-96.166994, 30.571271], [-96.167276, 30.571379], [-96.167843, 30.571698], [-96.167952, 30.572073], [-96.167763, 30.572338], [-96.16599, 30.572604], [-96.165662, 30.572751], [-96.165498, 30.572952], [-96.165517, 30.573266], [-96.16624, 30.574098], [-96.166404, 30.574609], [-96.166608, 30.574729], [-96.167208, 30.574351], [-96.167432, 30.574446], [-96.167788, 30.574831], [-96.167716, 30.575322], [-96.167836, 30.575572]]]}},
    {"type": "Feature", "properties": {"name": "Iola ISD", "description": "Iola Independent School District", "Students enrolled, 2025-26": 660, "Change in one year": "+5.4% (+34 students)", "Change in five years": "+23.4% (+125 students)", "Change since 2011-12": "+36.6% (+177 students)", "Enrollment by year": {"2011-12": 483, "2012-13": 466, "2013-14": 462, "2014-15": 452, "2015-16": 464, "2016-17": 464, "2017-18": 502, "2018-19": 527, "2019-20": 541, "2020-21": 535, "2021-22": 545, "2022-23": 587, "2023-24": 610, "2024-25": 626, "2025-26": 660}, "Enrollment covers": "The whole district, including any part outside Grimes County", "url": "https://rptsvr1.tea.texas.gov/adhocrpt/adste.html", "link": "Texas Education Agency enrollment reports"}, "geometry": {"type": "Polygon", "coordinates": [[[-96.013687, 30.842624], [-96.013809, 30.842426], [-96.013879, 30.842096], [-96.013994, 30.841948], [-96.014236, 30.84192], [-96.01465, 30.842173], [-96.014924, 30.842168], [-96.015045, 30.841893], [-96.015185, 30.841789], [-96.015905, 30.84158], [-96.01637, 30.841278], [-96.017045, 30.840894], [-96.017166, 30.840855], [-96.017529, 30.840877], [-96.017739, 30.840762], [-96.018013, 30.840735], [-96.018497, 30.84062], [-96.019205, 30.840334], [-96.019415, 30.840147], [-96.019695, 30.840021], [-96.019918, 30.839757], [-96.02023, 30.839752], [-96.020529, 30.839955], [-96.020714, 30.840016], [-96.021338, 30.84], [-96.021994, 30.84006], [-96.022134, 30.839863], [-96.022606, 30.839665], [-96.023064, 30.839165], [-96.023345, 30.839204], [-96.023465, 30.839336], [-96.02393, 30.839303], [-96.02402, 30.839099], [-96.02423, 30.838907], [-96.024338, 30.838721], [-96.024555, 30.838781], [-96.024548, 30.839061], [-96.024459, 30.839259], [-96.024523, 30.839446], [-96.024746, 30.83949], [-96.024924, 30.839408], [-96.024969, 30.839243], [-96.025121, 30.839221], [-96.025102, 30.839655], [-96.025159, 30.839913], [-96.025287, 30.840018], [-96.025739, 30.840001], [-96.026178, 30.839897], [-96.026439, 30.839903], [-96.02642, 30.839738], [-96.026261, 30.839611], [-96.026223, 30.839479], [-96.026312, 30.839342], [-96.026586, 30.839331], [-96.026739, 30.838765], [-96.027198, 30.83882], [-96.027281, 30.838765], [-96.027414, 30.838463], [-96.027969, 30.838112], [-96.028096, 30.83809], [-96.028548, 30.838249], [-96.028937, 30.838255], [-96.029204, 30.838013], [-96.029561, 30.837997], [-96.029841, 30.837914], [-96.029943, 30.837733], [-96.0303, 30.837816], [-96.030707, 30.838052], [-96.030885, 30.837915], [-96.030796, 30.837569], [-96.031223, 30.837409], [-96.031625, 30.836849], [-96.031657, 30.836497], [-96.031612, 30.836294], [-96.031861, 30.836157], [-96.032001, 30.835821], [-96.032351, 30.835772], [-96.032682, 30.835888], [-96.032733, 30.835421], [-96.032797, 30.835256], [-96.03323, 30.834833], [-96.033339, 30.834563], [-96.033396, 30.833855], [-96.033466, 30.833486], [-96.033664, 30.832805], [-96.033868, 30.832871], [-96.034059, 30.832453], [-96.034123, 30.832184], [-96.033855, 30.831767], [-96.033811, 30.831157], [-96.033741, 30.831052], [-96.033773, 30.830651], [-96.034028, 30.830349], [-96.034321, 30.829849], [-96.0342, 30.829689], [-96.034168, 30.829398], [-96.0342, 30.829079], [-96.034583, 30.828074], [-96.034449, 30.827557], [-96.034519, 30.82709], [-96.034755, 30.82687], [-96.035099, 30.826348], [-96.03508, 30.826134], [-96.034851, 30.825722], [-96.034654, 30.825447], [-96.034527, 30.824678], [-96.034661, 30.824255], [-96.034718, 30.823551], [-96.034909, 30.823007], [-96.034922, 30.822557], [-96.035012, 30.822194], [-96.034986, 30.822013], [-96.034795, 30.821694], [-96.034445, 30.82137], [-96.034171, 30.821023], [-96.034025, 30.820694], [-96.03393, 30.820309], [-96.033656, 30.82004], [-96.033191, 30.819798], [-96.032994, 30.819495], [-96.032714, 30.818336], [-96.032963, 30.818061], [-96.033262, 30.81755], [-96.033581, 30.817314], [-96.033708, 30.81705], [-96.033504, 30.816643], [-96.033422, 30.816262], [-96.032703, 30.814775], [-96.030946, 30.810124], [-96.02904, 30.805885], [-96.02889, 30.805517], [-96.028529, 30.80409], [-96.02794, 30.803126], [-96.027096, 30.801846], [-96.026406, 30.800247], [-96.025638, 30.798583], [-96.023385, 30.793785], [-96.021839, 30.790417], [-96.021574, 30.789722], [-96.021008, 30.788322], [-96.023011, 30.77821], [-96.023132, 30.777979], [-96.023158, 30.777767], [-96.023438, 30.776276], [-96.023792, 30.774448], [-96.024159, 30.772424], [-96.024715, 30.769751], [-96.024867, 30.768966], [-96.025295, 30.766645], [-96.025425, 30.766045], [-96.025308, 30.765654], [-96.028746, 30.749519], [-96.022628, 30.74756], [-96.021581, 30.747258], [-96.015022, 30.745187], [-96.005499, 30.742183], [-96.005755, 30.74159], [-96.006339, 30.740084], [-96.006596, 30.739386], [-96.007252, 30.737776], [-96.007435, 30.737178], [-96.007628, 30.736924], [-96.007876, 30.73678], [-96.008088, 30.736747], [-96.00798, 30.73662], [-96.010206, 30.731192], [-96.010869, 30.729738], [-96.013079, 30.72469], [-96.013137, 30.724578], [-96.014124, 30.722141], [-96.013635, 30.721973], [-96.0136, 30.722093], [-96.013489, 30.722022], [-96.007137, 30.719954], [-96.007199, 30.719341], [-96.00725, 30.719258], [-96.007752, 30.719083], [-96.007861, 30.718967], [-96.007822, 30.718791], [-96.007587, 30.718626], [-96.008058, 30.718253], [-96.008249, 30.717863], [-96.008485, 30.717654], [-96.008542, 30.717396], [-96.008256, 30.717385], [-96.008186, 30.717264], [-96.008377, 30.717171], [-96.008498, 30.716962], [-96.008326, 30.716929], [-96.008161, 30.717033], [-96.008084, 30.716896], [-96.008097, 30.716577], [-96.008358, 30.716225], [-96.008136, 30.715626], [-96.008079, 30.715401], [-96.008098, 30.715066], [-96.008258, 30.714747], [-96.007724, 30.71456], [-96.007361, 30.7144], [-96.007183, 30.714241], [-96.006948, 30.7139], [-96.006954, 30.713752], [-96.007152, 30.713516], [-96.007165, 30.713389], [-96.006847, 30.712971], [-96.006669, 30.712927], [-96.006363, 30.712988], [-96.006097, 30.712663], [-96.005976, 30.712328], [-96.006116, 30.712229], [-96.00623, 30.712031], [-96.006447, 30.711977], [-96.006472, 30.711834], [-96.006415, 30.711339], [-96.006072, 30.710921], [-96.006002, 30.710652], [-96.005907, 30.710581], [-96.005398, 30.710597], [-96.00515, 30.710421], [-96.005112, 30.710206], [-96.00538, 30.709371], [-96.005418, 30.709135], [-96.005368, 30.708838], [-96.005234, 30.708618], [-96.004891, 30.7083], [-96.004599, 30.708206], [-96.004312, 30.708222], [-96.004058, 30.708118], [-96.004039, 30.707958], [-96.004109, 30.707645], [-96.004268, 30.707266], [-96.004116, 30.707156], [-96.003861, 30.707337], [-96.003613, 30.707387], [-96.003537, 30.706766], [-96.003601, 30.706376], [-96.003798, 30.706321], [-96.00383, 30.706211], [-96.003551, 30.706178], [-96.00336, 30.705974], [-96.003411, 30.705815], [-96.003723, 30.705799], [-96.003825, 30.705573], [-96.003704, 30.705414], [-96.003831, 30.705332], [-96.004092, 30.705288], [-96.00406, 30.705167], [-96.003723, 30.705068], [-96.00338, 30.70482], [-96.003323, 30.704699], [-96.003456, 30.704612], [-96.00373, 30.704689], [-96.003819, 30.704639], [-96.003825, 30.704167], [-96.003794, 30.703886], [-96.003845, 30.703661], [-96.003699, 30.703353], [-96.003584, 30.703249], [-96.003642, 30.703018], [-96.003909, 30.702897], [-96.003776, 30.702727], [-96.003782, 30.70248], [-96.003865, 30.702084], [-96.003865, 30.701699], [-96.003516, 30.700897], [-96.003338, 30.700649], [-96.002887, 30.700297], [-96.002461, 30.700028], [-96.002035, 30.69955], [-96.00194, 30.699346], [-96.002169, 30.699132], [-96.002271, 30.698808], [-96.002106, 30.698599], [-96.001902, 30.698687], [-96.001756, 30.69867], [-96.001565, 30.698494], [-96.00154, 30.698335], [-96.001629, 30.698126], [-96.001553, 30.697972], [-96.001134, 30.697697], [-96.001019, 30.697543], [-96.000854, 30.697494], [-96.000765, 30.697301], [-96.000924, 30.697175], [-96.000937, 30.697027], [-96.000619, 30.696856], [-96.000594, 30.696625], [-96.000486, 30.696417], [-96.000753, 30.696389], [-96.000899, 30.696593], [-96.001064, 30.696604], [-96.00116, 30.696461], [-96.001071, 30.696087], [-96.00123, 30.695961], [-96.001497, 30.69595], [-96.00165, 30.695862], [-96.001688, 30.695714], [-96.001485, 30.695653], [-96.001402, 30.695549], [-96.001485, 30.695433], [-96.001949, 30.695351], [-96.001816, 30.695192], [-96.001511, 30.695082], [-96.001295, 30.694735], [-96.001384, 30.694609], [-96.001791, 30.694648], [-96.001905, 30.694379], [-96.002198, 30.69412], [-96.002592, 30.694088], [-96.002815, 30.693873], [-96.003171, 30.693637], [-96.003572, 30.693566], [-96.003699, 30.693495], [-96.003801, 30.693253], [-96.004081, 30.693187], [-96.004145, 30.69277], [-96.004221, 30.69272], [-96.004653, 30.692808], [-96.004666, 30.692352], [-96.004934, 30.692083], [-96.005404, 30.69177], [-96.005659, 30.691704], [-96.006199, 30.691787], [-96.006536, 30.691782], [-96.006791, 30.691721], [-96.006969, 30.691584], [-96.006874, 30.691144], [-96.007045, 30.690903], [-96.007052, 30.690705], [-96.007224, 30.690622], [-96.008756, 30.690733], [-96.008985, 30.690689], [-96.009157, 30.690513], [-96.009328, 30.690481], [-96.009526, 30.690217], [-96.009462, 30.690068], [-96.009551, 30.689975], [-96.009907, 30.689904], [-96.010117, 30.689739], [-96.010334, 30.689448], [-96.010372, 30.688948], [-96.010251, 30.688805], [-96.010334, 30.688481], [-96.01064, 30.688376], [-96.01085, 30.688212], [-96.01085, 30.687992], [-96.011161, 30.687937], [-96.011371, 30.687822], [-96.011409, 30.687673], [-96.011314, 30.687525], [-96.011072, 30.687519], [-96.010786, 30.687717], [-96.0105, 30.687728], [-96.010424, 30.687596], [-96.01064, 30.687393], [-96.010627, 30.687272], [-96.010316, 30.687123], [-96.010469, 30.686931], [-96.010386, 30.686706], [-96.010552, 30.686327], [-96.010965, 30.686338], [-96.011092, 30.686267], [-96.010895, 30.686047], [-96.011156, 30.685733], [-96.011398, 30.685909], [-96.011652, 30.68586], [-96.011716, 30.685767], [-96.012002, 30.685679], [-96.012225, 30.685432], [-96.012447, 30.685064], [-96.012422, 30.684899], [-96.012257, 30.684756], [-96.012352, 30.684618], [-96.012982, 30.684432], [-96.013096, 30.684262], [-96.013077, 30.683981], [-96.012976, 30.683761], [-96.013078, 30.683536], [-96.013357, 30.683657], [-96.01351, 30.683393], [-96.013709, 30.683193], [-96.013958, 30.683035], [-96.013943, 30.68283], [-96.013718, 30.682686], [-96.013758, 30.682459], [-96.013316, 30.682406], [-96.013046, 30.682249], [-96.012958, 30.682036], [-96.012684, 30.681871], [-96.012456, 30.681667], [-96.012284, 30.681667], [-96.012214, 30.681503], [-96.011884, 30.681288], [-96.011947, 30.681217], [-96.012558, 30.68103], [-96.012882, 30.680832], [-96.013181, 30.680464], [-96.013423, 30.680442], [-96.013683, 30.680552], [-96.013855, 30.680476], [-96.014052, 30.680228], [-96.014603, 30.679992], [-96.014815, 30.67997], [-96.015178, 30.679844], [-96.015483, 30.679894], [-96.015775, 30.679855], [-96.015839, 30.679746], [-96.016055, 30.679707], [-96.016399, 30.679405], [-96.016583, 30.678625], [-96.016584, 30.678416], [-96.01631, 30.678185], [-96.016152, 30.677811], [-96.016171, 30.677487], [-96.015828, 30.677427], [-96.015662, 30.677179], [-96.015644, 30.676805], [-96.015383, 30.676553], [-96.015281, 30.676338], [-96.015186, 30.67586], [-96.015193, 30.675712], [-96.015415, 30.675492], [-96.015473, 30.675069], [-96.015829, 30.675069], [-96.015943, 30.675289], [-96.016096, 30.675294], [-96.016306, 30.675168], [-96.016414, 30.674915], [-96.016331, 30.674679], [-96.016369, 30.67458], [-96.016694, 30.674498], [-96.016821, 30.674371], [-96.016802, 30.674256], [-96.0163, 30.674267], [-96.016046, 30.674058], [-96.016116, 30.673882], [-96.016357, 30.673772], [-96.016313, 30.673596], [-96.016001, 30.67358], [-96.015944, 30.673421], [-96.016186, 30.673201], [-96.016282, 30.672541], [-96.016479, 30.672552], [-96.016485, 30.672981], [-96.016567, 30.673058], [-96.016898, 30.67291], [-96.017057, 30.672761], [-96.017076, 30.672503], [-96.017216, 30.672421], [-96.017356, 30.672476], [-96.017521, 30.672371], [-96.017648, 30.672421], [-96.017636, 30.672707], [-96.018157, 30.672751], [-96.018303, 30.672548], [-96.018742, 30.672482], [-96.01892, 30.672603], [-96.018901, 30.672927], [-96.018799, 30.673141], [-96.01939, 30.673136], [-96.01925, 30.673367], [-96.019396, 30.673422], [-96.019632, 30.673339], [-96.019848, 30.673339], [-96.02, 30.673422], [-96.020223, 30.67368], [-96.020375, 30.673658], [-96.020579, 30.6734], [-96.020757, 30.673345], [-96.021151, 30.673554], [-96.021278, 30.673472], [-96.021297, 30.673049], [-96.021558, 30.67278], [-96.021584, 30.67262], [-96.021476, 30.672428], [-96.021622, 30.671873], [-96.021393, 30.671724], [-96.021311, 30.67151], [-96.021527, 30.671351], [-96.021845, 30.670807], [-96.022169, 30.670587], [-96.022322, 30.670258], [-96.022736, 30.669868], [-96.022964, 30.669835], [-96.023053, 30.669956], [-96.023359, 30.66989], [-96.023498, 30.670115], [-96.023797, 30.670291], [-96.024159, 30.670187], [-96.024096, 30.670066], [-96.024096, 30.669802], [-96.023975, 30.669577], [-96.024001, 30.66939], [-96.024236, 30.669274], [-96.024599, 30.669165], [-96.024516, 30.668917], [-96.024586, 30.668659], [-96.024949, 30.668385], [-96.025057, 30.668165], [-96.025273, 30.668082], [-96.025565, 30.668082], [-96.02568, 30.667934], [-96.025375, 30.667758], [-96.024942, 30.66767], [-96.024841, 30.667395], [-96.024555, 30.66739], [-96.024568, 30.667197], [-96.024841, 30.667104], [-96.024987, 30.666989], [-96.025051, 30.666621], [-96.025337, 30.666274], [-96.025305, 30.66612], [-96.025026, 30.666022], [-96.025001, 30.665928], [-96.025179, 30.665703], [-96.025204, 30.665351], [-96.025662, 30.665527], [-96.025725, 30.665741], [-96.025846, 30.665758], [-96.0261, 30.665637], [-96.026386, 30.665626], [-96.026463, 30.66572], [-96.026431, 30.666044], [-96.026596, 30.666181], [-96.026882, 30.666143], [-96.026945, 30.666396], [-96.026825, 30.666769], [-96.026863, 30.666901], [-96.027028, 30.666879], [-96.027397, 30.666489], [-96.027626, 30.666429], [-96.027823, 30.666577], [-96.027759, 30.666852], [-96.027867, 30.666885], [-96.02835, 30.666764], [-96.028465, 30.666622], [-96.028611, 30.666259], [-96.028942, 30.665946], [-96.028929, 30.665583], [-96.029018, 30.66516], [-96.028974, 30.664929], [-96.029044, 30.664479], [-96.029, 30.664182], [-96.028892, 30.663978], [-96.028542, 30.664017], [-96.028154, 30.663599], [-96.028129, 30.6635], [-96.028269, 30.663423], [-96.028625, 30.663429], [-96.028682, 30.663363], [-96.028447, 30.663083], [-96.027894, 30.662934], [-96.027767, 30.662939], [-96.027487, 30.663082], [-96.026947, 30.662774], [-96.026585, 30.662368], [-96.026426, 30.662247], [-96.025828, 30.662202], [-96.025612, 30.662038], [-96.025619, 30.661851], [-96.025918, 30.661653], [-96.026305, 30.661543], [-96.026496, 30.66162], [-96.026617, 30.661758], [-96.027087, 30.661873], [-96.027265, 30.661824], [-96.027475, 30.661637], [-96.02745, 30.66156], [-96.027126, 30.661324], [-96.027367, 30.661137], [-96.027564, 30.661192], [-96.02771, 30.661412], [-96.027901, 30.661434], [-96.028225, 30.660945], [-96.028314, 30.660912], [-96.028524, 30.661066], [-96.02867, 30.661077], [-96.028778, 30.660928], [-96.02862, 30.660681], [-96.028944, 30.660599], [-96.028957, 30.660456], [-96.02876, 30.66034], [-96.028658, 30.660033], [-96.028544, 30.660005], [-96.028048, 30.660049], [-96.028105, 30.659791], [-96.028531, 30.659164], [-96.028474, 30.658758], [-96.028309, 30.658131], [-96.028392, 30.658038], [-96.028786, 30.658329], [-96.028888, 30.658236], [-96.028881, 30.658054], [-96.028761, 30.657862], [-96.028818, 30.657444], [-96.028723, 30.657345], [-96.02857, 30.656785], [-96.028411, 30.656576], [-96.028698, 30.656417], [-96.028704, 30.656263], [-96.028405, 30.656213], [-96.028113, 30.656417], [-96.027967, 30.656219], [-96.028075, 30.656032], [-96.028488, 30.655642], [-96.0288, 30.655411], [-96.029658, 30.655466], [-96.030084, 30.655593], [-96.030344, 30.655532], [-96.030681, 30.655329], [-96.030999, 30.655074], [-96.031546, 30.65425], [-96.032093, 30.651291], [-96.032809, 30.651135], [-96.033345, 30.650721], [-96.033563, 30.6497], [-96.035643, 30.648315], [-96.037816, 30.647335], [-96.037411, 30.646444], [-96.037874, 30.646273], [-96.038724, 30.645816], [-96.039335, 30.6454], [-96.03971, 30.644378], [-96.039779, 30.643291], [-96.040849, 30.642259], [-96.041701, 30.641975], [-96.042237, 30.641493], [-96.042682, 30.639588], [-96.043448, 30.638764], [-96.044387, 30.638489], [-96.044518, 30.637864], [-96.044823, 30.637319], [-96.04583, 30.636964], [-96.046353, 30.636067], [-96.047192, 30.635874], [-96.047778, 30.635144], [-96.048481, 30.634671], [-96.049518, 30.634806], [-96.050203, 30.635309], [-96.051157, 30.635149], [-96.052887, 30.633196], [-96.052219, 30.632121], [-96.053604, 30.630677], [-96.054528, 30.630055], [-96.055293, 30.629028], [-96.055512, 30.62828], [-96.055902, 30.628273], [-96.055973, 30.627729], [-96.056192, 30.62698], [-96.057262, 30.625813], [-96.058039, 30.6258], [-96.058425, 30.625049], [-96.058716, 30.623755], [-96.059252, 30.623274], [-96.060796, 30.622639], [-96.061414, 30.621954], [-96.06179, 30.620863], [-96.06224, 30.61984], [-96.063553, 30.619346], [-96.065422, 30.619179], [-96.066725, 30.618213], [-96.067645, 30.616912], [-96.067837, 30.615195], [-96.0727, 30.615186], [-96.078957, 30.615561], [-96.081394, 30.615885], [-96.089202, 30.616151], [-96.091068, 30.616152], [-96.095522, 30.616014], [-96.097319, 30.615984], [-96.097493, 30.613828], [-96.103663, 30.613744], [-96.103409, 30.610349], [-96.109239, 30.610337], [-96.113378, 30.610426], [-96.116945, 30.610435], [-96.123287, 30.61048], [-96.138234, 30.61057], [-96.154312, 30.610724], [-96.154264, 30.610265], [-96.154243, 30.603907], [-96.155001, 30.603853], [-96.155016, 30.602559], [-96.155249, 30.602297], [-96.154972, 30.602002], [-96.155071, 30.598147], [-96.155041, 30.586769], [-96.155045, 30.586235], [-96.154988, 30.580397], [-96.154903, 30.575716], [-96.159851, 30.575729], [-96.160348, 30.575736], [-96.166526, 30.575766], [-96.167836, 30.575572], [-96.168143, 30.575666], [-96.16854, 30.57559], [-96.168709, 30.575598], [-96.168975, 30.575765], [-96.169029, 30.576037], [-96.168986, 30.57631], [-96.169133, 30.576564], [-96.170238, 30.577474], [-96.170439, 30.577601], [-96.171417, 30.577755], [-96.172125, 30.578231], [-96.171869, 30.578986], [-96.171629, 30.579775], [-96.171687, 30.580055], [-96.172097, 30.5805], [-96.17257, 30.580607], [-96.17311, 30.580307], [-96.173823, 30.580493], [-96.17487, 30.58112], [-96.175422, 30.581259], [-96.175689, 30.58153], [-96.175749, 30.581826], [-96.175349, 30.582059], [-96.175128, 30.58236], [-96.175062, 30.582816], [-96.17509, 30.583137], [-96.175171, 30.583378], [-96.175375, 30.583596], [-96.176232, 30.584095], [-96.176857, 30.58476], [-96.177206, 30.585063], [-96.177771, 30.585282], [-96.178862, 30.585268], [-96.179598, 30.585665], [-96.180661, 30.58596], [-96.181236, 30.586465], [-96.181437, 30.58645], [-96.181676, 30.586335], [-96.182038, 30.586228], [-96.182599, 30.586349], [-96.18365, 30.586983], [-96.184036, 30.587443], [-96.18462, 30.587948], [-96.184792, 30.588328], [-96.184094, 30.588684], [-96.183582, 30.588858], [-96.183451, 30.589074], [-96.183723, 30.589823], [-96.183573, 30.590524], [-96.182801, 30.591843], [-96.182512, 30.59259], [-96.18244, 30.593155], [-96.182631, 30.594098], [-96.182564, 30.594518], [-96.182456, 30.594825], [-96.182475, 30.595072], [-96.182693, 30.595327], [-96.184121, 30.596064], [-96.184658, 30.596696], [-96.185094, 30.597529], [-96.185014, 30.598554], [-96.185249, 30.598846], [-96.185468, 30.598938], [-96.187765, 30.598737], [-96.188037, 30.59889], [-96.188314, 30.599614], [-96.187585, 30.600962], [-96.18743, 30.601173], [-96.187359, 30.601379], [-96.187361, 30.601629], [-96.187425, 30.60176], [-96.188178, 30.602162], [-96.188155, 30.602684], [-96.187482, 30.603242], [-96.186375, 30.603208], [-96.186185, 30.603265], [-96.186111, 30.603393], [-96.186163, 30.604497], [-96.186278, 30.604948], [-96.186749, 30.605698], [-96.186668, 30.606023], [-96.185079, 30.606622], [-96.183837, 30.606716], [-96.183407, 30.60659], [-96.182448, 30.606798], [-96.181832, 30.607469], [-96.181497, 30.608126], [-96.181469, 30.608372], [-96.181602, 30.608774], [-96.181675, 30.609224], [-96.1813, 30.609894], [-96.181238, 30.610387], [-96.181232, 30.611281], [-96.181996, 30.611761], [-96.181976, 30.612142], [-96.182079, 30.61228], [-96.182601, 30.612271], [-96.182717, 30.612521], [-96.182192, 30.612877], [-96.181778, 30.613105], [-96.181539, 30.613477], [-96.181473, 30.613843], [-96.181634, 30.614464], [-96.181168, 30.615412], [-96.181309, 30.615748], [-96.182165, 30.61577], [-96.182542, 30.616938], [-96.182356, 30.617374], [-96.182313, 30.617635], [-96.181285, 30.617775], [-96.180587, 30.617996], [-96.180143, 30.617649], [-96.180038, 30.617472], [-96.179807, 30.617386], [-96.179667, 30.617463], [-96.179095, 30.618161], [-96.179095, 30.618299], [-96.179229, 30.618403], [-96.179966, 30.618321], [-96.180404, 30.618471], [-96.180206, 30.61866], [-96.179878, 30.618857], [-96.17977, 30.619076], [-96.179822, 30.619353], [-96.180013, 30.619574], [-96.180248, 30.61999], [-96.180305, 30.620725], [-96.180242, 30.620958], [-96.18034, 30.621174], [-96.180368, 30.621536], [-96.17872, 30.622085], [-96.178059, 30.621942], [-96.177895, 30.622041], [-96.177731, 30.622485], [-96.177572, 30.622749], [-96.177519, 30.623205], [-96.177194, 30.623337], [-96.176792, 30.62327], [-96.17655, 30.623144], [-96.175055, 30.62298], [-96.174416, 30.622601], [-96.173927, 30.622579], [-96.173597, 30.622704], [-96.17358, 30.622846], [-96.174004, 30.623375], [-96.174151, 30.623617], [-96.173916, 30.623936], [-96.174077, 30.6244], [-96.173717, 30.624953], [-96.173663, 30.625158], [-96.174152, 30.625586], [-96.174283, 30.625916], [-96.173876, 30.626311], [-96.173795, 30.626472], [-96.173886, 30.627622], [-96.173102, 30.627962], [-96.173333, 30.628569], [-96.173224, 30.628831], [-96.172377, 30.629312], [-96.172138, 30.629657], [-96.170938, 30.629672], [-96.170736, 30.629413], [-96.170624, 30.629365], [-96.170358, 30.629886], [-96.169339, 30.629992], [-96.169117, 30.630137], [-96.169204, 30.630407], [-96.169338, 30.630493], [-96.170463, 30.630812], [-96.170607, 30.631063], [-96.170576, 30.631528], [-96.169922, 30.63229], [-96.169933, 30.632462], [-96.1702, 30.632807], [-96.170641, 30.632793], [-96.171164, 30.633199], [-96.171059, 30.633514], [-96.171076, 30.633724], [-96.171664, 30.634163], [-96.171519, 30.634608], [-96.171143, 30.635032], [-96.170717, 30.635635], [-96.170742, 30.635844], [-96.171025, 30.636088], [-96.172046, 30.635127], [-96.172786, 30.635253], [-96.172992, 30.635747], [-96.172552, 30.637246], [-96.172054, 30.638129], [-96.170722, 30.638347], [-96.169809, 30.638676], [-96.168656, 30.638596], [-96.168404, 30.638697], [-96.168473, 30.638839], [-96.168717, 30.638871], [-96.169373, 30.639236], [-96.169638, 30.639734], [-96.169337, 30.639938], [-96.169042, 30.640073], [-96.168892, 30.640241], [-96.168893, 30.6407], [-96.169111, 30.641539], [-96.168963, 30.641981], [-96.168126, 30.642553], [-96.167799, 30.643163], [-96.167606, 30.643297], [-96.167053, 30.643833], [-96.166153, 30.643096], [-96.165759, 30.642975], [-96.165556, 30.643085], [-96.165543, 30.64325], [-96.165784, 30.64403], [-96.166331, 30.644489], [-96.166267, 30.644587], [-96.166039, 30.645676], [-96.165812, 30.646363], [-96.165758, 30.647063], [-96.165957, 30.647156], [-96.166514, 30.647038], [-96.166926, 30.647024], [-96.167365, 30.647218], [-96.16769, 30.647732], [-96.167445, 30.648137], [-96.167151, 30.649144], [-96.167363, 30.649568], [-96.16759, 30.649855], [-96.167781, 30.649986], [-96.169282, 30.649893], [-96.169508, 30.650318], [-96.16901, 30.651353], [-96.168553, 30.651173], [-96.168307, 30.651007], [-96.168106, 30.650997], [-96.167784, 30.651318], [-96.167245, 30.652281], [-96.167122, 30.653019], [-96.167265, 30.653537], [-96.167173, 30.65499], [-96.166891, 30.655024], [-96.166486, 30.654239], [-96.166129, 30.654237], [-96.165944, 30.654375], [-96.165834, 30.654683], [-96.165702, 30.655826], [-96.165406, 30.657601], [-96.164897, 30.658294], [-96.164099, 30.658813], [-96.163978, 30.658997], [-96.164057, 30.659223], [-96.164689, 30.659477], [-96.164825, 30.659992], [-96.16511, 30.660337], [-96.165459, 30.660689], [-96.165359, 30.660936], [-96.164679, 30.661082], [-96.164458, 30.661182], [-96.164355, 30.661489], [-96.16436, 30.662061], [-96.164391, 30.662275], [-96.164532, 30.662613], [-96.164905, 30.662948], [-96.165217, 30.663128], [-96.165376, 30.663164], [-96.165987, 30.663136], [-96.166632, 30.662727], [-96.167117, 30.662703], [-96.167914, 30.662999], [-96.16846, 30.663147], [-96.169297, 30.663656], [-96.169116, 30.663974], [-96.168533, 30.664341], [-96.16805, 30.664582], [-96.167754, 30.664831], [-96.167567, 30.665067], [-96.16749, 30.66527], [-96.167524, 30.665482], [-96.167663, 30.665737], [-96.167806, 30.665808], [-96.168537, 30.665944], [-96.168772, 30.666356], [-96.168731, 30.667135], [-96.168772, 30.667882], [-96.168241, 30.668594], [-96.168117, 30.668898], [-96.168118, 30.669284], [-96.168364, 30.66957], [-96.169062, 30.669912], [-96.168651, 30.670336], [-96.168466, 30.670695], [-96.168439, 30.67112], [-96.168791, 30.67184], [-96.168741, 30.67226], [-96.169141, 30.672707], [-96.169467, 30.672691], [-96.170745, 30.672082], [-96.171364, 30.672122], [-96.170412, 30.673169], [-96.170219, 30.673443], [-96.170142, 30.67368], [-96.170269, 30.673905], [-96.170847, 30.674783], [-96.171486, 30.675341], [-96.171712, 30.67584], [-96.17201, 30.677123], [-96.171925, 30.678191], [-96.172116, 30.678734], [-96.172385, 30.679128], [-96.172736, 30.679843], [-96.172498, 30.680248], [-96.171867, 30.680407], [-96.17136, 30.680327], [-96.171027, 30.680179], [-96.170623, 30.680211], [-96.170403, 30.680417], [-96.169999, 30.681358], [-96.170059, 30.681473], [-96.170247, 30.68154], [-96.17092, 30.681437], [-96.171268, 30.68163], [-96.171485, 30.682109], [-96.171265, 30.683233], [-96.171201, 30.684121], [-96.170834, 30.684681], [-96.170491, 30.685337], [-96.170457, 30.685656], [-96.170478, 30.686224], [-96.170822, 30.68719], [-96.170312, 30.687694], [-96.16991, 30.68796], [-96.169793, 30.688107], [-96.169875, 30.688264], [-96.170225, 30.688291], [-96.170935, 30.688419], [-96.170652, 30.688996], [-96.170427, 30.68937], [-96.170383, 30.689544], [-96.171483, 30.690103], [-96.171777, 30.690947], [-96.171834, 30.691267], [-96.171954, 30.691453], [-96.172254, 30.691692], [-96.172611, 30.69174], [-96.173034, 30.691924], [-96.173065, 30.692104], [-96.172386, 30.692988], [-96.172201, 30.693301], [-96.172156, 30.693618], [-96.172321, 30.693723], [-96.172687, 30.693696], [-96.173287, 30.693464], [-96.173645, 30.69389], [-96.174102, 30.693978], [-96.174177, 30.694248], [-96.174702, 30.694758], [-96.17507, 30.695631], [-96.175378, 30.696055], [-96.176603, 30.696497], [-96.176896, 30.696838], [-96.176824, 30.697256], [-96.176295, 30.697933], [-96.175373, 30.697767], [-96.175353, 30.6979], [-96.175554, 30.698389], [-96.175647, 30.698707], [-96.174963, 30.698922], [-96.174884, 30.699077], [-96.174964, 30.699195], [-96.17565, 30.699564], [-96.175983, 30.700094], [-96.176629, 30.700362], [-96.176461, 30.701089], [-96.176589, 30.701953], [-96.176086, 30.702033], [-96.175496, 30.701591], [-96.175295, 30.701629], [-96.175135, 30.701787], [-96.175113, 30.702033], [-96.175382, 30.702861], [-96.1755, 30.703456], [-96.175645, 30.70358], [-96.175887, 30.703604], [-96.176477, 30.703115], [-96.176968, 30.703081], [-96.177537, 30.703938], [-96.177345, 30.704522], [-96.177194, 30.704794], [-96.177141, 30.705141], [-96.177824, 30.706141], [-96.177558, 30.706271], [-96.177014, 30.70602], [-96.176603, 30.705993], [-96.176352, 30.706167], [-96.176293, 30.706442], [-96.176367, 30.706569], [-96.176592, 30.70669], [-96.177176, 30.707175], [-96.177129, 30.707627], [-96.177254, 30.708217], [-96.177498, 30.708822], [-96.177652, 30.708962], [-96.177946, 30.709513], [-96.177696, 30.70985], [-96.177223, 30.709971], [-96.176339, 30.709787], [-96.175468, 30.709243], [-96.175227, 30.709191], [-96.174936, 30.709194], [-96.174497, 30.709283], [-96.174142, 30.709528], [-96.174031, 30.709867], [-96.174272, 30.710239], [-96.175094, 30.71084], [-96.175142, 30.711155], [-96.174625, 30.711844], [-96.17375, 30.711645], [-96.173382, 30.711471], [-96.173099, 30.711497], [-96.172971, 30.711644], [-96.173035, 30.712089], [-96.172536, 30.712175], [-96.172151, 30.712185], [-96.172061, 30.712256], [-96.171722, 30.714089], [-96.171776, 30.714549], [-96.172007, 30.714949], [-96.172079, 30.715165], [-96.171617, 30.715658], [-96.170802, 30.715991], [-96.170736, 30.716151], [-96.170674, 30.716631], [-96.170806, 30.716714], [-96.171176, 30.716726], [-96.171415, 30.716969], [-96.171259, 30.717367], [-96.170296, 30.71801], [-96.169717, 30.717425], [-96.169016, 30.717132], [-96.168853, 30.717113], [-96.168673, 30.717297], [-96.168737, 30.717576], [-96.169186, 30.718483], [-96.168857, 30.718936], [-96.168804, 30.719246], [-96.168242, 30.719546], [-96.168092, 30.719669], [-96.168059, 30.71999], [-96.168138, 30.720415], [-96.167789, 30.720761], [-96.167408, 30.720852], [-96.166736, 30.720915], [-96.166166, 30.721128], [-96.165721, 30.721216], [-96.165498, 30.721309], [-96.164621, 30.721919], [-96.164522, 30.722083], [-96.164532, 30.722327], [-96.164491, 30.723149], [-96.164696, 30.72383], [-96.164236, 30.724373], [-96.164004, 30.724467], [-96.163619, 30.724538], [-96.163327, 30.724739], [-96.16305, 30.725592], [-96.162499, 30.726309], [-96.162064, 30.727836], [-96.16221, 30.728857], [-96.161953, 30.729863], [-96.162573, 30.730825], [-96.162499, 30.731677], [-96.162329, 30.732033], [-96.161698, 30.732189], [-96.161486, 30.732358], [-96.161427, 30.732564], [-96.161487, 30.732909], [-96.161694, 30.733377], [-96.161974, 30.733832], [-96.162172, 30.734291], [-96.161881, 30.734559], [-96.161079, 30.734771], [-96.160934, 30.734782], [-96.160384, 30.734955], [-96.160224, 30.735165], [-96.16042, 30.735262], [-96.161233, 30.735259], [-96.162072, 30.73583], [-96.162203, 30.736407], [-96.161568, 30.736944], [-96.16149, 30.737216], [-96.161946, 30.737425], [-96.162628, 30.737496], [-96.162401, 30.737825], [-96.162146, 30.738431], [-96.162083, 30.738711], [-96.162355, 30.739339], [-96.162587, 30.739797], [-96.162852, 30.740002], [-96.163352, 30.740083], [-96.165044, 30.740715], [-96.165451, 30.741199], [-96.165443, 30.742017], [-96.165659, 30.742476], [-96.166632, 30.742926], [-96.166775, 30.743135], [-96.166572, 30.743431], [-96.16548, 30.744147], [-96.165143, 30.744264], [-96.16506, 30.744422], [-96.165257, 30.744648], [-96.166498, 30.745295], [-96.167675, 30.746434], [-96.168012, 30.746639], [-96.168502, 30.746832], [-96.168767, 30.747193], [-96.169085, 30.747549], [-96.170145, 30.748855], [-96.170192, 30.749241], [-96.170317, 30.749581], [-96.17057, 30.750646], [-96.170381, 30.751038], [-96.170472, 30.752868], [-96.169904, 30.75308], [-96.168717, 30.753086], [-96.168088, 30.754347], [-96.16886, 30.754752], [-96.169659, 30.754908], [-96.169843, 30.755141], [-96.169752, 30.755551], [-96.169265, 30.755877], [-96.168837, 30.756104], [-96.16848, 30.756402], [-96.16826, 30.756704], [-96.168167, 30.757012], [-96.168264, 30.757166], [-96.16851, 30.757168], [-96.168712, 30.757044], [-96.169022, 30.756755], [-96.169578, 30.756663], [-96.169747, 30.756996], [-96.169455, 30.757993], [-96.16851, 30.758541], [-96.167442, 30.758488], [-96.16674, 30.758564], [-96.16656, 30.758653], [-96.166268, 30.758999], [-96.166209, 30.759244], [-96.166553, 30.760009], [-96.16652, 30.760319], [-96.165864, 30.76038], [-96.165549, 30.760023], [-96.16534, 30.75985], [-96.165141, 30.759817], [-96.164965, 30.759911], [-96.164401, 30.760434], [-96.164306, 30.760631], [-96.164589, 30.761745], [-96.16444, 30.762219], [-96.164248, 30.762403], [-96.163675, 30.762483], [-96.163366, 30.762589], [-96.162839, 30.763039], [-96.162743, 30.763273], [-96.162753, 30.763558], [-96.162897, 30.763894], [-96.16314, 30.764136], [-96.163697, 30.764386], [-96.163804, 30.764495], [-96.164007, 30.764525], [-96.164589, 30.764207], [-96.16489, 30.764667], [-96.164276, 30.765432], [-96.163889, 30.765835], [-96.163603, 30.766269], [-96.163565, 30.766424], [-96.163753, 30.767047], [-96.163693, 30.767831], [-96.163196, 30.768236], [-96.163107, 30.768238], [-96.163031, 30.768442], [-96.163261, 30.76853], [-96.163591, 30.768733], [-96.163794, 30.769228], [-96.163469, 30.769541], [-96.163211, 30.769531], [-96.16289, 30.769431], [-96.162644, 30.769509], [-96.162786, 30.76981], [-96.163136, 30.770227], [-96.164521, 30.772245], [-96.164608, 30.772701], [-96.16434, 30.773141], [-96.164338, 30.773351], [-96.165103, 30.77431], [-96.165419, 30.774475], [-96.165858, 30.77457], [-96.166102, 30.774571], [-96.166452, 30.774474], [-96.166659, 30.774171], [-96.166664, 30.773995], [-96.166352, 30.773338], [-96.165553, 30.77306], [-96.165249, 30.772779], [-96.165347, 30.772372], [-96.165787, 30.772115], [-96.167185, 30.772509], [-96.167312, 30.772724], [-96.167183, 30.773164], [-96.167236, 30.773405], [-96.167416, 30.773552], [-96.167767, 30.773552], [-96.168153, 30.773659], [-96.168244, 30.774601], [-96.168062, 30.775027], [-96.167445, 30.775425], [-96.166806, 30.775188], [-96.166362, 30.775221], [-96.166218, 30.775393], [-96.166169, 30.775639], [-96.165957, 30.776097], [-96.166013, 30.776303], [-96.166191, 30.776498], [-96.166414, 30.776594], [-96.166984, 30.776675], [-96.167371, 30.77694], [-96.167717, 30.777338], [-96.167924, 30.77769], [-96.168206, 30.7779], [-96.16827, 30.778391], [-96.168758, 30.778765], [-96.168695, 30.779141], [-96.168733, 30.779316], [-96.169249, 30.780202], [-96.169598, 30.780318], [-96.169801, 30.780287], [-96.170542, 30.779507], [-96.170947, 30.780086], [-96.171487, 30.78171], [-96.171481, 30.78221], [-96.17106, 30.782896], [-96.171036, 30.783158], [-96.171117, 30.783265], [-96.171414, 30.783268], [-96.171855, 30.783397], [-96.172186, 30.784062], [-96.172072, 30.784205], [-96.171938, 30.78454], [-96.171804, 30.784678], [-96.17174, 30.784984], [-96.171931, 30.785215], [-96.172072, 30.78529], [-96.172366, 30.785329], [-96.172695, 30.785076], [-96.172834, 30.78486], [-96.172851, 30.784174], [-96.173224, 30.784126], [-96.173826, 30.7845], [-96.174378, 30.784582], [-96.174742, 30.785089], [-96.175656, 30.785359], [-96.175387, 30.785915], [-96.175461, 30.786185], [-96.175616, 30.786236], [-96.176566, 30.786299], [-96.177008, 30.786491], [-96.177656, 30.787438], [-96.178895, 30.788703], [-96.178936, 30.788783], [-96.17938, 30.789198], [-96.179503, 30.790311], [-96.179607, 30.790462], [-96.179951, 30.790632], [-96.180049, 30.791127], [-96.180042, 30.79153], [-96.180178, 30.791785], [-96.181817, 30.79227], [-96.182924, 30.792255], [-96.182986, 30.792567], [-96.181933, 30.792888], [-96.181733, 30.793114], [-96.181698, 30.793398], [-96.181779, 30.79367], [-96.181992, 30.793837], [-96.183032, 30.793933], [-96.183414, 30.794351], [-96.183641, 30.795136], [-96.183525, 30.795751], [-96.182935, 30.795987], [-96.18289, 30.796122], [-96.18333, 30.797133], [-96.18322, 30.797739], [-96.18297, 30.797766], [-96.182849, 30.797503], [-96.182531, 30.79747], [-96.182126, 30.797642], [-96.181908, 30.797538], [-96.181751, 30.797574], [-96.181416, 30.797839], [-96.180995, 30.798096], [-96.18009, 30.797626], [-96.179683, 30.797647], [-96.179471, 30.797756], [-96.179573, 30.798052], [-96.179772, 30.798199], [-96.179907, 30.798399], [-96.179642, 30.798586], [-96.17949, 30.798632], [-96.179311, 30.79882], [-96.179286, 30.799246], [-96.179325, 30.799348], [-96.17934, 30.799882], [-96.179124, 30.800091], [-96.178727, 30.800087], [-96.178485, 30.800224], [-96.17815, 30.801092], [-96.177805, 30.801127], [-96.177607, 30.800984], [-96.177346, 30.80001], [-96.177321, 30.799654], [-96.177174, 30.799368], [-96.176977, 30.799204], [-96.176264, 30.799269], [-96.176156, 30.799478], [-96.17648, 30.800336], [-96.176308, 30.801242], [-96.17606, 30.801281], [-96.175933, 30.801023], [-96.175627, 30.800858], [-96.175347, 30.800852], [-96.175251, 30.800907], [-96.174777, 30.80097], [-96.174532, 30.800967], [-96.17401, 30.801055], [-96.173851, 30.801121], [-96.173768, 30.801314], [-96.173793, 30.801468], [-96.173991, 30.801654], [-96.173692, 30.801935], [-96.173545, 30.802665], [-96.172851, 30.802627], [-96.172463, 30.803028], [-96.172373, 30.803753], [-96.172488, 30.803962], [-96.172793, 30.804023], [-96.173023, 30.803798], [-96.173303, 30.803792], [-96.173698, 30.803979], [-96.173659, 30.805084], [-96.173175, 30.805892], [-96.171564, 30.805946], [-96.17122, 30.806139], [-96.170902, 30.806584], [-96.171004, 30.806853], [-96.171297, 30.806952], [-96.172124, 30.807089], [-96.172564, 30.807139], [-96.172831, 30.807342], [-96.172875, 30.807524], [-96.17264, 30.807842], [-96.172538, 30.8082], [-96.17234, 30.808287], [-96.172398, 30.808584], [-96.172652, 30.808661], [-96.173101, 30.808659], [-96.173423, 30.808694], [-96.175199, 30.809525], [-96.175575, 30.809541], [-96.175536, 30.810925], [-96.175489, 30.8111], [-96.174713, 30.811577], [-96.174082, 30.811226], [-96.173929, 30.811315], [-96.173882, 30.811594], [-96.174299, 30.812366], [-96.174286, 30.812895], [-96.17315, 30.813527], [-96.172737, 30.814211], [-96.172665, 30.814488], [-96.172695, 30.815267], [-96.172747, 30.815436], [-96.173056, 30.815488], [-96.173912, 30.815172], [-96.174184, 30.815472], [-96.174055, 30.81592], [-96.172955, 30.817404], [-96.17114, 30.818537], [-96.170701, 30.818859], [-96.17017, 30.819359], [-96.169454, 30.82081], [-96.168629, 30.822037], [-96.1685, 30.822378], [-96.16837, 30.822997], [-96.145294, 30.824923], [-96.126332, 30.82651], [-96.125235, 30.826603], [-96.125235, 30.827393], [-96.122857, 30.827442], [-96.122512, 30.827465], [-96.118499, 30.827677], [-96.110436, 30.828814], [-96.095135, 30.831014], [-96.070276, 30.834564], [-96.065125, 30.835296], [-96.044523, 30.838242], [-96.038588, 30.839077], [-96.025655, 30.840889], [-96.013687, 30.842624]]]}},
    {"type": "Feature", "properties": {"name": "Madisonville CISD", "description": "Madisonville Consolidated Independent School District", "Students enrolled, 2025-26": 2341, "Change in one year": "-1.5% (-36 students)", "Change in five years": "+2.0% (+47 students)", "Change since 2011-12": "+3.8% (+85 students)", "Enrollment by year": {"2011-12": 2256, "2012-13": 2248, "2013-14": 2337, "2014-15": 2332, "2015-16": 2339, "2016-17": 2319, "2017-18": 2358, "2018-19": 2399, "2019-20": 2409, "2020-21": 2294, "2021-22": 2319, "2022-23": 2431, "2023-24": 2392, "2024-25": 2377, "2025-26": 2341}, "Enrollment covers": "The whole district, including any part outside Grimes County", "url": "https://rptsvr1.tea.texas.gov/adhocrpt/adste.html", "link": "Texas Education Agency enrollment reports"}, "geometry": {"type": "Polygon", "coordinates": [[[-95.84417, 30.727606], [-95.848115, 30.728165], [-95.856833, 30.729468], [-95.857098, 30.728379], [-95.859504, 30.728818], [-95.859736, 30.727283], [-95.864116, 30.727986], [-95.866463, 30.728225], [-95.869945, 30.728634], [-95.877775, 30.729564], [-95.878914, 30.729706], [-95.878987, 30.730071], [-95.879883, 30.730278], [-95.881161, 30.730371], [-95.881808, 30.730449], [-95.887294, 30.731265], [-95.888191, 30.731391], [-95.887789, 30.733433], [-95.888819, 30.733607], [-95.896333, 30.734972], [-95.905326, 30.736357], [-95.906951, 30.736569], [-95.914767, 30.737828], [-95.916171, 30.737509], [-95.922822, 30.736126], [-95.928227, 30.735027], [-95.933902, 30.733842], [-95.935082, 30.733589], [-95.949874, 30.730497], [-95.954211, 30.72963], [-95.960445, 30.728275], [-95.960782, 30.728802], [-95.962976, 30.73103], [-95.965315, 30.733502], [-95.965456, 30.733518], [-95.965641, 30.733656], [-95.965685, 30.73393], [-95.965864, 30.73404], [-95.965895, 30.734196], [-95.967268, 30.735604], [-95.972268, 30.736169], [-95.97813, 30.736815], [-95.988883, 30.738057], [-95.989282, 30.738108], [-96.006339, 30.740084], [-96.005755, 30.74159], [-96.005499, 30.742183], [-96.015022, 30.745187], [-96.021581, 30.747258], [-96.022628, 30.74756], [-96.028746, 30.749519], [-96.025308, 30.765654], [-96.025425, 30.766045], [-96.025295, 30.766645], [-96.024867, 30.768966], [-96.024715, 30.769751], [-96.024159, 30.772424], [-96.023792, 30.774448], [-96.023438, 30.776276], [-96.023158, 30.777767], [-96.023132, 30.777979], [-96.023011, 30.77821], [-96.021008, 30.788322], [-96.021574, 30.789722], [-96.021839, 30.790417], [-96.023385, 30.793785], [-96.025638, 30.798583], [-96.026406, 30.800247], [-96.027096, 30.801846], [-96.02794, 30.803126], [-96.028529, 30.80409], [-96.02889, 30.805517], [-96.02904, 30.805885], [-96.030946, 30.810124], [-96.032703, 30.814775], [-96.033422, 30.816262], [-96.033504, 30.816643], [-96.033708, 30.81705], [-96.033581, 30.817314], [-96.033262, 30.81755], [-96.032963, 30.818061], [-96.032714, 30.818336], [-96.032994, 30.819495], [-96.033191, 30.819798], [-96.033656, 30.82004], [-96.03393, 30.820309], [-96.034025, 30.820694], [-96.034171, 30.821023], [-96.034445, 30.82137], [-96.034795, 30.821694], [-96.034986, 30.822013], [-96.035012, 30.822194], [-96.034922, 30.822557], [-96.034909, 30.823007], [-96.034718, 30.823551], [-96.034661, 30.824255], [-96.034527, 30.824678], [-96.034654, 30.825447], [-96.034851, 30.825722], [-96.03508, 30.826134], [-96.035099, 30.826348], [-96.034755, 30.82687], [-96.034519, 30.82709], [-96.034449, 30.827557], [-96.034583, 30.828074], [-96.0342, 30.829079], [-96.034168, 30.829398], [-96.0342, 30.829689], [-96.034321, 30.829849], [-96.034028, 30.830349], [-96.033773, 30.830651], [-96.033741, 30.831052], [-96.033811, 30.831157], [-96.033855, 30.831767], [-96.034123, 30.832184], [-96.034059, 30.832453], [-96.033868, 30.832871], [-96.033664, 30.832805], [-96.033466, 30.833486], [-96.033396, 30.833855], [-96.033339, 30.834563], [-96.03323, 30.834833], [-96.032797, 30.835256], [-96.032733, 30.835421], [-96.032682, 30.835888], [-96.032351, 30.835772], [-96.032001, 30.835821], [-96.031861, 30.836157], [-96.031612, 30.836294], [-96.031657, 30.836497], [-96.031625, 30.836849], [-96.031223, 30.837409], [-96.030796, 30.837569], [-96.030885, 30.837915], [-96.030707, 30.838052], [-96.0303, 30.837816], [-96.029943, 30.837733], [-96.029841, 30.837914], [-96.029561, 30.837997], [-96.029204, 30.838013], [-96.028937, 30.838255], [-96.028548, 30.838249], [-96.028096, 30.83809], [-96.027969, 30.838112], [-96.027414, 30.838463], [-96.027281, 30.838765], [-96.027198, 30.83882], [-96.026739, 30.838765], [-96.026586, 30.839331], [-96.026312, 30.839342], [-96.026223, 30.839479], [-96.026261, 30.839611], [-96.02642, 30.839738], [-96.026439, 30.839903], [-96.026178, 30.839897], [-96.025739, 30.840001], [-96.025287, 30.840018], [-96.025159, 30.839913], [-96.025102, 30.839655], [-96.025121, 30.839221], [-96.024969, 30.839243], [-96.024924, 30.839408], [-96.024746, 30.83949], [-96.024523, 30.839446], [-96.024459, 30.839259], [-96.024548, 30.839061], [-96.024555, 30.838781], [-96.024338, 30.838721], [-96.02423, 30.838907], [-96.02402, 30.839099], [-96.02393, 30.839303], [-96.023465, 30.839336], [-96.023345, 30.839204], [-96.023064, 30.839165], [-96.022606, 30.839665], [-96.022134, 30.839863], [-96.021994, 30.84006], [-96.021338, 30.84], [-96.020714, 30.840016], [-96.020529, 30.839955], [-96.02023, 30.839752], [-96.019918, 30.839757], [-96.019695, 30.840021], [-96.019415, 30.840147], [-96.019205, 30.840334], [-96.018497, 30.84062], [-96.018013, 30.840735], [-96.017739, 30.840762], [-96.017529, 30.840877], [-96.017166, 30.840855], [-96.017045, 30.840894], [-96.01637, 30.841278], [-96.015905, 30.84158], [-96.015185, 30.841789], [-96.015045, 30.841893], [-96.014924, 30.842168], [-96.01465, 30.842173], [-96.014236, 30.84192], [-96.013994, 30.841948], [-96.013879, 30.842096], [-96.013809, 30.842426], [-96.013687, 30.842624], [-96.00443, 30.843968], [-96.000231, 30.844435], [-95.998482, 30.844684], [-95.995767, 30.845059], [-95.915146, 30.856533], [-95.875228, 30.862672], [-95.873019, 30.862635], [-95.863059, 30.864125], [-95.862102, 30.857251], [-95.847197, 30.750193], [-95.845972, 30.740206], [-95.84417, 30.727606]]]}},
    {"type": "Feature", "properties": {"name": "Richards ISD", "description": "Richards Independent School District", "Students enrolled, 2025-26": 261, "Change in one year": "+4.8% (+12 students)", "Change in five years": "+43.4% (+79 students)", "Change since 2011-12": "+96.2% (+128 students)", "Enrollment by year": {"2011-12": 133, "2012-13": 149, "2013-14": 146, "2014-15": 144, "2015-16": 132, "2016-17": 157, "2017-18": 163, "2018-19": 179, "2019-20": 186, "2020-21": 182, "2021-22": 213, "2022-23": 222, "2023-24": 235, "2024-25": 249, "2025-26": 261}, "Enrollment covers": "The whole district, including any part outside Grimes County", "url": "https://rptsvr1.tea.texas.gov/adhocrpt/adste.html", "link": "Texas Education Agency enrollment reports"}, "geometry": {"type": "MultiPolygon", "coordinates": [[[[-95.812396, 30.436726], [-95.813476, 30.436729], [-95.825236, 30.436919], [-95.825383, 30.442905], [-95.825549, 30.446009], [-95.826017, 30.456286], [-95.826237, 30.461956], [-95.829829, 30.461957], [-95.8301, 30.461839], [-95.830116, 30.462013], [-95.836456, 30.461964], [-95.839429, 30.461855], [-95.83986, 30.461922], [-95.840335, 30.461939], [-95.841306, 30.461912], [-95.841628, 30.461954], [-95.843294, 30.461916], [-95.845112, 30.461974], [-95.846194, 30.461954], [-95.846983, 30.461918], [-95.848879, 30.461433], [-95.850273, 30.46115], [-95.852097, 30.460891], [-95.852692, 30.460681], [-95.853232, 30.460375], [-95.854725, 30.45932], [-95.855264, 30.458995], [-95.855554, 30.458881], [-95.856179, 30.458723], [-95.856633, 30.458782], [-95.857388, 30.459015], [-95.857823, 30.459277], [-95.85823, 30.459777], [-95.858793, 30.460414], [-95.859181, 30.460912], [-95.85946, 30.461313], [-95.860435, 30.462556], [-95.861445, 30.463912], [-95.862732, 30.465604], [-95.863017, 30.465903], [-95.86332, 30.466023], [-95.863725, 30.466042], [-95.866146, 30.466031], [-95.868143, 30.465959], [-95.87019, 30.465874], [-95.870902, 30.465826], [-95.872157, 30.465631], [-95.876153, 30.465162], [-95.877658, 30.464946], [-95.878897, 30.464804], [-95.880111, 30.464715], [-95.880557, 30.464696], [-95.881358, 30.464703], [-95.886136, 30.464664], [-95.887376, 30.464673], [-95.888996, 30.464653], [-95.891949, 30.464629], [-95.893935, 30.464583], [-95.894371, 30.464581], [-95.894716, 30.464629], [-95.894895, 30.464744], [-95.895148, 30.465082], [-95.895524, 30.466033], [-95.895695, 30.466242], [-95.895825, 30.466291], [-95.896263, 30.466309], [-95.89643, 30.46636], [-95.896454, 30.46688], [-95.896572, 30.468204], [-95.896503, 30.468657], [-95.896384, 30.468869], [-95.896109, 30.469114], [-95.895732, 30.469292], [-95.894777, 30.469498], [-95.894526, 30.469647], [-95.89443, 30.470048], [-95.894485, 30.472133], [-95.894544, 30.473399], [-95.894549, 30.474037], [-95.894386, 30.474261], [-95.893848, 30.474283], [-95.893103, 30.474265], [-95.892829, 30.474304], [-95.892633, 30.474419], [-95.892494, 30.474788], [-95.892497, 30.474966], [-95.892642, 30.475689], [-95.892756, 30.476882], [-95.892793, 30.477961], [-95.892941, 30.479362], [-95.892934, 30.479727], [-95.892852, 30.480248], [-95.892748, 30.481203], [-95.892684, 30.481965], [-95.892703, 30.482241], [-95.892865, 30.482873], [-95.892989, 30.483633], [-95.893112, 30.484128], [-95.893252, 30.484505], [-95.894183, 30.486618], [-95.894441, 30.48674], [-95.895479, 30.487163], [-95.895583, 30.487336], [-95.895385, 30.48754], [-95.899067, 30.495961], [-95.899514, 30.496949], [-95.900871, 30.496494], [-95.90282, 30.495809], [-95.903098, 30.496593], [-95.902308, 30.49673], [-95.903166, 30.498959], [-95.904816, 30.50328], [-95.905064, 30.504031], [-95.905215, 30.504327], [-95.90921, 30.514632], [-95.907795, 30.515132], [-95.908128, 30.51685], [-95.904931, 30.517846], [-95.904717, 30.51792], [-95.905882, 30.52093], [-95.909462, 30.52007], [-95.911292, 30.523868], [-95.910129, 30.5244], [-95.914248, 30.533368], [-95.915783, 30.532842], [-95.919232, 30.531693], [-95.922872, 30.530393], [-95.92403, 30.530008], [-95.926478, 30.529173], [-95.927865, 30.532329], [-95.931758, 30.54085], [-95.931793, 30.541092], [-95.931962, 30.540938], [-95.933669, 30.540288], [-95.933742, 30.540279], [-95.934726, 30.542211], [-95.937591, 30.547689], [-95.93904, 30.550511], [-95.938056, 30.551249], [-95.937726, 30.551216], [-95.937374, 30.551593], [-95.932573, 30.552808], [-95.932417, 30.553889], [-95.932827, 30.554971], [-95.933798, 30.555842], [-95.934608, 30.556376], [-95.935501, 30.557927], [-95.930621, 30.559354], [-95.925739, 30.560911], [-95.925639, 30.560063], [-95.925517, 30.559456], [-95.925346, 30.558905], [-95.925131, 30.558389], [-95.924919, 30.557981], [-95.923678, 30.555908], [-95.915175, 30.558431], [-95.903402, 30.561963], [-95.903417, 30.561855], [-95.901631, 30.558174], [-95.897623, 30.559768], [-95.890591, 30.562569], [-95.884417, 30.565031], [-95.877635, 30.567731], [-95.873849, 30.569263], [-95.868522, 30.571405], [-95.854459, 30.577026], [-95.853967, 30.577198], [-95.848849, 30.579248], [-95.832517, 30.585774], [-95.826503, 30.588157], [-95.826185, 30.588338], [-95.826294, 30.589407], [-95.82662, 30.592897], [-95.826685, 30.593693], [-95.818951, 30.512924], [-95.817982, 30.503076], [-95.817308, 30.498743], [-95.816991, 30.494519], [-95.81664, 30.490173], [-95.816336, 30.486353], [-95.815714, 30.478598], [-95.814748, 30.466439], [-95.814665, 30.465673], [-95.814638, 30.463365], [-95.814339, 30.462462], [-95.814171, 30.459944], [-95.81408, 30.459651], [-95.813864, 30.459147], [-95.813948, 30.455742], [-95.812396, 30.436726]]], [[[-95.830185, 30.629852], [-95.83007, 30.629045], [-95.829287, 30.620864], [-95.829736, 30.625189], [-95.82997, 30.627744], [-95.83007, 30.629045], [-95.830185, 30.629852]]], [[[-95.829053, 30.618424], [-95.828716, 30.614901], [-95.829039, 30.618219], [-95.829053, 30.618424]]]]}}
  ]
}
