{
  "type": "FeatureCollection",
  "features": [
    {"type": "Feature", "properties": {"name": "Alum Creek", "Type": "Creek or other stream"}, "geometry": {"type": "LineString", "coordinates": [[-96.122633, 30.602658], [-96.123738, 30.604485], [-96.124278, 30.604743], [-96.12478, 30.605309], [-96.125143, 30.605271], [-96.125702, 30.605579], [-96.125887, 30.605557], [-96.12595, 30.605354], [-96.126046, 30.605327], [-96.126185, 30.605514], [-96.126497, 30.605332], [-96.126693, 30.605508], [-96.126783, 30.605344], [-96.127094, 30.605217], [-96.127452, 30.605297], [-96.127684, 30.605253], [-96.127891, 30.60546], [-96.128327, 30.605009], [-96.12886, 30.604963], [-96.129483, 30.604499], [-96.130036, 30.604669], [-96.130703, 30.604499], [-96.131269, 30.604785], [-96.131745, 30.604461], [-96.132076, 30.604412], [-96.132038, 30.60428], [-96.13228, 30.60361], [-96.132661, 30.603637], [-96.132801, 30.603533], [-96.13275, 30.603297], [-96.132464, 30.603165], [-96.132369, 30.603011], [-96.133551, 30.60289], [-96.13383, 30.602978], [-96.134249, 30.603352], [-96.134484, 30.603435], [-96.134726, 30.603336], [-96.134923, 30.603039], [-96.1354, 30.602913], [-96.135526, 30.603353], [-96.135692, 30.603364], [-96.136067, 30.603144], [-96.136263, 30.603161], [-96.136594, 30.603304], [-96.136968, 30.603777], [-96.13721, 30.60365], [-96.137375, 30.603156], [-96.137769, 30.602898], [-96.137896, 30.603107], [-96.137871, 30.603354], [-96.138169, 30.603805], [-96.138398, 30.603744], [-96.138875, 30.603349], [-96.139084, 30.603519], [-96.139103, 30.603915], [-96.139561, 30.603674], [-96.140069, 30.603641], [-96.140113, 30.603723], [-96.139751, 30.60413], [-96.1397, 30.60441], [-96.139871, 30.604641], [-96.140132, 30.604712], [-96.140303, 30.604581], [-96.140412, 30.604218], [-96.140704, 30.604152], [-96.140856, 30.604317], [-96.141053, 30.60435], [-96.141575, 30.603685], [-96.142153, 30.603708], [-96.142452, 30.603581], [-96.142547, 30.603191], [-96.1427, 30.603048], [-96.145025, 30.602637], [-96.14561, 30.602824], [-96.14587, 30.603192], [-96.14601, 30.603242], [-96.146365, 30.603083], [-96.146518, 30.602863], [-96.146398, 30.602352], [-96.146455, 30.602149], [-96.146646, 30.602116], [-96.146912, 30.602259], [-96.147084, 30.602237], [-96.147414, 30.601819], [-96.147637, 30.601819], [-96.147942, 30.602078], [-96.148164, 30.6021], [-96.148463, 30.601688], [-96.149537, 30.601375], [-96.149854, 30.601446], [-96.149632, 30.601056], [-96.149664, 30.600946], [-96.15028, 30.600908], [-96.150681, 30.600578], [-96.150567, 30.600232], [-96.150274, 30.600138], [-96.1503, 30.599798], [-96.151228, 30.599309], [-96.151526, 30.599287], [-96.151717, 30.599391], [-96.151748, 30.59971], [-96.151933, 30.59987], [-96.152263, 30.599908], [-96.152587, 30.59982], [-96.153222, 30.600244], [-96.153476, 30.600178], [-96.153941, 30.599233], [-96.154233, 30.599162], [-96.154582, 30.599299], [-96.154766, 30.599206], [-96.154862, 30.598409], [-96.155123, 30.598112], [-96.155517, 30.59787], [-96.155765, 30.59748], [-96.155911, 30.597425], [-96.156095, 30.597546], [-96.156197, 30.597486], [-96.156222, 30.597129], [-96.156419, 30.596854], [-96.156902, 30.597079], [-96.157163, 30.596805], [-96.157296, 30.596788], [-96.157309, 30.597074], [-96.157518, 30.597129], [-96.157779, 30.596601], [-96.157982, 30.596585], [-96.158421, 30.596266], [-96.15858, 30.595755], [-96.158783, 30.595574], [-96.159171, 30.595673], [-96.159615, 30.596113], [-96.159831, 30.596135], [-96.159977, 30.595959], [-96.159876, 30.59558], [-96.159965, 30.595377], [-96.159946, 30.594986], [-96.160041, 30.594882], [-96.160333, 30.594871], [-96.160937, 30.595157], [-96.161515, 30.595124], [-96.161991, 30.595608], [-96.162157, 30.595542], [-96.162258, 30.595075], [-96.162576, 30.594927], [-96.162646, 30.595157], [-96.162443, 30.595388], [-96.1629, 30.595641], [-96.163122, 30.595647], [-96.163281, 30.595504], [-96.163732, 30.59535], [-96.16412, 30.594993], [-96.164495, 30.595015], [-96.164584, 30.594834], [-96.164914, 30.594597], [-96.164863, 30.594262], [-96.165791, 30.594361], [-96.166344, 30.594136], [-96.16736, 30.594136], [-96.1671, 30.593416], [-96.167151, 30.593108], [-96.167437, 30.593153], [-96.167716, 30.593054], [-96.16844, 30.593197], [-96.168777, 30.593043], [-96.168752, 30.592504], [-96.169279, 30.592252], [-96.169362, 30.592109], [-96.169311, 30.5919], [-96.169063, 30.592021], [-96.168936, 30.59196], [-96.169051, 30.591685], [-96.169051, 30.591257], [-96.16914, 30.591202], [-96.169387, 30.591224], [-96.169534, 30.591048], [-96.169864, 30.590971], [-96.169966, 30.590999], [-96.170067, 30.591273], [-96.169959, 30.59146], [-96.170029, 30.59157], [-96.170283, 30.591592], [-96.170436, 30.591405], [-96.17062, 30.591526], [-96.171109, 30.591543]]}},
    {"type": "Feature", "properties": {"name": "Anderson Creek", "Type": "Creek or other stream"}, "geometry": {"type": "LineString", "coordinates": [[-96.05529, 30.735572], [-96.056015, 30.734286], [-96.056588, 30.733643], [-96.05662, 30.733389], [-96.0569, 30.733044], [-96.057167, 30.732918], [-96.057364, 30.73261], [-96.057237, 30.731632], [-96.05739, 30.731484], [-96.057768, 30.731402], [-96.057764, 30.73088], [-96.057401, 30.730069], [-96.057516, 30.729921], [-96.057529, 30.729602], [-96.057901, 30.729146], [-96.057314, 30.728555], [-96.05753, 30.72839], [-96.057784, 30.728417], [-96.057867, 30.72817], [-96.057759, 30.727423], [-96.057823, 30.727274], [-96.057689, 30.726967], [-96.058052, 30.726807], [-96.057683, 30.726593], [-96.057868, 30.726318], [-96.057689, 30.726203], [-96.057702, 30.725725], [-96.057588, 30.725488], [-96.05788, 30.725516], [-96.057919, 30.725433], [-96.057734, 30.724801], [-96.05755, 30.724571], [-96.057683, 30.724213], [-96.057346, 30.723741], [-96.057537, 30.723449], [-96.057302, 30.723323], [-96.057257, 30.723136], [-96.05762, 30.722032], [-96.057785, 30.721817], [-96.057607, 30.72168], [-96.057735, 30.721526], [-96.057671, 30.720966], [-96.058104, 30.72096], [-96.058199, 30.720614], [-96.058403, 30.720482], [-96.058479, 30.720158], [-96.058269, 30.720042], [-96.058326, 30.719806], [-96.057951, 30.719372], [-96.058034, 30.719196], [-96.057856, 30.719009], [-96.058002, 30.718625], [-96.057703, 30.718432], [-96.057939, 30.717954], [-96.057646, 30.717899], [-96.057665, 30.717668], [-96.05722, 30.717701], [-96.057112, 30.717327], [-96.057163, 30.71724], [-96.057468, 30.717256], [-96.057576, 30.717185], [-96.057589, 30.717064], [-96.057328, 30.71686], [-96.057506, 30.716805], [-96.057793, 30.716421], [-96.057926, 30.715899], [-96.057424, 30.71525], [-96.057367, 30.715041], [-96.057952, 30.714558], [-96.057844, 30.714157], [-96.057895, 30.71403], [-96.058423, 30.713789], [-96.058085, 30.71353], [-96.057386, 30.713453], [-96.056928, 30.712673], [-96.056877, 30.712195], [-96.056629, 30.712184], [-96.056298, 30.712475], [-96.056133, 30.712431], [-96.055974, 30.712546], [-96.055592, 30.712458], [-96.055751, 30.711865], [-96.055071, 30.711227], [-96.055217, 30.710832], [-96.055097, 30.710293], [-96.054556, 30.710222], [-96.054225, 30.709243], [-96.054175, 30.708727], [-96.053214, 30.708375], [-96.052871, 30.708359], [-96.052617, 30.708199], [-96.052292, 30.707781], [-96.05137, 30.707518], [-96.051039, 30.707149], [-96.051116, 30.706611], [-96.050429, 30.706578], [-96.050028, 30.706242], [-96.04985, 30.706198], [-96.049195, 30.706325], [-96.049062, 30.70583], [-96.04889, 30.705577], [-96.048203, 30.705258], [-96.048089, 30.705319], [-96.047275, 30.705264], [-96.046938, 30.705473], [-96.046715, 30.705417], [-96.046448, 30.705621], [-96.045907, 30.705412], [-96.045539, 30.705566], [-96.045405, 30.705082], [-96.04461, 30.704598], [-96.043485, 30.704466], [-96.042957, 30.704587], [-96.042658, 30.705043], [-96.042499, 30.704455], [-96.042213, 30.704609], [-96.041946, 30.704543], [-96.041647, 30.70423], [-96.041647, 30.703581], [-96.041475, 30.703405], [-96.041202, 30.703471], [-96.041125, 30.703394], [-96.041234, 30.703174], [-96.041017, 30.702921], [-96.041088, 30.702306], [-96.041323, 30.701894], [-96.041253, 30.701729], [-96.04098, 30.701537], [-96.040751, 30.701048], [-96.04098, 30.700553], [-96.040936, 30.700328], [-96.039848, 30.699739], [-96.039518, 30.699833], [-96.039327, 30.699794], [-96.039003, 30.699058], [-96.038952, 30.699212], [-96.038825, 30.699168], [-96.038685, 30.699239], [-96.038583, 30.699453], [-96.038367, 30.699398], [-96.038214, 30.699233], [-96.038227, 30.698689], [-96.037954, 30.698481], [-96.038036, 30.698162], [-96.037617, 30.69798], [-96.037178, 30.697425], [-96.036689, 30.697117], [-96.036561, 30.697068], [-96.036326, 30.6972], [-96.036205, 30.697161], [-96.036123, 30.6967], [-96.035799, 30.696612], [-96.035691, 30.695655], [-96.035468, 30.69543], [-96.033694, 30.694693], [-96.033415, 30.694391], [-96.033338, 30.693951], [-96.033122, 30.693632], [-96.032773, 30.693638], [-96.032436, 30.693396], [-96.031857, 30.693561], [-96.031685, 30.693473], [-96.031615, 30.693319], [-96.031673, 30.692885], [-96.032175, 30.692978], [-96.032315, 30.692857], [-96.031915, 30.692572], [-96.031997, 30.692121], [-96.031813, 30.691846], [-96.032055, 30.691385], [-96.032742, 30.69117], [-96.032812, 30.690929], [-96.032678, 30.690819], [-96.032189, 30.690846], [-96.031775, 30.69056], [-96.031292, 30.690862], [-96.030828, 30.690631], [-96.030784, 30.690461], [-96.031044, 30.690412], [-96.031121, 30.690307], [-96.031063, 30.690197], [-96.030663, 30.690071], [-96.030924, 30.689527], [-96.030383, 30.68929], [-96.030371, 30.689038], [-96.030098, 30.688521], [-96.029958, 30.688532], [-96.029729, 30.688845], [-96.029595, 30.688867], [-96.029322, 30.688334], [-96.029519, 30.68796], [-96.029462, 30.687696], [-96.029303, 30.687724], [-96.029042, 30.688213], [-96.028877, 30.688174], [-96.028623, 30.687383], [-96.028051, 30.686498], [-96.027835, 30.685778], [-96.02781, 30.6853], [-96.02753, 30.685014], [-96.027524, 30.684432], [-96.027264, 30.683876], [-96.027328, 30.682953], [-96.026749, 30.682404], [-96.026686, 30.681887], [-96.026196, 30.681744], [-96.02605, 30.681535], [-96.026305, 30.681321], [-96.026012, 30.680903], [-96.026153, 30.680095], [-96.026267, 30.680046], [-96.026591, 30.680205], [-96.026909, 30.680195], [-96.027036, 30.680068], [-96.027062, 30.679848], [-96.02663, 30.679595], [-96.026274, 30.679018], [-96.02593, 30.678886], [-96.025778, 30.678452], [-96.025314, 30.678271], [-96.025403, 30.678199], [-96.02609, 30.678276], [-96.026319, 30.678002], [-96.0263, 30.677848], [-96.026014, 30.677633], [-96.025486, 30.677611], [-96.025187, 30.677424], [-96.025436, 30.676633], [-96.025328, 30.676309], [-96.025162, 30.676254], [-96.025156, 30.676078], [-96.025277, 30.675792], [-96.025658, 30.675919], [-96.025779, 30.67588], [-96.025557, 30.675501], [-96.025779, 30.67499], [-96.025621, 30.674814], [-96.024858, 30.674891], [-96.024731, 30.674786], [-96.024444, 30.674841], [-96.024406, 30.674627], [-96.024171, 30.674561], [-96.024476, 30.674402], [-96.024731, 30.674473], [-96.024826, 30.674413], [-96.024737, 30.67427], [-96.024248, 30.674154], [-96.024191, 30.674066], [-96.024299, 30.673863], [-96.024846, 30.673616], [-96.02461, 30.673429], [-96.024223, 30.673396], [-96.024013, 30.67316], [-96.024089, 30.67294], [-96.024458, 30.672907], [-96.024604, 30.672676], [-96.02428, 30.672539], [-96.024013, 30.672659], [-96.023905, 30.672467], [-96.023975, 30.672154], [-96.023702, 30.67222], [-96.023498, 30.672115], [-96.023384, 30.672253], [-96.023549, 30.672566], [-96.023517, 30.672725], [-96.023269, 30.672862], [-96.02311, 30.67278], [-96.022793, 30.672379], [-96.023098, 30.672192], [-96.023034, 30.671912], [-96.02341, 30.671758], [-96.023372, 30.671489], [-96.023054, 30.671406], [-96.02292, 30.671527], [-96.022456, 30.671598], [-96.022214, 30.671824], [-96.021318, 30.671515]]}},
    {"type": "Feature", "properties": {"name": "Beason Creek", "Type": "Creek or other stream"}, "geometry": {"type": "LineString", "coordinates": [[-95.948068, 30.337858], [-95.947912, 30.336146], [-95.947614, 30.335959], [-95.947595, 30.335711], [-95.947341, 30.335255], [-95.947278, 30.334684], [-95.947341, 30.333931], [-95.947233, 30.333497], [-95.947423, 30.332354], [-95.947645, 30.331722], [-95.94755, 30.331419], [-95.947809, 30.331013], [-95.947993, 30.330331], [-95.948658, 30.329226], [-95.948575, 30.328963], [-95.948905, 30.328474], [-95.948924, 30.327319], [-95.949424, 30.326369], [-95.950184, 30.325698], [-95.950874, 30.32483], [-95.951615, 30.324335], [-95.95178, 30.324022], [-95.952211, 30.323692], [-95.95235, 30.323406], [-95.952616, 30.323219], [-95.952755, 30.322933], [-95.953401, 30.322246], [-95.953522, 30.322043], [-95.953452, 30.321691], [-95.953775, 30.32057], [-95.953781, 30.320075], [-95.954364, 30.319443], [-95.954218, 30.318773], [-95.95434, 30.318065], [-95.9544, 30.31797], [-95.954744, 30.31793], [-95.955064, 30.317645], [-95.955256, 30.317778], [-95.955947, 30.317217], [-95.956004, 30.317058], [-95.955814, 30.316717], [-95.955427, 30.316541], [-95.955205, 30.316245], [-95.954705, 30.316107], [-95.954585, 30.315893], [-95.954584, 30.315613], [-95.954857, 30.315129], [-95.954882, 30.314667], [-95.95459, 30.314217], [-95.954831, 30.314013], [-95.954863, 30.313607], [-95.955002, 30.31337], [-95.954939, 30.31314], [-95.955097, 30.31292], [-95.955293, 30.312172], [-95.955217, 30.311755], [-95.954761, 30.311617], [-95.954647, 30.311288], [-95.954786, 30.310243], [-95.954741, 30.30982], [-95.955007, 30.30948], [-95.954849, 30.309309], [-95.954912, 30.309122], [-95.955305, 30.309243], [-95.955444, 30.309133], [-95.955482, 30.308919], [-95.954969, 30.308611], [-95.954773, 30.308073], [-95.954811, 30.307567], [-95.954633, 30.307072], [-95.95405, 30.306254], [-95.953588, 30.305831], [-95.95341, 30.305122], [-95.95317, 30.304896], [-95.953258, 30.304292], [-95.95322, 30.303374], [-95.953435, 30.303165], [-95.953182, 30.302879], [-95.952941, 30.302989], [-95.952757, 30.302874], [-95.952662, 30.302627], [-95.952276, 30.30227], [-95.952428, 30.302127], [-95.952396, 30.302044], [-95.95208, 30.302143], [-95.951541, 30.301698], [-95.951548, 30.301412], [-95.951205, 30.301044], [-95.951357, 30.30072], [-95.951212, 30.300357], [-95.95125, 30.300203], [-95.950832, 30.299934], [-95.950749, 30.299511], [-95.95085, 30.298879], [-95.951534, 30.298269], [-95.951598, 30.29806], [-95.951889, 30.29795], [-95.952085, 30.297598], [-95.952123, 30.297356], [-95.951977, 30.296873], [-95.952224, 30.296499], [-95.952275, 30.296076], [-95.95173, 30.29584], [-95.951939, 30.295307], [-95.952173, 30.29512], [-95.952167, 30.294949], [-95.951534, 30.29435], [-95.952027, 30.29357], [-95.951844, 30.293323], [-95.951856, 30.293086], [-95.952059, 30.292894], [-95.952002, 30.292674], [-95.952312, 30.292482], [-95.952261, 30.292344], [-95.951995, 30.292262], [-95.951926, 30.292147], [-95.952698, 30.291146], [-95.952654, 30.290915], [-95.952369, 30.29052], [-95.95278, 30.290234], [-95.952654, 30.29008], [-95.952673, 30.289937], [-95.953008, 30.289882], [-95.952977, 30.289701], [-95.953363, 30.289421], [-95.953255, 30.289003], [-95.953344, 30.288887], [-95.953622, 30.288657], [-95.954059, 30.288684], [-95.954002, 30.288525], [-95.954173, 30.288338], [-95.9543, 30.2877], [-95.95411, 30.287052], [-95.95442, 30.286678], [-95.954489, 30.286381], [-95.95485, 30.286084], [-95.954527, 30.285425], [-95.954629, 30.285326], [-95.955027, 30.285255], [-95.955376, 30.284908], [-95.955578, 30.284958], [-95.95573, 30.284864], [-95.95568, 30.284447], [-95.955831, 30.283727], [-95.955439, 30.283573], [-95.955268, 30.283276], [-95.954881, 30.283238], [-95.954957, 30.283001], [-95.955192, 30.283007], [-95.955344, 30.282672], [-95.954919, 30.282221], [-95.954938, 30.282051], [-95.955109, 30.281864], [-95.955204, 30.28127], [-95.955375, 30.281215], [-95.955609, 30.281358], [-95.955742, 30.281336], [-95.955951, 30.280836], [-95.956287, 30.28049], [-95.956502, 30.279885], [-95.956457, 30.279346], [-95.956267, 30.279182], [-95.956546, 30.278681], [-95.956394, 30.278495], [-95.956394, 30.278231], [-95.956666, 30.277945], [-95.957058, 30.277901], [-95.957065, 30.277516], [-95.957369, 30.277445], [-95.95716, 30.277329], [-95.957457, 30.277137], [-95.957457, 30.277005], [-95.957242, 30.276923], [-95.957311, 30.276681], [-95.957134, 30.276478], [-95.956742, 30.276467], [-95.956665, 30.276192], [-95.957305, 30.275598], [-95.957634, 30.275087], [-95.957647, 30.274807], [-95.957501, 30.274571], [-95.957577, 30.2744], [-95.957786, 30.274202], [-95.95833, 30.273971], [-95.958242, 30.273746], [-95.957995, 30.273603], [-95.957938, 30.273312], [-95.958229, 30.27301], [-95.958678, 30.273048], [-95.958786, 30.272542], [-95.95902, 30.272339], [-95.958931, 30.271778], [-95.959178, 30.271355], [-95.959393, 30.270415], [-95.95964, 30.270185], [-95.959716, 30.269756], [-95.959925, 30.269388], [-95.960178, 30.269179], [-95.959785, 30.268206], [-95.959912, 30.267783], [-95.960228, 30.267491], [-95.961095, 30.26703], [-95.961424, 30.26615], [-95.961861, 30.265727], [-95.962026, 30.265639], [-95.962247, 30.265705], [-95.962982, 30.265458], [-95.963482, 30.264979], [-95.963912, 30.26477], [-95.964678, 30.264204], [-95.964475, 30.264012], [-95.964602, 30.263874], [-95.965589, 30.263242], [-95.965988, 30.263116], [-95.966184, 30.26267], [-95.966419, 30.262561], [-95.966874, 30.262615], [-95.967128, 30.26256], [-95.967748, 30.262214], [-95.967969, 30.261956], [-95.968286, 30.261928], [-95.968735, 30.26173], [-95.969932, 30.260306], [-95.970387, 30.259378], [-95.970874, 30.258932], [-95.971457, 30.258635], [-95.971805, 30.258322], [-95.972077, 30.25824], [-95.972469, 30.257899], [-95.972938, 30.257838], [-95.97347, 30.257931], [-95.973685, 30.257755], [-95.973925, 30.257788], [-95.974932, 30.257151], [-95.975083, 30.256925], [-95.976697, 30.255782], [-95.977703, 30.255171], [-95.978843, 30.254259], [-95.979171, 30.253467], [-95.979709, 30.252747], [-95.979937, 30.252643], [-95.980462, 30.251895], [-95.981032, 30.251565], [-95.981861, 30.251285], [-95.9825, 30.251169], [-95.982988, 30.251257], [-95.983082, 30.251119], [-95.982994, 30.250878], [-95.983247, 30.250658], [-95.983823, 30.250784], [-95.984386, 30.250652], [-95.984899, 30.250844], [-95.985456, 30.250712], [-95.985621, 30.250508], [-95.986127, 30.250437], [-95.986507, 30.250651], [-95.987406, 30.250749], [-95.98845, 30.251046], [-95.988666, 30.251024], [-95.988988, 30.251211], [-95.989406, 30.251221], [-95.989387, 30.251491], [-95.989742, 30.251496], [-95.990242, 30.251952], [-95.990869, 30.252166], [-95.990913, 30.252353], [-95.991116, 30.252551], [-95.991066, 30.252891], [-95.991382, 30.253084], [-95.991566, 30.253155], [-95.991661, 30.253083], [-95.991616, 30.252688], [-95.991977, 30.252798], [-95.992135, 30.252638], [-95.992686, 30.25316], [-95.993433, 30.253105], [-95.9947, 30.253599], [-95.99544, 30.253505], [-95.996346, 30.254499], [-95.996751, 30.254581], [-95.99739, 30.25451], [-95.997479, 30.254823], [-95.997669, 30.254949], [-95.997783, 30.254883], [-95.997834, 30.254323], [-95.998112, 30.254042], [-95.998384, 30.253993], [-95.998536, 30.254174], [-95.998954, 30.254256], [-95.999802, 30.253882], [-96.000086, 30.25397], [-96.000484, 30.25425], [-96.000794, 30.254218], [-96.002091, 30.255306], [-96.003737, 30.255807], [-96.004363, 30.256511], [-96.004389, 30.25667], [-96.004256, 30.256885], [-96.004331, 30.257016], [-96.004952, 30.25722], [-96.00523, 30.256885], [-96.005484, 30.256929], [-96.005952, 30.257352], [-96.006179, 30.257803], [-96.006951, 30.25837], [-96.007198, 30.258403], [-96.007375, 30.258683], [-96.007324, 30.259035], [-96.007464, 30.259189], [-96.007628, 30.259189], [-96.008008, 30.258876], [-96.008401, 30.25898], [-96.008641, 30.259206], [-96.009173, 30.259316], [-96.009521, 30.259657], [-96.010236, 30.259607], [-96.010553, 30.259674], [-96.01154, 30.260476], [-96.011762, 30.260334], [-96.011686, 30.259971], [-96.011768, 30.259899], [-96.012173, 30.259762], [-96.012484, 30.259795], [-96.013351, 30.259521], [-96.01375, 30.25957], [-96.013971, 30.259983], [-96.014351, 30.260021], [-96.014908, 30.260318], [-96.015585, 30.260192], [-96.016085, 30.260225], [-96.016174, 30.260258], [-96.016187, 30.260418], [-96.016516, 30.260561], [-96.01706, 30.260709], [-96.017472, 30.260698], [-96.01787, 30.260995], [-96.01832, 30.261028], [-96.018605, 30.261419], [-96.019029, 30.261578], [-96.019187, 30.261908], [-96.019535, 30.261919], [-96.019978, 30.262172], [-96.020466, 30.262084], [-96.020877, 30.262475], [-96.02163, 30.262255], [-96.021757, 30.263085], [-96.021953, 30.263365], [-96.022421, 30.263613], [-96.022985, 30.263602], [-96.023909, 30.262772], [-96.024296, 30.26263], [-96.024511, 30.262646], [-96.025017, 30.262948], [-96.025454, 30.26302], [-96.02598, 30.262586], [-96.02615, 30.262553], [-96.026334, 30.262685], [-96.026429, 30.262504], [-96.026834, 30.26235], [-96.02767, 30.262658], [-96.027841, 30.262883], [-96.027904, 30.263147], [-96.027638, 30.263746], [-96.028075, 30.263988], [-96.027739, 30.264488], [-96.027808, 30.264785], [-96.027986, 30.264818], [-96.028131, 30.264675], [-96.028486, 30.264648], [-96.028708, 30.264296], [-96.028948, 30.264208], [-96.029777, 30.264972], [-96.029885, 30.264989], [-96.030031, 30.264818], [-96.030214, 30.264994], [-96.030404, 30.265033], [-96.030702, 30.264928], [-96.031538, 30.263934], [-96.031588, 30.263736], [-96.031462, 30.263434], [-96.032469, 30.262588], [-96.032798, 30.261994], [-96.032767, 30.261461], [-96.033083, 30.261401], [-96.033197, 30.261252], [-96.033102, 30.260758], [-96.033527, 30.26061], [-96.034312, 30.260907], [-96.034546, 30.261181], [-96.035084, 30.261522], [-96.036318, 30.261759], [-96.036945, 30.261698], [-96.037223, 30.261885], [-96.037343, 30.262594], [-96.037907, 30.262996], [-96.038173, 30.263716], [-96.038799, 30.264067], [-96.039002, 30.264529], [-96.039287, 30.264881], [-96.039426, 30.264941], [-96.039578, 30.264886], [-96.039616, 30.264491], [-96.039882, 30.264282], [-96.040141, 30.264288], [-96.040331, 30.264447], [-96.040464, 30.265079], [-96.040603, 30.26531], [-96.040394, 30.2657], [-96.040445, 30.266717], [-96.040603, 30.266838], [-96.041407, 30.267003], [-96.041628, 30.267129], [-96.041869, 30.267486], [-96.042445, 30.267772], [-96.042895, 30.267926], [-96.043363, 30.267899], [-96.043559, 30.267739], [-96.043769, 30.267173], [-96.043895, 30.267069], [-96.044896, 30.266838], [-96.045497, 30.266794], [-96.046535, 30.267306], [-96.046757, 30.267207], [-96.046959, 30.266954], [-96.047631, 30.26691], [-96.048143, 30.266718], [-96.048707, 30.266718], [-96.049169, 30.266438], [-96.049366, 30.265938], [-96.049847, 30.265344], [-96.049904, 30.26419], [-96.049486, 30.264108], [-96.049353, 30.263926], [-96.049606, 30.26369], [-96.050094, 30.263448], [-96.051088, 30.263454], [-96.051278, 30.26336], [-96.051335, 30.263102], [-96.050999, 30.262976], [-96.05098, 30.262871], [-96.051405, 30.26247], [-96.051645, 30.261371], [-96.051968, 30.261124], [-96.052462, 30.260959], [-96.052747, 30.260706], [-96.05281, 30.260497], [-96.052804, 30.260107], [-96.0525, 30.259953], [-96.052418, 30.259563], [-96.052152, 30.259233], [-96.052006, 30.258848], [-96.051722, 30.258678], [-96.051057, 30.258645], [-96.050715, 30.258491], [-96.050063, 30.257612], [-96.050025, 30.257095], [-96.05026, 30.255875], [-96.05, 30.254677], [-96.050083, 30.253979], [-96.05083, 30.253831], [-96.051317, 30.253935], [-96.052298, 30.254457], [-96.052165, 30.255045], [-96.052247, 30.255216], [-96.052817, 30.25521], [-96.053552, 30.254793], [-96.053412, 30.254633], [-96.053463, 30.254512], [-96.053742, 30.254529], [-96.054058, 30.254364], [-96.054729, 30.254578], [-96.054792, 30.253979], [-96.055577, 30.253787], [-96.05609, 30.253545], [-96.056122, 30.252979], [-96.056381, 30.252627], [-96.057344, 30.252529], [-96.058559, 30.252122], [-96.058831, 30.251825], [-96.058793, 30.251385], [-96.059154, 30.251072], [-96.060901, 30.251067], [-96.061705, 30.250869], [-96.062535, 30.25027], [-96.063002, 30.249711], [-96.062667, 30.249013], [-96.062408, 30.248903], [-96.0623, 30.248711], [-96.06292, 30.247941], [-96.06323, 30.247749], [-96.06375, 30.246128], [-96.064218, 30.245067], [-96.064402, 30.244935], [-96.06506, 30.244759], [-96.065516, 30.244441], [-96.065674, 30.244232], [-96.065851, 30.243539], [-96.067219, 30.242863], [-96.067491, 30.242572], [-96.067776, 30.241896], [-96.068105, 30.241572], [-96.068865, 30.241171], [-96.070194, 30.241066], [-96.07158, 30.239467], [-96.073017, 30.239088], [-96.073802, 30.238687], [-96.074675, 30.237357], [-96.075688, 30.236785], [-96.076257, 30.236076], [-96.076827, 30.235576], [-96.077633, 30.235456], [-96.077991, 30.235827], [-96.078487, 30.236069], [-96.079159, 30.236087], [-96.079612, 30.235946], [-96.079814, 30.2357], [-96.079684, 30.235174], [-96.079991, 30.234887], [-96.080614, 30.23462], [-96.08175, 30.23449], [-96.082647, 30.23416], [-96.083379, 30.233494], [-96.084026, 30.232466], [-96.084271, 30.232227], [-96.084736, 30.232009], [-96.085383, 30.231918], [-96.087008, 30.232121], [-96.087961, 30.231925], [-96.088851, 30.232027], [-96.089403, 30.232311], [-96.089473, 30.232477], [-96.089413, 30.232862], [-96.089551, 30.233073], [-96.090048, 30.233226], [-96.090311, 30.233142], [-96.091494, 30.232014], [-96.091851, 30.231303], [-96.091781, 30.230519], [-96.09114, 30.229648], [-96.090842, 30.229409], [-96.090805, 30.229132], [-96.090925, 30.228995], [-96.09188, 30.228658], [-96.092314, 30.228227], [-96.092432, 30.22785], [-96.092558, 30.226461], [-96.092997, 30.226086]]}},
    {"type": "Feature", "properties": {"name": "Bedias Creek", "Type": "Creek or other stream"}, "geometry": {"type": "MultiLineString", "coordinates": [[[-96.094411, 30.831117], [-96.094016, 30.830895], [-96.094252, 30.830769], [-96.094169, 30.830615], [-96.093717, 30.830692], [-96.09329, 30.830895], [-96.092572, 30.830825], [-96.092443, 30.830307], [-96.092099, 30.830088], [-96.091259, 30.830049], [-96.091036, 30.830319], [-96.090908, 30.829791], [-96.090787, 30.829742], [-96.090634, 30.829813], [-96.090698, 30.830022], [-96.090635, 30.830071], [-96.09024, 30.829896], [-96.090055, 30.829571], [-96.089736, 30.829308], [-96.089654, 30.82906], [-96.089482, 30.829044], [-96.0891, 30.829253], [-96.08838, 30.828868], [-96.088189, 30.828912], [-96.08803, 30.82911], [-96.087552, 30.829072], [-96.087145, 30.829391], [-96.086807, 30.829358], [-96.086119, 30.829479], [-96.08589, 30.829429], [-96.085686, 30.830045], [-96.085203, 30.830776], [-96.084948, 30.830803], [-96.084757, 30.830952], [-96.084579, 30.830765], [-96.084687, 30.830473], [-96.084508, 30.83027], [-96.084604, 30.830017], [-96.084387, 30.829962], [-96.084629, 30.829633], [-96.084445, 30.829523], [-96.084222, 30.829611], [-96.083941, 30.829424], [-96.083547, 30.82966], [-96.08305, 30.829721], [-96.082528, 30.829979], [-96.082381, 30.829759], [-96.081566, 30.829622], [-96.081382, 30.829985], [-96.080987, 30.830051], [-96.080949, 30.829946], [-96.081114, 30.829776], [-96.081006, 30.829584], [-96.080802, 30.82965], [-96.080356, 30.829562], [-96.08, 30.829287], [-96.07949, 30.829254], [-96.079216, 30.8296], [-96.078828, 30.829523], [-96.078369, 30.829617], [-96.078242, 30.829479], [-96.078942, 30.828831], [-96.078981, 30.828721], [-96.078872, 30.8286], [-96.078095, 30.828727], [-96.077962, 30.828325], [-96.077611, 30.828265], [-96.077344, 30.828018], [-96.07672, 30.827952], [-96.07621, 30.827748], [-96.075962, 30.827743], [-96.075504, 30.827902], [-96.075083, 30.828463], [-96.074924, 30.828501], [-96.074166, 30.828062], [-96.07339, 30.827836], [-96.073256, 30.827699], [-96.072816, 30.82788], [-96.072186, 30.827694], [-96.0716, 30.827633], [-96.07118, 30.827463], [-96.070836, 30.827106], [-96.070721, 30.826748], [-96.070333, 30.827067], [-96.069741, 30.826715], [-96.069785, 30.826606], [-96.070136, 30.826485], [-96.070339, 30.826243], [-96.070136, 30.826117], [-96.06997, 30.825737], [-96.069843, 30.825677], [-96.069601, 30.825963], [-96.069365, 30.826106], [-96.069002, 30.826138], [-96.068926, 30.826237], [-96.069282, 30.826496], [-96.068983, 30.826864], [-96.069282, 30.827353], [-96.068881, 30.82726], [-96.068582, 30.827045], [-96.068467, 30.827051], [-96.068333, 30.827342], [-96.06806, 30.827408], [-96.067977, 30.827238], [-96.067448, 30.826996], [-96.067098, 30.82654], [-96.066862, 30.826507], [-96.066417, 30.826639], [-96.0662, 30.826941], [-96.065697, 30.827012], [-96.065761, 30.82715], [-96.066149, 30.827282], [-96.066175, 30.82743], [-96.065608, 30.827551], [-96.065442, 30.827925], [-96.065054, 30.828111], [-96.064729, 30.827985], [-96.064723, 30.827545], [-96.064315, 30.82743], [-96.06364, 30.827578], [-96.063449, 30.827825], [-96.063188, 30.827913], [-96.06301, 30.827935], [-96.06273, 30.827721], [-96.062373, 30.828045], [-96.062029, 30.827979], [-96.061622, 30.827638], [-96.061386, 30.827259], [-96.061042, 30.827287], [-96.060775, 30.827111], [-96.060526, 30.826561], [-96.059845, 30.826396], [-96.059527, 30.825885], [-96.059406, 30.825902], [-96.059106, 30.826221], [-96.059004, 30.826578], [-96.058342, 30.826523], [-96.058145, 30.826589], [-96.057674, 30.826501], [-96.057457, 30.82666], [-96.057196, 30.827116], [-96.056616, 30.8271], [-96.055719, 30.827253], [-96.054713, 30.826957], [-96.054432, 30.826984], [-96.054229, 30.826847], [-96.054331, 30.826528], [-96.054165, 30.826456], [-96.053993, 30.826517], [-96.053611, 30.826187], [-96.053235, 30.826275], [-96.053038, 30.826478], [-96.052872, 30.826302], [-96.052503, 30.826385], [-96.052707, 30.826061], [-96.052401, 30.826028], [-96.051911, 30.825692], [-96.051688, 30.825687], [-96.05128, 30.825791], [-96.051147, 30.826071], [-96.050586, 30.826456], [-96.050376, 30.827055], [-96.049898, 30.827522], [-96.049427, 30.827824], [-96.048924, 30.828137], [-96.048548, 30.828071], [-96.048192, 30.828313], [-96.047555, 30.828285], [-96.047351, 30.828395], [-96.047319, 30.828593], [-96.047523, 30.828665], [-96.047548, 30.828763], [-96.047332, 30.829022], [-96.047395, 30.829274], [-96.047293, 30.829797], [-96.047122, 30.829895], [-96.046854, 30.829736], [-96.046695, 30.829769], [-96.046625, 30.830115], [-96.046459, 30.830214], [-96.046166, 30.830291], [-96.045848, 30.830104], [-96.045561, 30.830225], [-96.045205, 30.829895], [-96.044714, 30.83001], [-96.044663, 30.83023], [-96.044504, 30.830285], [-96.044409, 30.830214], [-96.044339, 30.829653], [-96.043912, 30.829494], [-96.041887, 30.829779], [-96.041276, 30.82957], [-96.040919, 30.829823], [-96.040906, 30.829966], [-96.040594, 30.830372], [-96.040588, 30.83051], [-96.040868, 30.830685], [-96.040594, 30.830856], [-96.040549, 30.831147], [-96.040167, 30.83129], [-96.04032, 30.831834], [-96.040078, 30.832076], [-96.039727, 30.832713], [-96.039498, 30.832697], [-96.039072, 30.832334], [-96.039021, 30.832119], [-96.038874, 30.832031], [-96.038715, 30.832119], [-96.038709, 30.832575], [-96.038435, 30.832779], [-96.037543, 30.832707], [-96.037467, 30.832603], [-96.037588, 30.832196], [-96.037422, 30.832059], [-96.037027, 30.832289], [-96.036652, 30.832223], [-96.036435, 30.832278], [-96.036257, 30.83291], [-96.03641, 30.832943], [-96.036734, 30.832729], [-96.036868, 30.832905], [-96.03662, 30.833339], [-96.036314, 30.833547], [-96.035511, 30.833586], [-96.035174, 30.833783], [-96.034123, 30.83519], [-96.033676, 30.836031], [-96.033364, 30.836102], [-96.032358, 30.835777], [-96.03197, 30.835849], [-96.031868, 30.836162], [-96.031619, 30.836299], [-96.031664, 30.83675], [-96.031352, 30.837283], [-96.03116, 30.837459], [-96.030804, 30.837574], [-96.030893, 30.83792], [-96.030785, 30.838041], [-96.030001, 30.837728], [-96.029848, 30.83792], [-96.029211, 30.838019], [-96.02881, 30.838288], [-96.028052, 30.838084], [-96.027422, 30.838469], [-96.027237, 30.838815], [-96.026721, 30.838798], [-96.026593, 30.839336], [-96.02632, 30.839348], [-96.02623, 30.839485], [-96.026428, 30.839743], [-96.026396, 30.839935], [-96.025294, 30.840023], [-96.025167, 30.839919], [-96.025109, 30.83966], [-96.025129, 30.839226], [-96.024976, 30.839248], [-96.024848, 30.839479], [-96.024485, 30.839402], [-96.024562, 30.838786], [-96.024428, 30.838715], [-96.024295, 30.838781], [-96.023938, 30.839308], [-96.023568, 30.839374], [-96.023301, 30.839182], [-96.023072, 30.83917], [-96.022613, 30.83967], [-96.022142, 30.839868], [-96.022001, 30.840066], [-96.020721, 30.840021], [-96.02004, 30.83973], [-96.019212, 30.840339], [-96.018619, 30.840581], [-96.017498, 30.840894], [-96.017053, 30.840899], [-96.015912, 30.841586], [-96.015129, 30.841822], [-96.014861, 30.842206], [-96.014657, 30.842179], [-96.014243, 30.841926], [-96.014059, 30.841925], [-96.013887, 30.842101], [-96.013673, 30.842648]], [[-95.895317, 30.859583], [-95.895328, 30.859359], [-95.89564, 30.859052], [-95.895634, 30.858843], [-95.895493, 30.85876], [-95.895156, 30.858986], [-95.894825, 30.85898], [-95.894512, 30.858821], [-95.894175, 30.858386], [-95.894239, 30.858189], [-95.894647, 30.857766], [-95.894698, 30.857568], [-95.894596, 30.857436], [-95.894124, 30.857375], [-95.893825, 30.857611], [-95.893315, 30.857452], [-95.89308, 30.857468], [-95.892927, 30.857782], [-95.893099, 30.85821], [-95.892863, 30.85832], [-95.892653, 30.858249], [-95.892143, 30.857551], [-95.891793, 30.857479], [-95.89157, 30.857968], [-95.892054, 30.858298], [-95.892079, 30.85865], [-95.891754, 30.858748], [-95.891168, 30.858265], [-95.890945, 30.858232], [-95.890914, 30.858331], [-95.89106, 30.858545], [-95.890983, 30.858825], [-95.890098, 30.859539], [-95.889582, 30.859622], [-95.889276, 30.859407], [-95.889015, 30.859402], [-95.888429, 30.859654], [-95.888257, 30.859621], [-95.888225, 30.859434], [-95.888365, 30.859127], [-95.88827, 30.858945], [-95.888009, 30.858901], [-95.887352, 30.859104], [-95.887168, 30.858994], [-95.887193, 30.858698], [-95.886977, 30.858654], [-95.886715, 30.858846], [-95.886365, 30.858681], [-95.885887, 30.858642], [-95.884881, 30.859323], [-95.884798, 30.859224], [-95.88483, 30.858851], [-95.88448, 30.85879], [-95.884358, 30.858922], [-95.884371, 30.859219], [-95.884148, 30.859334], [-95.884097, 30.859735], [-95.883192, 30.859697], [-95.882542, 30.860064], [-95.882396, 30.860284], [-95.882103, 30.860399], [-95.879669, 30.860651], [-95.878745, 30.860602], [-95.878025, 30.860728], [-95.877229, 30.861442], [-95.876592, 30.861508], [-95.876292, 30.861639], [-95.876209, 30.862128], [-95.876024, 30.862145], [-95.875668, 30.861875], [-95.875413, 30.861914], [-95.875203, 30.862216], [-95.875154, 30.862671]], [[-95.87451, 30.86266], [-95.874286, 30.862332], [-95.874146, 30.862288], [-95.874057, 30.862338], [-95.874065, 30.862653]], [[-95.873031, 30.862635], [-95.873037, 30.862459], [-95.872833, 30.862459], [-95.87265, 30.86269]], [[-95.871931, 30.862798], [-95.871846, 30.862372], [-95.871534, 30.862317], [-95.871292, 30.862515], [-95.87126, 30.862806], [-95.871107, 30.862867], [-95.871018, 30.862784], [-95.870973, 30.862488], [-95.871132, 30.86201], [-95.871011, 30.86185], [-95.870731, 30.861856], [-95.870151, 30.862043], [-95.869361, 30.861802], [-95.869629, 30.862318], [-95.868871, 30.862461], [-95.868527, 30.862989], [-95.86855, 30.863304]], [[-95.865875, 30.863704], [-95.865776, 30.863589], [-95.865591, 30.863623], [-95.865483, 30.863546], [-95.865476, 30.863188], [-95.865183, 30.863172], [-95.864829, 30.86386]], [[-95.864729, 30.863875], [-95.864565, 30.863826], [-95.864572, 30.863585], [-95.864361, 30.863453], [-95.864266, 30.863508], [-95.864202, 30.863827], [-95.863866, 30.864004]]]}},
    {"type": "Feature", "properties": {"name": "Big Branch", "Type": "Creek or other stream"}, "geometry": {"type": "LineString", "coordinates": [[-96.109666, 30.622923], [-96.109278, 30.623077], [-96.109075, 30.622967], [-96.109018, 30.623132], [-96.108827, 30.623209], [-96.108433, 30.623104], [-96.108065, 30.62322], [-96.107779, 30.623033], [-96.107397, 30.62305], [-96.106425, 30.62344], [-96.106031, 30.623369], [-96.105911, 30.623151], [-96.105627, 30.623008], [-96.105454, 30.623095], [-96.105082, 30.623074], [-96.104976, 30.622936], [-96.104103, 30.62265], [-96.103292, 30.623073], [-96.101685, 30.622985], [-96.101138, 30.623156], [-96.1007, 30.622832], [-96.100287, 30.622942], [-96.099854, 30.622793], [-96.099549, 30.622925], [-96.099079, 30.62348], [-96.098933, 30.623458], [-96.098889, 30.623239], [-96.098431, 30.622722], [-96.098361, 30.622244], [-96.09749, 30.622415], [-96.097173, 30.622195], [-96.097084, 30.621893], [-96.097325, 30.621266], [-96.097274, 30.621222], [-96.097001, 30.621387], [-96.096836, 30.621283], [-96.096893, 30.620788], [-96.097045, 30.620557], [-96.096784, 30.619931], [-96.096568, 30.619716], [-96.096524, 30.619354], [-96.096009, 30.619233], [-96.095583, 30.618617], [-96.095227, 30.618716], [-96.095367, 30.618431], [-96.095195, 30.618079], [-96.094801, 30.617694], [-96.094363, 30.61765], [-96.094445, 30.617343], [-96.094229, 30.617354], [-96.094198, 30.617244], [-96.094382, 30.617156], [-96.094407, 30.617002], [-96.093924, 30.616936], [-96.093505, 30.616986], [-96.093206, 30.617123], [-96.09273, 30.617024], [-96.092279, 30.617151], [-96.092139, 30.617074], [-96.092323, 30.616942], [-96.092285, 30.616821], [-96.092005, 30.616848], [-96.091796, 30.616596], [-96.091491, 30.616535], [-96.091008, 30.616112], [-96.090309, 30.616035], [-96.089209, 30.616156], [-96.089082, 30.616046], [-96.089362, 30.615535], [-96.089222, 30.615354], [-96.089, 30.615403], [-96.088656, 30.615195], [-96.088637, 30.614266], [-96.088396, 30.613678], [-96.087983, 30.613073], [-96.086756, 30.61198], [-96.086534, 30.611584], [-96.086279, 30.611458], [-96.08607, 30.611513], [-96.085727, 30.611299], [-96.085409, 30.611238], [-96.085148, 30.610821], [-96.085364, 30.610524], [-96.085059, 30.610189], [-96.084608, 30.61048], [-96.084443, 30.610474], [-96.083763, 30.609414], [-96.083814, 30.609139], [-96.083598, 30.608787], [-96.08302, 30.608408], [-96.082562, 30.607694], [-96.082339, 30.607595], [-96.082347, 30.60713], [-96.082212, 30.606867], [-96.0818, 30.606513], [-96.081467, 30.605738], [-96.081101, 30.605347], [-96.079976, 30.606001], [-96.079436, 30.606018], [-96.079271, 30.605589], [-96.079252, 30.604952], [-96.079296, 30.604397], [-96.079633, 30.603803], [-96.079512, 30.603539], [-96.079099, 30.603347], [-96.078133, 30.603413], [-96.07807, 30.603138], [-96.077847, 30.60288], [-96.077606, 30.602902], [-96.077174, 30.603133], [-96.076666, 30.602875], [-96.07638, 30.602506], [-96.076107, 30.602666], [-96.075726, 30.603094], [-96.075446, 30.603221], [-96.075186, 30.602836], [-96.074773, 30.602572], [-96.073864, 30.601308], [-96.07368, 30.601177], [-96.07321, 30.601111], [-96.072816, 30.600836], [-96.072574, 30.599412], [-96.071736, 30.599182], [-96.070344, 30.598561], [-96.069582, 30.597736], [-96.068566, 30.597621], [-96.066723, 30.597132], [-96.065967, 30.597368], [-96.065002, 30.597159], [-96.064449, 30.596659]]}},
    {"type": "Feature", "properties": {"name": "Big Turkey Creek", "Type": "Creek or other stream"}, "geometry": {"type": "LineString", "coordinates": [[-96.038598, 30.839088], [-96.038515, 30.839016], [-96.038057, 30.839087], [-96.037707, 30.83895], [-96.037726, 30.838532], [-96.037968, 30.838114], [-96.037771, 30.83784], [-96.037815, 30.837494], [-96.037529, 30.836839], [-96.03658, 30.836619], [-96.035695, 30.835614], [-96.033951, 30.835542]]}},
    {"type": "Feature", "properties": {"name": "Birch Creek", "Type": "Creek or other stream"}, "geometry": {"type": "LineString", "coordinates": [[-95.874372, 30.285238], [-95.873865, 30.284749], [-95.873459, 30.284507], [-95.873187, 30.283875], [-95.873332, 30.283392], [-95.873965, 30.2826], [-95.873787, 30.281974], [-95.872069, 30.279435], [-95.871701, 30.278649], [-95.871783, 30.277858], [-95.871656, 30.277484], [-95.871707, 30.276863], [-95.871871, 30.276352], [-95.871845, 30.275995], [-95.870888, 30.273835], [-95.870469, 30.272242], [-95.870556, 30.26995], [-95.87036, 30.269406], [-95.870632, 30.268867], [-95.870663, 30.268554], [-95.870067, 30.267669], [-95.869871, 30.266911], [-95.869674, 30.266784], [-95.869111, 30.26668], [-95.868363, 30.265856], [-95.867989, 30.265604], [-95.867919, 30.265224], [-95.868799, 30.264328], [-95.869008, 30.263982], [-95.869008, 30.263658], [-95.868323, 30.262168], [-95.86712, 30.261597], [-95.866942, 30.261015], [-95.86729, 30.260361], [-95.866948, 30.259685], [-95.866681, 30.258718], [-95.866466, 30.258514], [-95.865997, 30.258619], [-95.865541, 30.258174], [-95.865452, 30.257465], [-95.865908, 30.256992], [-95.865933, 30.256833], [-95.865749, 30.256388], [-95.865148, 30.255921], [-95.865255, 30.255393], [-95.865198, 30.255217], [-95.864805, 30.254882], [-95.864318, 30.254992], [-95.864039, 30.254871], [-95.863685, 30.25485], [-95.863235, 30.254558], [-95.862298, 30.254498], [-95.861893, 30.254597], [-95.861317, 30.254444], [-95.861297, 30.254169], [-95.861095, 30.253977], [-95.861126, 30.253482], [-95.86086, 30.253141], [-95.860594, 30.25307], [-95.859923, 30.253328], [-95.859505, 30.25307], [-95.859385, 30.252862], [-95.859087, 30.252752], [-95.85867, 30.252977], [-95.858233, 30.252961], [-95.857663, 30.253456], [-95.857594, 30.253725], [-95.857398, 30.253945], [-95.856992, 30.253995], [-95.856593, 30.253709], [-95.856587, 30.253363], [-95.85646, 30.253225], [-95.855852, 30.253149], [-95.855422, 30.253297], [-95.855118, 30.25322], [-95.854681, 30.252632], [-95.854485, 30.252501], [-95.853617, 30.252325], [-95.85332, 30.252078], [-95.852465, 30.251886], [-95.852034, 30.251358], [-95.851977, 30.250655], [-95.850736, 30.250171], [-95.850464, 30.249839], [-95.849806, 30.249862], [-95.849432, 30.250485], [-95.848995, 30.250551], [-95.848539, 30.250293], [-95.847533, 30.250392], [-95.846893, 30.250249], [-95.846368, 30.250282], [-95.846368, 30.250189], [-95.846216, 30.250123], [-95.845197, 30.250184], [-95.844944, 30.250063], [-95.844519, 30.250129], [-95.84438, 30.250234], [-95.843304, 30.250267], [-95.842943, 30.250107], [-95.842259, 30.249386], [-95.842253, 30.248693], [-95.841746, 30.248023], [-95.841416, 30.246979], [-95.841094, 30.246737], [-95.841226, 30.245654], [-95.841814, 30.244582], [-95.842099, 30.244286], [-95.842206, 30.243884], [-95.842145, 30.243444]]}},
    {"type": "Feature", "properties": {"name": "Bishop Creek", "Type": "Creek or other stream"}, "geometry": {"type": "LineString", "coordinates": [[-95.953339, 30.787043], [-95.953521, 30.787455], [-95.953902, 30.787647], [-95.953692, 30.788054], [-95.953635, 30.788439], [-95.954138, 30.789202], [-95.95431, 30.791032], [-95.953973, 30.791423], [-95.953789, 30.791972], [-95.953833, 30.792159], [-95.953394, 30.792533], [-95.953356, 30.793027], [-95.953146, 30.793434], [-95.95251, 30.793791], [-95.95258, 30.794028], [-95.95251, 30.794308], [-95.952319, 30.79472], [-95.951994, 30.795083], [-95.952058, 30.795363], [-95.952497, 30.795418], [-95.952663, 30.795759], [-95.952561, 30.79627], [-95.952708, 30.796671], [-95.952039, 30.797083], [-95.951804, 30.797583], [-95.951256, 30.797951], [-95.951295, 30.798056], [-95.95111, 30.798226], [-95.951027, 30.798737], [-95.950626, 30.799106], [-95.950728, 30.799573], [-95.950295, 30.799771], [-95.950238, 30.799974], [-95.950315, 30.800122], [-95.950098, 30.800424], [-95.950124, 30.800551], [-95.949659, 30.800908], [-95.949494, 30.801419], [-95.948596, 30.80154], [-95.947768, 30.801397], [-95.947552, 30.801518], [-95.947858, 30.801546], [-95.948004, 30.801854], [-95.947781, 30.80215], [-95.947049, 30.802216], [-95.946794, 30.802018], [-95.946425, 30.802079], [-95.946412, 30.802293], [-95.946788, 30.802453], [-95.946514, 30.8027], [-95.946731, 30.802925], [-95.946508, 30.803293], [-95.946177, 30.803348], [-95.946056, 30.803101], [-95.945789, 30.802953], [-95.945439, 30.803079], [-95.944827, 30.802931], [-95.944859, 30.803195], [-95.944274, 30.803305], [-95.944013, 30.803596], [-95.943949, 30.80431], [-95.944115, 30.804596], [-95.944032, 30.804871], [-95.943815, 30.805096], [-95.943166, 30.804788], [-95.942491, 30.804915], [-95.942402, 30.805008], [-95.942428, 30.805201], [-95.942243, 30.805267], [-95.941797, 30.804877], [-95.941606, 30.804888], [-95.94139, 30.805371], [-95.941065, 30.805536], [-95.94097, 30.805723], [-95.940715, 30.806833], [-95.939824, 30.80724], [-95.939563, 30.807712], [-95.939219, 30.808037], [-95.938379, 30.807943], [-95.938207, 30.808064], [-95.937857, 30.808092], [-95.937997, 30.807575], [-95.937939, 30.807454], [-95.937787, 30.807416], [-95.937182, 30.807701], [-95.936812, 30.807553], [-95.935711, 30.807971], [-95.935004, 30.807822], [-95.934661, 30.808015], [-95.934763, 30.808224], [-95.934571, 30.808537], [-95.93461, 30.808735], [-95.934291, 30.808987], [-95.933922, 30.809597], [-95.933623, 30.809526], [-95.933757, 30.809108], [-95.933674, 30.808965], [-95.933534, 30.808965], [-95.933203, 30.809174], [-95.933063, 30.808932], [-95.93291, 30.808888], [-95.932827, 30.808943], [-95.932897, 30.809086], [-95.932789, 30.809367], [-95.932623, 30.809564], [-95.932337, 30.809372], [-95.932063, 30.809482], [-95.931777, 30.809438], [-95.931624, 30.809185], [-95.931509, 30.809152], [-95.931312, 30.809246], [-95.93128, 30.80963], [-95.931114, 30.80963], [-95.930707, 30.809356], [-95.930548, 30.809559], [-95.930401, 30.809432], [-95.930268, 30.809487], [-95.93, 30.809944], [-95.929784, 30.809927], [-95.929529, 30.809724], [-95.929204, 30.809779]]}},
    {"type": "Feature", "properties": {"name": "Boney Branch", "Type": "Creek or other stream"}, "geometry": {"type": "LineString", "coordinates": [[-95.864317, 30.832331], [-95.864317, 30.832809], [-95.864451, 30.832936], [-95.864891, 30.834122], [-95.865179, 30.836227], [-95.865408, 30.836485], [-95.8656, 30.837134], [-95.865861, 30.837342], [-95.86567, 30.837733], [-95.865256, 30.837925], [-95.865467, 30.838431], [-95.864926, 30.838695], [-95.864983, 30.839123], [-95.864773, 30.839371], [-95.865079, 30.839909], [-95.865124, 30.840173], [-95.86478, 30.840899], [-95.864781, 30.841206], [-95.864838, 30.841316], [-95.865125, 30.841256], [-95.865207, 30.841354], [-95.865361, 30.842673], [-95.865591, 30.84308], [-95.865323, 30.843514], [-95.865247, 30.843888], [-95.864706, 30.844515], [-95.864617, 30.844779], [-95.864471, 30.846004], [-95.86451, 30.847296], [-95.864721, 30.84751], [-95.865409, 30.847713], [-95.86597, 30.848108], [-95.866441, 30.848603], [-95.866798, 30.848619], [-95.867416, 30.849212], [-95.867894, 30.849404], [-95.86834, 30.85008], [-95.868488, 30.851393], [-95.868443, 30.851624], [-95.867788, 30.852608], [-95.866164, 30.853203], [-95.864451, 30.853517], [-95.863604, 30.853583], [-95.862903, 30.853479], [-95.8616, 30.853647]]}},
    {"type": "Feature", "properties": {"name": "Bowman Creek", "Type": "Creek or other stream"}, "geometry": {"type": "LineString", "coordinates": [[-95.966396, 30.76851], [-95.966491, 30.768674], [-95.966455, 30.76909], [-95.966678, 30.769362], [-95.966703, 30.769994], [-95.96741, 30.77106], [-95.967327, 30.771686], [-95.967601, 30.77223], [-95.967932, 30.772543], [-95.967869, 30.772857], [-95.968066, 30.773417], [-95.96855, 30.774181], [-95.968621, 30.775247], [-95.968869, 30.775577], [-95.969932, 30.776439], [-95.969964, 30.776945], [-95.970404, 30.777851], [-95.970677, 30.778208], [-95.970627, 30.778884], [-95.970837, 30.779406], [-95.970882, 30.779813], [-95.971302, 30.779945], [-95.971391, 30.780065], [-95.971213, 30.780362], [-95.971436, 30.780785], [-95.971379, 30.781219], [-95.971741, 30.781208], [-95.971932, 30.781313], [-95.972009, 30.781714], [-95.972117, 30.781785], [-95.972264, 30.781802], [-95.972416, 30.781637], [-95.973174, 30.781703], [-95.973282, 30.781867], [-95.973244, 30.782142], [-95.973823, 30.782334], [-95.974084, 30.78256], [-95.974053, 30.782774], [-95.973645, 30.783021], [-95.973639, 30.783351], [-95.973906, 30.78362], [-95.973767, 30.783878], [-95.973945, 30.784318], [-95.974091, 30.784406], [-95.974104, 30.78467], [-95.973792, 30.785115], [-95.973716, 30.785489], [-95.973563, 30.785516], [-95.973277, 30.78534], [-95.973137, 30.785423], [-95.973194, 30.785758], [-95.972788, 30.787236], [-95.972368, 30.78789], [-95.972081, 30.788055], [-95.971846, 30.788336], [-95.972279, 30.78883], [-95.972387, 30.789209], [-95.973082, 30.790325], [-95.973954, 30.79072], [-95.974425, 30.791616], [-95.974878, 30.793281], [-95.975209, 30.793522], [-95.975222, 30.793896], [-95.974586, 30.794352], [-95.974942, 30.79477], [-95.975038, 30.794517], [-95.975165, 30.794517], [-95.975299, 30.795198], [-95.974529, 30.795699], [-95.974472, 30.795896], [-95.974351, 30.795902], [-95.974064, 30.795693], [-95.973867, 30.795704], [-95.973701, 30.795842], [-95.973657, 30.796067], [-95.973931, 30.796292], [-95.974338, 30.796446], [-95.974599, 30.79644], [-95.974847, 30.796188], [-95.97507, 30.796237], [-95.975115, 30.797028], [-95.974975, 30.797177], [-95.974504, 30.797254], [-95.974511, 30.797583], [-95.974651, 30.797732], [-95.974905, 30.797776], [-95.975236, 30.797715], [-95.975332, 30.797506], [-95.97551, 30.797523], [-95.975835, 30.798017], [-95.975504, 30.798358], [-95.974224, 30.798111], [-95.973938, 30.798254], [-95.974027, 30.798611], [-95.973741, 30.798381], [-95.973441, 30.798441], [-95.973435, 30.798677], [-95.973582, 30.798842], [-95.973499, 30.79915], [-95.97362, 30.799666], [-95.973684, 30.799727], [-95.974047, 30.799683], [-95.974181, 30.800007], [-95.974372, 30.800012], [-95.974645, 30.800172], [-95.974677, 30.800468], [-95.975002, 30.800792], [-95.975111, 30.801106], [-95.974869, 30.801326], [-95.974569, 30.801276], [-95.974321, 30.80098], [-95.974079, 30.80098], [-95.973907, 30.801128], [-95.973882, 30.80137], [-95.974411, 30.801655], [-95.97464, 30.802035], [-95.974424, 30.802364], [-95.973959, 30.802458], [-95.973851, 30.802826], [-95.973895, 30.802892], [-95.974252, 30.802897], [-95.974233, 30.803211], [-95.974112, 30.803315], [-95.973724, 30.803376], [-95.973596, 30.803749], [-95.97417, 30.803865], [-95.974322, 30.804134], [-95.973813, 30.80403], [-95.973508, 30.804475], [-95.973094, 30.804651], [-95.973011, 30.804843], [-95.972827, 30.804964], [-95.973037, 30.805365], [-95.97412, 30.806189], [-95.974273, 30.806464], [-95.974285, 30.806733], [-95.974005, 30.807024], [-95.973331, 30.807069], [-95.973044, 30.807387], [-95.972548, 30.807399], [-95.972274, 30.807833], [-95.971784, 30.807734], [-95.971561, 30.808091], [-95.971281, 30.808119], [-95.971421, 30.808476], [-95.971631, 30.808509], [-95.971892, 30.808415], [-95.972026, 30.808652], [-95.971886, 30.808751], [-95.972567, 30.809064], [-95.972262, 30.809608], [-95.972156, 30.810108], [-95.971769, 30.810204], [-95.971498, 30.810647], [-95.972466, 30.811047], [-95.972766, 30.810926], [-95.972925, 30.811108], [-95.973351, 30.811234], [-95.973409, 30.811525], [-95.973759, 30.811509], [-95.973848, 30.812014], [-95.974097, 30.812443], [-95.974759, 30.812877], [-95.974734, 30.813019], [-95.974479, 30.813272], [-95.974677, 30.813454], [-95.974619, 30.813602], [-95.974123, 30.813816], [-95.974206, 30.813948], [-95.97455, 30.813998], [-95.974569, 30.814135], [-95.97441, 30.814382], [-95.974435, 30.814586], [-95.97406, 30.814778], [-95.974404, 30.815196], [-95.974468, 30.815707], [-95.975136, 30.815701], [-95.97541, 30.815954], [-95.97541, 30.816294], [-95.974907, 30.81652], [-95.974799, 30.816624], [-95.974825, 30.816833], [-95.975067, 30.816915], [-95.975907, 30.816767], [-95.976104, 30.816805], [-95.976506, 30.817399], [-95.976824, 30.817673], [-95.976691, 30.818009], [-95.976926, 30.81814], [-95.976895, 30.818393], [-95.977073, 30.818778], [-95.977646, 30.819184], [-95.977901, 30.81914], [-95.978057, 30.819257], [-95.977914, 30.819953], [-95.978233, 30.820574], [-95.977908, 30.820629], [-95.977825, 30.820772], [-95.978309, 30.821052], [-95.978755, 30.821041], [-95.978851, 30.821107], [-95.978736, 30.821558], [-95.978431, 30.821745], [-95.978399, 30.821887], [-95.97873, 30.822162], [-95.978609, 30.822712], [-95.978648, 30.823223], [-95.979323, 30.824212], [-95.979266, 30.824596], [-95.978916, 30.825355], [-95.979038, 30.825558], [-95.978981, 30.827053], [-95.979108, 30.827262], [-95.979389, 30.827261], [-95.979771, 30.82741], [-95.979949, 30.827668], [-95.980204, 30.82764], [-95.980255, 30.827893], [-95.980172, 30.827954], [-95.979943, 30.827877], [-95.979554, 30.827937], [-95.979217, 30.827795], [-95.979026, 30.827932], [-95.978759, 30.828608], [-95.97916, 30.829135], [-95.979606, 30.829267], [-95.979695, 30.829481], [-95.979186, 30.829767], [-95.979288, 30.830245], [-95.979148, 30.830295], [-95.978817, 30.830086], [-95.978741, 30.830141], [-95.978817, 30.830614], [-95.978728, 30.830965], [-95.978958, 30.831158], [-95.979454, 30.831136], [-95.979664, 30.831339], [-95.979938, 30.831333], [-95.980059, 30.831558], [-95.980613, 30.831426], [-95.9809, 30.831723], [-95.98069, 30.832003], [-95.980703, 30.83213], [-95.981352, 30.832135], [-95.98155, 30.83241], [-95.982085, 30.832398], [-95.982601, 30.832651], [-95.982505, 30.832794], [-95.982225, 30.832849], [-95.982295, 30.832964], [-95.98276, 30.8332], [-95.982894, 30.833613], [-95.982748, 30.833876], [-95.98292, 30.834014], [-95.983359, 30.833959], [-95.983175, 30.834327], [-95.98306, 30.834376], [-95.983124, 30.83453], [-95.983003, 30.835338], [-95.982488, 30.835987], [-95.982616, 30.836382], [-95.982501, 30.836965], [-95.982788, 30.837272], [-95.982725, 30.837822], [-95.982992, 30.838069], [-95.983521, 30.838278], [-95.983872, 30.838942], [-95.984904, 30.83997], [-95.984968, 30.8402], [-95.984891, 30.840382], [-95.985133, 30.840733], [-95.985121, 30.840937], [-95.985408, 30.841008], [-95.985389, 30.841926], [-95.986586, 30.842194], [-95.98679, 30.842387], [-95.986854, 30.842892], [-95.986708, 30.8432], [-95.985785, 30.843794], [-95.985205, 30.843904], [-95.985008, 30.844091], [-95.983957, 30.844548], [-95.983047, 30.845158], [-95.98285, 30.846004], [-95.983114, 30.84686]]}},
    {"type": "Feature", "properties": {"name": "Brazos River", "Type": "River"}, "geometry": {"type": "MultiLineString", "coordinates": [[[-96.154285, 30.330641], [-96.154574, 30.330326], [-96.15439, 30.329991]], [[-96.138116, 30.32197], [-96.137269, 30.32129], [-96.136856, 30.320592], [-96.136707, 30.319702], [-96.136995, 30.316369]], [[-96.124758, 30.311123], [-96.1236, 30.310482], [-96.122867, 30.309895], [-96.122261, 30.309255], [-96.121447, 30.308167], [-96.120753, 30.306743], [-96.119706, 30.305]], [[-96.11411, 30.306207], [-96.109298, 30.307522], [-96.108014, 30.307759]], [[-96.10446, 30.234912], [-96.104984, 30.232916], [-96.105009, 30.23236]], [[-96.102384, 30.230984], [-96.099883, 30.230902], [-96.099024, 30.230766], [-96.098241, 30.230522], [-96.096272, 30.229615], [-96.094834, 30.228635], [-96.094288, 30.228141], [-96.093816, 30.227506], [-96.092997, 30.226086], [-96.092721, 30.225396]], [[-96.09801, 30.311059], [-96.097466, 30.311139], [-96.096928, 30.311088], [-96.096192, 30.310966], [-96.095654, 30.310774], [-96.094405, 30.309827], [-96.093831, 30.308992], [-96.093582, 30.308381], [-96.093112, 30.306336], [-96.093072, 30.305437], [-96.093163, 30.305051], [-96.093567, 30.304342], [-96.09404, 30.303795], [-96.095652, 30.302573]], [[-96.099207, 30.255845], [-96.09879, 30.254799], [-96.098123, 30.253889]], [[-96.095126, 30.267203], [-96.095393, 30.26538], [-96.095968, 30.26384], [-96.096656, 30.262771], [-96.098538, 30.260477]], [[-96.084672, 30.238144], [-96.085684, 30.237773], [-96.08687, 30.237601], [-96.087948, 30.237659], [-96.089065, 30.237932], [-96.090376, 30.23863], [-96.091772, 30.23965], [-96.092864, 30.240781], [-96.094775, 30.242473]], [[-96.090341, 30.289592], [-96.088846, 30.289804], [-96.08756, 30.289732], [-96.086467, 30.289513], [-96.085243, 30.288982], [-96.084474, 30.288276], [-96.08419, 30.287796], [-96.084093, 30.287084], [-96.083641, 30.285439], [-96.08363, 30.285008], [-96.083806, 30.284342], [-96.084403, 30.283195], [-96.084959, 30.282523], [-96.087164, 30.280715], [-96.088156, 30.28001], [-96.089127, 30.279389], [-96.090514, 30.278665], [-96.091913, 30.277722]], [[-96.089479, 30.253036], [-96.08803, 30.253295], [-96.087127, 30.253208], [-96.086069, 30.252794], [-96.084969, 30.252041], [-96.084361, 30.251401], [-96.083324, 30.250052], [-96.082497, 30.248599], [-96.08177, 30.246098]]]}},
    {"type": "Feature", "properties": {"name": "Bryant Branch", "Type": "Creek or other stream"}, "geometry": {"type": "LineString", "coordinates": [[-96.034205, 30.381587], [-96.034436, 30.38078], [-96.034423, 30.380456], [-96.034823, 30.379214], [-96.034658, 30.377972], [-96.034709, 30.377725], [-96.035039, 30.377137], [-96.035958, 30.376488], [-96.036091, 30.376093], [-96.036319, 30.375873], [-96.036294, 30.375637], [-96.037429, 30.373238], [-96.037702, 30.372167], [-96.037683, 30.371804], [-96.037296, 30.37148], [-96.037164, 30.371007], [-96.037766, 30.370282], [-96.037779, 30.36999], [-96.037671, 30.369765], [-96.037716, 30.369056], [-96.037944, 30.368792], [-96.03809, 30.367831], [-96.038008, 30.367287], [-96.037735, 30.367017], [-96.037463, 30.366402], [-96.037102, 30.365978], [-96.037026, 30.365418], [-96.037337, 30.364132], [-96.037191, 30.363643], [-96.03723, 30.363379], [-96.03768, 30.36261], [-96.037712, 30.361939], [-96.037946, 30.361395], [-96.037484, 30.360131], [-96.037896, 30.359494], [-96.037992, 30.358554], [-96.037891, 30.358224], [-96.036915, 30.357202], [-96.036719, 30.356795], [-96.036934, 30.355976], [-96.036333, 30.354872], [-96.036434, 30.354701], [-96.036406, 30.354415], [-96.035978, 30.354102], [-96.035757, 30.353662], [-96.034642, 30.352134], [-96.034471, 30.352013], [-96.033527, 30.35181], [-96.0334, 30.351711], [-96.033115, 30.350991], [-96.032716, 30.350436], [-96.032628, 30.350045], [-96.033617, 30.348177], [-96.033814, 30.347397], [-96.034353, 30.346688], [-96.034454, 30.346391], [-96.035221, 30.345463], [-96.035741, 30.345194], [-96.03595, 30.344606], [-96.036451, 30.344617], [-96.03692, 30.344271], [-96.037832, 30.344139]]}},
    {"type": "Feature", "properties": {"name": "Bull Creek", "Type": "Creek or other stream"}, "geometry": {"type": "LineString", "coordinates": [[-96.057038, 30.759646], [-96.057934, 30.759534], [-96.05796, 30.759446], [-96.057775, 30.759347], [-96.057788, 30.759248], [-96.058761, 30.758699], [-96.061014, 30.757891], [-96.061332, 30.758028], [-96.061548, 30.757984], [-96.061638, 30.757891], [-96.061593, 30.757704], [-96.061898, 30.757721], [-96.063464, 30.757078], [-96.065691, 30.756407], [-96.065736, 30.756171], [-96.066359, 30.755984], [-96.066359, 30.755863], [-96.06599, 30.755594], [-96.066308, 30.755286], [-96.066626, 30.755242], [-96.066804, 30.754484], [-96.067212, 30.754291], [-96.0676, 30.750697], [-96.067931, 30.750005], [-96.068254, 30.749718], [-96.068382, 30.74985], [-96.068776, 30.749823], [-96.068898, 30.750071], [-96.069267, 30.750087], [-96.069597, 30.749839], [-96.069794, 30.749554], [-96.070431, 30.749158], [-96.070621, 30.748933], [-96.070666, 30.748663], [-96.071067, 30.748608], [-96.071067, 30.747987], [-96.0708, 30.747801], [-96.07073, 30.747641], [-96.070602, 30.747658], [-96.070551, 30.747471], [-96.070399, 30.747383], [-96.07052, 30.747163], [-96.070271, 30.747053], [-96.070195, 30.746839], [-96.070405, 30.746652], [-96.070303, 30.746592], [-96.070125, 30.746657], [-96.070163, 30.746262], [-96.069934, 30.745993], [-96.0701, 30.745624], [-96.07045, 30.745465], [-96.070863, 30.745432], [-96.071156, 30.745575], [-96.071837, 30.745377], [-96.071837, 30.745289], [-96.071264, 30.744778], [-96.071181, 30.744492], [-96.070959, 30.74425], [-96.070978, 30.744135], [-96.071328, 30.743877], [-96.071652, 30.743998], [-96.071862, 30.74397], [-96.071926, 30.743415], [-96.072231, 30.743459], [-96.072785, 30.742965], [-96.072899, 30.742981], [-96.072957, 30.743107], [-96.072874, 30.743476], [-96.072606, 30.743882], [-96.072886, 30.744097], [-96.073268, 30.744141], [-96.073389, 30.743695], [-96.073179, 30.743327], [-96.073427, 30.743129], [-96.07379, 30.743239], [-96.073962, 30.743063], [-96.073739, 30.742344], [-96.073879, 30.742003], [-96.074127, 30.74192], [-96.074668, 30.742135], [-96.074681, 30.742305], [-96.074515, 30.742475], [-96.074744, 30.742816], [-96.074732, 30.743047], [-96.074897, 30.743333], [-96.075101, 30.74336], [-96.075724, 30.743085], [-96.076507, 30.743212], [-96.076545, 30.743091], [-96.075864, 30.742464], [-96.075858, 30.742107], [-96.075724, 30.741777], [-96.075851, 30.741464], [-96.076239, 30.741195], [-96.076386, 30.741211], [-96.076666, 30.741525], [-96.07671, 30.741898], [-96.077232, 30.741931], [-96.077646, 30.742354], [-96.077862, 30.742343], [-96.077995, 30.742206], [-96.078263, 30.742244], [-96.07839, 30.741816], [-96.078161, 30.741602], [-96.078714, 30.741233], [-96.078097, 30.74064], [-96.078002, 30.740458], [-96.078021, 30.740085], [-96.078218, 30.739953], [-96.078383, 30.739953], [-96.078638, 30.740316], [-96.07902, 30.740327], [-96.079109, 30.740041], [-96.079, 30.739178], [-96.079179, 30.738964], [-96.079395, 30.738969], [-96.079821, 30.739183], [-96.079815, 30.739392], [-96.079904, 30.739453], [-96.080133, 30.739321], [-96.080349, 30.739491], [-96.081138, 30.738892], [-96.081482, 30.738936], [-96.081698, 30.739183], [-96.08187, 30.739134], [-96.08215, 30.738722], [-96.082258, 30.73826], [-96.082258, 30.738062], [-96.08206, 30.737776], [-96.082169, 30.737535], [-96.082576, 30.737337], [-96.083059, 30.737381], [-96.083498, 30.736848], [-96.083899, 30.736897], [-96.084071, 30.736732], [-96.083715, 30.736347], [-96.084071, 30.735996], [-96.084319, 30.736095], [-96.084516, 30.735957], [-96.085152, 30.736171], [-96.085343, 30.736078], [-96.085318, 30.73593], [-96.08498, 30.735902], [-96.084936, 30.735787], [-96.085235, 30.735572], [-96.085394, 30.734814], [-96.085744, 30.734462], [-96.086074, 30.734484], [-96.08617, 30.734633], [-96.086075, 30.734814], [-96.086227, 30.734874], [-96.086456, 30.734622], [-96.086882, 30.734666], [-96.087309, 30.734297], [-96.087296, 30.734061], [-96.087678, 30.734012], [-96.08797, 30.734396], [-96.088422, 30.734264], [-96.088626, 30.734286], [-96.088689, 30.734407], [-96.088543, 30.734693], [-96.088759, 30.734748], [-96.088969, 30.735022], [-96.08951, 30.73494], [-96.089758, 30.735138], [-96.089974, 30.735187], [-96.090153, 30.73505], [-96.090356, 30.734605], [-96.090585, 30.734462], [-96.090916, 30.733786], [-96.091488, 30.733912], [-96.091507, 30.733709], [-96.091895, 30.733049], [-96.092016, 30.733027], [-96.092888, 30.733483], [-96.093378, 30.73323], [-96.093702, 30.733576], [-96.094122, 30.733708], [-96.094517, 30.734082], [-96.094726, 30.73412], [-96.094905, 30.733966], [-96.094726, 30.73351], [-96.094917, 30.73345], [-96.095216, 30.733692], [-96.095496, 30.733538], [-96.095114, 30.733164], [-96.095242, 30.732961], [-96.095394, 30.732922], [-96.09568, 30.733038], [-96.095973, 30.733604], [-96.095821, 30.734137], [-96.095923, 30.734323], [-96.09647, 30.734505], [-96.097049, 30.734417], [-96.097329, 30.734983], [-96.09773, 30.735043], [-96.097978, 30.7349], [-96.098022, 30.734763], [-96.097977, 30.734405], [-96.097742, 30.734103], [-96.097793, 30.73401], [-96.098066, 30.733861], [-96.098397, 30.733839], [-96.098734, 30.733433], [-96.098461, 30.733004], [-96.09848, 30.732801], [-96.09867, 30.732526], [-96.099141, 30.732213], [-96.099478, 30.732328], [-96.099663, 30.732652], [-96.100274, 30.732405], [-96.100369, 30.73291], [-96.100643, 30.732921], [-96.100853, 30.73258], [-96.101291, 30.732437], [-96.101069, 30.73213], [-96.1011, 30.731926], [-96.101317, 30.731921], [-96.101488, 30.731794], [-96.102042, 30.730997], [-96.102595, 30.730486], [-96.102722, 30.730481], [-96.102811, 30.730596], [-96.103098, 30.730579], [-96.103244, 30.730882], [-96.103047, 30.731019], [-96.103136, 30.731134], [-96.103537, 30.731024], [-96.103607, 30.731503], [-96.103753, 30.731695], [-96.104319, 30.731788], [-96.104644, 30.731502], [-96.105267, 30.731755], [-96.105407, 30.731596], [-96.105114, 30.731068], [-96.105286, 30.730876], [-96.105299, 30.730337], [-96.10554, 30.73015], [-96.105757, 30.730194], [-96.106495, 30.72998], [-96.106864, 30.729985], [-96.107799, 30.730435], [-96.108041, 30.730452], [-96.108358, 30.730018], [-96.108327, 30.72977], [-96.108467, 30.729655], [-96.108753, 30.729732], [-96.109052, 30.729946], [-96.109364, 30.729902], [-96.109796, 30.729132], [-96.110019, 30.729011], [-96.110006, 30.728846], [-96.110279, 30.728616], [-96.110495, 30.728659], [-96.110776, 30.729094], [-96.111208, 30.729011], [-96.111463, 30.729225], [-96.111704, 30.729126], [-96.112022, 30.728807], [-96.112627, 30.72873], [-96.11248, 30.72828], [-96.1129, 30.727972], [-96.112913, 30.72784], [-96.112353, 30.727582], [-96.112308, 30.727334], [-96.112403, 30.727098], [-96.112117, 30.726966], [-96.112091, 30.726834], [-96.112231, 30.726702], [-96.112454, 30.726675], [-96.112543, 30.726549], [-96.112238, 30.726439], [-96.112238, 30.726307], [-96.112619, 30.726351], [-96.112804, 30.725971], [-96.113223, 30.726114], [-96.113402, 30.725938], [-96.114069, 30.725828], [-96.114419, 30.725493], [-96.114833, 30.725361], [-96.114928, 30.725031], [-96.115583, 30.724976], [-96.115755, 30.725322], [-96.116315, 30.725437], [-96.116499, 30.725333], [-96.116531, 30.725195], [-96.116092, 30.724992], [-96.115945, 30.724662], [-96.116174, 30.724613], [-96.116423, 30.724723], [-96.116785, 30.724717], [-96.117116, 30.724437], [-96.117249, 30.72442], [-96.117307, 30.724695], [-96.117485, 30.724755], [-96.117612, 30.724942], [-96.117511, 30.725244], [-96.117689, 30.725558], [-96.117435, 30.725849], [-96.117613, 30.726047], [-96.117524, 30.726464], [-96.117619, 30.726574], [-96.118027, 30.726662], [-96.118001, 30.72692], [-96.118218, 30.726975], [-96.118605, 30.726481], [-96.11879, 30.726607], [-96.118936, 30.726541], [-96.118898, 30.72614], [-96.119235, 30.726238], [-96.119527, 30.725947], [-96.120017, 30.725908], [-96.12024, 30.725584], [-96.120469, 30.725694], [-96.1208, 30.725699], [-96.12087, 30.725578], [-96.120545, 30.725342], [-96.12073, 30.725287], [-96.120901, 30.72537], [-96.121582, 30.724924], [-96.121709, 30.724979], [-96.121595, 30.72516], [-96.121678, 30.725633], [-96.122021, 30.725616], [-96.122091, 30.725688], [-96.122008, 30.725897], [-96.12225, 30.725941], [-96.122479, 30.725836], [-96.122931, 30.725308], [-96.123096, 30.725308], [-96.123293, 30.725511], [-96.123649, 30.725324], [-96.12391, 30.725511], [-96.12426, 30.725495], [-96.124642, 30.725357], [-96.125004, 30.724994], [-96.125194, 30.725011], [-96.125518, 30.725231], [-96.125627, 30.725039], [-96.125519, 30.724709], [-96.125831, 30.724473], [-96.125754, 30.724204], [-96.126225, 30.724413], [-96.126448, 30.724231], [-96.127192, 30.723985], [-96.127498, 30.724139], [-96.127554, 30.724617], [-96.127777, 30.724683], [-96.127968, 30.724249], [-96.128331, 30.723936], [-96.128706, 30.723859], [-96.128649, 30.723738], [-96.128128, 30.723463], [-96.12816, 30.723265], [-96.128319, 30.723216], [-96.128592, 30.723304], [-96.128675, 30.72304], [-96.128993, 30.722837], [-96.129248, 30.723106], [-96.129419, 30.723095], [-96.12954, 30.722909], [-96.129573, 30.722354], [-96.129999, 30.722304], [-96.130864, 30.721849], [-96.131125, 30.72181], [-96.13117, 30.721596], [-96.131335, 30.721514], [-96.131774, 30.721712], [-96.132041, 30.721943], [-96.132505, 30.722113], [-96.13297, 30.722053], [-96.13344, 30.722191], [-96.133726, 30.722455], [-96.134178, 30.722207], [-96.134477, 30.722147], [-96.135037, 30.722477], [-96.135457, 30.722131], [-96.135673, 30.72173], [-96.135941, 30.721615], [-96.135985, 30.721461], [-96.136252, 30.72167], [-96.136354, 30.721609], [-96.136405, 30.721098], [-96.136348, 30.720999], [-96.135922, 30.720834], [-96.13547, 30.721021], [-96.135127, 30.720927], [-96.135114, 30.720779], [-96.135445, 30.720537], [-96.134758, 30.720207], [-96.134886, 30.719916], [-96.134759, 30.719817], [-96.134809, 30.71968], [-96.135725, 30.71968], [-96.135936, 30.719015], [-96.136044, 30.719032], [-96.136387, 30.719439], [-96.136629, 30.719054], [-96.136985, 30.719027], [-96.137176, 30.718758], [-96.138207, 30.718835], [-96.138429, 30.718764], [-96.138607, 30.719082], [-96.138715, 30.719099], [-96.138881, 30.719055], [-96.138951, 30.718742], [-96.139543, 30.718797], [-96.139625, 30.718731], [-96.139651, 30.718368], [-96.140173, 30.718182], [-96.140039, 30.717835], [-96.140116, 30.717786], [-96.140097, 30.717561], [-96.140211, 30.717484], [-96.140478, 30.71772], [-96.140663, 30.717676], [-96.141032, 30.717902], [-96.141337, 30.718386], [-96.141553, 30.718496], [-96.141655, 30.718452], [-96.141731, 30.718007], [-96.141598, 30.717699], [-96.141674, 30.717539], [-96.142049, 30.717682], [-96.142221, 30.717924], [-96.142577, 30.717853], [-96.142463, 30.717551], [-96.142826, 30.717304], [-96.143093, 30.716727], [-96.143354, 30.71698], [-96.143697, 30.716963], [-96.143761, 30.716804], [-96.143672, 30.716474], [-96.144041, 30.716133], [-96.144385, 30.71604], [-96.144448, 30.715837], [-96.144684, 30.715628], [-96.144786, 30.715293], [-96.145155, 30.715386], [-96.145549, 30.71526], [-96.146122, 30.715387], [-96.146274, 30.715343], [-96.146344, 30.715079], [-96.146911, 30.715024], [-96.146771, 30.714596], [-96.147095, 30.714453], [-96.146962, 30.714096], [-96.147178, 30.713947], [-96.146943, 30.713683], [-96.14714, 30.713453], [-96.147236, 30.713123], [-96.14742, 30.713046], [-96.147732, 30.71337], [-96.148228, 30.713332], [-96.148254, 30.713057], [-96.148114, 30.712788], [-96.147643, 30.712629], [-96.147618, 30.712541], [-96.147771, 30.712024], [-96.148019, 30.711925], [-96.14821, 30.711524], [-96.148719, 30.711403], [-96.148534, 30.7112], [-96.148757, 30.710755], [-96.149037, 30.710717], [-96.149355, 30.711316], [-96.149755, 30.711624], [-96.149985, 30.711349], [-96.150404, 30.711585], [-96.150818, 30.711476], [-96.15099, 30.711217], [-96.150996, 30.711003], [-96.151448, 30.710662], [-96.151563, 30.709926], [-96.15225, 30.709454], [-96.152193, 30.708684], [-96.151996, 30.708481], [-96.151983, 30.708316], [-96.152161, 30.708277], [-96.152193, 30.708102], [-96.152498, 30.708003], [-96.15309, 30.707585], [-96.153523, 30.707476], [-96.15344, 30.707014], [-96.153122, 30.706777], [-96.153033, 30.706277], [-96.153224, 30.706107], [-96.153523, 30.706184], [-96.153682, 30.706113], [-96.153727, 30.704821], [-96.153638, 30.704673], [-96.15339, 30.704678], [-96.153384, 30.704502], [-96.153575, 30.704431], [-96.154001, 30.704596], [-96.154198, 30.70453], [-96.154332, 30.704112], [-96.154186, 30.703925], [-96.154427, 30.703761], [-96.154866, 30.703854], [-96.154904, 30.703678], [-96.154739, 30.703513], [-96.155286, 30.703162], [-96.155223, 30.703046], [-96.154911, 30.702975], [-96.155089, 30.702744], [-96.155089, 30.702458], [-96.154892, 30.702304], [-96.154606, 30.702343], [-96.154772, 30.702008], [-96.154422, 30.701782], [-96.154848, 30.701524], [-96.154785, 30.701238], [-96.155179, 30.701156], [-96.155313, 30.700661], [-96.155834, 30.700491], [-96.156044, 30.70064], [-96.15626, 30.700623], [-96.156509, 30.700107], [-96.156273, 30.699925], [-96.15649, 30.699672], [-96.156744, 30.698958], [-96.156636, 30.698469], [-96.157482, 30.697771], [-96.156948, 30.697144], [-96.156974, 30.697029], [-96.157381, 30.696875], [-96.157521, 30.696375], [-96.157019, 30.696078], [-96.157267, 30.695419], [-96.157617, 30.695276], [-96.158291, 30.695287], [-96.15845, 30.695221], [-96.158355, 30.694611], [-96.158686, 30.694045], [-96.158444, 30.693501], [-96.15847, 30.693342], [-96.159538, 30.692814], [-96.159984, 30.692237], [-96.160162, 30.692194], [-96.160594, 30.692315], [-96.160855, 30.692249], [-96.161154, 30.691446], [-96.161021, 30.691062], [-96.160506, 30.690594], [-96.160328, 30.690309], [-96.159673, 30.690286], [-96.159272, 30.690099], [-96.158332, 30.688984], [-96.157569, 30.688593], [-96.156831, 30.68784], [-96.155445, 30.686982], [-96.155579, 30.686933], [-96.155433, 30.686861], [-96.155477, 30.686719], [-96.155344, 30.68674], [-96.155185, 30.686378], [-96.155496, 30.686015], [-96.155764, 30.685856], [-96.155268, 30.685388], [-96.155236, 30.685251], [-96.155573, 30.684795], [-96.155669, 30.68435], [-96.155968, 30.683883], [-96.156483, 30.683581], [-96.156897, 30.682866], [-96.157393, 30.682575], [-96.157685, 30.682553], [-96.15862, 30.681845], [-96.15848, 30.681388], [-96.158703, 30.681048], [-96.158977, 30.680905], [-96.159326, 30.68096], [-96.159377, 30.681086], [-96.159778, 30.681295], [-96.160127, 30.681147], [-96.160102, 30.680993], [-96.160484, 30.680872], [-96.16042, 30.680713], [-96.160547, 30.680548], [-96.160846, 30.680543], [-96.16098, 30.680449], [-96.161711, 30.679779], [-96.162029, 30.67935], [-96.162182, 30.679295], [-96.162379, 30.679361], [-96.16285, 30.679169], [-96.163434, 30.679197], [-96.164427, 30.678691], [-96.165056, 30.678598], [-96.166251, 30.678631], [-96.166589, 30.678433], [-96.166996, 30.677587], [-96.167268, 30.676565], [-96.167403, 30.676403], [-96.167387, 30.676123], [-96.167498, 30.675977], [-96.167467, 30.67562], [-96.167015, 30.675367], [-96.166869, 30.674988], [-96.166882, 30.67474], [-96.166685, 30.674443], [-96.166984, 30.674213], [-96.167276, 30.674136], [-96.167435, 30.673878], [-96.1683, 30.673262], [-96.168748, 30.672267]]}},
    {"type": "Feature", "properties": {"name": "Bums Creek", "Type": "Creek or other stream"}, "geometry": {"type": "LineString", "coordinates": [[-95.938279, 30.472671], [-95.93756, 30.473825], [-95.93711, 30.474314], [-95.937065, 30.474616], [-95.9369, 30.474869], [-95.935492, 30.475479], [-95.935244, 30.475792], [-95.934286, 30.476293], [-95.933975, 30.476738], [-95.933481, 30.477172], [-95.933303, 30.47721], [-95.933265, 30.477469], [-95.932478, 30.477634], [-95.931951, 30.477601], [-95.931418, 30.47743], [-95.93119, 30.477238], [-95.931031, 30.476765], [-95.930841, 30.47643], [-95.930537, 30.476161], [-95.930454, 30.475892], [-95.93001, 30.475567], [-95.929591, 30.474913], [-95.929287, 30.473858], [-95.92916, 30.47371], [-95.928982, 30.473748], [-95.92829, 30.473512], [-95.928271, 30.473336], [-95.928601, 30.473248], [-95.928595, 30.472819], [-95.928811, 30.472424], [-95.927942, 30.47149], [-95.927542, 30.471676], [-95.927377, 30.471665], [-95.926869, 30.471275], [-95.926565, 30.47089], [-95.926444, 30.470879], [-95.92614, 30.471132], [-95.925765, 30.470885], [-95.925175, 30.47089], [-95.923887, 30.470324], [-95.92364, 30.470077], [-95.922504, 30.470429], [-95.922035, 30.47039], [-95.921597, 30.470176], [-95.92121, 30.469775], [-95.920474, 30.469522], [-95.920398, 30.469384], [-95.920455, 30.469258], [-95.920284, 30.469077], [-95.920588, 30.468758], [-95.9197, 30.467922], [-95.919681, 30.468197], [-95.919199, 30.468098], [-95.919104, 30.467983], [-95.91906, 30.467543], [-95.918622, 30.467082], [-95.91833, 30.4669], [-95.917924, 30.466966], [-95.917353, 30.46629], [-95.917106, 30.465499], [-95.916909, 30.465207], [-95.916503, 30.464949], [-95.915958, 30.46424], [-95.915793, 30.464169], [-95.915494, 30.464267], [-95.915387, 30.464015], [-95.915203, 30.463965], [-95.91512, 30.463778], [-95.914904, 30.4638], [-95.914847, 30.463701], [-95.914936, 30.463608], [-95.914479, 30.463426], [-95.914188, 30.463064], [-95.913807, 30.462272], [-95.91382, 30.461965], [-95.913319, 30.461596], [-95.913217, 30.461316], [-95.912754, 30.461327], [-95.912209, 30.460332], [-95.911663, 30.45992], [-95.910991, 30.4597], [-95.90931, 30.458403], [-95.908593, 30.458161], [-95.908511, 30.457996], [-95.908517, 30.45732], [-95.908251, 30.457138], [-95.907889, 30.456523], [-95.90768, 30.45649]]}},
    {"type": "Feature", "properties": {"name": "Caney Creek", "Type": "Creek or other stream"}, "geometry": {"type": "MultiLineString", "coordinates": [[[-95.957871, 30.448586], [-95.959625, 30.446954], [-95.960139, 30.44614], [-95.960278, 30.445745], [-95.960271, 30.44536], [-95.961197, 30.444266], [-95.96154, 30.443678], [-95.961596, 30.443167], [-95.961894, 30.442452], [-95.961888, 30.441969], [-95.961986, 30.44196], [-95.961913, 30.441809], [-95.962198, 30.441551], [-95.962281, 30.441232], [-95.962129, 30.440809], [-95.962268, 30.440199], [-95.962134, 30.439523], [-95.962337, 30.438754], [-95.96221, 30.438292], [-95.962223, 30.437842], [-95.962413, 30.437446], [-95.962292, 30.437138], [-95.962343, 30.436687], [-95.962159, 30.435737], [-95.962241, 30.435424], [-95.962736, 30.435528], [-95.962799, 30.435352], [-95.962717, 30.434885], [-95.962272, 30.434368], [-95.962126, 30.434055], [-95.962298, 30.433627], [-95.962094, 30.432907], [-95.96276, 30.432313], [-95.962665, 30.431785], [-95.96276, 30.431329], [-95.962728, 30.430593], [-95.962144, 30.430527], [-95.961789, 30.429582], [-95.962544, 30.429604], [-95.962613, 30.429494], [-95.962581, 30.428829], [-95.962156, 30.428593], [-95.961858, 30.428598], [-95.961624, 30.428813], [-95.961345, 30.428593], [-95.961066, 30.428703], [-95.960913, 30.428346], [-95.960533, 30.428093], [-95.960336, 30.427466], [-95.959575, 30.426054], [-95.959226, 30.425702], [-95.958807, 30.425587], [-95.957919, 30.425609], [-95.956714, 30.424972], [-95.956473, 30.424939], [-95.956315, 30.424307], [-95.955744, 30.423785], [-95.955363, 30.423884], [-95.955173, 30.42362], [-95.954577, 30.423626], [-95.954292, 30.423511], [-95.953638, 30.423434], [-95.953518, 30.423258], [-95.95355, 30.422829], [-95.953061, 30.422296], [-95.952655, 30.42245], [-95.951558, 30.422324], [-95.950246, 30.422033], [-95.950005, 30.421841], [-95.949313, 30.42161], [-95.948641, 30.421709], [-95.948235, 30.421473], [-95.947506, 30.420725], [-95.947595, 30.420423], [-95.947436, 30.420099], [-95.947208, 30.420264], [-95.946206, 30.41989], [-95.945629, 30.419962], [-95.945312, 30.419802], [-95.945115, 30.419489], [-95.944684, 30.419533], [-95.944545, 30.419363], [-95.943777, 30.419456], [-95.942845, 30.418918], [-95.94268, 30.418934], [-95.941596, 30.418467], [-95.940626, 30.417626], [-95.939808, 30.417538], [-95.939066, 30.417313], [-95.938749, 30.416978], [-95.938273, 30.417], [-95.937614, 30.416571], [-95.937474, 30.416582], [-95.937373, 30.416714], [-95.937011, 30.416489], [-95.936523, 30.416643], [-95.936111, 30.416533], [-95.935768, 30.41661], [-95.935553, 30.41656], [-95.935382, 30.416291], [-95.93561, 30.416242], [-95.936371, 30.415769], [-95.936117, 30.415401], [-95.935572, 30.415324], [-95.935217, 30.415038], [-95.934129, 30.414721], [-95.93332, 30.414777], [-95.931369, 30.415276], [-95.928886, 30.413692], [-95.927975, 30.413527], [-95.927227, 30.412917], [-95.927158, 30.412427], [-95.927018, 30.412268], [-95.926815, 30.412142], [-95.925534, 30.411828], [-95.925243, 30.411597], [-95.92464, 30.41079], [-95.924285, 30.410526], [-95.923677, 30.410471], [-95.923296, 30.410289], [-95.922776, 30.410432], [-95.922542, 30.410284], [-95.922225, 30.40985], [-95.921996, 30.40974], [-95.920957, 30.410042], [-95.919746, 30.409838], [-95.919498, 30.409673], [-95.919257, 30.409041], [-95.918909, 30.40886], [-95.917875, 30.409107], [-95.91726, 30.409003], [-95.916931, 30.408667], [-95.916601, 30.408601], [-95.916582, 30.408189], [-95.915954, 30.408035], [-95.91532, 30.408096], [-95.915162, 30.407398], [-95.914648, 30.407222], [-95.914572, 30.40687], [-95.914344, 30.406688], [-95.913925, 30.406815], [-95.913387, 30.40665], [-95.912727, 30.407007], [-95.911497, 30.406957], [-95.911351, 30.406831], [-95.911123, 30.406831], [-95.910743, 30.406677], [-95.909354, 30.406688], [-95.909291, 30.406754], [-95.909544, 30.406897], [-95.909506, 30.407023], [-95.908923, 30.40694], [-95.908479, 30.407111], [-95.908187, 30.406924], [-95.907908, 30.407154], [-95.907572, 30.407215], [-95.907369, 30.407011], [-95.907268, 30.406478], [-95.906995, 30.406484], [-95.906818, 30.406374], [-95.906577, 30.406451], [-95.906659, 30.406198], [-95.906203, 30.406022], [-95.905924, 30.40578], [-95.903933, 30.405087], [-95.900738, 30.404141], [-95.900098, 30.404108], [-95.899629, 30.404339], [-95.899533, 30.404536], [-95.898918, 30.404487], [-95.898291, 30.404052], [-95.898126, 30.403761], [-95.897676, 30.403574], [-95.897454, 30.403629], [-95.896877, 30.403349], [-95.896636, 30.403376], [-95.896725, 30.402837], [-95.896624, 30.402662], [-95.896345, 30.402546], [-95.896396, 30.402222], [-95.895775, 30.401875], [-95.895223, 30.401161], [-95.894602, 30.400781], [-95.894494, 30.400534], [-95.893506, 30.400023], [-95.892707, 30.399923], [-95.891895, 30.400198], [-95.891471, 30.399813], [-95.891306, 30.399786], [-95.890348, 30.4], [-95.890095, 30.400296], [-95.889866, 30.400258], [-95.889778, 30.400219], [-95.889771, 30.399999], [-95.889068, 30.399757], [-95.888808, 30.399763], [-95.888605, 30.399889], [-95.888484, 30.39984], [-95.886849, 30.398091], [-95.885588, 30.397459], [-95.884808, 30.397497], [-95.884409, 30.397332], [-95.883648, 30.397255], [-95.883071, 30.397425], [-95.882665, 30.397386], [-95.882146, 30.397232], [-95.882355, 30.396935], [-95.882178, 30.396743], [-95.881594, 30.3966], [-95.881074, 30.396863], [-95.879737, 30.396165], [-95.879534, 30.396203], [-95.879369, 30.396527], [-95.879116, 30.396494], [-95.879173, 30.396231], [-95.878964, 30.396154], [-95.878228, 30.396598], [-95.87741, 30.396845], [-95.876465, 30.396532], [-95.876104, 30.396581], [-95.875736, 30.396515], [-95.875343, 30.396256], [-95.874923, 30.396306], [-95.874137, 30.396235], [-95.872735, 30.39512], [-95.872583, 30.3949], [-95.872532, 30.394527], [-95.872278, 30.394224], [-95.872005, 30.394137], [-95.87165, 30.394159], [-95.871574, 30.394043], [-95.871403, 30.394038], [-95.871029, 30.394115], [-95.870528, 30.394423], [-95.87037, 30.394423], [-95.869628, 30.394088], [-95.869051, 30.39411], [-95.868797, 30.393748], [-95.868639, 30.393748], [-95.868518, 30.393594], [-95.867751, 30.393303], [-95.866945, 30.392748], [-95.865455, 30.392183], [-95.865113, 30.391655], [-95.865195, 30.391447], [-95.865106, 30.391056], [-95.865265, 30.390963], [-95.865525, 30.39126], [-95.865582, 30.391045], [-95.865157, 30.390688], [-95.865017, 30.390837], [-95.86484, 30.390842], [-95.864561, 30.390595], [-95.864377, 30.390551], [-95.864383, 30.390304], [-95.863926, 30.390348], [-95.863711, 30.390491], [-95.86354, 30.390464], [-95.863407, 30.390321], [-95.861777, 30.390415], [-95.861568, 30.390618], [-95.860218, 30.390503], [-95.859933, 30.39058], [-95.859799, 30.390514], [-95.859489, 30.39085], [-95.859058, 30.39096], [-95.857536, 30.390708], [-95.85663, 30.390779], [-95.855641, 30.390994], [-95.855, 30.390769], [-95.854569, 30.390401], [-95.854164, 30.390852], [-95.853695, 30.390868], [-95.853359, 30.391072], [-95.852566, 30.391143], [-95.851951, 30.390671], [-95.851304, 30.390495], [-95.851127, 30.390715], [-95.85062, 30.390814], [-95.850252, 30.390644], [-95.849396, 30.390793], [-95.849041, 30.390694], [-95.848845, 30.390903], [-95.848357, 30.390903], [-95.847869, 30.391233], [-95.847672, 30.391519], [-95.847932, 30.391832], [-95.847254, 30.391909], [-95.845669, 30.391239], [-95.845326, 30.390959], [-95.845193, 30.390728], [-95.845206, 30.390497], [-95.845313, 30.390398], [-95.845681, 30.390354], [-95.845687, 30.390068], [-95.845205, 30.38992], [-95.844882, 30.389541], [-95.844717, 30.389552], [-95.844533, 30.389783], [-95.844026, 30.389876], [-95.843887, 30.389821], [-95.843677, 30.38925], [-95.843157, 30.3892], [-95.843056, 30.389332], [-95.843075, 30.389646], [-95.84286, 30.38969], [-95.84246, 30.389519], [-95.842074, 30.389531], [-95.841864, 30.389822], [-95.841566, 30.389844], [-95.84097, 30.389448], [-95.840691, 30.388684], [-95.840393, 30.388663], [-95.840152, 30.388855], [-95.840013, 30.38869], [-95.839423, 30.388679], [-95.839487, 30.388185], [-95.839024, 30.38835], [-95.838897, 30.388251], [-95.838916, 30.387492], [-95.838269, 30.387338], [-95.837191, 30.386795], [-95.837178, 30.386465], [-95.83688, 30.386349], [-95.837013, 30.385888], [-95.837204, 30.385739], [-95.836931, 30.385542], [-95.836849, 30.385195], [-95.836607, 30.384849], [-95.836379, 30.38486], [-95.8361, 30.385283], [-95.835809, 30.385371], [-95.834655, 30.385141], [-95.834141, 30.384806], [-95.832474, 30.384042], [-95.831726, 30.383553], [-95.831643, 30.383371], [-95.831941, 30.383174], [-95.831935, 30.382338], [-95.832264, 30.382432], [-95.832391, 30.38219], [-95.832417, 30.381624], [-95.83279, 30.38136], [-95.832315, 30.380997], [-95.832055, 30.380607], [-95.831884, 30.379898], [-95.831541, 30.380112], [-95.831662, 30.379684], [-95.831262, 30.378106], [-95.831389, 30.377837], [-95.830888, 30.377606], [-95.831002, 30.377458], [-95.831027, 30.377117], [-95.831541, 30.376523], [-95.831705, 30.375919], [-95.831699, 30.375413], [-95.831528, 30.375204], [-95.830989, 30.374894], [-95.831154, 30.374603], [-95.830843, 30.374306], [-95.830019, 30.374202], [-95.829753, 30.374328], [-95.829544, 30.374257], [-95.829404, 30.373954], [-95.829087, 30.373724], [-95.828859, 30.373383], [-95.828878, 30.373202], [-95.829036, 30.37307], [-95.82818, 30.372218], [-95.828016, 30.372251], [-95.82799, 30.372482], [-95.827889, 30.37252], [-95.826228, 30.371872], [-95.826, 30.371416], [-95.825905, 30.370938], [-95.825156, 30.369872], [-95.824224, 30.36897], [-95.824129, 30.368762], [-95.824212, 30.367976], [-95.823888, 30.36736], [-95.82371, 30.366118], [-95.823501, 30.365706], [-95.823102, 30.365442], [-95.822867, 30.365448], [-95.822791, 30.365343], [-95.822861, 30.365206], [-95.823051, 30.365261], [-95.823469, 30.365052], [-95.823254, 30.364827], [-95.822886, 30.364805], [-95.822835, 30.364469], [-95.822538, 30.364271], [-95.822525, 30.364101], [-95.822753, 30.363606], [-95.822296, 30.363211], [-95.822233, 30.362865], [-95.821859, 30.362837], [-95.821777, 30.362447], [-95.82139, 30.362744], [-95.820889, 30.362194], [-95.820705, 30.362189], [-95.820389, 30.362491], [-95.820135, 30.362469], [-95.820046, 30.362332], [-95.820116, 30.362112], [-95.819957, 30.36193], [-95.819577, 30.362238], [-95.819431, 30.362244], [-95.819254, 30.362079], [-95.819305, 30.361705], [-95.818962, 30.36176], [-95.818658, 30.361452], [-95.818227, 30.361475], [-95.818018, 30.361749], [-95.817898, 30.361639], [-95.817898, 30.361376], [-95.817745, 30.36131], [-95.817467, 30.361321], [-95.817277, 30.361557], [-95.817086, 30.361585], [-95.81701, 30.361343], [-95.816674, 30.361178], [-95.816465, 30.360139], [-95.816554, 30.359672], [-95.816452, 30.359392], [-95.816249, 30.359381], [-95.816085, 30.359716], [-95.815819, 30.359809], [-95.815622, 30.359766], [-95.815622, 30.359557], [-95.815381, 30.35932], [-95.814842, 30.35948], [-95.81438, 30.359062], [-95.814221, 30.358628], [-95.813695, 30.358639], [-95.813239, 30.35821], [-95.813017, 30.357727], [-95.812193, 30.357485], [-95.812187, 30.357089], [-95.812504, 30.35682], [-95.812313, 30.356551], [-95.812313, 30.356001], [-95.812009, 30.355446], [-95.81213, 30.355083], [-95.81206, 30.354973], [-95.811724, 30.354731], [-95.811344, 30.354715], [-95.810887, 30.354242], [-95.810488, 30.354325], [-95.810133, 30.354198], [-95.809886, 30.353753], [-95.809861, 30.353258], [-95.809734, 30.353072], [-95.809626, 30.352967], [-95.808853, 30.352747], [-95.80903, 30.352484], [-95.809005, 30.352324], [-95.807275, 30.351895], [-95.80616, 30.351489], [-95.805741, 30.350912], [-95.805614, 30.350478], [-95.805337, 30.350246]], [[-95.805302, 30.349815], [-95.80583, 30.349428], [-95.805244, 30.349104]]]}},
    {"type": "Feature", "properties": {"name": "Cat Creek", "Type": "Creek or other stream"}, "geometry": {"type": "LineString", "coordinates": [[-95.942885, 30.674617], [-95.942815, 30.674166], [-95.942961, 30.673468], [-95.943285, 30.67288], [-95.943393, 30.672886], [-95.943482, 30.672545], [-95.942961, 30.670556], [-95.943024, 30.669067], [-95.943158, 30.668781], [-95.943393, 30.668583], [-95.943418, 30.668341], [-95.943666, 30.668011], [-95.943424, 30.667693], [-95.943361, 30.667368], [-95.943609, 30.666846], [-95.943068, 30.666368], [-95.943036, 30.666071], [-95.943551, 30.664368], [-95.943538, 30.664055], [-95.94338, 30.663829], [-95.943621, 30.663714], [-95.944219, 30.663082], [-95.944168, 30.662862], [-95.944435, 30.662488], [-95.944384, 30.662142], [-95.944721, 30.661834], [-95.945166, 30.660884], [-95.94528, 30.660873], [-95.94521, 30.660581], [-95.945388, 30.660263], [-95.945229, 30.66012], [-95.945413, 30.660114], [-95.945566, 30.659933], [-95.945731, 30.659515], [-95.945966, 30.659532], [-95.946271, 30.659262], [-95.946303, 30.659153], [-95.946157, 30.659032], [-95.946634, 30.658301], [-95.947085, 30.657306], [-95.948254, 30.655992], [-95.948839, 30.655514], [-95.949411, 30.6553], [-95.950218, 30.655223], [-95.950988, 30.655684], [-95.951547, 30.655508], [-95.951795, 30.655558], [-95.952195, 30.655393], [-95.952888, 30.65531], [-95.953136, 30.655129], [-95.953117, 30.654788], [-95.953212, 30.654849], [-95.953676, 30.654766], [-95.954026, 30.654887], [-95.954623, 30.654816], [-95.955113, 30.653997], [-95.955265, 30.654145], [-95.955577, 30.654074], [-95.956079, 30.654326], [-95.955984, 30.654727], [-95.956295, 30.654892], [-95.956212, 30.655156], [-95.956632, 30.655321], [-95.956804, 30.655288], [-95.956886, 30.655057], [-95.956975, 30.655205], [-95.957198, 30.655002], [-95.958189, 30.655507], [-95.958501, 30.655513], [-95.958692, 30.655392], [-95.958857, 30.655397], [-95.959028, 30.655546], [-95.959365, 30.655628], [-95.959601, 30.65598], [-95.959779, 30.655919], [-95.959721, 30.655716], [-95.960204, 30.655776], [-95.960478, 30.656232], [-95.960783, 30.656546], [-95.960948, 30.656595], [-95.961126, 30.656848], [-95.961514, 30.656853], [-95.961946, 30.65699], [-95.962811, 30.657694], [-95.962945, 30.657705], [-95.963091, 30.657545], [-95.963364, 30.6576], [-95.963765, 30.657204], [-95.964616, 30.657039], [-95.965119, 30.657363], [-95.965335, 30.657611], [-95.965564, 30.657627], [-95.965621, 30.657847], [-95.96604, 30.657885], [-95.96667, 30.658209], [-95.966835, 30.658429], [-95.967001, 30.65894], [-95.966943, 30.6591], [-95.966568, 30.659325], [-95.966626, 30.659484], [-95.967064, 30.659814], [-95.967134, 30.660023], [-95.967058, 30.660655], [-95.967128, 30.660715], [-95.967751, 30.660594], [-95.968133, 30.660979], [-95.968692, 30.661281], [-95.968756, 30.661391], [-95.968686, 30.661627], [-95.969112, 30.662193], [-95.969316, 30.662325], [-95.969964, 30.662456], [-95.970174, 30.662737], [-95.970829, 30.663055], [-95.971204, 30.663698], [-95.971249, 30.664138], [-95.971529, 30.664583], [-95.971821, 30.664764], [-95.972133, 30.664791], [-95.972374, 30.665269], [-95.972756, 30.66522], [-95.973042, 30.66528], [-95.973328, 30.665637], [-95.973551, 30.665654], [-95.9739, 30.666044], [-95.97488, 30.666406], [-95.97521, 30.666719], [-95.976056, 30.666697], [-95.976584, 30.667713], [-95.976997, 30.668065], [-95.977538, 30.668125], [-95.977976, 30.667949], [-95.978529, 30.667938], [-95.978904, 30.667757], [-95.979502, 30.667833], [-95.979578, 30.667927], [-95.979559, 30.668383], [-95.980647, 30.66869], [-95.980888, 30.66891], [-95.98125, 30.66841], [-95.981848, 30.668129], [-95.982083, 30.668212], [-95.982356, 30.668157], [-95.98228, 30.667794], [-95.982763, 30.667673], [-95.982985, 30.66731], [-95.983322, 30.667288], [-95.983513, 30.667541], [-95.983704, 30.667563], [-95.983977, 30.667134], [-95.98418, 30.667222], [-95.984339, 30.667189], [-95.984612, 30.666859], [-95.98472, 30.66648], [-95.984835, 30.666463], [-95.984994, 30.666606], [-95.985127, 30.666578], [-95.985324, 30.666161], [-95.985464, 30.666067], [-95.985756, 30.666094], [-95.985852, 30.666463], [-95.986049, 30.666578], [-95.986252, 30.666479], [-95.98624, 30.666105], [-95.986933, 30.666396], [-95.986882, 30.666078], [-95.987085, 30.665858], [-95.986919, 30.66549], [-95.987415, 30.66522], [-95.988038, 30.664319], [-95.988394, 30.664357], [-95.988571, 30.664077], [-95.988768, 30.664109], [-95.988864, 30.664373], [-95.989087, 30.664543], [-95.989964, 30.664724], [-95.99053, 30.665642], [-95.990982, 30.665675], [-95.991121, 30.665532], [-95.991497, 30.665658], [-95.9917, 30.665487], [-95.991903, 30.665542], [-95.992024, 30.665696], [-95.992177, 30.665691], [-95.99238, 30.665421], [-95.992857, 30.665251], [-95.992965, 30.665091], [-95.992939, 30.664135], [-95.992805, 30.663932], [-95.993237, 30.663948], [-95.993555, 30.663849], [-95.993866, 30.663536], [-95.993783, 30.662783], [-95.994088, 30.662563], [-95.993986, 30.66214], [-95.994514, 30.661991], [-95.99438, 30.661832], [-95.994539, 30.661645], [-95.994711, 30.661771], [-95.994876, 30.661683], [-95.994914, 30.661854], [-95.995054, 30.66187], [-95.995353, 30.661689], [-95.995537, 30.661688], [-95.995734, 30.661309], [-95.996007, 30.661205], [-95.996604, 30.660666], [-95.996871, 30.660083], [-95.996992, 30.660149], [-95.997132, 30.659946], [-95.997519, 30.659858], [-95.99764, 30.659627], [-95.997754, 30.659605], [-95.997869, 30.659748], [-95.998632, 30.659769], [-95.999083, 30.66011], [-95.999535, 30.660126], [-95.999776, 30.660043], [-96.000003, 30.660274], [-96.000683, 30.660296], [-96.001237, 30.65989], [-96.001682, 30.659753], [-96.001822, 30.658956], [-96.001987, 30.658923], [-96.002585, 30.659143], [-96.003004, 30.658665], [-96.003233, 30.65872], [-96.003335, 30.659094], [-96.003856, 30.658913], [-96.004167, 30.659155], [-96.004504, 30.658825], [-96.004784, 30.65882], [-96.004987, 30.658914], [-96.005325, 30.658716], [-96.006691, 30.658392], [-96.007085, 30.658728], [-96.007492, 30.658893], [-96.007988, 30.658503], [-96.008185, 30.658492], [-96.008427, 30.658618], [-96.009253, 30.658119], [-96.009304, 30.65769], [-96.008637, 30.657855], [-96.008446, 30.657574], [-96.008523, 30.657387], [-96.008319, 30.65703], [-96.008574, 30.656931], [-96.008637, 30.656706], [-96.008974, 30.656866], [-96.009318, 30.656756], [-96.009375, 30.656904], [-96.009858, 30.656608], [-96.010093, 30.656872], [-96.010475, 30.656597], [-96.010703, 30.656872], [-96.010837, 30.656866], [-96.011008, 30.656696], [-96.011167, 30.656845], [-96.011536, 30.656806], [-96.012025, 30.657092], [-96.012349, 30.656928], [-96.013182, 30.656884], [-96.01343, 30.65723], [-96.013964, 30.657055], [-96.014199, 30.657346], [-96.014275, 30.657066], [-96.014625, 30.656868], [-96.014327, 30.65656], [-96.014606, 30.656582], [-96.014765, 30.656478], [-96.014733, 30.656214], [-96.014536, 30.656121], [-96.014676, 30.656044], [-96.014619, 30.655829], [-96.014982, 30.655868], [-96.015058, 30.655736], [-96.015293, 30.655681], [-96.015147, 30.6555], [-96.015223, 30.655275], [-96.015039, 30.65534], [-96.014963, 30.655165], [-96.015332, 30.654769], [-96.015561, 30.654857], [-96.01584, 30.654841], [-96.015745, 30.65517], [-96.015815, 30.655407], [-96.016126, 30.655149], [-96.016285, 30.655138], [-96.016475, 30.655544], [-96.01659, 30.655517], [-96.016704, 30.655325], [-96.016673, 30.655028], [-96.017397, 30.655072], [-96.017505, 30.655226], [-96.017226, 30.655369], [-96.017454, 30.655622], [-96.017251, 30.655808], [-96.017308, 30.655951], [-96.017664, 30.656083], [-96.01774, 30.656254], [-96.018007, 30.656303], [-96.01802, 30.656386], [-96.017715, 30.656496], [-96.017784, 30.656589], [-96.01828, 30.65649], [-96.018547, 30.656589], [-96.018598, 30.656474], [-96.018744, 30.656457], [-96.018865, 30.656809], [-96.019049, 30.656936], [-96.019609, 30.656826], [-96.019691, 30.656639], [-96.019869, 30.656612], [-96.020104, 30.656749], [-96.020143, 30.656568], [-96.019939, 30.656298], [-96.01999, 30.65615], [-96.020378, 30.656403], [-96.02053, 30.656321], [-96.020607, 30.656035], [-96.020785, 30.656035], [-96.02088, 30.656167], [-96.021503, 30.656101], [-96.02177, 30.655903], [-96.021897, 30.655612], [-96.022552, 30.655524], [-96.022527, 30.655096], [-96.022127, 30.654799], [-96.022114, 30.654623], [-96.022349, 30.654217], [-96.022337, 30.654035], [-96.022553, 30.653964], [-96.022483, 30.653612], [-96.022598, 30.653574], [-96.022795, 30.653684], [-96.022629, 30.653315], [-96.022699, 30.653178], [-96.022858, 30.653107], [-96.023132, 30.653305], [-96.023367, 30.653272], [-96.023227, 30.652733], [-96.023259, 30.652304], [-96.023507, 30.6522], [-96.024098, 30.652387], [-96.024047, 30.652552], [-96.024136, 30.652634], [-96.024263, 30.652404], [-96.024543, 30.652541], [-96.024632, 30.652277], [-96.025001, 30.652272], [-96.025134, 30.652371], [-96.02495, 30.652618], [-96.025293, 30.652684], [-96.025573, 30.652618], [-96.025719, 30.652838], [-96.026195, 30.65308], [-96.026399, 30.65308], [-96.02631, 30.652729], [-96.026424, 30.652723], [-96.026736, 30.653108], [-96.026857, 30.652855], [-96.027168, 30.652635], [-96.027232, 30.652405], [-96.027944, 30.652114], [-96.028103, 30.652191], [-96.028154, 30.652037], [-96.027937, 30.651833], [-96.027925, 30.651531], [-96.028071, 30.651427], [-96.028395, 30.651421], [-96.029558, 30.652461], [-96.030512, 30.652477], [-96.031185, 30.652618]]}},
    {"type": "Feature", "properties": {"name": "Cedar Creek", "Type": "Creek or other stream"}, "geometry": {"type": "MultiLineString", "coordinates": [[[-96.051572, 30.407118], [-96.051635, 30.407283], [-96.052935, 30.408041], [-96.054602, 30.408162], [-96.055389, 30.408542], [-96.056904, 30.408783], [-96.057284, 30.408981], [-96.057906, 30.408723], [-96.058432, 30.408811], [-96.058774, 30.408685], [-96.059472, 30.408635], [-96.059763, 30.408443], [-96.059656, 30.408146], [-96.060448, 30.407921], [-96.060683, 30.407959], [-96.060803, 30.408168], [-96.061095, 30.408196], [-96.061406, 30.408003], [-96.061989, 30.407882], [-96.06223, 30.407465], [-96.062541, 30.407393], [-96.06332, 30.40758], [-96.063663, 30.40741], [-96.064056, 30.407619], [-96.064563, 30.407586], [-96.065223, 30.407707], [-96.065787, 30.407503], [-96.066408, 30.407641], [-96.067486, 30.406739], [-96.067771, 30.406701], [-96.06812, 30.406816], [-96.068564, 30.406492], [-96.069578, 30.406465], [-96.070086, 30.406008], [-96.070441, 30.405338], [-96.070967, 30.405327], [-96.071823, 30.405624], [-96.072939, 30.405519], [-96.073154, 30.405266], [-96.07375, 30.405184], [-96.07401, 30.404915], [-96.075196, 30.404398], [-96.077618, 30.403793], [-96.078537, 30.403331], [-96.078873, 30.403315], [-96.079418, 30.403463], [-96.080141, 30.40326], [-96.080547, 30.402913], [-96.080693, 30.402913], [-96.080832, 30.40304], [-96.081073, 30.403012], [-96.081149, 30.402847], [-96.080971, 30.402452], [-96.081035, 30.402281], [-96.081276, 30.402111], [-96.081732, 30.402039], [-96.082157, 30.401825], [-96.082239, 30.401462], [-96.082575, 30.401275], [-96.083292, 30.401204], [-96.083514, 30.40133], [-96.084604, 30.400912], [-96.085016, 30.400885], [-96.085232, 30.40061], [-96.085618, 30.400368], [-96.086265, 30.400648], [-96.086443, 30.400429], [-96.086474, 30.399648], [-96.086043, 30.398741], [-96.086087, 30.398175], [-96.085871, 30.397703], [-96.085935, 30.396713], [-96.08525, 30.395889], [-96.085174, 30.395614], [-96.085224, 30.395125], [-96.085433, 30.394845], [-96.085547, 30.39435], [-96.086168, 30.393823], [-96.087259, 30.393136], [-96.087823, 30.392553], [-96.087899, 30.392311], [-96.087829, 30.391283], [-96.088285, 30.390662], [-96.08954, 30.389442], [-96.089495, 30.389096], [-96.089698, 30.388782], [-96.090833, 30.388365], [-96.091898, 30.387831], [-96.092506, 30.388051], [-96.092741, 30.388023], [-96.093444, 30.387518], [-96.093596, 30.387199], [-96.09373, 30.387127], [-96.094129, 30.387243], [-96.094059, 30.387589], [-96.094161, 30.387765], [-96.094776, 30.387776], [-96.094877, 30.387473], [-96.095137, 30.387154], [-96.095238, 30.387094], [-96.095479, 30.387198], [-96.095923, 30.386396], [-96.096183, 30.386275], [-96.096645, 30.386401], [-96.096601, 30.386725], [-96.09714, 30.38717], [-96.097603, 30.387357], [-96.098104, 30.387423], [-96.098363, 30.387055], [-96.098554, 30.386939], [-96.098782, 30.386956], [-96.098839, 30.386791], [-96.09908, 30.386692], [-96.099194, 30.386373], [-96.099466, 30.386252], [-96.099485, 30.385807], [-96.099979, 30.384999], [-96.100771, 30.384207], [-96.101538, 30.383591], [-96.102349, 30.383228], [-96.102666, 30.383234], [-96.102787, 30.383663], [-96.10292, 30.383536], [-96.103009, 30.383564], [-96.103034, 30.383734], [-96.103294, 30.383772], [-96.103611, 30.383745], [-96.103788, 30.383547], [-96.104131, 30.383613], [-96.104866, 30.383283], [-96.105316, 30.383244], [-96.105538, 30.383513], [-96.105595, 30.384123], [-96.106122, 30.384162], [-96.106268, 30.384684], [-96.106807, 30.385376], [-96.107485, 30.38564], [-96.107662, 30.38542], [-96.107941, 30.385403], [-96.107992, 30.385634], [-96.108417, 30.385738], [-96.108753, 30.386079], [-96.108798, 30.386321], [-96.108696, 30.386502], [-96.109058, 30.387288], [-96.108868, 30.387936], [-96.109134, 30.388151], [-96.109217, 30.388156], [-96.109287, 30.388002], [-96.109534, 30.387958], [-96.109667, 30.388271], [-96.110098, 30.388442], [-96.111499, 30.388122], [-96.111968, 30.388369], [-96.112437, 30.388353], [-96.112754, 30.38849], [-96.113382, 30.38849], [-96.113794, 30.388704], [-96.113211, 30.389023], [-96.112888, 30.38932], [-96.113211, 30.389787], [-96.113079, 30.390452], [-96.113269, 30.390776], [-96.113219, 30.391491], [-96.112972, 30.392051], [-96.112731, 30.392183], [-96.11209, 30.392068], [-96.111862, 30.391958], [-96.111697, 30.391689], [-96.111583, 30.391656], [-96.11133, 30.391854], [-96.111469, 30.392068], [-96.111488, 30.392398], [-96.111825, 30.392739], [-96.112199, 30.394321], [-96.112343, 30.394433]], [[-96.079822, 30.229156], [-96.079568, 30.229963], [-96.079983, 30.2305], [-96.079909, 30.231169], [-96.079667, 30.2314], [-96.079151, 30.231492], [-96.07901, 30.231618], [-96.078998, 30.231792], [-96.079163, 30.231992], [-96.07914, 30.232168], [-96.077737, 30.234601], [-96.077633, 30.235456]], [[-96.050314, 30.691983], [-96.050241, 30.690559], [-96.050349, 30.690344], [-96.050839, 30.689993], [-96.050877, 30.68958], [-96.051176, 30.689278], [-96.051348, 30.688553], [-96.051113, 30.68809], [-96.051266, 30.687827], [-96.050763, 30.687399], [-96.050732, 30.687168], [-96.050395, 30.686855], [-96.050064, 30.685849], [-96.049892, 30.685783], [-96.05009, 30.685041], [-96.049912, 30.684909], [-96.049988, 30.684772], [-96.049931, 30.684552], [-96.050039, 30.684371], [-96.050198, 30.68436], [-96.050134, 30.684035], [-96.050382, 30.683585], [-96.050624, 30.683442], [-96.050611, 30.68336], [-96.050352, 30.68326], [-96.050311, 30.682644], [-96.050608, 30.682337], [-96.050403, 30.681972], [-96.05057, 30.681566], [-96.051115, 30.681474], [-96.051387, 30.68153], [-96.051521, 30.681293], [-96.051108, 30.680892], [-96.051178, 30.680134], [-96.051025, 30.679859], [-96.050688, 30.679914], [-96.050726, 30.679788], [-96.050517, 30.679639], [-96.050479, 30.67926], [-96.050504, 30.678941], [-96.05065, 30.678694], [-96.051108, 30.678908], [-96.051299, 30.678793], [-96.05067, 30.677672], [-96.050466, 30.677501], [-96.050555, 30.677359], [-96.051134, 30.677007], [-96.051159, 30.676677], [-96.050803, 30.676287], [-96.049983, 30.67577], [-96.04992, 30.675589], [-96.050104, 30.675303], [-96.050206, 30.674792], [-96.049983, 30.674292], [-96.050028, 30.674166], [-96.050359, 30.674171], [-96.050448, 30.673759], [-96.050887, 30.673171], [-96.050893, 30.673028], [-96.050607, 30.672984], [-96.050562, 30.672885], [-96.050887, 30.67266], [-96.050963, 30.672088], [-96.051357, 30.671501], [-96.051268, 30.671292], [-96.051618, 30.670786], [-96.051408, 30.670473], [-96.05083, 30.670495], [-96.050722, 30.67011], [-96.050455, 30.669923], [-96.050219, 30.669973], [-96.050061, 30.669753], [-96.05027, 30.669698], [-96.050366, 30.669517], [-96.050518, 30.669451], [-96.050328, 30.669181], [-96.050945, 30.668511], [-96.050741, 30.668264], [-96.050894, 30.668099], [-96.050671, 30.667983], [-96.05083, 30.667818], [-96.050811, 30.667588], [-96.05055, 30.667687], [-96.050411, 30.667626], [-96.050563, 30.667296], [-96.050481, 30.666763], [-96.050595, 30.666664], [-96.050843, 30.666813], [-96.051059, 30.666747], [-96.051002, 30.666478], [-96.051339, 30.666153], [-96.051415, 30.665802], [-96.051326, 30.665736], [-96.051136, 30.665802], [-96.051231, 30.665538], [-96.050741, 30.665395], [-96.050576, 30.66517], [-96.050837, 30.664961], [-96.050983, 30.665153], [-96.051117, 30.665126], [-96.05111, 30.664774], [-96.050996, 30.664604], [-96.051339, 30.66423], [-96.050685, 30.664005], [-96.050494, 30.663823], [-96.050449, 30.663647], [-96.050589, 30.663636], [-96.050627, 30.663488], [-96.050424, 30.66345], [-96.050437, 30.663142], [-96.050176, 30.663109], [-96.049693, 30.662845], [-96.049006, 30.662977], [-96.048829, 30.66262], [-96.049089, 30.662444], [-96.04907, 30.662328], [-96.048829, 30.662251], [-96.048632, 30.661982], [-96.048314, 30.662125], [-96.048091, 30.66202], [-96.04818, 30.661889], [-96.048079, 30.661718], [-96.04806, 30.661224], [-96.048231, 30.661158], [-96.048257, 30.660845], [-96.048581, 30.660614], [-96.048581, 30.660438], [-96.049153, 30.660312], [-96.049229, 30.660158], [-96.04942, 30.660064], [-96.049414, 30.659713], [-96.049509, 30.659575], [-96.049357, 30.659344], [-96.049414, 30.659174], [-96.048988, 30.65902], [-96.049109, 30.658773], [-96.048333, 30.658267], [-96.048232, 30.657926], [-96.047768, 30.657888], [-96.047507, 30.657657], [-96.047406, 30.656948], [-96.047736, 30.656316], [-96.047387, 30.656146], [-96.047469, 30.655833], [-96.047272, 30.655574], [-96.047266, 30.655382], [-96.047781, 30.65503], [-96.047851, 30.65453], [-96.047508, 30.654244], [-96.047374, 30.653552], [-96.047165, 30.653393], [-96.046656, 30.653261], [-96.046618, 30.652942], [-96.046339, 30.65248], [-96.045894, 30.652804], [-96.045474, 30.652612], [-96.045538, 30.651722], [-96.04562, 30.651661], [-96.045233, 30.651326], [-96.045195, 30.651156], [-96.045296, 30.650958], [-96.04522, 30.650518], [-96.045443, 30.650095], [-96.04529, 30.649842], [-96.045303, 30.649518], [-96.045588, 30.649353], [-96.045978, 30.649341], [-96.046013, 30.648562], [-96.046204, 30.648089], [-96.047072, 30.647176], [-96.047347, 30.646581], [-96.048132, 30.645936], [-96.048746, 30.645566], [-96.049337, 30.643924], [-96.050238, 30.64291]], [[-95.913394, 30.828412], [-95.913695, 30.829671], [-95.913717, 30.830182], [-95.913608, 30.830429], [-95.913315, 30.830512], [-95.912889, 30.830325], [-95.912335, 30.83022], [-95.912118, 30.830391], [-95.911882, 30.830363], [-95.911774, 30.830479], [-95.911488, 30.830456], [-95.911322, 30.830555], [-95.910959, 30.830407], [-95.9108, 30.83077], [-95.910239, 30.830951], [-95.909972, 30.830879], [-95.909666, 30.831022], [-95.909488, 30.831236], [-95.90866, 30.831539], [-95.908659, 30.83245], [-95.9085, 30.832611], [-95.908048, 30.832687], [-95.908399, 30.832869], [-95.908475, 30.833006], [-95.908685, 30.833055], [-95.908717, 30.833176], [-95.908653, 30.833275], [-95.908201, 30.833445], [-95.908099, 30.833929], [-95.90787, 30.834176], [-95.907914, 30.834336], [-95.908328, 30.834512], [-95.908392, 30.834671], [-95.908347, 30.835034], [-95.908041, 30.835127], [-95.908296, 30.835429], [-95.908309, 30.835583], [-95.908003, 30.835732], [-95.9082, 30.83605], [-95.908149, 30.836407], [-95.908353, 30.836539], [-95.908302, 30.836616], [-95.908137, 30.83655], [-95.907939, 30.836666], [-95.907875, 30.836919], [-95.908124, 30.837237], [-95.908321, 30.837149], [-95.908309, 30.836924], [-95.908525, 30.836957], [-95.90871, 30.837188], [-95.908518, 30.837699], [-95.908837, 30.837749], [-95.908964, 30.837869], [-95.9089, 30.837946], [-95.908321, 30.837996], [-95.908276, 30.83821], [-95.908378, 30.838435], [-95.908257, 30.838639], [-95.90797, 30.83882], [-95.908238, 30.840188], [-95.907875, 30.840535], [-95.907677, 30.840628], [-95.907403, 30.840474], [-95.907219, 30.840534], [-95.906735, 30.840474], [-95.906174, 30.840622], [-95.905467, 30.840567], [-95.904945, 30.840853], [-95.904868, 30.84121], [-95.904346, 30.841331], [-95.904295, 30.841441], [-95.904021, 30.841413], [-95.903919, 30.841529], [-95.904091, 30.841902], [-95.904002, 30.842007], [-95.903601, 30.841924], [-95.903371, 30.84204], [-95.903168, 30.841754], [-95.903053, 30.841732], [-95.902843, 30.841847], [-95.902714, 30.841824], [-95.902555, 30.841964], [-95.902103, 30.841979], [-95.901977, 30.841804], [-95.901951, 30.841358], [-95.901646, 30.841303], [-95.901429, 30.841512], [-95.900868, 30.841781], [-95.900053, 30.841962], [-95.900028, 30.842099], [-95.900174, 30.84227], [-95.900129, 30.842379], [-95.89969, 30.842429], [-95.899626, 30.842841], [-95.899231, 30.84261], [-95.898995, 30.843248], [-95.898817, 30.843264], [-95.89869, 30.843423], [-95.898327, 30.843396], [-95.898072, 30.843528], [-95.897696, 30.843451], [-95.897429, 30.843659], [-95.897053, 30.843357], [-95.896881, 30.843373], [-95.896613, 30.843522], [-95.896836, 30.84378], [-95.896843, 30.843983], [-95.896677, 30.844038], [-95.89632, 30.843967], [-95.896072, 30.844137], [-95.89581, 30.844555], [-95.895696, 30.845423], [-95.895836, 30.845802], [-95.895957, 30.845863], [-95.895956, 30.846038], [-95.895804, 30.846247], [-95.895606, 30.846995], [-95.895688, 30.847572], [-95.895472, 30.847813], [-95.89551, 30.848248], [-95.895274, 30.848676], [-95.895235, 30.849484], [-95.894093, 30.855529], [-95.893832, 30.855644], [-95.893437, 30.855561], [-95.893087, 30.855287], [-95.892367, 30.855303], [-95.891991, 30.855468], [-95.891711, 30.855347], [-95.890832, 30.855374], [-95.890125, 30.855203], [-95.889902, 30.855275], [-95.889596, 30.855802], [-95.889175, 30.85617], [-95.888984, 30.856143], [-95.888895, 30.856], [-95.88843, 30.856329], [-95.888302, 30.856769], [-95.887978, 30.856758], [-95.887863, 30.85695], [-95.887634, 30.856945], [-95.887474, 30.856538], [-95.887213, 30.856477], [-95.886277, 30.857038], [-95.886054, 30.856988], [-95.88564, 30.857136], [-95.885207, 30.857021], [-95.884901, 30.857383], [-95.88404, 30.857784]]]}},
    {"type": "Feature", "properties": {"name": "Dinner Creek", "Type": "Creek or other stream"}, "geometry": {"type": "LineString", "coordinates": [[-96.124182, 30.592296], [-96.124335, 30.592691], [-96.124316, 30.59334], [-96.12459, 30.593735], [-96.125009, 30.59384], [-96.125412, 30.593824], [-96.125584, 30.593961], [-96.125819, 30.593906], [-96.126238, 30.593643], [-96.126105, 30.593346], [-96.126219, 30.593275], [-96.126848, 30.593379], [-96.127115, 30.593544], [-96.127166, 30.593825], [-96.127464, 30.593803], [-96.127598, 30.593621], [-96.128042, 30.593517], [-96.128106, 30.593292], [-96.128005, 30.593127], [-96.128024, 30.592841], [-96.128234, 30.592462], [-96.128945, 30.592682], [-96.129142, 30.592666], [-96.12911, 30.592468], [-96.129511, 30.592188], [-96.129594, 30.592018], [-96.129308, 30.591666], [-96.129352, 30.591517], [-96.129677, 30.591463], [-96.13007, 30.591732], [-96.130782, 30.591529], [-96.130966, 30.591733], [-96.131029, 30.592112], [-96.131499, 30.592244], [-96.133132, 30.591338], [-96.133266, 30.591162], [-96.133234, 30.590843], [-96.13359, 30.590778], [-96.134645, 30.590338], [-96.134804, 30.589619], [-96.135294, 30.589476], [-96.13558, 30.589163], [-96.13516, 30.588948], [-96.135148, 30.588696], [-96.135396, 30.588663], [-96.135993, 30.588943], [-96.136336, 30.58891], [-96.136374, 30.588844], [-96.136171, 30.588669], [-96.136222, 30.588559], [-96.136546, 30.588416], [-96.136971, 30.588416], [-96.137391, 30.587751], [-96.13755, 30.587724], [-96.137886, 30.588015], [-96.138299, 30.587922], [-96.138401, 30.587411], [-96.13849, 30.587345], [-96.138674, 30.587493], [-96.138744, 30.587999], [-96.13903, 30.588038], [-96.139011, 30.587862], [-96.139481, 30.587247], [-96.139862, 30.586944], [-96.140028, 30.58695], [-96.140186, 30.58684], [-96.140263, 30.586318], [-96.139907, 30.58612], [-96.140276, 30.586027], [-96.140473, 30.586208], [-96.140708, 30.585923], [-96.140568, 30.585604], [-96.140918, 30.585538], [-96.14109, 30.584615], [-96.14081, 30.584604], [-96.140569, 30.584373], [-96.140766, 30.584219], [-96.140741, 30.584092], [-96.140233, 30.583955], [-96.140366, 30.583741], [-96.141148, 30.583472], [-96.141078, 30.583235], [-96.14165, 30.583065], [-96.141332, 30.582686], [-96.141739, 30.582516], [-96.141631, 30.58201], [-96.142044, 30.581895], [-96.142254, 30.581647], [-96.142152, 30.581417], [-96.141866, 30.581339], [-96.141898, 30.581065], [-96.142604, 30.580697], [-96.142547, 30.580466], [-96.142617, 30.580307], [-96.142813, 30.580587], [-96.143067, 30.580532], [-96.143315, 30.580692], [-96.143537, 30.580565], [-96.143493, 30.580329], [-96.143271, 30.580175], [-96.143373, 30.579988], [-96.143315, 30.579906], [-96.142915, 30.579894], [-96.143195, 30.579521], [-96.143481, 30.579549], [-96.14397, 30.579197], [-96.144008, 30.579725], [-96.144332, 30.579521], [-96.144415, 30.579159], [-96.145069, 30.579439], [-96.145177, 30.579445], [-96.145361, 30.579258], [-96.145406, 30.579093], [-96.145107, 30.578917], [-96.145234, 30.578642], [-96.144987, 30.578373], [-96.144962, 30.578214], [-96.145425, 30.578192], [-96.145673, 30.577708], [-96.145597, 30.577527], [-96.145661, 30.577345], [-96.146493, 30.577011], [-96.146506, 30.576714], [-96.147175, 30.576491], [-96.146748, 30.575811], [-96.147217, 30.575671], [-96.148199, 30.575972], [-96.151035, 30.574957], [-96.151918, 30.574479], [-96.152776, 30.573484], [-96.153176, 30.573495], [-96.153564, 30.573298], [-96.15385, 30.573595], [-96.154504, 30.573584], [-96.155158, 30.573293], [-96.155285, 30.573111], [-96.15566, 30.572952], [-96.155762, 30.572782], [-96.155794, 30.572238], [-96.156067, 30.572029], [-96.156461, 30.571908], [-96.156619, 30.572276], [-96.156727, 30.57237], [-96.156981, 30.572375], [-96.157236, 30.572112], [-96.157287, 30.571771], [-96.157966, 30.571364], [-96.15843, 30.570925], [-96.159148, 30.570777], [-96.159389, 30.570821], [-96.159421, 30.571227], [-96.159529, 30.57137], [-96.160024, 30.571349], [-96.160475, 30.571151], [-96.160824, 30.571321], [-96.161142, 30.571079], [-96.161517, 30.570981], [-96.161898, 30.571036], [-96.162101, 30.571146], [-96.162222, 30.57142], [-96.162787, 30.571745], [-96.163047, 30.572036], [-96.163625, 30.572262], [-96.164044, 30.572119], [-96.164273, 30.572212], [-96.164336, 30.572372], [-96.164216, 30.572685], [-96.164432, 30.572982], [-96.165498, 30.572956]]}},
    {"type": "Feature", "properties": {"name": "Dry Creek", "Type": "Creek or other stream"}, "geometry": {"type": "MultiLineString", "coordinates": [[[-96.11456, 30.583259], [-96.114395, 30.583044], [-96.114592, 30.582731], [-96.114859, 30.582572], [-96.11489, 30.582352], [-96.114859, 30.582264], [-96.114668, 30.582226], [-96.11456, 30.582039], [-96.114738, 30.581951], [-96.115074, 30.582132], [-96.115157, 30.581879], [-96.114649, 30.581544], [-96.11461, 30.581346], [-96.114915, 30.581253], [-96.114953, 30.581148], [-96.114623, 30.5805], [-96.114394, 30.580275], [-96.114108, 30.580374], [-96.114025, 30.580313], [-96.114197, 30.580082], [-96.114711, 30.579736], [-96.114965, 30.578884], [-96.114787, 30.578483], [-96.114603, 30.578543], [-96.114469, 30.578794], [-96.114113, 30.579027], [-96.113787, 30.578962], [-96.113485, 30.578506], [-96.113842, 30.578413], [-96.113579, 30.576835], [-96.113687, 30.576725], [-96.114087, 30.576736], [-96.114138, 30.576472], [-96.113985, 30.576164], [-96.113363, 30.575906], [-96.113331, 30.575626], [-96.113217, 30.575527], [-96.112918, 30.575631], [-96.112829, 30.576076], [-96.112677, 30.576153], [-96.112531, 30.576049], [-96.112575, 30.57573], [-96.11234, 30.575653], [-96.112226, 30.575483], [-96.112524, 30.574653], [-96.111978, 30.574351], [-96.111304, 30.574142], [-96.111101, 30.573725], [-96.108414, 30.573924], [-96.108173, 30.573869], [-96.107181, 30.572204], [-96.106762, 30.571957], [-96.1064, 30.57122], [-96.106412, 30.570841], [-96.106101, 30.570209], [-96.105865, 30.569077], [-96.105579, 30.568291], [-96.104258, 30.566813], [-96.103495, 30.566264], [-96.101679, 30.565165], [-96.101374, 30.565435], [-96.100929, 30.565435], [-96.100517, 30.565737], [-96.100421, 30.56571], [-96.100288, 30.565539], [-96.100586, 30.565072], [-96.10044, 30.564781], [-96.100148, 30.564973], [-96.099945, 30.564847], [-96.098764, 30.564902], [-96.098376, 30.564655], [-96.097826, 30.564517], [-96.09745, 30.564639], [-96.0975, 30.564424], [-96.096725, 30.564122], [-96.095749, 30.564313], [-96.094506, 30.563243], [-96.094254, 30.561952], [-96.093555, 30.560864], [-96.095129, 30.558814], [-96.095358, 30.55789], [-96.095345, 30.557044], [-96.095192, 30.556467], [-96.095382, 30.555901], [-96.095586, 30.555654]], [[-96.114139, 30.592338], [-96.113821, 30.591409], [-96.113071, 30.590657], [-96.112943, 30.589435], [-96.113046, 30.589098], [-96.113185, 30.589024], [-96.113061, 30.588789], [-96.11328, 30.588396], [-96.113444, 30.58676], [-96.11319, 30.586491], [-96.113215, 30.586254], [-96.11338, 30.586012], [-96.113202, 30.585441], [-96.113285, 30.585331], [-96.113539, 30.585342], [-96.113818, 30.584985], [-96.114028, 30.584891], [-96.114288, 30.58405], [-96.114211, 30.58349], [-96.11456, 30.583259]]]}},
    {"type": "Feature", "properties": {"name": "Elm Grove Creek", "Type": "Creek or other stream"}, "geometry": {"type": "LineString", "coordinates": [[-95.988, 30.319543], [-95.988539, 30.319625], [-95.988722, 30.319471], [-95.989027, 30.319823], [-95.989981, 30.320213], [-95.990078, 30.320075], [-95.990287, 30.320009], [-95.991219, 30.320635], [-95.991757, 30.320646], [-95.992004, 30.320756], [-95.992049, 30.320904], [-95.991827, 30.321025], [-95.991853, 30.321102], [-95.99229, 30.321157], [-95.992879, 30.32142], [-95.993158, 30.321393], [-95.993677, 30.321634], [-95.994963, 30.321507], [-95.99535, 30.321765], [-95.996414, 30.322105], [-95.996769, 30.322473], [-95.997472, 30.322567], [-95.998239, 30.322813], [-95.998771, 30.322791], [-96.000008, 30.32234], [-96.000293, 30.322346], [-96.001199, 30.321846], [-96.001408, 30.321824], [-96.001706, 30.321962], [-96.002226, 30.321984], [-96.002643, 30.322215], [-96.002827, 30.32222], [-96.003214, 30.322001], [-96.003866, 30.322056], [-96.004373, 30.322243], [-96.004525, 30.322408], [-96.005044, 30.322194], [-96.005513, 30.322238], [-96.00583, 30.322403], [-96.00645, 30.322453], [-96.006546, 30.322343], [-96.006463, 30.321991], [-96.006844, 30.321717], [-96.008143, 30.321157], [-96.008668, 30.321256], [-96.008985, 30.321135], [-96.009099, 30.320987], [-96.008928, 30.320624], [-96.009207, 30.320366], [-96.009714, 30.320454], [-96.009891, 30.320603], [-96.010563, 30.320455], [-96.010595, 30.320339], [-96.010272, 30.320196], [-96.010259, 30.320081], [-96.010684, 30.319817], [-96.010861, 30.319361], [-96.011957, 30.319301], [-96.012128, 30.319109], [-96.012046, 30.318774], [-96.012179, 30.318543], [-96.012445, 30.318471], [-96.012996, 30.318587], [-96.013681, 30.317999], [-96.013706, 30.317791], [-96.013276, 30.317274], [-96.013308, 30.316713], [-96.013479, 30.316609], [-96.014055, 30.316593], [-96.014106, 30.316444], [-96.013967, 30.316038], [-96.014575, 30.315659], [-96.014531, 30.315461], [-96.014271, 30.315191], [-96.014234, 30.314928], [-96.014455, 30.314713], [-96.01483, 30.313851], [-96.01507, 30.313609], [-96.01533, 30.313538], [-96.01552, 30.313312], [-96.015552, 30.312906], [-96.01502, 30.312521], [-96.01502, 30.312312], [-96.015242, 30.312164], [-96.015673, 30.312158], [-96.016452, 30.312258], [-96.016667, 30.312368], [-96.016269, 30.311675], [-96.016307, 30.311213], [-96.016529, 30.310867], [-96.016909, 30.310681], [-96.017352, 30.31062], [-96.017511, 30.310417], [-96.017473, 30.310153], [-96.017156, 30.309708], [-96.017137, 30.30945], [-96.017397, 30.309197], [-96.017771, 30.308263], [-96.018316, 30.307999], [-96.018374, 30.307428], [-96.018101, 30.307219], [-96.018038, 30.306983], [-96.018311, 30.306658], [-96.018665, 30.306444], [-96.018995, 30.305829], [-96.019274, 30.305659], [-96.019876, 30.305554], [-96.020173, 30.305065], [-96.020155, 30.304911], [-96.019838, 30.304692], [-96.019762, 30.304455], [-96.01994, 30.303257], [-96.020124, 30.302933], [-96.019598, 30.302576], [-96.01956, 30.302378], [-96.019744, 30.302153], [-96.020226, 30.30212], [-96.020346, 30.301845], [-96.020365, 30.301427], [-96.019435, 30.300344], [-96.019631, 30.299894], [-96.020062, 30.299696], [-96.020183, 30.299081], [-96.019923, 30.298328], [-96.019937, 30.297432], [-96.019348, 30.296789], [-96.019209, 30.296459], [-96.019411, 30.296179], [-96.019944, 30.296097], [-96.019747, 30.295734], [-96.019811, 30.295563], [-96.020248, 30.295487], [-96.019881, 30.294805], [-96.020242, 30.294355], [-96.020223, 30.293893], [-96.020002, 30.293645], [-96.019913, 30.293321], [-96.020116, 30.292876], [-96.019989, 30.292805], [-96.019204, 30.292914], [-96.019166, 30.292661], [-96.019717, 30.29231], [-96.019724, 30.292101], [-96.019559, 30.291969], [-96.019034, 30.29187], [-96.018521, 30.290985], [-96.018648, 30.290754], [-96.01918, 30.290601], [-96.019364, 30.290271], [-96.020016, 30.289733], [-96.020162, 30.289304], [-96.020156, 30.288985], [-96.020454, 30.288573], [-96.020486, 30.287694], [-96.021189, 30.287128], [-96.021119, 30.286496], [-96.020835, 30.286254], [-96.02105, 30.285968], [-96.020974, 30.285655], [-96.021044, 30.285111], [-96.021361, 30.284507], [-96.021798, 30.284287], [-96.021887, 30.283721], [-96.022248, 30.283193], [-96.022305, 30.282402], [-96.022192, 30.282089], [-96.02223, 30.281732], [-96.02211, 30.281545], [-96.02147, 30.281385], [-96.021103, 30.280808], [-96.020825, 30.28055], [-96.020552, 30.280473], [-96.019843, 30.280472], [-96.019552, 30.280099], [-96.019533, 30.279912], [-96.019736, 30.279659], [-96.019768, 30.279142], [-96.019901, 30.278829], [-96.020572, 30.27795], [-96.019864, 30.27684], [-96.019769, 30.276219], [-96.019611, 30.276147], [-96.019313, 30.27629], [-96.018845, 30.276169], [-96.018256, 30.276499], [-96.017629, 30.276169], [-96.017141, 30.276317], [-96.016787, 30.27613], [-96.016369, 30.276086], [-96.015729, 30.2763], [-96.015527, 30.276113], [-96.015039, 30.276135], [-96.01433, 30.275969], [-96.014305, 30.275728], [-96.014527, 30.275557], [-96.014572, 30.274392], [-96.014325, 30.274106], [-96.014319, 30.273419], [-96.014534, 30.273211], [-96.014212, 30.272875], [-96.014111, 30.271798], [-96.013984, 30.271738], [-96.013807, 30.271842], [-96.013604, 30.271815], [-96.012997, 30.271259], [-96.012414, 30.271457], [-96.012529, 30.27049]]}},
    {"type": "Feature", "properties": {"name": "Flagtail Creek", "Type": "Creek or other stream"}, "geometry": {"type": "LineString", "coordinates": [[-95.91551, 30.598667], [-95.914995, 30.598489], [-95.91488, 30.598368], [-95.914652, 30.598401], [-95.914105, 30.59812], [-95.913915, 30.597906], [-95.912873, 30.597345], [-95.912689, 30.597125], [-95.912225, 30.596999], [-95.911336, 30.59646], [-95.911145, 30.596196], [-95.910529, 30.596103], [-95.910383, 30.595872], [-95.909983, 30.595559], [-95.909926, 30.595246], [-95.909481, 30.595169], [-95.908967, 30.594817], [-95.908452, 30.594756], [-95.907918, 30.594899], [-95.907753, 30.594657], [-95.907772, 30.594289], [-95.907035, 30.594107], [-95.906178, 30.59358], [-95.905784, 30.593596], [-95.905619, 30.593514], [-95.904889, 30.592574], [-95.904876, 30.591986], [-95.904489, 30.591139], [-95.904247, 30.591024], [-95.90407, 30.590755], [-95.903479, 30.590287], [-95.903244, 30.590392], [-95.902933, 30.59015], [-95.902844, 30.588908], [-95.901961, 30.588402], [-95.901701, 30.588506], [-95.901517, 30.588462], [-95.901237, 30.58816], [-95.901104, 30.587847], [-95.900805, 30.587814], [-95.900691, 30.58694], [-95.900463, 30.586682], [-95.900075, 30.586632], [-95.899408, 30.586104], [-95.898614, 30.58617], [-95.89836, 30.585873], [-95.897662, 30.58545], [-95.897256, 30.584664], [-95.896944, 30.584532], [-95.895872, 30.582048], [-95.895097, 30.581921], [-95.893909, 30.58158], [-95.893039, 30.581173], [-95.892607, 30.581096], [-95.892468, 30.580947], [-95.891839, 30.58081], [-95.89114, 30.580321], [-95.890931, 30.580271], [-95.891007, 30.579809], [-95.890855, 30.579628], [-95.890702, 30.579601], [-95.890505, 30.579804], [-95.8902, 30.579683], [-95.890118, 30.579512], [-95.89041, 30.579188], [-95.890156, 30.578754], [-95.890176, 30.578309], [-95.889979, 30.577908], [-95.889788, 30.577743], [-95.889452, 30.577809], [-95.889376, 30.577506], [-95.889122, 30.577308], [-95.889217, 30.576951], [-95.88916, 30.576819], [-95.888792, 30.576731], [-95.88862, 30.57594], [-95.888836, 30.575857], [-95.888856, 30.575506], [-95.888519, 30.575258], [-95.888202, 30.575203], [-95.8885, 30.574835], [-95.888183, 30.574796], [-95.887884, 30.574972], [-95.887719, 30.574796], [-95.887541, 30.574928], [-95.887382, 30.574923], [-95.887154, 30.574708], [-95.886766, 30.574719], [-95.88662, 30.574417], [-95.885973, 30.574213], [-95.885941, 30.573861], [-95.885681, 30.573685], [-95.885452, 30.573367], [-95.885471, 30.573202], [-95.885948, 30.573054], [-95.885935, 30.572878], [-95.885586, 30.572729], [-95.885199, 30.572168], [-95.884869, 30.572025], [-95.884666, 30.571558], [-95.884386, 30.571613], [-95.884507, 30.57136], [-95.884247, 30.570827], [-95.883605, 30.570777], [-95.88304, 30.57036], [-95.882805, 30.570546], [-95.882462, 30.570502], [-95.882119, 30.570749], [-95.881776, 30.570705], [-95.881681, 30.570595], [-95.881706, 30.570409], [-95.881986, 30.570381], [-95.882107, 30.570068], [-95.881967, 30.56976], [-95.881904, 30.569167], [-95.880932, 30.569205], [-95.880539, 30.568919], [-95.880361, 30.568891], [-95.879529, 30.569215], [-95.879179, 30.569193], [-95.878754, 30.568715], [-95.87817, 30.568605], [-95.877884, 30.568396], [-95.877808, 30.568192], [-95.877916, 30.567813], [-95.877522, 30.567725], [-95.877383, 30.567576], [-95.8773, 30.56712], [-95.877478, 30.566917], [-95.877415, 30.566752], [-95.876901, 30.566494], [-95.876329, 30.566504], [-95.875885, 30.566048], [-95.875332, 30.56607], [-95.874468, 30.565702], [-95.873604, 30.565208], [-95.873223, 30.564878], [-95.872835, 30.564966], [-95.872467, 30.564928], [-95.872168, 30.565082], [-95.8718, 30.565066], [-95.871311, 30.565297], [-95.870968, 30.565352], [-95.869571, 30.565276], [-95.869012, 30.565353], [-95.868403, 30.565656], [-95.867717, 30.565617], [-95.866745, 30.565849], [-95.866155, 30.565866], [-95.866129, 30.566096], [-95.865913, 30.566179], [-95.865367, 30.566047], [-95.864471, 30.565493], [-95.862184, 30.563713], [-95.86212, 30.563477], [-95.861777, 30.563345], [-95.860507, 30.563373], [-95.860018, 30.563258], [-95.859485, 30.563621], [-95.858818, 30.563659], [-95.858475, 30.563577], [-95.858088, 30.563764], [-95.857561, 30.563781], [-95.857376, 30.563748], [-95.857173, 30.563539], [-95.856297, 30.563385], [-95.85617, 30.563193], [-95.855757, 30.563171], [-95.855325, 30.562891], [-95.855191, 30.56299], [-95.854906, 30.562952], [-95.854696, 30.563073], [-95.854493, 30.563007], [-95.854061, 30.563057], [-95.853979, 30.563392], [-95.853674, 30.563546], [-95.853312, 30.563359], [-95.850568, 30.563107], [-95.850092, 30.562942], [-95.84985, 30.562772], [-95.849666, 30.562437], [-95.849304, 30.562586], [-95.849018, 30.562492], [-95.849107, 30.562151], [-95.848859, 30.561882], [-95.848364, 30.561844], [-95.847919, 30.561663], [-95.84776, 30.561883], [-95.847576, 30.561965], [-95.847557, 30.561806], [-95.847684, 30.561608], [-95.847665, 30.561135], [-95.847608, 30.561042], [-95.847347, 30.561042], [-95.847303, 30.560954], [-95.847277, 30.560058], [-95.847042, 30.559025], [-95.847105, 30.558745], [-95.846844, 30.558332], [-95.846679, 30.557613], [-95.84638, 30.557338], [-95.846253, 30.557025], [-95.845821, 30.556662], [-95.845453, 30.556695], [-95.845396, 30.556519], [-95.845529, 30.55636]]}},
    {"type": "Feature", "properties": {"name": "Floyds Creek", "Type": "Creek or other stream"}, "geometry": {"type": "LineString", "coordinates": [[-95.89489, 30.426881], [-95.894801, 30.426425], [-95.894649, 30.426189], [-95.894256, 30.426051], [-95.893812, 30.425644], [-95.893578, 30.425276], [-95.893305, 30.4251], [-95.893185, 30.424589], [-95.892735, 30.423885], [-95.892551, 30.423731], [-95.891955, 30.42361], [-95.891872, 30.423193], [-95.891302, 30.422731], [-95.89151, 30.42143], [-95.890732, 30.419966], [-95.890086, 30.419235], [-95.89001, 30.418773], [-95.89022, 30.417806], [-95.889377, 30.41552], [-95.889194, 30.414536], [-95.888833, 30.414129], [-95.888846, 30.41353], [-95.888402, 30.412068], [-95.888479, 30.411436], [-95.888739, 30.411106], [-95.888701, 30.410864], [-95.887896, 30.410507], [-95.88775, 30.410314], [-95.887339, 30.409237], [-95.886819, 30.408588], [-95.88637, 30.406643], [-95.886142, 30.406098], [-95.885609, 30.405378], [-95.88528, 30.405158], [-95.885667, 30.404532], [-95.885699, 30.404043], [-95.885103, 30.403059], [-95.884336, 30.402938], [-95.884527, 30.402586], [-95.884413, 30.402432], [-95.8844, 30.40202], [-95.884946, 30.401344], [-95.88454, 30.40075], [-95.884242, 30.400519], [-95.883995, 30.400525], [-95.883216, 30.400096], [-95.882696, 30.400068], [-95.882309, 30.399936], [-95.881764, 30.399601], [-95.881289, 30.398051], [-95.881366, 30.397693], [-95.881562, 30.39738], [-95.881556, 30.397105], [-95.881461, 30.39699], [-95.881074, 30.396863]]}},
    {"type": "Feature", "properties": {"name": "Garretts Creek", "Type": "Creek or other stream"}, "geometry": {"type": "LineString", "coordinates": [[-95.918167, 30.566222], [-95.918032, 30.56562], [-95.917553, 30.565141], [-95.917229, 30.564449], [-95.91681, 30.56402], [-95.916423, 30.56319], [-95.91608, 30.562921], [-95.916118, 30.562685], [-95.915896, 30.562146], [-95.915909, 30.561608], [-95.915521, 30.561124], [-95.915318, 30.560607], [-95.915064, 30.560569], [-95.914925, 30.559942], [-95.91502, 30.559503], [-95.915217, 30.559409], [-95.915623, 30.55886], [-95.915566, 30.558673], [-95.915217, 30.558486], [-95.914747, 30.557645], [-95.915008, 30.557332], [-95.914989, 30.55703], [-95.915338, 30.556161], [-95.915192, 30.555024], [-95.9153, 30.554117], [-95.91525, 30.553749], [-95.914831, 30.55299], [-95.914329, 30.552776], [-95.914196, 30.552556], [-95.914171, 30.552056], [-95.913942, 30.551589], [-95.913758, 30.550627], [-95.913765, 30.549792], [-95.913892, 30.549187], [-95.913676, 30.548978], [-95.913638, 30.548693], [-95.913974, 30.547934], [-95.91428, 30.546648], [-95.914629, 30.545731], [-95.914559, 30.545164], [-95.914775, 30.544763], [-95.914515, 30.544093], [-95.914699, 30.543834], [-95.914687, 30.543598], [-95.914058, 30.542213], [-95.914179, 30.54168], [-95.914116, 30.541504], [-95.91395, 30.541163], [-95.91376, 30.540999], [-95.913595, 30.540361], [-95.912389, 30.539756], [-95.912059, 30.539498], [-95.911945, 30.539234], [-95.911513, 30.539003], [-95.911196, 30.538602], [-95.910783, 30.538355], [-95.909875, 30.538234], [-95.909678, 30.538085], [-95.909596, 30.537876], [-95.908878, 30.537777], [-95.909005, 30.537536], [-95.908872, 30.537206], [-95.90919, 30.537156], [-95.908771, 30.536821], [-95.908136, 30.536052], [-95.907546, 30.535826], [-95.906587, 30.535699], [-95.906378, 30.534754], [-95.906022, 30.534353], [-95.905432, 30.534303], [-95.905413, 30.533886], [-95.904791, 30.533836], [-95.904385, 30.533572], [-95.904048, 30.533198], [-95.903172, 30.533171], [-95.902607, 30.533247], [-95.902391, 30.533198], [-95.902099, 30.53283], [-95.901337, 30.532752], [-95.901096, 30.532593], [-95.90088, 30.532642], [-95.9005, 30.532505], [-95.899998, 30.531988], [-95.899643, 30.531889], [-95.899478, 30.531752], [-95.899179, 30.53173], [-95.899103, 30.53129], [-95.89878, 30.531081], [-95.898234, 30.531246], [-95.897942, 30.531086], [-95.897656, 30.531312], [-95.897154, 30.531317], [-95.896361, 30.530547], [-95.895168, 30.530003], [-95.894901, 30.529772], [-95.894222, 30.529645], [-95.89299, 30.529744], [-95.892616, 30.529661], [-95.892146, 30.529282], [-95.891562, 30.529128], [-95.891296, 30.528683], [-95.890826, 30.528754], [-95.890559, 30.528534], [-95.890115, 30.528353], [-95.889658, 30.52838], [-95.889404, 30.528209], [-95.888883, 30.528424], [-95.888566, 30.528325], [-95.888134, 30.528473], [-95.887753, 30.528319], [-95.887398, 30.528418], [-95.887093, 30.528297], [-95.886744, 30.528527], [-95.886388, 30.528197], [-95.886204, 30.52834], [-95.885976, 30.528335], [-95.885697, 30.527999], [-95.884528, 30.528087], [-95.883792, 30.52796], [-95.883348, 30.528053], [-95.883043, 30.527949], [-95.880935, 30.528563], [-95.880808, 30.528497], [-95.880427, 30.528536], [-95.880015, 30.528107], [-95.879469, 30.527156], [-95.879152, 30.526952], [-95.879051, 30.526623], [-95.878828, 30.526463], [-95.878822, 30.526342], [-95.87907, 30.526348], [-95.879083, 30.526221], [-95.878784, 30.526034], [-95.878499, 30.525523], [-95.87756, 30.524929], [-95.877115, 30.524693], [-95.875884, 30.524362], [-95.875573, 30.524192], [-95.875135, 30.524527], [-95.874789, 30.524588], [-95.874338, 30.524286], [-95.874268, 30.523714], [-95.873532, 30.523638], [-95.873297, 30.523182], [-95.872998, 30.523149], [-95.872611, 30.522946], [-95.871125, 30.521721], [-95.870433, 30.521567], [-95.86983, 30.521579], [-95.86955, 30.521111], [-95.869112, 30.521024], [-95.868255, 30.520518], [-95.867905, 30.520458], [-95.867448, 30.520519], [-95.866521, 30.519623], [-95.865493, 30.519371], [-95.864343, 30.518646], [-95.863969, 30.518602], [-95.863124, 30.518267], [-95.863143, 30.518146], [-95.86287, 30.517877], [-95.862813, 30.51763], [-95.862635, 30.51757], [-95.861918, 30.517669], [-95.861169, 30.517598], [-95.860153, 30.51718], [-95.859099, 30.517192], [-95.858566, 30.517401], [-95.857887, 30.517428], [-95.857106, 30.51728], [-95.856573, 30.517055], [-95.855957, 30.516319], [-95.856096, 30.516132], [-95.856058, 30.515522], [-95.855867, 30.515374], [-95.855632, 30.514874], [-95.855651, 30.51461], [-95.855822, 30.514516], [-95.855752, 30.514341], [-95.854311, 30.513242], [-95.854114, 30.513055], [-95.854146, 30.512808], [-95.853765, 30.512583], [-95.853619, 30.512335], [-95.85313, 30.512231], [-95.852743, 30.511945], [-95.852063, 30.511775], [-95.850762, 30.511199], [-95.850368, 30.510775], [-95.850083, 30.510666], [-95.85007, 30.510567], [-95.850298, 30.510479], [-95.850406, 30.51033], [-95.850025, 30.510116], [-95.849466, 30.509484], [-95.84894, 30.50944], [-95.848413, 30.508968], [-95.847397, 30.508479], [-95.847194, 30.508424], [-95.846692, 30.508507], [-95.845429, 30.508045], [-95.844927, 30.507771], [-95.844527, 30.507403], [-95.844064, 30.507183], [-95.843728, 30.507161], [-95.84329, 30.507419], [-95.842007, 30.507315], [-95.841627, 30.506931], [-95.840909, 30.506661], [-95.840554, 30.506403], [-95.840312, 30.506183], [-95.840236, 30.505859], [-95.83995, 30.505486], [-95.839436, 30.505266], [-95.839379, 30.504474], [-95.83922, 30.504562], [-95.838795, 30.504474], [-95.838757, 30.504139], [-95.838059, 30.503865], [-95.837887, 30.503562], [-95.837005, 30.503024], [-95.836395, 30.502348], [-95.836052, 30.502139], [-95.834967, 30.502178], [-95.834847, 30.50226], [-95.834872, 30.502557], [-95.83477, 30.50259], [-95.834498, 30.502447], [-95.834301, 30.502634], [-95.834047, 30.502321], [-95.833311, 30.502469], [-95.832898, 30.502442], [-95.832854, 30.502101], [-95.832555, 30.50231], [-95.83239, 30.502305], [-95.832397, 30.501865], [-95.831933, 30.501667], [-95.831844, 30.501728], [-95.831882, 30.502008], [-95.831724, 30.502558], [-95.831603, 30.502684], [-95.831445, 30.502701], [-95.831299, 30.502591], [-95.831343, 30.502365], [-95.831261, 30.502162], [-95.831026, 30.501904], [-95.830372, 30.502778], [-95.830397, 30.502882], [-95.830778, 30.503091], [-95.830271, 30.503443], [-95.830252, 30.503547], [-95.830512, 30.503805], [-95.830487, 30.503943], [-95.830169, 30.50435], [-95.829896, 30.504267], [-95.829249, 30.504553], [-95.829046, 30.504493], [-95.82897, 30.504273], [-95.828824, 30.504372], [-95.828538, 30.504361], [-95.828348, 30.504542], [-95.827967, 30.504454], [-95.827986, 30.504262], [-95.827726, 30.503943], [-95.827744, 30.503679], [-95.827459, 30.503652], [-95.827243, 30.503339], [-95.826399, 30.503047], [-95.826164, 30.502888], [-95.825891, 30.502432], [-95.825796, 30.502053], [-95.825466, 30.501805], [-95.825326, 30.501866], [-95.825237, 30.502339], [-95.825142, 30.502427], [-95.824888, 30.502229], [-95.824463, 30.502355], [-95.823714, 30.502317], [-95.823454, 30.502504], [-95.823327, 30.5028], [-95.82313, 30.502954], [-95.822146, 30.503174], [-95.82061, 30.50368], [-95.82049, 30.503889], [-95.820464, 30.504367], [-95.820242, 30.504581], [-95.819976, 30.504548], [-95.819766, 30.504285], [-95.819792, 30.503784], [-95.819709, 30.503647], [-95.819538, 30.503598], [-95.81882, 30.503697], [-95.818433, 30.503614], [-95.818122, 30.503422], [-95.818211, 30.502977], [-95.818084, 30.502966], [-95.817983, 30.503084]]}},
    {"type": "Feature", "properties": {"name": "Geter Creek", "Type": "Creek or other stream"}, "geometry": {"type": "LineString", "coordinates": [[-95.903202, 30.489038], [-95.902762, 30.488006], [-95.90207, 30.487155], [-95.901622, 30.486401], [-95.901081, 30.486045], [-95.90011, 30.484929], [-95.899926, 30.484583], [-95.899038, 30.484549], [-95.898296, 30.483824], [-95.89834, 30.483692], [-95.897921, 30.483093], [-95.897846, 30.482038], [-95.897497, 30.481455], [-95.896463, 30.480433], [-95.894801, 30.478173], [-95.894624, 30.477739], [-95.894687, 30.47742], [-95.894414, 30.477382], [-95.894427, 30.47714], [-95.894097, 30.477167], [-95.893799, 30.477074], [-95.89378, 30.47664], [-95.893444, 30.476579], [-95.893507, 30.476332], [-95.893279, 30.475964], [-95.89352, 30.475678], [-95.89352, 30.475497], [-95.893203, 30.47537], [-95.892493, 30.474798], [-95.892486, 30.474567], [-95.892321, 30.474353], [-95.892379, 30.474161], [-95.892093, 30.473913], [-95.892138, 30.473215], [-95.891586, 30.472391], [-95.891707, 30.472045], [-95.891523, 30.47194], [-95.891269, 30.472083], [-95.891155, 30.471874], [-95.891307, 30.471687], [-95.891269, 30.471572], [-95.890876, 30.471489], [-95.890705, 30.47122], [-95.891092, 30.470929], [-95.891041, 30.470802], [-95.890724, 30.470692], [-95.890984, 30.47055], [-95.890965, 30.470346], [-95.890712, 30.470286], [-95.89068, 30.470489], [-95.890312, 30.470516], [-95.890026, 30.470346], [-95.889931, 30.470148], [-95.889417, 30.470302], [-95.889062, 30.470307], [-95.888821, 30.470225], [-95.888745, 30.469873], [-95.888466, 30.469587], [-95.88844, 30.469301], [-95.888269, 30.469274], [-95.888073, 30.469395], [-95.887958, 30.46934], [-95.887774, 30.468966], [-95.887768, 30.468834], [-95.887984, 30.468565], [-95.887756, 30.46818], [-95.88775, 30.467757], [-95.887147, 30.467064], [-95.887243, 30.466569], [-95.887484, 30.466075], [-95.887421, 30.465674], [-95.887592, 30.464866], [-95.887478, 30.464454], [-95.88711, 30.464201], [-95.887276, 30.463464], [-95.887136, 30.463118], [-95.886781, 30.462915], [-95.886769, 30.462371], [-95.886299, 30.462365], [-95.885957, 30.462145], [-95.885437, 30.461315], [-95.884961, 30.461078], [-95.884822, 30.460826], [-95.884301, 30.46071], [-95.88401, 30.460408], [-95.883737, 30.460429], [-95.883553, 30.459995], [-95.88328, 30.459946], [-95.882716, 30.46016], [-95.882468, 30.459934], [-95.882088, 30.460099], [-95.881682, 30.460006], [-95.881504, 30.460077], [-95.881307, 30.459978], [-95.881251, 30.459676], [-95.880832, 30.45967], [-95.880635, 30.459555], [-95.88087, 30.45912], [-95.880084, 30.458631], [-95.879665, 30.45868], [-95.879335, 30.458532], [-95.878447, 30.458729], [-95.878326, 30.458647], [-95.878453, 30.458504], [-95.878396, 30.458389], [-95.878282, 30.458388], [-95.878124, 30.458575], [-95.877844, 30.458333], [-95.877641, 30.458454], [-95.877496, 30.4583], [-95.877654, 30.457965], [-95.877356, 30.457822], [-95.877077, 30.457388], [-95.876817, 30.45764], [-95.876494, 30.45736], [-95.876335, 30.457393], [-95.875999, 30.457629], [-95.876043, 30.457855], [-95.875783, 30.45792], [-95.875757, 30.458223], [-95.875605, 30.458261], [-95.875396, 30.458255], [-95.875275, 30.45797], [-95.874794, 30.457508], [-95.874622, 30.457563], [-95.874692, 30.457723], [-95.87461, 30.457866], [-95.874407, 30.457893], [-95.874191, 30.457415], [-95.874445, 30.457283], [-95.874432, 30.457212], [-95.874279, 30.457085], [-95.87402, 30.457278], [-95.873937, 30.457212], [-95.873892, 30.456651], [-95.873981, 30.45614], [-95.8736, 30.455871], [-95.873346, 30.455816], [-95.873155, 30.455393], [-95.872762, 30.455245], [-95.872654, 30.455069], [-95.872419, 30.455009], [-95.872242, 30.455179], [-95.872115, 30.455157], [-95.871861, 30.454866], [-95.871759, 30.454399], [-95.870998, 30.453751], [-95.870838, 30.453185], [-95.870559, 30.453224], [-95.870312, 30.453114], [-95.870362, 30.452553], [-95.870051, 30.452476], [-95.869817, 30.452251], [-95.869829, 30.451839], [-95.869131, 30.451713], [-95.869391, 30.45124], [-95.869258, 30.450938], [-95.86887, 30.450493], [-95.868813, 30.450213], [-95.868293, 30.450037], [-95.86774, 30.449367], [-95.866909, 30.448642], [-95.866217, 30.448235], [-95.865976, 30.447823], [-95.865728, 30.447659], [-95.865557, 30.446691], [-95.865373, 30.446516], [-95.864909, 30.444911], [-95.864001, 30.4439], [-95.863531, 30.443527]]}},
    {"type": "Feature", "properties": {"name": "Gibbons Creek", "Type": "Creek or other stream"}, "geometry": {"type": "LineString", "coordinates": [[-95.995037, 30.731803], [-95.994635, 30.730825], [-95.994819, 30.730099], [-95.995061, 30.729511], [-95.995391, 30.729088], [-95.995531, 30.728643], [-95.995569, 30.728428], [-95.995384, 30.728148], [-95.99539, 30.727972], [-95.995714, 30.727494], [-95.995587, 30.727203], [-95.995574, 30.726818], [-95.995847, 30.72651], [-95.995892, 30.726301], [-95.995745, 30.725823], [-95.996025, 30.725516], [-95.996063, 30.725329], [-95.995916, 30.725197], [-95.995675, 30.725148], [-95.995534, 30.724933], [-95.995769, 30.724367], [-95.996068, 30.724048], [-95.995565, 30.723664], [-95.995559, 30.723373], [-95.995406, 30.723103], [-95.995489, 30.722994], [-95.995756, 30.722938], [-95.995622, 30.722768], [-95.996073, 30.722592], [-95.996105, 30.722246], [-95.995768, 30.72212], [-95.995939, 30.721845], [-95.995723, 30.721839], [-95.995608, 30.721587], [-95.995303, 30.721433], [-95.995074, 30.720746], [-95.994628, 30.720702], [-95.994335, 30.720351], [-95.994393, 30.720279], [-95.994838, 30.720367], [-95.994831, 30.72018], [-95.994494, 30.719977], [-95.994176, 30.719977], [-95.993852, 30.719631], [-95.993483, 30.719615], [-95.993425, 30.719527], [-95.993533, 30.719318], [-95.993323, 30.718873], [-95.993107, 30.718675], [-95.992884, 30.718851], [-95.992763, 30.71884], [-95.992687, 30.718593], [-95.992311, 30.718379], [-95.991841, 30.718253], [-95.991503, 30.716967], [-95.991592, 30.716786], [-95.991522, 30.71661], [-95.991235, 30.716517], [-95.991013, 30.716248], [-95.991172, 30.716105], [-95.99114, 30.715813], [-95.991299, 30.715742], [-95.991292, 30.715313], [-95.991088, 30.715209], [-95.990974, 30.714703], [-95.990509, 30.714605], [-95.990592, 30.714368], [-95.990859, 30.71417], [-95.990909, 30.713863], [-95.991437, 30.713434], [-95.991354, 30.71322], [-95.991538, 30.712879], [-95.991576, 30.712225], [-95.991328, 30.71184], [-95.991582, 30.711686], [-95.991658, 30.71134], [-95.991976, 30.711395], [-95.991913, 30.711191], [-95.99218, 30.71106], [-95.992281, 30.710554], [-95.992472, 30.710334], [-95.992643, 30.710438], [-95.992872, 30.710312], [-95.993057, 30.710389], [-95.993, 30.710526], [-95.993101, 30.710608], [-95.993362, 30.710608], [-95.9934, 30.710537], [-95.993203, 30.710152], [-95.993253, 30.709625], [-95.99291, 30.709471], [-95.992916, 30.709405], [-95.993139, 30.709114], [-95.993577, 30.70885], [-95.993685, 30.708471], [-95.993577, 30.708361], [-95.993386, 30.708377], [-95.993221, 30.708218], [-95.992858, 30.708196], [-95.993195, 30.707635], [-95.992934, 30.707114], [-95.992355, 30.706636], [-95.992577, 30.706366], [-95.992253, 30.705751], [-95.992373, 30.705696], [-95.992602, 30.705806], [-95.992729, 30.705668], [-95.992589, 30.705443], [-95.992659, 30.704795], [-95.992315, 30.704526], [-95.992271, 30.704278], [-95.992538, 30.703872], [-95.992754, 30.703767], [-95.993294, 30.703646], [-95.993498, 30.703783], [-95.993765, 30.703799], [-95.99386, 30.703481], [-95.994146, 30.703552], [-95.994305, 30.703195], [-95.994718, 30.703013], [-95.994254, 30.702607], [-95.994114, 30.702288], [-95.993872, 30.702299], [-95.993757, 30.70214], [-95.993483, 30.70114], [-95.993216, 30.701195], [-95.993121, 30.700915], [-95.992962, 30.700882], [-95.992733, 30.701069], [-95.992644, 30.700959], [-95.992732, 30.700558], [-95.992618, 30.700481], [-95.992828, 30.700085], [-95.99284, 30.6997], [-95.993063, 30.699552], [-95.992948, 30.699349], [-95.993018, 30.699184], [-95.993597, 30.6992], [-95.994086, 30.699112], [-95.994162, 30.699029], [-95.994073, 30.69865], [-95.993736, 30.698508], [-95.993507, 30.698293], [-95.993494, 30.698096], [-95.993761, 30.697843], [-95.993837, 30.697524], [-95.994187, 30.697178], [-95.994008, 30.696875], [-95.994027, 30.696601], [-95.994275, 30.696683], [-95.994364, 30.696633], [-95.993906, 30.696232], [-95.993989, 30.696079], [-95.993906, 30.695793], [-95.994764, 30.695842], [-95.995025, 30.695715], [-95.994897, 30.69516], [-95.994694, 30.694913], [-95.99505, 30.694501], [-95.995329, 30.694391], [-95.995508, 30.694561], [-95.995832, 30.69461], [-95.995985, 30.694907], [-95.996264, 30.694704], [-95.996671, 30.69466], [-95.996976, 30.694522], [-95.99739, 30.694967], [-95.99767, 30.695022], [-95.997988, 30.694829], [-95.99863, 30.694796], [-95.998922, 30.694433], [-95.998896, 30.694098], [-95.999367, 30.694032], [-95.999507, 30.693856], [-95.999768, 30.69396], [-95.999787, 30.693784], [-95.999901, 30.693735], [-96.001162, 30.694208], [-96.001601, 30.694098], [-96.001786, 30.69417], [-96.001913, 30.694384], [-96.002205, 30.694126], [-96.0026, 30.694093], [-96.003255, 30.693604], [-96.003674, 30.693533], [-96.003808, 30.693258], [-96.004088, 30.693193], [-96.004171, 30.692748], [-96.004661, 30.692814], [-96.004674, 30.692358], [-96.005412, 30.691776], [-96.005666, 30.69171], [-96.006543, 30.691787], [-96.006963, 30.69165], [-96.006881, 30.69115], [-96.007091, 30.690677], [-96.008992, 30.690695], [-96.009438, 30.690387], [-96.009533, 30.690222], [-96.009482, 30.690024], [-96.010016, 30.689843], [-96.010341, 30.689453], [-96.010379, 30.688953], [-96.010259, 30.68881], [-96.010342, 30.688486], [-96.010774, 30.68831], [-96.010857, 30.687997], [-96.011378, 30.687827], [-96.011385, 30.687607], [-96.011182, 30.687503], [-96.010793, 30.687722], [-96.010507, 30.687733], [-96.010431, 30.687601], [-96.01066, 30.687343], [-96.010323, 30.687129], [-96.010476, 30.686936], [-96.010394, 30.686711], [-96.010559, 30.686332], [-96.011023, 30.686338], [-96.0111, 30.686272], [-96.010903, 30.686052], [-96.011163, 30.685739], [-96.011322, 30.685898], [-96.011659, 30.685865], [-96.011913, 30.686267], [-96.012403, 30.686261], [-96.012454, 30.686663], [-96.012708, 30.686872], [-96.013089, 30.687432], [-96.013782, 30.687405], [-96.01424, 30.687202], [-96.014291, 30.687059], [-96.013954, 30.686817], [-96.013611, 30.686773], [-96.013376, 30.686614], [-96.013198, 30.686102], [-96.013707, 30.68519], [-96.014343, 30.684608], [-96.015202, 30.684152], [-96.015202, 30.683911], [-96.015641, 30.683328], [-96.01547, 30.682427], [-96.015724, 30.681905], [-96.015611, 30.680817], [-96.01577, 30.680696], [-96.016005, 30.680674], [-96.016062, 30.680537], [-96.015795, 30.679784], [-96.016063, 30.679713], [-96.016406, 30.67941], [-96.016604, 30.678465], [-96.016203, 30.678004], [-96.016178, 30.677492], [-96.015835, 30.677432], [-96.015714, 30.677306], [-96.015651, 30.676811], [-96.015289, 30.676344], [-96.0152, 30.675717], [-96.015423, 30.675497], [-96.01548, 30.675074], [-96.015836, 30.675074], [-96.016001, 30.675311], [-96.016249, 30.675234], [-96.016421, 30.674921], [-96.016339, 30.674618], [-96.016701, 30.674503], [-96.016828, 30.674377], [-96.016739, 30.674234], [-96.01625, 30.674267], [-96.016053, 30.674063], [-96.016123, 30.673888], [-96.01639, 30.673723], [-96.01632, 30.673602], [-96.016009, 30.673585], [-96.015958, 30.673503], [-96.016034, 30.673294], [-96.016193, 30.673206], [-96.016263, 30.672569], [-96.016486, 30.672558], [-96.016492, 30.672986], [-96.016575, 30.673063], [-96.017033, 30.672827], [-96.017058, 30.672547], [-96.017173, 30.672437], [-96.017389, 30.672481], [-96.017592, 30.672366], [-96.017643, 30.672712], [-96.017999, 30.672773], [-96.018164, 30.672756], [-96.01831, 30.672553], [-96.018749, 30.672487], [-96.018927, 30.672608], [-96.018908, 30.672932], [-96.018787, 30.673125], [-96.019035, 30.673169], [-96.019391, 30.67307], [-96.019296, 30.673433], [-96.019855, 30.673345], [-96.020325, 30.673708], [-96.020707, 30.673351], [-96.021235, 30.673532], [-96.021305, 30.673054], [-96.021565, 30.672785], [-96.02147, 30.672378], [-96.021642, 30.671955], [-96.021362, 30.671697], [-96.021318, 30.671515], [-96.021534, 30.671356], [-96.021852, 30.670812], [-96.022177, 30.670593], [-96.022329, 30.670263], [-96.022819, 30.669834], [-96.022972, 30.66984], [-96.023061, 30.669961], [-96.023366, 30.669895], [-96.023506, 30.67012], [-96.023804, 30.670296], [-96.024167, 30.670192], [-96.024008, 30.669395], [-96.024606, 30.66917], [-96.024549, 30.668736], [-96.024956, 30.66839], [-96.025064, 30.66817], [-96.0257, 30.668005], [-96.025458, 30.667791], [-96.024975, 30.667697], [-96.024848, 30.667401], [-96.0246, 30.667412], [-96.024518, 30.66734], [-96.024575, 30.667203], [-96.024995, 30.666994], [-96.025071, 30.666593], [-96.025345, 30.66628], [-96.025313, 30.666126], [-96.025008, 30.665988], [-96.025186, 30.665708], [-96.025211, 30.665356], [-96.025644, 30.665505], [-96.025783, 30.665763], [-96.026394, 30.665632], [-96.026463, 30.666121], [-96.026603, 30.666187], [-96.026889, 30.666148], [-96.026966, 30.666225], [-96.02687, 30.666907], [-96.027035, 30.666885], [-96.027506, 30.666434], [-96.027811, 30.666522], [-96.027779, 30.666891], [-96.028358, 30.66677], [-96.028618, 30.666264], [-96.028949, 30.665951], [-96.029007, 30.664187], [-96.028899, 30.663984], [-96.028549, 30.664022], [-96.028136, 30.663555], [-96.028225, 30.66344], [-96.02869, 30.663407], [-96.02855, 30.663181], [-96.028334, 30.663038], [-96.027901, 30.662939], [-96.027495, 30.663088], [-96.027031, 30.66284], [-96.026433, 30.662252], [-96.025721, 30.662153], [-96.02562, 30.662043], [-96.025626, 30.661856], [-96.025925, 30.661658], [-96.026313, 30.661549], [-96.026955, 30.661862], [-96.027273, 30.661829], [-96.027482, 30.661598], [-96.027133, 30.661329], [-96.027266, 30.661181], [-96.027521, 30.661159], [-96.027718, 30.661417], [-96.027857, 30.661456], [-96.028233, 30.66095], [-96.028322, 30.660917], [-96.028614, 30.661088], [-96.028786, 30.660956], [-96.02864, 30.660643], [-96.028951, 30.660604], [-96.028977, 30.660527], [-96.028767, 30.660346], [-96.028665, 30.660038], [-96.0281, 30.660065], [-96.02803, 30.659977], [-96.028539, 30.65917], [-96.028336, 30.658071], [-96.028793, 30.658335], [-96.028895, 30.658241], [-96.028768, 30.657867], [-96.028825, 30.65745], [-96.028578, 30.65679], [-96.0284, 30.656636], [-96.028737, 30.656329], [-96.028616, 30.656219], [-96.028413, 30.656219], [-96.02812, 30.656422], [-96.027974, 30.656224], [-96.028807, 30.655416], [-96.029665, 30.655472], [-96.030154, 30.655598], [-96.030729, 30.655345], [-96.031124, 30.654892], [-96.031173, 30.65456], [-96.030686, 30.65466], [-96.030541, 30.653861], [-96.031323, 30.652988], [-96.03112, 30.6523], [-96.031148, 30.651617], [-96.031323, 30.651062], [-96.031673, 30.650499], [-96.03319, 30.65024], [-96.035109, 30.649741], [-96.035701, 30.649862], [-96.037368, 30.648967], [-96.038355, 30.6483], [-96.040313, 30.645496], [-96.040546, 30.644843], [-96.041555, 30.643998], [-96.042636, 30.643609], [-96.043395, 30.643043], [-96.043896, 30.642381], [-96.045337, 30.64084], [-96.047734, 30.639381], [-96.048924, 30.639233], [-96.05681, 30.633306], [-96.057833, 30.625278], [-96.061597, 30.623585], [-96.064483, 30.616751], [-96.063922, 30.61287], [-96.062764, 30.610837], [-96.06232, 30.609167], [-96.062167, 30.609002], [-96.06136, 30.608628], [-96.060719, 30.607963], [-96.06009, 30.607721], [-96.059956, 30.607606], [-96.059804, 30.607111], [-96.059417, 30.606688], [-96.058495, 30.606122], [-96.057949, 30.605896], [-96.057854, 30.605605], [-96.057949, 30.605006], [-96.057828, 30.604841], [-96.056996, 30.604544], [-96.056895, 30.60433], [-96.056914, 30.604055], [-96.057098, 30.60372], [-96.057308, 30.603555], [-96.058108, 30.603737], [-96.058591, 30.603748], [-96.05948, 30.603314], [-96.059963, 30.602858], [-96.060326, 30.601929], [-96.060961, 30.601522], [-96.061336, 30.601462], [-96.063439, 30.601572], [-96.063972, 30.601308], [-96.064443, 30.600671], [-96.064392, 30.600402], [-96.063699, 30.599758], [-96.063712, 30.599121], [-96.063502, 30.598461], [-96.063966, 30.59722], [-96.064449, 30.596659], [-96.064494, 30.596137], [-96.064767, 30.596137], [-96.064913, 30.596637], [-96.065046, 30.596643], [-96.06518, 30.596467], [-96.065161, 30.596099], [-96.06525, 30.595912], [-96.064919, 30.595532], [-96.065199, 30.595087], [-96.06551, 30.59412], [-96.065802, 30.593906], [-96.065669, 30.593763], [-96.065428, 30.593917], [-96.065243, 30.593834], [-96.065167, 30.592647], [-96.064818, 30.592026], [-96.06478, 30.591729], [-96.064646, 30.591658], [-96.064462, 30.591784], [-96.064246, 30.591697], [-96.063744, 30.591301], [-96.06356, 30.590982], [-96.063516, 30.590487], [-96.063891, 30.590465], [-96.064062, 30.59035], [-96.064126, 30.589779], [-96.064348, 30.58946], [-96.064786, 30.589191], [-96.065352, 30.589031], [-96.065536, 30.589323], [-96.065955, 30.589345], [-96.066114, 30.589438], [-96.065873, 30.589828], [-96.066069, 30.590466], [-96.06626, 30.590652], [-96.066184, 30.590889], [-96.066254, 30.590977], [-96.066616, 30.590878], [-96.067079, 30.590597], [-96.067054, 30.590224], [-96.067391, 30.590141], [-96.067543, 30.589966], [-96.067543, 30.589691], [-96.06774, 30.589279], [-96.067518, 30.588707], [-96.067785, 30.587844], [-96.067524, 30.587251], [-96.067232, 30.587366], [-96.067143, 30.587036], [-96.067308, 30.586668], [-96.067308, 30.586245], [-96.067454, 30.585772], [-96.067105, 30.585184], [-96.066978, 30.585085], [-96.066749, 30.585091], [-96.066667, 30.584904], [-96.066984, 30.584327], [-96.066794, 30.584014], [-96.067715, 30.582959], [-96.067664, 30.582195], [-96.068007, 30.5817], [-96.068306, 30.58148], [-96.06828, 30.581255], [-96.067982, 30.58092], [-96.067937, 30.580695], [-96.068083, 30.580568], [-96.068509, 30.580568], [-96.068591, 30.580458], [-96.068515, 30.579711], [-96.068032, 30.579337], [-96.068109, 30.578881], [-96.067816, 30.578249], [-96.068147, 30.577881], [-96.068382, 30.577754], [-96.068655, 30.577815], [-96.068972, 30.578233], [-96.069258, 30.578238], [-96.069404, 30.578145], [-96.069436, 30.577579], [-96.069309, 30.57715], [-96.069855, 30.576826], [-96.069836, 30.576441], [-96.070414, 30.575183], [-96.070433, 30.57499], [-96.070281, 30.574737], [-96.070313, 30.57438], [-96.07044, 30.574221], [-96.070675, 30.574149], [-96.070776, 30.574237], [-96.070776, 30.574765], [-96.071316, 30.5746], [-96.071773, 30.574825], [-96.072186, 30.574748], [-96.071704, 30.574221], [-96.071748, 30.573984], [-96.071513, 30.573572], [-96.070795, 30.573424], [-96.070503, 30.573061], [-96.07077, 30.572935], [-96.071589, 30.573237], [-96.072497, 30.573171], [-96.072974, 30.573528], [-96.07338, 30.573572], [-96.07373, 30.57399], [-96.073857, 30.574001], [-96.07399, 30.57388], [-96.074034, 30.573303], [-96.074555, 30.573078], [-96.074543, 30.572929], [-96.074307, 30.572676], [-96.074339, 30.572545], [-96.074809, 30.572517], [-96.075209, 30.572654], [-96.075324, 30.572599], [-96.075679, 30.571786], [-96.075489, 30.571324], [-96.075692, 30.571275], [-96.076143, 30.571753], [-96.076556, 30.571846], [-96.077572, 30.571423], [-96.077585, 30.570945], [-96.078042, 30.570736], [-96.078137, 30.570407], [-96.078251, 30.570346], [-96.078702, 30.5705], [-96.078652, 30.570874], [-96.078747, 30.570978], [-96.07916, 30.570994], [-96.079528, 30.571181], [-96.079992, 30.571121], [-96.080557, 30.570373], [-96.080868, 30.570137], [-96.080779, 30.569928], [-96.080874, 30.569785], [-96.081154, 30.569829], [-96.081312, 30.569708], [-96.081655, 30.569692], [-96.081808, 30.569444], [-96.082011, 30.569323], [-96.082265, 30.569483], [-96.082557, 30.569483], [-96.082672, 30.569362], [-96.082627, 30.569126], [-96.08276, 30.568867], [-96.083421, 30.568598], [-96.08344, 30.568472], [-96.083256, 30.568362], [-96.083192, 30.568175], [-96.083224, 30.568032], [-96.083472, 30.568032], [-96.083217, 30.567658], [-96.083427, 30.566982], [-96.083408, 30.566372], [-96.083535, 30.56596], [-96.08389, 30.565724], [-96.083941, 30.565553], [-96.083897, 30.56541], [-96.083725, 30.565361], [-96.083585, 30.565432], [-96.083535, 30.565625], [-96.083293, 30.56574], [-96.083433, 30.565548], [-96.083496, 30.564592], [-96.084227, 30.563965], [-96.084461, 30.562564], [-96.084868, 30.561833], [-96.085236, 30.561376], [-96.085763, 30.561464], [-96.085877, 30.561563], [-96.086188, 30.561525], [-96.086601, 30.560557], [-96.087001, 30.560327], [-96.087128, 30.560156], [-96.087306, 30.559139], [-96.087433, 30.558986], [-96.08763, 30.558953], [-96.088004, 30.559101], [-96.088207, 30.558875], [-96.088595, 30.558804], [-96.089128, 30.558342], [-96.089858, 30.557979], [-96.090442, 30.55743], [-96.091547, 30.557402], [-96.092278, 30.55716], [-96.092817, 30.55721], [-96.093395, 30.556775], [-96.093827, 30.556973], [-96.094151, 30.556918], [-96.094506, 30.556671], [-96.094519, 30.556286], [-96.094932, 30.556137], [-96.095078, 30.555659], [-96.095243, 30.555604], [-96.095497, 30.555692], [-96.095859, 30.555368], [-96.09624, 30.555329], [-96.096195, 30.554906], [-96.096747, 30.554225], [-96.096893, 30.554219], [-96.09744, 30.554516], [-96.098259, 30.554631], [-96.098519, 30.555241], [-96.098665, 30.55534], [-96.098938, 30.555345], [-96.099427, 30.555076], [-96.099573, 30.554196], [-96.099548, 30.554092], [-96.09897, 30.553806], [-96.098881, 30.55368], [-96.09956, 30.553355], [-96.099611, 30.552778], [-96.099884, 30.552575], [-96.100233, 30.552619], [-96.100932, 30.553289], [-96.101122, 30.553361], [-96.101408, 30.553053], [-96.101408, 30.552641], [-96.101668, 30.552646], [-96.101998, 30.552783], [-96.102271, 30.552712], [-96.102633, 30.551942], [-96.102925, 30.551656], [-96.103141, 30.551601], [-96.103433, 30.55181], [-96.103503, 30.552613], [-96.10391, 30.552623], [-96.104348, 30.552283], [-96.104912, 30.551343], [-96.104906, 30.551128], [-96.104703, 30.550799], [-96.104747, 30.550634], [-96.105446, 30.550672], [-96.105547, 30.550623], [-96.105585, 30.550381], [-96.105922, 30.550265], [-96.106207, 30.550419], [-96.106461, 30.550309], [-96.107433, 30.550232], [-96.107884, 30.549957], [-96.107896, 30.549748], [-96.107115, 30.549155], [-96.106435, 30.549094], [-96.106239, 30.548974], [-96.106169, 30.548809], [-96.106353, 30.548638], [-96.107019, 30.548534], [-96.107235, 30.548363], [-96.107266, 30.54661], [-96.107336, 30.546434], [-96.107711, 30.54622], [-96.107844, 30.546016], [-96.107831, 30.545318], [-96.108066, 30.545236], [-96.108466, 30.545604], [-96.108739, 30.545274], [-96.110187, 30.545472], [-96.11039, 30.545422], [-96.110555, 30.545241], [-96.110491, 30.544933], [-96.110275, 30.544757], [-96.110046, 30.544647], [-96.109513, 30.544587], [-96.109519, 30.543993], [-96.109424, 30.543906], [-96.108306, 30.543961], [-96.107932, 30.543846], [-96.1079, 30.543554], [-96.108211, 30.543373], [-96.1083, 30.543213], [-96.108115, 30.542823], [-96.108363, 30.542598], [-96.108534, 30.542636], [-96.108738, 30.542944], [-96.108992, 30.54307], [-96.10957, 30.543114], [-96.109747, 30.542955], [-96.109925, 30.542619], [-96.110001, 30.542152], [-96.109276, 30.540778], [-96.109334, 30.540537], [-96.109499, 30.540548], [-96.11007, 30.541037], [-96.110299, 30.54108], [-96.110788, 30.540981], [-96.111175, 30.541152], [-96.111315, 30.541108], [-96.110908, 30.540371], [-96.110603, 30.539289], [-96.109885, 30.538915], [-96.109536, 30.538355], [-96.109478, 30.537811], [-96.109599, 30.537596], [-96.109967, 30.537354], [-96.110088, 30.53708], [-96.109833, 30.536415], [-96.109363, 30.535777], [-96.109299, 30.535492], [-96.10956, 30.53531], [-96.109896, 30.53525], [-96.110524, 30.534403], [-96.11055, 30.534205], [-96.110169, 30.533854], [-96.1102, 30.533612], [-96.11133, 30.533364], [-96.111813, 30.5331], [-96.112702, 30.533391], [-96.113355, 30.533286], [-96.113685, 30.53311], [-96.113888, 30.532814], [-96.11359, 30.532347], [-96.113164, 30.531215], [-96.113068, 30.530769], [-96.113151, 30.530363], [-96.114788, 30.529686], [-96.115702, 30.529438], [-96.116153, 30.529065], [-96.116432, 30.528674], [-96.11659, 30.527773], [-96.116455, 30.524761], [-96.116556, 30.52347], [-96.116778, 30.522898], [-96.116969, 30.522777], [-96.117578, 30.522656], [-96.119007, 30.523936], [-96.119521, 30.524023], [-96.120226, 30.523875], [-96.120327, 30.523529], [-96.119978, 30.523276], [-96.120048, 30.523018], [-96.120359, 30.52299], [-96.120574, 30.522693], [-96.120752, 30.522605], [-96.122764, 30.521928], [-96.12298, 30.521708], [-96.123144, 30.52117], [-96.123252, 30.520191], [-96.122642, 30.519164], [-96.122222, 30.518653], [-96.121987, 30.517944], [-96.122127, 30.517653], [-96.122431, 30.517537], [-96.12311, 30.517647], [-96.123472, 30.51735], [-96.123834, 30.517251], [-96.124266, 30.517393], [-96.124736, 30.517723], [-96.125008, 30.51758], [-96.126233, 30.516306], [-96.126792, 30.516119], [-96.128093, 30.516219], [-96.128734, 30.516109], [-96.129122, 30.515499], [-96.128862, 30.51479], [-96.128901, 30.514521], [-96.129053, 30.514373], [-96.129719, 30.514499], [-96.129865, 30.514368], [-96.129942, 30.513126], [-96.130012, 30.512933], [-96.130196, 30.512823], [-96.130425, 30.512807], [-96.131574, 30.513297], [-96.131815, 30.513302], [-96.132081, 30.513171], [-96.132304, 30.512423], [-96.13252, 30.51211], [-96.132723, 30.511989], [-96.133072, 30.511984], [-96.134354, 30.512127], [-96.134488, 30.512221], [-96.134475, 30.512518], [-96.134709, 30.512908], [-96.135128, 30.513139], [-96.135503, 30.513133], [-96.136728, 30.512447], [-96.137598, 30.511579], [-96.138659, 30.511112], [-96.139084, 30.510788], [-96.139566, 30.510706], [-96.139941, 30.510503], [-96.139998, 30.510404], [-96.139859, 30.509739], [-96.140341, 30.50922]]}},
    {"type": "Feature", "properties": {"name": "Grassy Creek", "Type": "Creek or other stream"}, "geometry": {"type": "LineString", "coordinates": [[-95.968764, 30.42858], [-95.968955, 30.428266], [-95.969068, 30.427558], [-95.969366, 30.427101], [-95.969652, 30.426887], [-95.969759, 30.426216], [-95.970761, 30.425754], [-95.971072, 30.425518], [-95.971407, 30.424859], [-95.971712, 30.4246], [-95.971864, 30.424199], [-95.972408, 30.424092], [-95.972816, 30.424528], [-95.973112, 30.424409], [-95.973355, 30.424164], [-95.973301, 30.423592], [-95.973445, 30.422669], [-95.974149, 30.42151], [-95.973532, 30.421088], [-95.973384, 30.420308], [-95.973586, 30.419005], [-95.974176, 30.417708], [-95.974036, 30.41706], [-95.973661, 30.416125], [-95.973693, 30.415933], [-95.97401, 30.415719], [-95.97408, 30.41557], [-95.973724, 30.414328], [-95.973667, 30.413449], [-95.974059, 30.412256], [-95.974345, 30.412152], [-95.974427, 30.411976], [-95.974439, 30.410855], [-95.97468, 30.40991], [-95.974895, 30.409822], [-95.975478, 30.409146], [-95.975776, 30.408673], [-95.975877, 30.408178], [-95.975883, 30.407843], [-95.975744, 30.407436], [-95.975832, 30.40692], [-95.97575, 30.40598], [-95.975457, 30.405013], [-95.97547, 30.403974], [-95.975495, 30.403782], [-95.975812, 30.403331], [-95.975748, 30.403161], [-95.976128, 30.402336], [-95.97616, 30.401908], [-95.975741, 30.401204], [-95.975982, 30.400364], [-95.975519, 30.39966], [-95.975157, 30.39949], [-95.975056, 30.399325], [-95.975563, 30.398616], [-95.975588, 30.398336], [-95.975283, 30.397885], [-95.974503, 30.397391], [-95.974186, 30.397028], [-95.973692, 30.396781], [-95.973558, 30.396523], [-95.972779, 30.396501], [-95.972595, 30.396215], [-95.972303, 30.396018], [-95.97203, 30.395276], [-95.971656, 30.394891], [-95.970742, 30.392963], [-95.970457, 30.392485], [-95.970197, 30.392413], [-95.970134, 30.392017], [-95.970393, 30.391809], [-95.970495, 30.391396], [-95.97045, 30.391111], [-95.970139, 30.390819], [-95.970139, 30.390616], [-95.970374, 30.390435], [-95.970228, 30.389099], [-95.970405, 30.388621], [-95.970772, 30.388203], [-95.970855, 30.387335], [-95.97145, 30.386978], [-95.971647, 30.386763], [-95.971475, 30.386258], [-95.971672, 30.385912], [-95.97145, 30.385543], [-95.971469, 30.385109], [-95.971804, 30.384516], [-95.971424, 30.384186], [-95.971753, 30.383367], [-95.972203, 30.382927], [-95.972355, 30.381509], [-95.97231, 30.381086], [-95.972056, 30.380471], [-95.972163, 30.377805], [-95.972385, 30.377107], [-95.972321, 30.376629], [-95.972511, 30.376014], [-95.972372, 30.375799], [-95.971472, 30.375382], [-95.971402, 30.375146], [-95.97144, 30.374521], [-95.971579, 30.374329], [-95.971554, 30.373983], [-95.971984, 30.372559], [-95.972181, 30.372367], [-95.972346, 30.3724], [-95.973442, 30.372152], [-95.973772, 30.372383], [-95.973885, 30.371877], [-95.97374, 30.371558], [-95.973815, 30.371306], [-95.974259, 30.37113], [-95.974398, 30.370987], [-95.975577, 30.37053], [-95.976192, 30.3707], [-95.976331, 30.370843], [-95.976642, 30.370947], [-95.976781, 30.370909], [-95.976845, 30.370656], [-95.97718, 30.370656], [-95.977237, 30.370233], [-95.977396, 30.370112], [-95.97744, 30.369908], [-95.977592, 30.369727], [-95.977871, 30.369617], [-95.977921, 30.369161], [-95.978168, 30.369177], [-95.978333, 30.369315], [-95.978517, 30.369298], [-95.978726, 30.368869], [-95.979087, 30.368748], [-95.979385, 30.368149], [-95.979575, 30.368001], [-95.980012, 30.367935], [-95.979543, 30.367308], [-95.980335, 30.367204], [-95.980373, 30.367022], [-95.980189, 30.366813], [-95.980537, 30.366725], [-95.980905, 30.366362], [-95.981862, 30.366186], [-95.98214, 30.365944], [-95.982134, 30.365714], [-95.982697, 30.36468], [-95.983945, 30.362723], [-95.984185, 30.361882], [-95.984844, 30.361514], [-95.984755, 30.361206], [-95.985154, 30.360843], [-95.985325, 30.360794], [-95.985363, 30.360392], [-95.985629, 30.360233], [-95.985629, 30.359997], [-95.985432, 30.359953], [-95.985451, 30.359821], [-95.985629, 30.359727], [-95.985939, 30.359826], [-95.986098, 30.359562], [-95.986294, 30.35959], [-95.986503, 30.359469], [-95.986795, 30.359496], [-95.987644, 30.359347], [-95.988125, 30.359413], [-95.988696, 30.359819], [-95.989545, 30.359583], [-95.989589, 30.359198], [-95.989899, 30.359066], [-95.990191, 30.358604], [-95.991109, 30.358115], [-95.990836, 30.357719], [-95.991407, 30.357263], [-95.991622, 30.356752], [-95.991013, 30.355944], [-95.991203, 30.35551], [-95.992134, 30.355333], [-95.992311, 30.35519], [-95.992805, 30.355064], [-95.99337, 30.355234], [-95.993769, 30.355228], [-95.994098, 30.355008], [-95.994187, 30.354766], [-95.994687, 30.354772], [-95.996011, 30.353633], [-95.996084, 30.353703], [-95.996334, 30.353221], [-95.99653, 30.353078], [-95.996689, 30.35305], [-95.996904, 30.353155], [-95.997094, 30.352841], [-95.997411, 30.35294], [-95.997582, 30.35272], [-95.997784, 30.352627], [-95.997854, 30.352396], [-95.998057, 30.352539], [-95.99819, 30.3525], [-95.998095, 30.35211], [-95.998532, 30.35211], [-95.998538, 30.351445], [-95.998727, 30.35089], [-95.99886, 30.350626], [-95.999506, 30.350268], [-95.999538, 30.349658], [-95.999664, 30.349345], [-96.000636, 30.348752], [-96.001333, 30.348598], [-96.001783, 30.34823], [-96.00172, 30.347829], [-96.002113, 30.347692], [-96.0034, 30.346852], [-96.00364, 30.346835], [-96.003868, 30.346962], [-96.00409, 30.346918], [-96.004021, 30.346434], [-96.004383, 30.345632], [-96.004833, 30.345253], [-96.005289, 30.34516], [-96.005124, 30.344929], [-96.005543, 30.344643], [-96.005416, 30.344259], [-96.005879, 30.344078], [-96.005866, 30.343797], [-96.006393, 30.343495], [-96.006697, 30.342995], [-96.006919, 30.342814], [-96.007711, 30.342809], [-96.008655, 30.342359], [-96.00896, 30.34198], [-96.009422, 30.34187], [-96.011893, 30.342443], [-96.013483, 30.343328], [-96.013901, 30.343252], [-96.014572, 30.343373], [-96.015903, 30.343], [-96.016334, 30.343324], [-96.016974, 30.34328], [-96.017069, 30.343555], [-96.017309, 30.343693], [-96.017911, 30.343572], [-96.01876, 30.343743], [-96.019191, 30.344116], [-96.019647, 30.343886], [-96.019844, 30.344111], [-96.020097, 30.344221], [-96.020268, 30.343892], [-96.02042, 30.34382], [-96.020857, 30.344073], [-96.021865, 30.344046], [-96.022511, 30.344134], [-96.022866, 30.343871], [-96.023842, 30.343783], [-96.024228, 30.343921], [-96.025337, 30.344086], [-96.025895, 30.343938], [-96.026205, 30.343954], [-96.026535, 30.343674], [-96.027327, 30.344048], [-96.027834, 30.343817], [-96.027815, 30.343367], [-96.028068, 30.342955], [-96.029032, 30.342719], [-96.029367, 30.342752], [-96.029482, 30.342598], [-96.029292, 30.342372], [-96.029317, 30.342241], [-96.029849, 30.342191], [-96.030445, 30.341735], [-96.030635, 30.341455], [-96.030952, 30.341351], [-96.031047, 30.341032], [-96.031193, 30.340966], [-96.031776, 30.341642], [-96.032358, 30.341939], [-96.032814, 30.342374], [-96.033157, 30.342473], [-96.033264, 30.342797], [-96.033682, 30.34272], [-96.034005, 30.3425], [-96.034392, 30.34266], [-96.034823, 30.342539], [-96.035133, 30.342731], [-96.03557, 30.342748], [-96.035767, 30.342864], [-96.035893, 30.343331], [-96.036001, 30.343424], [-96.03659, 30.343375], [-96.037541, 30.34376], [-96.038117, 30.344436], [-96.038332, 30.344568], [-96.039353, 30.344552], [-96.039727, 30.343892], [-96.040005, 30.343667], [-96.040576, 30.343876], [-96.042362, 30.343948], [-96.042743, 30.344135], [-96.042945, 30.34414], [-96.04337, 30.343937], [-96.044403, 30.342091], [-96.044606, 30.342052], [-96.044923, 30.342168], [-96.045499, 30.341706], [-96.045943, 30.341118], [-96.046273, 30.341173], [-96.04728, 30.340585], [-96.048009, 30.340607], [-96.048205, 30.34052], [-96.0483, 30.33969], [-96.048129, 30.339113], [-96.048212, 30.33897], [-96.049017, 30.338409], [-96.049055, 30.338162], [-96.049283, 30.337937], [-96.049283, 30.33781], [-96.049061, 30.337667], [-96.049093, 30.337503], [-96.04934, 30.337283], [-96.049118, 30.336997], [-96.049606, 30.336618], [-96.049993, 30.336843], [-96.050728, 30.336277], [-96.050823, 30.335915], [-96.051254, 30.336014], [-96.051374, 30.33592], [-96.051292, 30.335547], [-96.051038, 30.335156], [-96.050943, 30.335156], [-96.050823, 30.335343], [-96.050576, 30.335349], [-96.050145, 30.334947], [-96.050063, 30.33476], [-96.05095, 30.334299], [-96.051191, 30.333958], [-96.051419, 30.333815], [-96.051812, 30.333832], [-96.051957, 30.334074], [-96.052369, 30.334365], [-96.05325, 30.334299], [-96.054061, 30.334602], [-96.054194, 30.334756], [-96.054143, 30.335124], [-96.054295, 30.33536], [-96.054897, 30.33553], [-96.055505, 30.336283], [-96.056227, 30.3363], [-96.056443, 30.336102], [-96.056734, 30.336069], [-96.058046, 30.335229], [-96.058559, 30.335141], [-96.059066, 30.334789], [-96.059319, 30.334492], [-96.059693, 30.333212], [-96.059953, 30.332761], [-96.060644, 30.33247], [-96.061505, 30.331717], [-96.062114, 30.330876], [-96.062475, 30.330634], [-96.062956, 30.33058], [-96.06326, 30.330646], [-96.063653, 30.331234], [-96.063881, 30.331333], [-96.064464, 30.330997], [-96.065066, 30.331008], [-96.065864, 30.330728], [-96.066517, 30.330734], [-96.066979, 30.330288], [-96.067245, 30.330239], [-96.067512, 30.330294], [-96.06774, 30.330591], [-96.068297, 30.330717], [-96.0685, 30.331129], [-96.068747, 30.3313], [-96.06938, 30.331228], [-96.069792, 30.330887], [-96.070046, 30.3308], [-96.070768, 30.330959], [-96.071091, 30.330701], [-96.071059, 30.330426], [-96.071167, 30.330261], [-96.073049, 30.329448], [-96.074233, 30.328464], [-96.074563, 30.328299], [-96.074994, 30.32831], [-96.075595, 30.328112], [-96.075868, 30.327903], [-96.075956, 30.327551], [-96.076166, 30.327386], [-96.076748, 30.327425], [-96.077274, 30.327232], [-96.077445, 30.327101], [-96.077635, 30.325903], [-96.077439, 30.325534], [-96.07735, 30.324056], [-96.077489, 30.323704], [-96.0783, 30.322935], [-96.078287, 30.322566], [-96.078756, 30.322215], [-96.07894, 30.321836], [-96.079282, 30.321627], [-96.079339, 30.321379], [-96.079681, 30.320984], [-96.080029, 30.320341], [-96.080213, 30.320225], [-96.080549, 30.320181], [-96.080758, 30.320225], [-96.080903, 30.320374], [-96.081043, 30.320357], [-96.081835, 30.319082], [-96.082018, 30.318939], [-96.083602, 30.318884], [-96.084077, 30.31796], [-96.083659, 30.317466], [-96.083614, 30.316933], [-96.083506, 30.316795], [-96.083069, 30.31673], [-96.080903, 30.315757], [-96.079452, 30.314548], [-96.078736, 30.314246], [-96.078312, 30.314334], [-96.078027, 30.314207], [-96.077856, 30.313845], [-96.078084, 30.312757], [-96.077571, 30.312048], [-96.077342, 30.311113], [-96.077551, 30.31085], [-96.078368, 30.310613], [-96.078711, 30.310377], [-96.078736, 30.310141], [-96.078432, 30.309454], [-96.078672, 30.308712], [-96.078432, 30.308481], [-96.078077, 30.308448], [-96.077887, 30.308514], [-96.077665, 30.308789], [-96.077469, 30.308811], [-96.077, 30.308261], [-96.076531, 30.308135], [-96.075968, 30.307734], [-96.075999, 30.307354], [-96.075404, 30.307162], [-96.075359, 30.306915], [-96.07548, 30.306552], [-96.075068, 30.305821], [-96.07503, 30.305486], [-96.075556, 30.30465], [-96.075613, 30.303914], [-96.075518, 30.303546], [-96.075118, 30.302875], [-96.075017, 30.302359], [-96.073541, 30.301562], [-96.073047, 30.301122], [-96.072902, 30.300595], [-96.071508, 30.299952], [-96.071464, 30.299726], [-96.071647, 30.299578], [-96.072224, 30.299397], [-96.073199, 30.298534], [-96.073965, 30.298446], [-96.074554, 30.298083], [-96.074846, 30.297709], [-96.075441, 30.29644], [-96.076004, 30.295901], [-96.07629, 30.29578], [-96.077037, 30.295769], [-96.077271, 30.295852], [-96.077607, 30.296181], [-96.07793, 30.296258], [-96.078582, 30.296027], [-96.078747, 30.295846], [-96.078677, 30.295489], [-96.077759, 30.29478], [-96.077417, 30.294324], [-96.077239, 30.293109], [-96.077239, 30.292087], [-96.077131, 30.291834], [-96.076903, 30.291675], [-96.076169, 30.291521], [-96.075687, 30.29118], [-96.075624, 30.290955], [-96.075694, 30.290856], [-96.076143, 30.290477], [-96.077163, 30.290707], [-96.07753, 30.290575], [-96.077727, 30.290411], [-96.078151, 30.289575], [-96.07867, 30.289075], [-96.07929, 30.288108], [-96.079512, 30.287943], [-96.081209, 30.287514], [-96.082077, 30.287607], [-96.083027, 30.287975], [-96.08419, 30.287796]]}},
    {"type": "Feature", "properties": {"name": "Haynie Creek", "Type": "Creek or other stream"}, "geometry": {"type": "LineString", "coordinates": [[-95.94544, 30.471362], [-95.944767, 30.470538], [-95.944608, 30.470521], [-95.944399, 30.470637], [-95.944031, 30.470417], [-95.944183, 30.470137], [-95.94406, 30.469681], [-95.944481, 30.469389], [-95.944716, 30.468494], [-95.944475, 30.468158], [-95.943967, 30.467977], [-95.944234, 30.467559], [-95.943828, 30.467477], [-95.943485, 30.466949], [-95.942629, 30.466774], [-95.942013, 30.466197], [-95.94188, 30.465598], [-95.941207, 30.465235], [-95.940776, 30.465328], [-95.93985, 30.464856], [-95.939361, 30.464482], [-95.938879, 30.464026], [-95.938657, 30.463515], [-95.937978, 30.462586], [-95.93773, 30.462399], [-95.937565, 30.462119], [-95.937261, 30.462042], [-95.937147, 30.461729], [-95.936868, 30.461405], [-95.936633, 30.461361], [-95.936588, 30.46085], [-95.93629, 30.460311], [-95.9361, 30.460196], [-95.935922, 30.460284], [-95.935726, 30.460234], [-95.935675, 30.460047], [-95.935389, 30.459938], [-95.934971, 30.460091], [-95.934742, 30.459745], [-95.934032, 30.459333], [-95.934063, 30.458992], [-95.933848, 30.458679], [-95.933531, 30.457591], [-95.932566, 30.457184], [-95.932033, 30.457179], [-95.932027, 30.457322], [-95.931907, 30.457349], [-95.931697, 30.457261], [-95.931418, 30.456931], [-95.931437, 30.456679], [-95.931209, 30.456629], [-95.931183, 30.456333], [-95.930181, 30.455805], [-95.930416, 30.455409], [-95.930486, 30.454596], [-95.930308, 30.454376], [-95.929908, 30.454393], [-95.929775, 30.454299], [-95.929782, 30.454068], [-95.929439, 30.453854], [-95.929318, 30.453464], [-95.928779, 30.45375], [-95.928246, 30.453826], [-95.927847, 30.453717], [-95.927219, 30.453337], [-95.926978, 30.452964], [-95.926787, 30.452837], [-95.926921, 30.452705], [-95.926508, 30.452716], [-95.926508, 30.452293], [-95.926629, 30.452029], [-95.926305, 30.452029], [-95.926153, 30.451897], [-95.926242, 30.451579], [-95.925836, 30.451639], [-95.925747, 30.451524], [-95.92524, 30.451469], [-95.925107, 30.45137], [-95.925068, 30.451177], [-95.924548, 30.451029], [-95.924555, 30.450842], [-95.924276, 30.450914], [-95.924009, 30.450639], [-95.923216, 30.450523], [-95.922994, 30.450369], [-95.922582, 30.449908], [-95.922766, 30.449562], [-95.922436, 30.449369], [-95.922436, 30.449034], [-95.922259, 30.448798], [-95.92165, 30.448682], [-95.92158, 30.448517], [-95.921453, 30.448484], [-95.920831, 30.448479], [-95.920387, 30.448352], [-95.920261, 30.448435], [-95.920178, 30.448742], [-95.920007, 30.44883], [-95.919087, 30.448885], [-95.918795, 30.449155], [-95.91818, 30.449034], [-95.917723, 30.449275], [-95.916581, 30.449314], [-95.916302, 30.449237], [-95.916137, 30.449297], [-95.916106, 30.449061], [-95.916372, 30.449006], [-95.916226, 30.448836], [-95.914786, 30.448896], [-95.913759, 30.448791], [-95.91353, 30.448588], [-95.913467, 30.448203], [-95.913302, 30.448132], [-95.913105, 30.448187], [-95.912833, 30.448011], [-95.912655, 30.448121], [-95.912395, 30.448099], [-95.912306, 30.447972], [-95.912446, 30.447637], [-95.91185, 30.447467], [-95.911488, 30.447038], [-95.910125, 30.446917], [-95.909941, 30.447076], [-95.909959, 30.447384], [-95.909401, 30.447444], [-95.909274, 30.447884], [-95.908983, 30.448043], [-95.907327, 30.447361], [-95.907251, 30.447257], [-95.907327, 30.446938], [-95.907175, 30.446845], [-95.907067, 30.446872], [-95.906782, 30.447328], [-95.906319, 30.447317], [-95.905247, 30.446734], [-95.904892, 30.446394], [-95.90375, 30.445959], [-95.903103, 30.445118], [-95.902609, 30.445058], [-95.902241, 30.445288], [-95.90186, 30.44514], [-95.901492, 30.445129], [-95.901048, 30.444986], [-95.900522, 30.444524], [-95.90037, 30.444557], [-95.900319, 30.44476], [-95.8999, 30.444821], [-95.899837, 30.44503], [-95.899672, 30.44509], [-95.899285, 30.444942], [-95.8986, 30.444941], [-95.898219, 30.444765], [-95.897896, 30.444782], [-95.896659, 30.444325], [-95.89652, 30.444435], [-95.896507, 30.445029]]}},
    {"type": "Feature", "properties": {"name": "Hog Creek", "Type": "Creek or other stream"}, "geometry": {"type": "LineString", "coordinates": [[-96.086289, 30.71502], [-96.085066, 30.714975], [-96.084558, 30.714338], [-96.083514, 30.713563], [-96.08319, 30.713107], [-96.082649, 30.712711], [-96.082401, 30.712387], [-96.081803, 30.712151], [-96.081396, 30.711415], [-96.081148, 30.710552], [-96.081116, 30.710002], [-96.082375, 30.707969], [-96.083075, 30.707111], [-96.083291, 30.706584], [-96.083501, 30.706446], [-96.083901, 30.705595], [-96.084321, 30.7056], [-96.084346, 30.705243], [-96.084499, 30.70499], [-96.086356, 30.703682], [-96.087151, 30.703352], [-96.087252, 30.703198], [-96.087182, 30.702984], [-96.087246, 30.70289], [-96.088028, 30.702236], [-96.088696, 30.702033], [-96.089383, 30.701648], [-96.089605, 30.700934], [-96.089929, 30.700444], [-96.090273, 30.700428], [-96.090374, 30.700301], [-96.0904, 30.6999], [-96.09061, 30.699444], [-96.090578, 30.698983], [-96.090915, 30.698592], [-96.090984, 30.698202], [-96.091315, 30.698076], [-96.091347, 30.697911], [-96.091022, 30.697004], [-96.090908, 30.696927], [-96.090736, 30.69696], [-96.090323, 30.696147], [-96.089833, 30.695856], [-96.090214, 30.69557], [-96.090195, 30.695394], [-96.089985, 30.695295], [-96.090157, 30.695075], [-96.089667, 30.694251], [-96.089699, 30.693943], [-96.089813, 30.69396], [-96.089902, 30.693844], [-96.089584, 30.693542], [-96.088885, 30.693322], [-96.088649, 30.692971], [-96.088096, 30.692674], [-96.088007, 30.692207], [-96.087568, 30.691707], [-96.087619, 30.69113], [-96.087224, 30.690366], [-96.087116, 30.689619], [-96.087186, 30.689102], [-96.087466, 30.688833], [-96.087529, 30.688574], [-96.086385, 30.687591], [-96.08641, 30.68719], [-96.086569, 30.686838], [-96.0862, 30.686486], [-96.08606, 30.686085], [-96.08564, 30.685915], [-96.085564, 30.68542], [-96.085303, 30.685019], [-96.085322, 30.68481], [-96.08578, 30.684365], [-96.085793, 30.684134], [-96.084927, 30.682167], [-96.084921, 30.681705], [-96.085029, 30.68137], [-96.084565, 30.680277], [-96.084565, 30.679892], [-96.084457, 30.6797], [-96.084552, 30.679414], [-96.084444, 30.679216], [-96.084641, 30.678947], [-96.084832, 30.678974], [-96.08494, 30.678897], [-96.085423, 30.67777], [-96.085677, 30.677633], [-96.085861, 30.67771], [-96.086815, 30.676814], [-96.087171, 30.676946], [-96.087362, 30.676825], [-96.087387, 30.676039], [-96.087311, 30.675869], [-96.087082, 30.675781], [-96.087094, 30.675605], [-96.088105, 30.674676], [-96.0882, 30.674236], [-96.088124, 30.673846], [-96.088537, 30.673566], [-96.08909, 30.672791], [-96.088785, 30.672104], [-96.088677, 30.672099], [-96.088569, 30.67223], [-96.088333, 30.672197], [-96.088594, 30.671736], [-96.088543, 30.671648], [-96.088308, 30.671697], [-96.088149, 30.67161], [-96.087869, 30.670857], [-96.08764, 30.67073], [-96.08717, 30.670758], [-96.087087, 30.670609], [-96.087119, 30.670505], [-96.087824, 30.670488], [-96.088015, 30.670411], [-96.087907, 30.670131], [-96.087646, 30.669873], [-96.087735, 30.66962], [-96.087659, 30.669263], [-96.087881, 30.669043], [-96.088136, 30.66901], [-96.088301, 30.66879], [-96.088441, 30.668444], [-96.088288, 30.668087], [-96.088262, 30.667823], [-96.088358, 30.667686], [-96.088466, 30.667592], [-96.088873, 30.667581], [-96.089241, 30.667224], [-96.089108, 30.666889], [-96.088669, 30.66663], [-96.088802, 30.666466], [-96.08865, 30.666246], [-96.088752, 30.666059], [-96.088637, 30.665509], [-96.089285, 30.664932], [-96.089196, 30.664751], [-96.088916, 30.664657], [-96.088948, 30.664405], [-96.089183, 30.664295], [-96.089692, 30.664339], [-96.089826, 30.664168], [-96.08912, 30.663872], [-96.089094, 30.66358], [-96.089336, 30.663443], [-96.089641, 30.663696], [-96.090035, 30.663415], [-96.090175, 30.663652], [-96.090442, 30.663717], [-96.090722, 30.663487], [-96.090671, 30.663195], [-96.090747, 30.662986], [-96.0909, 30.662811], [-96.091192, 30.662772], [-96.091179, 30.662591], [-96.091459, 30.662124], [-96.092006, 30.662365], [-96.092266, 30.662255], [-96.092183, 30.661882], [-96.092323, 30.661277], [-96.092469, 30.6612], [-96.092819, 30.661321], [-96.093143, 30.661156], [-96.09294, 30.66059], [-96.092615, 30.66026], [-96.092361, 30.660172], [-96.092786, 30.658732], [-96.092392, 30.658276], [-96.092011, 30.658238], [-96.09182, 30.657381], [-96.091496, 30.657502], [-96.091127, 30.657518], [-96.090943, 30.65737], [-96.091101, 30.657145], [-96.091744, 30.657117], [-96.091928, 30.656991], [-96.091813, 30.656732], [-96.091896, 30.656468], [-96.091762, 30.656304], [-96.091514, 30.656249], [-96.091311, 30.656403], [-96.091044, 30.65626], [-96.091038, 30.656012], [-96.091235, 30.65582], [-96.091285, 30.655567], [-96.090866, 30.655381], [-96.090828, 30.654941], [-96.091069, 30.654776], [-96.091094, 30.654232], [-96.091323, 30.654116], [-96.091495, 30.653781], [-96.091813, 30.653748], [-96.09208, 30.654006], [-96.092524, 30.653935], [-96.09288, 30.653693], [-96.092664, 30.653611], [-96.092391, 30.653781], [-96.092277, 30.653594], [-96.092397, 30.653402], [-96.092988, 30.653319], [-96.093535, 30.653017], [-96.093986, 30.653121], [-96.094075, 30.65255], [-96.094545, 30.652473], [-96.094711, 30.652363], [-96.094698, 30.65217], [-96.094545, 30.651994], [-96.094723, 30.651835], [-96.094564, 30.651494], [-96.094717, 30.65128], [-96.094685, 30.65089], [-96.094774, 30.650582], [-96.094437, 30.650121], [-96.094621, 30.649681], [-96.094494, 30.64928], [-96.094525, 30.649043], [-96.094703, 30.648977], [-96.094958, 30.64917], [-96.095091, 30.649131], [-96.095491, 30.648642], [-96.095453, 30.648191], [-96.095561, 30.647895], [-96.09572, 30.647763], [-96.095968, 30.647801], [-96.096495, 30.647466], [-96.096482, 30.647097], [-96.096851, 30.646872], [-96.097232, 30.646388], [-96.097194, 30.64524], [-96.097041, 30.645174], [-96.09673, 30.645471], [-96.096437, 30.645328], [-96.096253, 30.645059], [-96.096456, 30.644784], [-96.096431, 30.644624], [-96.095967, 30.644443], [-96.095808, 30.644174], [-96.095503, 30.643976], [-96.095464, 30.643696], [-96.095064, 30.643256], [-96.09474, 30.64352], [-96.094257, 30.643377], [-96.094168, 30.643575], [-96.093971, 30.643614], [-96.09385, 30.643092], [-96.093989, 30.642333], [-96.093875, 30.642114], [-96.094047, 30.641982], [-96.093933, 30.641878], [-96.093689, 30.641843], [-96.093424, 30.642152], [-96.093073, 30.642198], [-96.092437, 30.641844], [-96.091694, 30.641907], [-96.091437, 30.64175], [-96.090786, 30.641047], [-96.090167, 30.641022], [-96.089348, 30.640587], [-96.088647, 30.639793], [-96.087876, 30.639132], [-96.087224, 30.638741], [-96.086645, 30.638146], [-96.086005, 30.637914], [-96.085076, 30.637279], [-96.083096, 30.637005], [-96.08277, 30.636857], [-96.081812, 30.635914], [-96.080675, 30.634195], [-96.080266, 30.633836], [-96.07996, 30.633717], [-96.078933, 30.634391], [-96.077417, 30.634198], [-96.076879, 30.634223], [-96.072768, 30.632901], [-96.072109, 30.632884], [-96.071893, 30.632622], [-96.071553, 30.632414], [-96.070043, 30.631725], [-96.067734, 30.630504], [-96.067014, 30.63022], [-96.06664, 30.63021], [-96.066224, 30.63037], [-96.06528, 30.631079], [-96.064381, 30.632066], [-96.063768, 30.632283], [-96.062297, 30.633401], [-96.062042, 30.633725], [-96.061414, 30.634082], [-96.061042, 30.634461], [-96.059234, 30.635721], [-96.058972, 30.636045], [-96.058839, 30.636497], [-96.057643, 30.636945], [-96.057036, 30.637384], [-96.056871, 30.637633], [-96.056389, 30.637875], [-96.054479, 30.639328], [-96.053993, 30.639952], [-96.053064, 30.640275], [-96.05269, 30.640296], [-96.05003, 30.63943], [-96.048924, 30.639233]]}},
    {"type": "Feature", "properties": {"name": "Holland Creek", "Type": "Creek or other stream"}, "geometry": {"type": "LineString", "coordinates": [[-95.937784, 30.494741], [-95.938101, 30.494812], [-95.938374, 30.494582], [-95.938628, 30.494724], [-95.93892, 30.494625], [-95.939206, 30.494653], [-95.939326, 30.494565], [-95.939606, 30.494664], [-95.939726, 30.494565], [-95.939885, 30.494691], [-95.940151, 30.494559], [-95.940513, 30.494664], [-95.940716, 30.494389], [-95.941027, 30.494274], [-95.941198, 30.494334], [-95.941433, 30.494186], [-95.941579, 30.493746], [-95.941744, 30.493839], [-95.941947, 30.493669], [-95.942156, 30.493784], [-95.942366, 30.493581], [-95.942715, 30.493455], [-95.94281, 30.493295], [-95.943318, 30.493427], [-95.943527, 30.493141], [-95.943641, 30.493158], [-95.943711, 30.49346], [-95.94387, 30.493537], [-95.944212, 30.493114], [-95.944523, 30.493152], [-95.945748, 30.492602], [-95.946148, 30.492811], [-95.94656, 30.492855], [-95.946681, 30.49313], [-95.946871, 30.493124], [-95.947309, 30.493366], [-95.948597, 30.493009], [-95.948915, 30.493129], [-95.949315, 30.493069], [-95.949175, 30.492706], [-95.949562, 30.492767], [-95.949905, 30.492706], [-95.950349, 30.493135], [-95.950539, 30.49319], [-95.950571, 30.492937], [-95.951009, 30.49297], [-95.95139, 30.492612], [-95.951529, 30.492255], [-95.951688, 30.492206], [-95.95184, 30.49237], [-95.951739, 30.49259], [-95.951783, 30.492739], [-95.952081, 30.492557], [-95.952633, 30.492931], [-95.953122, 30.492722], [-95.953668, 30.492777], [-95.953915, 30.492837], [-95.954128, 30.493106], [-95.954292, 30.493129], [-95.954524, 30.49281], [-95.954455, 30.492447], [-95.954727, 30.492051], [-95.955159, 30.492013], [-95.955184, 30.491655], [-95.956352, 30.491683], [-95.957589, 30.491485], [-95.957665, 30.49132], [-95.957564, 30.490984], [-95.958204, 30.491023], [-95.958756, 30.49072], [-95.959099, 30.490369], [-95.959772, 30.490286], [-95.960254, 30.49], [-95.960508, 30.49006], [-95.960914, 30.490418], [-95.961377, 30.49045], [-95.961453, 30.490231], [-95.961148, 30.489725], [-95.961332, 30.489203], [-95.961783, 30.488439], [-95.961986, 30.488318], [-95.962309, 30.487768], [-95.962766, 30.487389], [-95.964447, 30.486878], [-95.965031, 30.486504], [-95.965405, 30.486405], [-95.965621, 30.48613], [-95.966109, 30.485959], [-95.96668, 30.485492], [-95.967137, 30.485382], [-95.967334, 30.485206], [-95.967632, 30.485261], [-95.967879, 30.48514], [-95.969262, 30.483854], [-95.969249, 30.483474], [-95.969008, 30.483112], [-95.968906, 30.482667], [-95.969648, 30.48215], [-95.969775, 30.481771], [-95.970879, 30.48132], [-95.971298, 30.481633], [-95.972465, 30.481423], [-95.972744, 30.481176], [-95.9727, 30.481066], [-95.972903, 30.480665], [-95.973074, 30.480687], [-95.973727, 30.480324], [-95.974102, 30.480274], [-95.97459, 30.480071], [-95.975078, 30.47962], [-95.975694, 30.479405], [-95.975808, 30.479131], [-95.975687, 30.478977], [-95.976372, 30.478531], [-95.97669, 30.478482], [-95.976823, 30.478256], [-95.977768, 30.477487], [-95.978193, 30.477267], [-95.979309, 30.477003], [-95.979569, 30.477167], [-95.979925, 30.476936], [-95.981092, 30.477244], [-95.981524, 30.477485], [-95.982678, 30.477325], [-95.983325, 30.477089], [-95.983865, 30.477204], [-95.984461, 30.476814], [-95.984664, 30.476286], [-95.985108, 30.476017], [-95.985254, 30.476], [-95.985495, 30.476126], [-95.986218, 30.475945], [-95.986548, 30.475714], [-95.986573, 30.475554], [-95.987055, 30.475296], [-95.987867, 30.475482], [-95.98802, 30.475422], [-95.988114, 30.474718], [-95.987936, 30.474114], [-95.988031, 30.473823], [-95.987993, 30.473718], [-95.987663, 30.473625], [-95.987612, 30.473042], [-95.98751, 30.472916], [-95.987701, 30.472674], [-95.987802, 30.471982], [-95.98796, 30.471877], [-95.98829, 30.472047], [-95.98855, 30.471954], [-95.989533, 30.470167], [-95.990046, 30.469695], [-95.990205, 30.469376], [-95.991422, 30.469056], [-95.991936, 30.468809], [-95.992184, 30.468803], [-95.992596, 30.46827], [-95.993186, 30.46816], [-95.994162, 30.467753], [-95.99486, 30.467258], [-95.995576, 30.466922], [-95.995843, 30.46662], [-95.996838, 30.466268], [-95.997365, 30.465954], [-95.997954, 30.464833], [-95.997871, 30.464432], [-95.997662, 30.464157], [-95.997344, 30.463948], [-95.997528, 30.463421], [-95.99754, 30.462942], [-95.998973, 30.461134], [-95.999138, 30.461035], [-95.999785, 30.46099], [-96.000135, 30.460413], [-96.000953, 30.460744], [-96.001194, 30.460689], [-96.001575, 30.460359], [-96.001917, 30.460403], [-96.002577, 30.460217], [-96.003605, 30.46069], [-96.004366, 30.460734], [-96.005311, 30.460449], [-96.005977, 30.46046], [-96.00677, 30.460213], [-96.007221, 30.46023], [-96.00835, 30.45989], [-96.008775, 30.459852], [-96.00894, 30.45961], [-96.009219, 30.45944], [-96.009683, 30.459385], [-96.011084, 30.459627], [-96.011357, 30.459171], [-96.012448, 30.459392], [-96.012715, 30.459628], [-96.013063, 30.459766], [-96.013101, 30.45998], [-96.013228, 30.459958], [-96.013641, 30.460134], [-96.013805, 30.460541], [-96.014706, 30.460541], [-96.014966, 30.460426], [-96.015442, 30.459855], [-96.016127, 30.459674], [-96.017244, 30.45907], [-96.01753, 30.45846], [-96.017968, 30.458158], [-96.018717, 30.457916], [-96.019294, 30.457372], [-96.019922, 30.457092], [-96.020411, 30.456752], [-96.020455, 30.456389], [-96.020982, 30.456153], [-96.021217, 30.455884], [-96.021471, 30.455851], [-96.021693, 30.455708], [-96.022359, 30.455736], [-96.022828, 30.455483], [-96.023431, 30.455676], [-96.024103, 30.455577], [-96.0256, 30.455775], [-96.026831, 30.45654], [-96.027116, 30.457122], [-96.026963, 30.457639], [-96.027077, 30.457914], [-96.027382, 30.458035], [-96.028308, 30.458134], [-96.029266, 30.458486], [-96.030052, 30.45842], [-96.030477, 30.458069], [-96.030953, 30.45792], [-96.033877, 30.458201], [-96.034461, 30.458476], [-96.034918, 30.458372], [-96.03521, 30.458466], [-96.035876, 30.45824], [-96.037062, 30.458081], [-96.037601, 30.458301], [-96.039745, 30.45873], [-96.040278, 30.458698], [-96.041331, 30.458231], [-96.041205, 30.457461], [-96.041014, 30.45734], [-96.040653, 30.457406], [-96.040196, 30.457142], [-96.040272, 30.457027], [-96.040234, 30.456587], [-96.039923, 30.456384], [-96.040082, 30.455911], [-96.040418, 30.455609], [-96.040539, 30.455268], [-96.040939, 30.455269], [-96.041339, 30.454604], [-96.041833, 30.454505], [-96.041903, 30.454719], [-96.042017, 30.454747], [-96.042493, 30.454615], [-96.043013, 30.454928], [-96.043572, 30.454401], [-96.043933, 30.453593], [-96.04413, 30.453368], [-96.044263, 30.452901], [-96.044822, 30.452533], [-96.045107, 30.45162], [-96.046383, 30.450313], [-96.046548, 30.449659], [-96.04644, 30.448911], [-96.046859, 30.448114], [-96.047493, 30.447609], [-96.047671, 30.447334], [-96.047595, 30.447109], [-96.047785, 30.446636], [-96.047487, 30.446328], [-96.047627, 30.446224], [-96.047798, 30.445735], [-96.048585, 30.445537], [-96.049466, 30.445735], [-96.049783, 30.445543], [-96.049999, 30.445807], [-96.050487, 30.445911], [-96.050887, 30.445713], [-96.051927, 30.4444], [-96.052467, 30.444016], [-96.052422, 30.44379], [-96.052594, 30.443323], [-96.053247, 30.443081], [-96.053387, 30.442669], [-96.053697, 30.442543], [-96.053976, 30.442741], [-96.054078, 30.44251], [-96.054376, 30.442455], [-96.054579, 30.442136], [-96.055087, 30.441774], [-96.055144, 30.441356], [-96.055448, 30.441356], [-96.055772, 30.441136], [-96.056051, 30.441153], [-96.056222, 30.44096], [-96.056729, 30.440796], [-96.057148, 30.440504], [-96.057243, 30.440279], [-96.057789, 30.439911], [-96.057909, 30.439554], [-96.058233, 30.439653], [-96.058239, 30.439345], [-96.058734, 30.439163], [-96.059019, 30.438889], [-96.059546, 30.438927], [-96.060522, 30.43868], [-96.061138, 30.438713], [-96.062596, 30.438284], [-96.063503, 30.438334], [-96.063859, 30.438109], [-96.064017, 30.437856], [-96.06396, 30.437444], [-96.064455, 30.437103], [-96.066256, 30.436537], [-96.068286, 30.436328], [-96.069135, 30.436356], [-96.069351, 30.436476], [-96.069529, 30.436751], [-96.0693, 30.43707], [-96.069351, 30.437229], [-96.069706, 30.437257], [-96.070068, 30.436911], [-96.070372, 30.436801], [-96.070835, 30.437235], [-96.071114, 30.437125], [-96.071539, 30.437147], [-96.071679, 30.437345], [-96.071672, 30.437554], [-96.071989, 30.437609], [-96.072148, 30.437521], [-96.07223, 30.437147], [-96.072408, 30.437009], [-96.07289, 30.437163], [-96.073023, 30.437092], [-96.072966, 30.436757], [-96.072471, 30.436592], [-96.072459, 30.436443], [-96.072674, 30.436136], [-96.074767, 30.435707], [-96.075103, 30.435718], [-96.075484, 30.43613], [-96.076537, 30.435916], [-96.07686, 30.435943], [-96.077482, 30.436399], [-96.07889, 30.436888], [-96.079924, 30.437427], [-96.080311, 30.438004], [-96.080748, 30.438169], [-96.081046, 30.438004], [-96.08175, 30.437113], [-96.082232, 30.437053], [-96.083082, 30.437283], [-96.08359, 30.437157], [-96.084795, 30.436558], [-96.085835, 30.435623], [-96.086006, 30.435565]]}},
    {"type": "Feature", "properties": {"name": "Honey Creek", "Type": "Creek or other stream"}, "geometry": {"type": "MultiLineString", "coordinates": [[[-96.016989, 30.495202], [-96.016488, 30.495004], [-96.01652, 30.494801], [-96.01671, 30.494663], [-96.016761, 30.494493], [-96.016432, 30.494246], [-96.016413, 30.493745], [-96.016165, 30.493696], [-96.016077, 30.49346], [-96.016267, 30.49308], [-96.016261, 30.492624], [-96.015646, 30.491366], [-96.015723, 30.490261], [-96.015539, 30.490003], [-96.015438, 30.489305], [-96.014848, 30.488552], [-96.015039, 30.488189], [-96.01483, 30.487727], [-96.014862, 30.487299], [-96.015002, 30.487035], [-96.01483, 30.486683], [-96.014989, 30.486238], [-96.014729, 30.486112], [-96.014831, 30.485908], [-96.015205, 30.485678], [-96.014901, 30.485524], [-96.015091, 30.485249], [-96.014997, 30.48487], [-96.015155, 30.484644], [-96.014889, 30.484122], [-96.014604, 30.484161], [-96.014515, 30.484089], [-96.014572, 30.483875], [-96.01449, 30.483732], [-96.014693, 30.483545], [-96.01421, 30.483688], [-96.014065, 30.4836], [-96.014604, 30.483177], [-96.014852, 30.482776], [-96.014795, 30.482265], [-96.014471, 30.482254], [-96.014383, 30.482012], [-96.014078, 30.482061], [-96.013926, 30.481995], [-96.013926, 30.481852], [-96.014237, 30.481446], [-96.013895, 30.481237], [-96.013495, 30.481346], [-96.013279, 30.481066], [-96.013089, 30.481022], [-96.013299, 30.480709], [-96.013197, 30.480654], [-96.012918, 30.480802], [-96.012829, 30.48028], [-96.012626, 30.480439], [-96.012334, 30.480423], [-96.012607, 30.480203], [-96.012411, 30.479972], [-96.011967, 30.479922], [-96.011675, 30.479329], [-96.011751, 30.479071], [-96.011688, 30.47884], [-96.011859, 30.478647], [-96.011885, 30.478246], [-96.012095, 30.478016], [-96.012152, 30.477675], [-96.012558, 30.477615], [-96.012609, 30.477027], [-96.012533, 30.4769], [-96.011981, 30.476785], [-96.01174, 30.476262], [-96.011423, 30.475812], [-96.011201, 30.475652], [-96.011183, 30.475427], [-96.011424, 30.475202], [-96.011208, 30.474822], [-96.011247, 30.47463], [-96.011526, 30.47441], [-96.011799, 30.474356], [-96.011869, 30.473866], [-96.011736, 30.473713], [-96.011507, 30.473877], [-96.011399, 30.473624], [-96.01105, 30.473509], [-96.010848, 30.473542], [-96.010619, 30.473404], [-96.010772, 30.473025], [-96.010702, 30.472871], [-96.010886, 30.472602], [-96.010823, 30.472481], [-96.011058, 30.472218], [-96.010944, 30.471866], [-96.011166, 30.471404], [-96.011116, 30.470866], [-96.011312, 30.470574], [-96.011084, 30.469915], [-96.011154, 30.469536], [-96.010666, 30.469101], [-96.010616, 30.46864], [-96.00995, 30.468008], [-96.009956, 30.467843], [-96.010236, 30.467755], [-96.010198, 30.467117], [-96.010395, 30.466892], [-96.010236, 30.466634], [-96.010395, 30.465881], [-96.010212, 30.465699], [-96.010205, 30.465309], [-96.010497, 30.464985], [-96.010859, 30.46432], [-96.011228, 30.46415], [-96.011488, 30.463821], [-96.01152, 30.463337], [-96.011729, 30.463282], [-96.01197, 30.462986], [-96.012916, 30.462777], [-96.013303, 30.462349], [-96.013633, 30.462299], [-96.014204, 30.461602], [-96.014255, 30.461217], [-96.014477, 30.460915], [-96.014503, 30.460547]], [[-96.015953, 30.498927], [-96.016226, 30.498675], [-96.016163, 30.498477], [-96.016315, 30.498186], [-96.016315, 30.497708], [-96.01643, 30.497488], [-96.016176, 30.49701], [-96.016741, 30.496372], [-96.016595, 30.496021], [-96.01671, 30.495828], [-96.01704, 30.495609], [-96.016989, 30.495202]]]}},
    {"type": "Feature", "properties": {"name": "Hurricane Creek", "Type": "Creek or other stream"}, "geometry": {"type": "LineString", "coordinates": [[-95.922054, 30.347925], [-95.922878, 30.34915], [-95.922808, 30.349523], [-95.922352, 30.350298], [-95.922232, 30.350859], [-95.921306, 30.350914], [-95.920983, 30.351172], [-95.920191, 30.351194], [-95.920007, 30.350842], [-95.919836, 30.350787], [-95.919317, 30.350326], [-95.918905, 30.350166], [-95.917783, 30.349325], [-95.917517, 30.348776], [-95.917479, 30.348462], [-95.917226, 30.34821], [-95.917314, 30.348045], [-95.917264, 30.34794], [-95.916979, 30.347907], [-95.916782, 30.34766], [-95.916282, 30.34788], [-95.91561, 30.347753], [-95.915299, 30.347907], [-95.915046, 30.347918], [-95.914945, 30.347781], [-95.914685, 30.347847], [-95.91433, 30.347616], [-95.914064, 30.347616], [-95.913817, 30.347412], [-95.91293, 30.347302], [-95.912144, 30.346665], [-95.912144, 30.346428], [-95.911815, 30.346263], [-95.91191, 30.345917], [-95.911416, 30.345197], [-95.911118, 30.345087], [-95.910668, 30.345153], [-95.909914, 30.344697], [-95.90904, 30.343696], [-95.908767, 30.343729], [-95.908552, 30.343553], [-95.908235, 30.343526], [-95.907842, 30.343944], [-95.907202, 30.343801], [-95.907012, 30.343674], [-95.906169, 30.343542], [-95.904921, 30.343009], [-95.904446, 30.342706], [-95.903844, 30.342525], [-95.903616, 30.342355], [-95.903249, 30.34231], [-95.902919, 30.342025], [-95.901595, 30.341805], [-95.900417, 30.341156], [-95.898478, 30.34054], [-95.896609, 30.340111], [-95.896115, 30.340154], [-95.895868, 30.339946], [-95.895316, 30.340132], [-95.895304, 30.339923], [-95.895202, 30.339868], [-95.894987, 30.339973], [-95.894702, 30.339951], [-95.894277, 30.340066], [-95.893796, 30.340005], [-95.893042, 30.339725], [-95.892161, 30.339142], [-95.891464, 30.339246], [-95.891154, 30.339153], [-95.891084, 30.338895], [-95.890622, 30.339076], [-95.890457, 30.338944], [-95.889513, 30.338856], [-95.889437, 30.338663], [-95.889196, 30.338762], [-95.888898, 30.33868], [-95.888531, 30.338339], [-95.888423, 30.338146], [-95.888468, 30.337976], [-95.888107, 30.337459], [-95.885795, 30.336403], [-95.885402, 30.335282], [-95.885156, 30.334012], [-95.884567, 30.333484], [-95.884535, 30.33327], [-95.884662, 30.332918], [-95.883737, 30.332061], [-95.883579, 30.331813], [-95.883528, 30.331648], [-95.883902, 30.331594], [-95.884054, 30.331363], [-95.883599, 30.331066], [-95.883624, 30.330802], [-95.883428, 30.330621], [-95.883529, 30.330412], [-95.883377, 30.33028], [-95.883131, 30.329439], [-95.882674, 30.329131], [-95.882573, 30.328961], [-95.882592, 30.328702], [-95.881978, 30.328196], [-95.882168, 30.327806], [-95.882194, 30.327493], [-95.881934, 30.327372], [-95.881376, 30.327471], [-95.881231, 30.32719], [-95.880579, 30.326965], [-95.880275, 30.326327], [-95.879185, 30.32581], [-95.878894, 30.325574], [-95.87788, 30.325639], [-95.876702, 30.325287], [-95.875803, 30.324523], [-95.875512, 30.324022], [-95.875607, 30.323863], [-95.875569, 30.323665], [-95.875075, 30.323352], [-95.874523, 30.322539], [-95.873535, 30.322067], [-95.872128, 30.321936], [-95.871203, 30.321529], [-95.870842, 30.321161], [-95.87069, 30.320771], [-95.869986, 30.320689], [-95.869473, 30.320365], [-95.869181, 30.319843], [-95.868497, 30.31931], [-95.867818, 30.318596], [-95.867236, 30.318465], [-95.867159, 30.318333], [-95.867204, 30.318124], [-95.867058, 30.317888]]}},
    {"type": "Feature", "properties": {"name": "Jack Branch", "Type": "Creek or other stream"}, "geometry": {"type": "LineString", "coordinates": [[-96.01622, 30.502557], [-96.017297, 30.502875], [-96.017335, 30.503693], [-96.017455, 30.503935], [-96.017334, 30.504237], [-96.017543, 30.5051], [-96.017505, 30.505474], [-96.01767, 30.505826], [-96.017632, 30.506199], [-96.018019, 30.50659], [-96.018076, 30.506843], [-96.018628, 30.507359], [-96.018939, 30.50753], [-96.019065, 30.507953], [-96.019287, 30.508206], [-96.02088, 30.508712], [-96.021102, 30.508668], [-96.021197, 30.508932], [-96.021521, 30.509295], [-96.021153, 30.50963], [-96.021095, 30.509971], [-96.02126, 30.510333], [-96.021869, 30.510861], [-96.022028, 30.511284], [-96.021856, 30.511427], [-96.021596, 30.51118], [-96.021152, 30.511229], [-96.020961, 30.51135], [-96.021298, 30.511718], [-96.021279, 30.511927], [-96.02152, 30.512075], [-96.021482, 30.512163], [-96.021215, 30.51224], [-96.021393, 30.512405], [-96.021386, 30.512532], [-96.020999, 30.512575], [-96.020872, 30.512696], [-96.021088, 30.512982], [-96.021062, 30.513136], [-96.021405, 30.51324], [-96.021246, 30.513345], [-96.021068, 30.513856], [-96.021214, 30.514153], [-96.022414, 30.51451], [-96.022648, 30.514461], [-96.022788, 30.514527], [-96.02275, 30.514944], [-96.023029, 30.515214], [-96.023524, 30.515055], [-96.023841, 30.515115], [-96.023784, 30.515939], [-96.023638, 30.516187], [-96.023746, 30.516434], [-96.023968, 30.516561], [-96.024292, 30.51655], [-96.024761, 30.516945], [-96.025034, 30.51672], [-96.025345, 30.516759], [-96.025504, 30.516819], [-96.025599, 30.5171], [-96.026056, 30.517314], [-96.025656, 30.5176], [-96.026233, 30.517886], [-96.026068, 30.518193], [-96.025744, 30.518204], [-96.025668, 30.518369], [-96.025751, 30.518468], [-96.026043, 30.518528], [-96.02603, 30.519138], [-96.026474, 30.520045], [-96.026797, 30.520419], [-96.026639, 30.520661], [-96.026708, 30.521342], [-96.026613, 30.521535]]}},
    {"type": "Feature", "properties": {"name": "Johns Creek", "Type": "Creek or other stream"}, "geometry": {"type": "LineString", "coordinates": [[-95.858226, 30.426519], [-95.856399, 30.425745], [-95.856304, 30.425618], [-95.855854, 30.42558], [-95.855505, 30.425124], [-95.852663, 30.424235], [-95.85168, 30.423405], [-95.851572, 30.423114], [-95.85121, 30.422707], [-95.850874, 30.421724], [-95.850994, 30.421168], [-95.850092, 30.418278], [-95.850124, 30.417426], [-95.85037, 30.416552], [-95.850345, 30.415563], [-95.849996, 30.414607], [-95.849995, 30.414222], [-95.849558, 30.41376], [-95.849487, 30.41265], [-95.849373, 30.412496], [-95.849107, 30.412409], [-95.84891, 30.411969], [-95.84877, 30.410359], [-95.848922, 30.409595], [-95.848871, 30.409155], [-95.848427, 30.40843], [-95.848186, 30.407622], [-95.848268, 30.407001], [-95.848204, 30.406644], [-95.847893, 30.406259], [-95.847361, 30.406067], [-95.846974, 30.405341], [-95.846327, 30.404687], [-95.846364, 30.404336], [-95.846079, 30.404341], [-95.84594, 30.404176], [-95.846447, 30.403863], [-95.846244, 30.403055], [-95.846237, 30.402473], [-95.845666, 30.401379], [-95.845723, 30.400945], [-95.845583, 30.40067], [-95.845279, 30.400434], [-95.844917, 30.400362], [-95.844829, 30.400236], [-95.844397, 30.398582], [-95.844181, 30.39834], [-95.843927, 30.397747], [-95.843648, 30.396428], [-95.843844, 30.395394], [-95.843267, 30.39379], [-95.843412, 30.39335], [-95.842671, 30.392993], [-95.842296, 30.392295], [-95.841903, 30.39207], [-95.841776, 30.390509], [-95.841319, 30.390245], [-95.840926, 30.39035], [-95.840337, 30.390009], [-95.839931, 30.390048], [-95.839512, 30.389707], [-95.839322, 30.389427], [-95.839106, 30.389322], [-95.838821, 30.389295], [-95.838257, 30.389542], [-95.837826, 30.389389], [-95.836551, 30.387685], [-95.835657, 30.386987], [-95.835644, 30.386806], [-95.835873, 30.386635], [-95.835752, 30.386361], [-95.835245, 30.386053], [-95.834826, 30.386289], [-95.834503, 30.386262], [-95.834066, 30.385394], [-95.834103, 30.385108], [-95.833869, 30.384696]]}},
    {"type": "Feature", "properties": {"name": "Jones Creek", "Type": "Creek or other stream"}, "geometry": {"type": "MultiLineString", "coordinates": [[[-96.110767, 30.680029], [-96.111041, 30.680468], [-96.110895, 30.68088], [-96.110997, 30.681485], [-96.110755, 30.682062], [-96.109065, 30.684624], [-96.108442, 30.68519], [-96.108017, 30.685981], [-96.106987, 30.686822], [-96.107044, 30.686976], [-96.107457, 30.687229], [-96.107299, 30.688301], [-96.106924, 30.688427], [-96.106301, 30.689257], [-96.105366, 30.689274], [-96.105475, 30.689758], [-96.105119, 30.690065], [-96.104858, 30.690582], [-96.104807, 30.690928], [-96.104909, 30.691384], [-96.105017, 30.691489], [-96.104865, 30.691648], [-96.105412, 30.691846], [-96.10566, 30.692099], [-96.105997, 30.69206], [-96.106143, 30.692357], [-96.105647, 30.692807], [-96.105838, 30.693373], [-96.10573, 30.693396], [-96.105234, 30.693093], [-96.104935, 30.693115], [-96.104846, 30.693198], [-96.10484, 30.693374], [-96.105215, 30.693813], [-96.105241, 30.693995], [-96.105165, 30.694127], [-96.104402, 30.694352], [-96.104306, 30.694473], [-96.104186, 30.695006], [-96.104586, 30.694979], [-96.104752, 30.695143], [-96.104358, 30.695534], [-96.103919, 30.69688], [-96.104072, 30.697106], [-96.104174, 30.697111], [-96.104428, 30.696935], [-96.104676, 30.696908], [-96.105032, 30.697594], [-96.105299, 30.697517], [-96.105535, 30.697897], [-96.105751, 30.69788], [-96.105847, 30.698385], [-96.105529, 30.698474], [-96.105262, 30.699012], [-96.105968, 30.699342], [-96.106191, 30.69954], [-96.106604, 30.699671], [-96.106814, 30.699985], [-96.106998, 30.700001], [-96.107005, 30.699583], [-96.107151, 30.699605], [-96.107208, 30.700578], [-96.107342, 30.70066], [-96.107476, 30.700523], [-96.107813, 30.700479], [-96.107641, 30.700743], [-96.107845, 30.700797], [-96.107902, 30.70099], [-96.107705, 30.70105], [-96.107679, 30.701149], [-96.107838, 30.701177], [-96.108201, 30.701677], [-96.108335, 30.701671], [-96.108551, 30.701457], [-96.108843, 30.70155], [-96.108945, 30.701896], [-96.10864, 30.702122], [-96.108627, 30.702259], [-96.10906, 30.702369], [-96.109353, 30.702885], [-96.10983, 30.702946], [-96.110262, 30.702874], [-96.11051, 30.703099], [-96.110752, 30.702901], [-96.111006, 30.702901], [-96.111261, 30.703105], [-96.111687, 30.70322], [-96.111961, 30.70372], [-96.112686, 30.703566], [-96.113093, 30.703879], [-96.113398, 30.703972], [-96.114155, 30.703944], [-96.114155, 30.704164], [-96.114263, 30.704241], [-96.114492, 30.704208], [-96.114746, 30.703977], [-96.114975, 30.703906], [-96.115096, 30.703922], [-96.115173, 30.704219], [-96.115529, 30.704114], [-96.115586, 30.703884], [-96.11535, 30.703768], [-96.115344, 30.703675], [-96.115579, 30.703361], [-96.116037, 30.703499], [-96.116165, 30.703812], [-96.11661, 30.703867], [-96.116883, 30.704064], [-96.117468, 30.703921], [-96.117691, 30.703712], [-96.118143, 30.704179], [-96.118314, 30.70419], [-96.11883, 30.704036], [-96.118988, 30.703465], [-96.119688, 30.70308], [-96.119789, 30.703135], [-96.119732, 30.703475], [-96.120031, 30.703799], [-96.120756, 30.703766], [-96.121176, 30.704085], [-96.12138, 30.703969], [-96.121418, 30.70381], [-96.121214, 30.703519], [-96.121246, 30.702942], [-96.12136, 30.702859], [-96.121532, 30.703101], [-96.121665, 30.702524], [-96.122187, 30.702551], [-96.122193, 30.702397], [-96.122002, 30.702188], [-96.122072, 30.701837], [-96.122237, 30.701661], [-96.122632, 30.701919], [-96.12288, 30.702529], [-96.123173, 30.702452], [-96.123465, 30.702501], [-96.123637, 30.702419], [-96.123917, 30.702534], [-96.124241, 30.702506], [-96.1244, 30.702369], [-96.124896, 30.702209], [-96.124909, 30.702066], [-96.124616, 30.701869], [-96.124711, 30.701588], [-96.124711, 30.700874], [-96.124844, 30.700775], [-96.125771, 30.701056], [-96.126044, 30.701314], [-96.125974, 30.701847], [-96.126546, 30.701925], [-96.127163, 30.701667], [-96.127437, 30.70137], [-96.12778, 30.701244], [-96.128169, 30.700947], [-96.128436, 30.700942], [-96.128601, 30.700815], [-96.12883, 30.70086], [-96.130338, 30.700701], [-96.130465, 30.701031], [-96.130833, 30.701328], [-96.131126, 30.70113], [-96.131126, 30.700899], [-96.131298, 30.700767], [-96.131171, 30.700668], [-96.131247, 30.700575], [-96.132284, 30.700509], [-96.132595, 30.700625], [-96.133053, 30.700449], [-96.133321, 30.700164], [-96.133658, 30.700274], [-96.133791, 30.700466], [-96.134268, 30.700494], [-96.134427, 30.700208], [-96.134739, 30.700159], [-96.134917, 30.699945], [-96.135121, 30.69989], [-96.135343, 30.700038], [-96.135547, 30.699989], [-96.135807, 30.700137], [-96.136571, 30.700055], [-96.136711, 30.699874], [-96.13734, 30.699742], [-96.137028, 30.700182], [-96.137047, 30.700622], [-96.137155, 30.700699], [-96.137391, 30.70066], [-96.137772, 30.700842], [-96.138612, 30.700776], [-96.138707, 30.700518], [-96.138968, 30.700463], [-96.13914, 30.7001], [-96.139432, 30.700172], [-96.139693, 30.699826], [-96.140208, 30.699826], [-96.140253, 30.70031], [-96.140539, 30.700233], [-96.14066, 30.700623], [-96.141404, 30.700722], [-96.142263, 30.699909], [-96.142225, 30.699761], [-96.141888, 30.699623], [-96.141945, 30.69947], [-96.142485, 30.699382], [-96.142975, 30.699063], [-96.142944, 30.69897], [-96.142594, 30.69897], [-96.142448, 30.698843], [-96.142778, 30.698613], [-96.142817, 30.698475], [-96.142334, 30.698129], [-96.142283, 30.697914], [-96.142671, 30.697904], [-96.143097, 30.698162], [-96.143268, 30.698113], [-96.143288, 30.697854], [-96.144133, 30.697959], [-96.144216, 30.697464], [-96.144802, 30.696844], [-96.144935, 30.696761], [-96.145527, 30.696778], [-96.145565, 30.696487], [-96.145444, 30.696294], [-96.145692, 30.696338], [-96.145839, 30.696091], [-96.145584, 30.695937], [-96.145705, 30.695668], [-96.146087, 30.695652], [-96.146233, 30.695437], [-96.146628, 30.695366], [-96.1472, 30.695091], [-96.14762, 30.693943], [-96.147411, 30.693108], [-96.147042, 30.692508], [-96.146718, 30.692294], [-96.146826, 30.692173], [-96.147818, 30.692025], [-96.148137, 30.691558], [-96.148537, 30.69147], [-96.149574, 30.691394], [-96.149892, 30.691515], [-96.150216, 30.691471], [-96.150572, 30.69113], [-96.150483, 30.690866], [-96.150859, 30.69052], [-96.151609, 30.690213], [-96.152341, 30.689207], [-96.153677, 30.688603], [-96.154192, 30.68818], [-96.154192, 30.687916], [-96.154873, 30.687488], [-96.155178, 30.6874], [-96.155445, 30.686982]], [[-96.134895, 30.466398], [-96.134904, 30.466402]]]}},
    {"type": "Feature", "properties": {"name": "Kelso Branch", "Type": "Creek or other stream"}, "geometry": {"type": "LineString", "coordinates": [[-95.844498, 30.729902], [-95.845134, 30.729893], [-95.845827, 30.729662], [-95.846043, 30.729201], [-95.846501, 30.729173], [-95.846743, 30.728909], [-95.847181, 30.72864], [-95.847321, 30.728134], [-95.847499, 30.728095], [-95.847735, 30.728337], [-95.848046, 30.728304], [-95.84839, 30.727754], [-95.848778, 30.727688], [-95.848765, 30.727859], [-95.848848, 30.727875], [-95.849064, 30.727688], [-95.850203, 30.727347], [-95.850909, 30.727369], [-95.851532, 30.727555], [-95.852016, 30.727094], [-95.852512, 30.726846], [-95.852938, 30.726154], [-95.853014, 30.725736], [-95.853408, 30.724779], [-95.85398, 30.724504], [-95.854635, 30.724499], [-95.855087, 30.724729], [-95.85543, 30.724355], [-95.856722, 30.724179], [-95.857937, 30.724547], [-95.858191, 30.724508], [-95.85919, 30.724035], [-95.859616, 30.724277], [-95.860653, 30.724254], [-95.860749, 30.724469], [-95.860952, 30.724551], [-95.861181, 30.724523], [-95.861626, 30.724221], [-95.861932, 30.724639], [-95.862269, 30.724693], [-95.862549, 30.724567], [-95.862549, 30.724259], [-95.862867, 30.723973], [-95.863312, 30.724171], [-95.863579, 30.724495], [-95.863789, 30.724478], [-95.864177, 30.724258], [-95.864476, 30.724368], [-95.864674, 30.724753], [-95.86538, 30.725027]]}},
    {"type": "Feature", "properties": {"name": "Kickapoo Creek", "Type": "Creek or other stream"}, "geometry": {"type": "LineString", "coordinates": [[-95.915696, 30.325275], [-95.914397, 30.324594], [-95.913884, 30.323907], [-95.912712, 30.323516], [-95.912351, 30.323181], [-95.911509, 30.322989], [-95.910039, 30.323016], [-95.908956, 30.322472], [-95.908658, 30.322543], [-95.908322, 30.322224], [-95.90805, 30.322252], [-95.907815, 30.322092], [-95.907556, 30.322087], [-95.906688, 30.322328], [-95.906529, 30.322257], [-95.906339, 30.321927], [-95.905928, 30.322108], [-95.904984, 30.321905], [-95.904673, 30.321773], [-95.904648, 30.321492], [-95.904528, 30.321377], [-95.904249, 30.321328], [-95.903894, 30.321421], [-95.903673, 30.321311], [-95.903508, 30.320673], [-95.90328, 30.320459], [-95.902906, 30.320547], [-95.90238, 30.320404], [-95.901722, 30.320547], [-95.900873, 30.320502], [-95.899232, 30.320788], [-95.89882, 30.320606], [-95.898643, 30.320738], [-95.898231, 30.32081], [-95.897952, 30.320672], [-95.897819, 30.32032], [-95.897465, 30.320392], [-95.897173, 30.320199], [-95.897123, 30.320051], [-95.897237, 30.319749], [-95.896844, 30.319507], [-95.896717, 30.319149], [-95.895698, 30.319061], [-95.89483, 30.318808], [-95.894773, 30.318753], [-95.894887, 30.318445], [-95.894216, 30.318132], [-95.893164, 30.317835], [-95.892733, 30.317604], [-95.89172, 30.317637], [-95.891086, 30.317834], [-95.890491, 30.317581], [-95.88999, 30.317653], [-95.889832, 30.31757], [-95.889389, 30.317674], [-95.888508, 30.317201], [-95.888249, 30.317163], [-95.888021, 30.316882], [-95.887736, 30.316717], [-95.887147, 30.316789], [-95.886532, 30.316574], [-95.884714, 30.317156], [-95.884384, 30.317475], [-95.883928, 30.317738], [-95.88389, 30.318222], [-95.883301, 30.318425], [-95.882984, 30.318777], [-95.882515, 30.319079], [-95.882154, 30.318963], [-95.881431, 30.318925], [-95.880995, 30.318474], [-95.880691, 30.318391], [-95.88012, 30.318556], [-95.879144, 30.31916], [-95.878391, 30.319165], [-95.877947, 30.319291], [-95.877801, 30.319154], [-95.87758, 30.319143], [-95.877054, 30.319258], [-95.876902, 30.319406], [-95.876344, 30.319395], [-95.876027, 30.319609], [-95.875179, 30.319483], [-95.874331, 30.318796], [-95.873875, 30.318709], [-95.873621, 30.318445], [-95.873444, 30.31839], [-95.872842, 30.318698], [-95.872538, 30.318687], [-95.872374, 30.319138], [-95.872165, 30.319287], [-95.871899, 30.319292], [-95.871347, 30.31888], [-95.870859, 30.319012], [-95.870625, 30.318864], [-95.870384, 30.318518], [-95.869883, 30.31821], [-95.86975, 30.317672], [-95.869535, 30.317782], [-95.869389, 30.318035], [-95.868768, 30.31809], [-95.868363, 30.31792], [-95.867926, 30.318003], [-95.867438, 30.317805], [-95.867058, 30.317888]]}},
    {"type": "Feature", "properties": {"name": "Lake Creek", "Type": "Creek or other stream"}, "geometry": {"type": "LineString", "coordinates": [[-95.909479, 30.621479], [-95.908548, 30.621443], [-95.908148, 30.621245], [-95.907824, 30.621196], [-95.90675, 30.621437], [-95.906343, 30.621437], [-95.906159, 30.621289], [-95.905727, 30.621267], [-95.905644, 30.621162], [-95.905174, 30.621206], [-95.904589, 30.621519], [-95.904005, 30.622146], [-95.903649, 30.622239], [-95.903312, 30.622497], [-95.902759, 30.623047], [-95.902168, 30.623899], [-95.902022, 30.623975], [-95.901704, 30.623931], [-95.901539, 30.624135], [-95.901392, 30.624162], [-95.901202, 30.624074], [-95.901087, 30.623876], [-95.900776, 30.62381], [-95.900122, 30.624063], [-95.899829, 30.623876], [-95.899569, 30.623958], [-95.899226, 30.623854], [-95.898622, 30.623914], [-95.898311, 30.623106], [-95.897561, 30.622375], [-95.89739, 30.622309], [-95.897205, 30.622397], [-95.896849, 30.622265], [-95.896595, 30.622397], [-95.89643, 30.622309], [-95.895953, 30.622276], [-95.89556, 30.622045], [-95.895528, 30.621963], [-95.895693, 30.621759], [-95.895369, 30.621666], [-95.895445, 30.621539], [-95.895337, 30.621407], [-95.895611, 30.620913], [-95.895045, 30.620154], [-95.894346, 30.620599], [-95.894124, 30.6205], [-95.893844, 30.620577], [-95.893381, 30.620088], [-95.893082, 30.620258], [-95.892726, 30.619956], [-95.892345, 30.620022], [-95.892199, 30.619901], [-95.891938, 30.619862], [-95.891347, 30.620115], [-95.891017, 30.62012], [-95.890928, 30.620307], [-95.890718, 30.620302], [-95.889892, 30.620615], [-95.889606, 30.620598], [-95.889441, 30.620488], [-95.888939, 30.619883], [-95.88831, 30.620317], [-95.888354, 30.620702], [-95.88817, 30.620889], [-95.88782, 30.620977], [-95.887903, 30.62123], [-95.88761, 30.621334], [-95.887337, 30.621114], [-95.887242, 30.620889], [-95.886492, 30.620877], [-95.886035, 30.620113], [-95.885489, 30.619558], [-95.885298, 30.61969], [-95.884904, 30.619767], [-95.884319, 30.619772], [-95.884014, 30.619668], [-95.883671, 30.619722], [-95.883182, 30.620552], [-95.882362, 30.620964], [-95.881821, 30.62092], [-95.881307, 30.621008], [-95.880576, 30.620914], [-95.880366, 30.621002], [-95.879883, 30.620831], [-95.879242, 30.620968], [-95.879083, 30.620809], [-95.879013, 30.61988], [-95.87874, 30.619622], [-95.878359, 30.619742], [-95.878321, 30.620199], [-95.878073, 30.620374], [-95.87778, 30.62044], [-95.877424, 30.620314], [-95.877024, 30.619808], [-95.877152, 30.619517], [-95.876739, 30.61928], [-95.876059, 30.619181], [-95.875557, 30.619269], [-95.875008, 30.619099], [-95.874684, 30.619148], [-95.874411, 30.619066], [-95.874449, 30.618725], [-95.874334, 30.618132], [-95.87488, 30.617978], [-95.87495, 30.617763], [-95.874562, 30.617549], [-95.87434, 30.617077], [-95.874441, 30.617005], [-95.874727, 30.617126], [-95.875007, 30.617098], [-95.875317, 30.616768], [-95.875241, 30.616537], [-95.875342, 30.61629], [-95.875114, 30.616004], [-95.875095, 30.615548], [-95.874853, 30.615175], [-95.874795, 30.614664], [-95.873918, 30.61451], [-95.873753, 30.614384], [-95.87346, 30.61378], [-95.872704, 30.613027], [-95.872563, 30.612434], [-95.872417, 30.612324], [-95.87194, 30.612247], [-95.871228, 30.611758], [-95.871247, 30.61144], [-95.870841, 30.611539], [-95.870517, 30.611412], [-95.870593, 30.61122], [-95.87086, 30.611148], [-95.870936, 30.610808], [-95.870383, 30.610357], [-95.87037, 30.610198], [-95.870643, 30.610154], [-95.870656, 30.610055], [-95.870414, 30.609824], [-95.869975, 30.609605], [-95.86995, 30.609198], [-95.869518, 30.609187], [-95.869397, 30.609094], [-95.869498, 30.60894], [-95.869784, 30.608852], [-95.869886, 30.608588], [-95.869784, 30.608544], [-95.869485, 30.608731], [-95.869244, 30.608759], [-95.868526, 30.608347], [-95.868634, 30.608088], [-95.868576, 30.607935], [-95.868043, 30.607885], [-95.868118, 30.607154], [-95.868277, 30.607116], [-95.868341, 30.607292], [-95.868563, 30.607292], [-95.868487, 30.606929], [-95.868258, 30.606918], [-95.868112, 30.606808], [-95.868073, 30.606484], [-95.868575, 30.606176], [-95.868594, 30.606061], [-95.868232, 30.605846], [-95.86813, 30.605605], [-95.867717, 30.605632], [-95.867539, 30.605506], [-95.86752, 30.605341], [-95.867723, 30.604956], [-95.868149, 30.60494], [-95.868225, 30.604841], [-95.867951, 30.604621], [-95.867621, 30.604605], [-95.867557, 30.604473], [-95.867703, 30.60433], [-95.868053, 30.604363], [-95.868046, 30.60417], [-95.867716, 30.604071], [-95.867684, 30.603973], [-95.868072, 30.603923], [-95.868167, 30.603516], [-95.868599, 30.603357], [-95.868732, 30.603203], [-95.868604, 30.602444], [-95.868064, 30.602186], [-95.868166, 30.60173], [-95.86807, 30.601395], [-95.867136, 30.60073], [-95.866564, 30.600681], [-95.866278, 30.600516], [-95.865808, 30.600423], [-95.865458, 30.6005], [-95.865198, 30.600446], [-95.86535, 30.600094], [-95.865197, 30.599748], [-95.865235, 30.599687], [-95.865464, 30.599791], [-95.865553, 30.599709], [-95.865381, 30.599533], [-95.865553, 30.599176], [-95.865286, 30.599061], [-95.864701, 30.598412], [-95.863945, 30.59816], [-95.863881, 30.597924], [-95.863493, 30.597665], [-95.863627, 30.597396], [-95.86343, 30.597187], [-95.863417, 30.596935], [-95.863143, 30.596814], [-95.863029, 30.596484], [-95.862984, 30.596077], [-95.863156, 30.595989], [-95.863403, 30.596028], [-95.863543, 30.595934], [-95.86353, 30.595764], [-95.863346, 30.595632], [-95.86339, 30.595247], [-95.863263, 30.595137], [-95.863549, 30.594648], [-95.863415, 30.594533], [-95.862945, 30.594478], [-95.86156, 30.593924], [-95.861496, 30.593451], [-95.861096, 30.593352], [-95.861007, 30.59322], [-95.860803, 30.592545], [-95.860479, 30.592105], [-95.860301, 30.591556], [-95.859964, 30.591198], [-95.859506, 30.590154], [-95.858749, 30.589385], [-95.858374, 30.588704], [-95.858082, 30.588402], [-95.857955, 30.588012], [-95.858221, 30.58761], [-95.858164, 30.587479], [-95.857331, 30.586852], [-95.8573, 30.586643], [-95.85688, 30.586319], [-95.856906, 30.586198], [-95.857248, 30.585973], [-95.85749, 30.58566], [-95.85742, 30.585484], [-95.857216, 30.585473], [-95.856924, 30.585693], [-95.856804, 30.585643], [-95.85674, 30.585209], [-95.856479, 30.584825], [-95.856142, 30.584698], [-95.855812, 30.584841], [-95.855615, 30.583995], [-95.855291, 30.583655], [-95.85456, 30.583221], [-95.854217, 30.583287], [-95.85374, 30.582897], [-95.853073, 30.582738], [-95.852807, 30.582886], [-95.852355, 30.58265], [-95.852209, 30.582727], [-95.851974, 30.582655], [-95.851511, 30.582711], [-95.851333, 30.582535], [-95.851168, 30.582634], [-95.850863, 30.582474], [-95.850507, 30.581826], [-95.849833, 30.581348], [-95.849211, 30.581189], [-95.849268, 30.581052], [-95.849128, 30.580799], [-95.849134, 30.580557], [-95.848791, 30.580326], [-95.849, 30.580024], [-95.84874, 30.579617], [-95.848924, 30.57931], [-95.84832, 30.578749], [-95.848358, 30.578387], [-95.848599, 30.578106], [-95.848358, 30.578046], [-95.848313, 30.577936], [-95.848453, 30.577815], [-95.848841, 30.577848], [-95.849088, 30.577699], [-95.849114, 30.577518], [-95.848929, 30.577348], [-95.849037, 30.577166], [-95.849609, 30.577144], [-95.84945, 30.576699], [-95.849469, 30.576287], [-95.849996, 30.576133], [-95.850256, 30.575753], [-95.849996, 30.575512], [-95.849976, 30.575176], [-95.850097, 30.574962], [-95.850453, 30.574775], [-95.85044, 30.57455], [-95.850332, 30.574231], [-95.850078, 30.574055], [-95.849925, 30.573572], [-95.849613, 30.573269], [-95.849226, 30.573248], [-95.849188, 30.573072], [-95.848578, 30.572654], [-95.84866, 30.572528], [-95.84852, 30.571621], [-95.848577, 30.571341], [-95.848063, 30.570923], [-95.848145, 30.570357], [-95.848374, 30.570044], [-95.848164, 30.569945], [-95.847897, 30.568868], [-95.847522, 30.568159], [-95.84754, 30.567549], [-95.847369, 30.566494], [-95.847432, 30.565873], [-95.847101, 30.564823], [-95.84672, 30.56429], [-95.846339, 30.564169], [-95.84529, 30.563285], [-95.844636, 30.563093], [-95.84409, 30.563192], [-95.84409, 30.56284], [-95.844509, 30.562169], [-95.844775, 30.560823], [-95.844692, 30.559383], [-95.844508, 30.559097], [-95.843942, 30.558795], [-95.843403, 30.558828], [-95.843117, 30.558729], [-95.84365, 30.558542], [-95.843949, 30.558592], [-95.844342, 30.55852], [-95.845079, 30.557976], [-95.845085, 30.55775], [-95.845339, 30.557745], [-95.845313, 30.556882], [-95.84504, 30.556547], [-95.84518, 30.556261], [-95.845529, 30.55636], [-95.845599, 30.556283], [-95.845739, 30.555821], [-95.846354, 30.554639], [-95.845496, 30.553832], [-95.844766, 30.55281], [-95.844194, 30.551793], [-95.843565, 30.551216], [-95.843063, 30.551249], [-95.842739, 30.551431], [-95.842346, 30.551332], [-95.842174, 30.551519], [-95.841952, 30.551431], [-95.841768, 30.551832], [-95.8414, 30.55219], [-95.841076, 30.552008], [-95.841057, 30.552261], [-95.841406, 30.552783], [-95.841324, 30.552899], [-95.840632, 30.553075], [-95.840168, 30.55275], [-95.83985, 30.552102], [-95.839165, 30.551696], [-95.839044, 30.551487], [-95.83837, 30.549915], [-95.838345, 30.549464], [-95.837989, 30.549311], [-95.837862, 30.548997], [-95.83769, 30.54892], [-95.837557, 30.548684], [-95.837163, 30.548503], [-95.836877, 30.54825], [-95.837023, 30.547409], [-95.836871, 30.547112], [-95.835943, 30.546558], [-95.835562, 30.546189], [-95.835156, 30.54608], [-95.834565, 30.545717], [-95.834343, 30.545475], [-95.833695, 30.545272], [-95.833752, 30.544464], [-95.833936, 30.544134], [-95.833943, 30.543761], [-95.834152, 30.543266], [-95.834057, 30.543172], [-95.833765, 30.543211], [-95.833466, 30.543074], [-95.833314, 30.542321], [-95.832926, 30.542145], [-95.833009, 30.541458], [-95.832628, 30.541183], [-95.832678, 30.541062], [-95.833478, 30.540738], [-95.832742, 30.540557], [-95.832843, 30.540392], [-95.833212, 30.540419], [-95.833281, 30.540359], [-95.833351, 30.539897], [-95.832811, 30.539903], [-95.83257, 30.540106], [-95.832481, 30.539958], [-95.832608, 30.53965], [-95.83257, 30.539518], [-95.832456, 30.53943], [-95.831922, 30.53937], [-95.831643, 30.539166], [-95.831618, 30.539023], [-95.832106, 30.538919], [-95.832144, 30.538534], [-95.832068, 30.538424], [-95.831871, 30.538562], [-95.831484, 30.538457], [-95.831941, 30.538128], [-95.831681, 30.537902], [-95.831643, 30.537688], [-95.831312, 30.537628], [-95.831141, 30.537463], [-95.83135, 30.537215], [-95.831668, 30.53732], [-95.831973, 30.536957], [-95.832214, 30.536979], [-95.832284, 30.536891], [-95.83196, 30.535962], [-95.832385, 30.535303], [-95.831921, 30.534797], [-95.83175, 30.534709], [-95.831515, 30.534726], [-95.831401, 30.534907], [-95.831528, 30.535055], [-95.831807, 30.53516], [-95.831782, 30.53538], [-95.831521, 30.535418], [-95.831083, 30.535006], [-95.830639, 30.535045], [-95.830385, 30.53527], [-95.830633, 30.535594], [-95.83062, 30.535803], [-95.830461, 30.535924], [-95.829775, 30.536116], [-95.829604, 30.535462], [-95.829744, 30.535275], [-95.830118, 30.535176], [-95.83015, 30.535089], [-95.829934, 30.534836], [-95.829585, 30.534814], [-95.829686, 30.534435], [-95.829191, 30.53433], [-95.829362, 30.533764], [-95.82935, 30.533154], [-95.829286, 30.533061], [-95.829134, 30.533066], [-95.828918, 30.533336], [-95.828588, 30.533495], [-95.828359, 30.533105], [-95.829057, 30.531786], [-95.829724, 30.530928], [-95.82985, 30.530406], [-95.829762, 30.530181], [-95.82926, 30.530142], [-95.828619, 30.529763], [-95.828085, 30.529126], [-95.828022, 30.528604], [-95.827946, 30.528587], [-95.827032, 30.529505], [-95.826657, 30.529566], [-95.826333, 30.5295], [-95.826244, 30.529269], [-95.826422, 30.529038], [-95.826708, 30.528972], [-95.826904, 30.528813], [-95.826981, 30.528648], [-95.826873, 30.528499], [-95.826409, 30.528395], [-95.826193, 30.528675], [-95.82599, 30.528703], [-95.825755, 30.528565], [-95.825584, 30.52823], [-95.825108, 30.528302], [-95.824873, 30.528219], [-95.824473, 30.527873], [-95.82406, 30.52767], [-95.823882, 30.527406], [-95.823838, 30.52701], [-95.823704, 30.52684], [-95.82347, 30.526757], [-95.823349, 30.526818], [-95.823279, 30.527137], [-95.823114, 30.527203], [-95.821851, 30.52684], [-95.820651, 30.526901], [-95.820536, 30.526791], [-95.820638, 30.526401], [-95.820199, 30.525957]]}},
    {"type": "Feature", "properties": {"name": "Little Caney Creek", "Type": "Creek or other stream"}, "geometry": {"type": "LineString", "coordinates": [[-95.904519, 30.464992], [-95.904925, 30.465063], [-95.905014, 30.465008], [-95.905179, 30.464486], [-95.90554, 30.464019], [-95.90561, 30.463343], [-95.905287, 30.462573], [-95.905704, 30.461642], [-95.90549, 30.461205], [-95.90556, 30.460958], [-95.90549, 30.460107], [-95.905927, 30.45938], [-95.905643, 30.459094], [-95.905859, 30.458627], [-95.906043, 30.45843], [-95.906538, 30.458177], [-95.906804, 30.45771], [-95.907769, 30.456732], [-95.907744, 30.456572], [-95.907217, 30.456028], [-95.907147, 30.455803], [-95.907509, 30.454451], [-95.907211, 30.454017], [-95.906476, 30.453335], [-95.90588, 30.452527], [-95.905493, 30.452313], [-95.905233, 30.451862], [-95.904865, 30.451582], [-95.90444, 30.450966], [-95.904009, 30.450636], [-95.903755, 30.45007], [-95.903311, 30.449498], [-95.903045, 30.449537], [-95.90288, 30.449196], [-95.90255, 30.449284], [-95.902157, 30.448888], [-95.901865, 30.4488], [-95.901719, 30.448503], [-95.901314, 30.448377], [-95.900692, 30.44769], [-95.900318, 30.44775], [-95.900299, 30.447898], [-95.900153, 30.447937], [-95.899722, 30.447574], [-95.898472, 30.447057], [-95.898504, 30.446793], [-95.897895, 30.446496], [-95.897775, 30.446337], [-95.897584, 30.446326], [-95.897477, 30.44615], [-95.896925, 30.445848], [-95.896507, 30.445029], [-95.896164, 30.444677], [-95.895352, 30.444429], [-95.894788, 30.444023], [-95.893989, 30.442791], [-95.89364, 30.442687], [-95.893184, 30.442813], [-95.892911, 30.442566], [-95.892918, 30.442148], [-95.892163, 30.441994], [-95.892353, 30.441615], [-95.891738, 30.441087], [-95.891396, 30.440949], [-95.891161, 30.441131], [-95.891034, 30.441125], [-95.890724, 30.4409], [-95.890089, 30.440806], [-95.889994, 30.440564], [-95.890305, 30.440257], [-95.890248, 30.440015], [-95.889259, 30.43986], [-95.888904, 30.439915], [-95.888047, 30.439679], [-95.887527, 30.439157], [-95.885897, 30.43903], [-95.885415, 30.439106], [-95.884788, 30.439046], [-95.884451, 30.439474], [-95.883994, 30.439485], [-95.883684, 30.439666], [-95.882808, 30.439495], [-95.882637, 30.439572], [-95.882358, 30.439918], [-95.881444, 30.440006], [-95.881153, 30.440226], [-95.880988, 30.440523], [-95.880848, 30.44055], [-95.880353, 30.440385], [-95.880296, 30.440132], [-95.879833, 30.439846], [-95.879339, 30.440055], [-95.878749, 30.439802], [-95.878533, 30.440005], [-95.878381, 30.440016], [-95.878172, 30.439834], [-95.878019, 30.440054], [-95.877734, 30.439884], [-95.87769, 30.440054], [-95.877322, 30.440032], [-95.877208, 30.439916], [-95.877233, 30.439812], [-95.877658, 30.439686], [-95.877753, 30.439548], [-95.87762, 30.439406], [-95.877284, 30.439339], [-95.877157, 30.439224], [-95.876992, 30.438955], [-95.87686, 30.438235], [-95.876688, 30.438169], [-95.875921, 30.438234], [-95.875743, 30.438394], [-95.875394, 30.438201], [-95.874768, 30.438438], [-95.874552, 30.438652], [-95.874229, 30.438443], [-95.874089, 30.438773], [-95.87348, 30.438636], [-95.872828, 30.439571], [-95.871394, 30.439643], [-95.871039, 30.439951], [-95.870297, 30.439847], [-95.870157, 30.439622], [-95.869942, 30.439523], [-95.869288, 30.439364], [-95.869015, 30.439402], [-95.867431, 30.441118], [-95.867336, 30.441365], [-95.86759, 30.441689], [-95.867571, 30.442025], [-95.867216, 30.442266], [-95.867127, 30.442646], [-95.865574, 30.443641], [-95.86539, 30.44368], [-95.86513, 30.443696], [-95.864508, 30.443455], [-95.863703, 30.443499], [-95.863265, 30.443648], [-95.863011, 30.44384], [-95.862694, 30.443851], [-95.861711, 30.443379], [-95.861349, 30.443082], [-95.861343, 30.44278], [-95.86088, 30.442714], [-95.860639, 30.443], [-95.860201, 30.442995], [-95.860157, 30.443094], [-95.86029, 30.443193], [-95.859979, 30.443545], [-95.859827, 30.443539], [-95.85977, 30.443391], [-95.858996, 30.443347], [-95.858609, 30.443694], [-95.858324, 30.443639], [-95.857461, 30.443705], [-95.857081, 30.443584], [-95.856655, 30.443249], [-95.856211, 30.443183], [-95.855736, 30.443316], [-95.855425, 30.443272], [-95.854936, 30.442871], [-95.854771, 30.442437], [-95.853426, 30.442316], [-95.853211, 30.44219], [-95.852754, 30.442228], [-95.85243, 30.442113], [-95.851974, 30.442317], [-95.851606, 30.442086], [-95.851339, 30.442306], [-95.851409, 30.442553], [-95.851238, 30.442603], [-95.850312, 30.442284], [-95.850496, 30.441855], [-95.849937, 30.441592], [-95.849347, 30.44146], [-95.848225, 30.441422], [-95.847273, 30.441571], [-95.847127, 30.441675], [-95.846931, 30.442011], [-95.846938, 30.442676], [-95.846576, 30.442961], [-95.846062, 30.443143], [-95.845802, 30.44311], [-95.845606, 30.442951], [-95.845415, 30.442962], [-95.845124, 30.44316], [-95.845054, 30.442857], [-95.844533, 30.442682], [-95.843798, 30.442753], [-95.843519, 30.443001], [-95.843265, 30.44349], [-95.842624, 30.443534], [-95.842631, 30.443787], [-95.842954, 30.443963], [-95.842917, 30.444227], [-95.842403, 30.44404], [-95.84225, 30.444056], [-95.842143, 30.444315], [-95.84187, 30.444474], [-95.841179, 30.44432], [-95.841001, 30.44454], [-95.840868, 30.444568], [-95.840747, 30.444887], [-95.840424, 30.444898], [-95.840075, 30.445217], [-95.839828, 30.445134], [-95.839498, 30.444777], [-95.8392, 30.44492], [-95.838832, 30.444398], [-95.838178, 30.444475], [-95.837988, 30.444739], [-95.837639, 30.444651], [-95.837506, 30.444409], [-95.837316, 30.444552], [-95.837068, 30.444503], [-95.837043, 30.444333], [-95.836339, 30.444426], [-95.836218, 30.444179], [-95.836091, 30.444162], [-95.835857, 30.44419], [-95.835857, 30.444311], [-95.835457, 30.444465], [-95.835305, 30.444377], [-95.83521, 30.444058], [-95.834778, 30.443987], [-95.834639, 30.443844], [-95.834271, 30.443718], [-95.833142, 30.443767], [-95.83226, 30.443372], [-95.831727, 30.443421], [-95.830998, 30.443718], [-95.83037, 30.443422], [-95.830033, 30.443427], [-95.829513, 30.443922], [-95.829482, 30.44418], [-95.829152, 30.444246], [-95.829019, 30.444471], [-95.828727, 30.444488], [-95.828473, 30.444059], [-95.828276, 30.444076], [-95.828048, 30.443834], [-95.827712, 30.443834], [-95.827547, 30.443675], [-95.826849, 30.443543], [-95.826481, 30.443257], [-95.82546, 30.441955], [-95.824559, 30.441015], [-95.824096, 30.440147], [-95.82369, 30.439757], [-95.823309, 30.439542], [-95.823004, 30.439487], [-95.822465, 30.439565], [-95.821742, 30.439982], [-95.821279, 30.440444], [-95.821089, 30.441246], [-95.820791, 30.441763], [-95.820385, 30.442054], [-95.819256, 30.44239], [-95.81866, 30.442313], [-95.81793, 30.441511], [-95.817746, 30.441571], [-95.817645, 30.441835], [-95.817353, 30.441758], [-95.817156, 30.441483], [-95.817252, 30.440994], [-95.81708, 30.440846], [-95.816636, 30.440906], [-95.816072, 30.441214], [-95.815361, 30.440736], [-95.814765, 30.440626], [-95.81427, 30.4399], [-95.814086, 30.438966], [-95.813414, 30.438301], [-95.813182, 30.437078], [-95.813579, 30.436674], [-95.813617, 30.435927], [-95.813801, 30.435416], [-95.81413, 30.435047], [-95.813953, 30.433899], [-95.813236, 30.43319], [-95.812989, 30.432497], [-95.812392, 30.432113], [-95.811977, 30.431591]]}},
    {"type": "Feature", "properties": {"name": "Little Flock Creek", "Type": "Creek or other stream"}, "geometry": {"type": "LineString", "coordinates": [[-96.034764, 30.495467], [-96.035183, 30.495604], [-96.036389, 30.496561], [-96.038247, 30.497803], [-96.03866, 30.498271], [-96.039167, 30.498524], [-96.039358, 30.498875], [-96.03991, 30.498875], [-96.040322, 30.499189], [-96.040608, 30.499475], [-96.04043, 30.49987], [-96.040735, 30.500353], [-96.040678, 30.500721], [-96.040779, 30.500836], [-96.041001, 30.500858], [-96.041192, 30.500732], [-96.041395, 30.500935], [-96.042004, 30.500644], [-96.042296, 30.500897], [-96.042798, 30.500545], [-96.043045, 30.500606], [-96.043089, 30.500738], [-96.042912, 30.500897], [-96.042924, 30.501007], [-96.04335, 30.500925], [-96.043756, 30.501788], [-96.04439, 30.50181], [-96.044847, 30.501727], [-96.045634, 30.501942], [-96.046047, 30.50142], [-96.046167, 30.501381], [-96.046275, 30.501508], [-96.046281, 30.501733], [-96.04651, 30.501958], [-96.047792, 30.502557], [-96.047925, 30.502497], [-96.048039, 30.502266], [-96.048566, 30.502068], [-96.049086, 30.502772], [-96.049144, 30.503091], [-96.049607, 30.503289], [-96.049791, 30.503635], [-96.050114, 30.503948], [-96.050394, 30.503998], [-96.051447, 30.504701], [-96.051942, 30.504844], [-96.052754, 30.505295], [-96.053148, 30.505289], [-96.053745, 30.505647], [-96.054614, 30.506553], [-96.055325, 30.506581], [-96.055623, 30.507136], [-96.056029, 30.506911], [-96.056556, 30.507246], [-96.056696, 30.507207], [-96.056911, 30.507295], [-96.057248, 30.507197], [-96.057337, 30.507565], [-96.057775, 30.507774], [-96.058454, 30.507504], [-96.058898, 30.507625], [-96.059476, 30.507966], [-96.059272, 30.508345], [-96.059241, 30.508708], [-96.059412, 30.508884], [-96.061037, 30.509137], [-96.061817, 30.5099], [-96.063506, 30.511027], [-96.063709, 30.51106], [-96.064128, 30.510917], [-96.065055, 30.510923], [-96.065226, 30.511044], [-96.065677, 30.511906], [-96.066032, 30.512093], [-96.067435, 30.513346], [-96.067498, 30.513588], [-96.067149, 30.513852], [-96.067111, 30.514006], [-96.067378, 30.514127], [-96.068, 30.514077], [-96.068488, 30.514297], [-96.068698, 30.514528], [-96.068717, 30.514962], [-96.068247, 30.516347], [-96.068489, 30.516863]]}},
    {"type": "Feature", "properties": {"name": "Lucas Branch", "Type": "Creek or other stream"}, "geometry": {"type": "LineString", "coordinates": [[-95.842498, 30.63718], [-95.842269, 30.637268], [-95.841494, 30.637032], [-95.840776, 30.637021], [-95.840394, 30.63684], [-95.840248, 30.636559], [-95.839962, 30.636417], [-95.840019, 30.635971], [-95.839752, 30.635823], [-95.839326, 30.635103], [-95.839116, 30.634982], [-95.838824, 30.634993], [-95.83843, 30.634669], [-95.838023, 30.634493], [-95.837387, 30.634411], [-95.837038, 30.634208], [-95.836739, 30.634384], [-95.836237, 30.634213], [-95.835525, 30.634318], [-95.834966, 30.634027], [-95.833841, 30.632532], [-95.833663, 30.632082], [-95.832792, 30.631812], [-95.83208, 30.630785], [-95.831114, 30.630087], [-95.830643, 30.629504], [-95.830478, 30.6294], [-95.830151, 30.629609]]}},
    {"type": "Feature", "properties": {"name": "Madden Branch", "Type": "Creek or other stream"}, "geometry": {"type": "LineString", "coordinates": [[-95.838638, 30.413939], [-95.838701, 30.413417], [-95.838587, 30.412521], [-95.83827, 30.411334], [-95.838605, 30.410587], [-95.838992, 30.410108], [-95.839106, 30.409812], [-95.839677, 30.409174], [-95.839448, 30.408718], [-95.839467, 30.408454], [-95.839676, 30.408245], [-95.840158, 30.408014], [-95.840183, 30.407794], [-95.840412, 30.407525], [-95.840671, 30.406893], [-95.840735, 30.406431], [-95.84114, 30.405848], [-95.841546, 30.40537], [-95.84211, 30.405183], [-95.842161, 30.405007], [-95.841996, 30.405013], [-95.841964, 30.404903], [-95.842459, 30.404166], [-95.842934, 30.403215], [-95.843206, 30.403023], [-95.843346, 30.402682], [-95.843308, 30.402407], [-95.843434, 30.401979], [-95.844157, 30.401143], [-95.84441, 30.400511], [-95.844765, 30.399989]]}},
    {"type": "Feature", "properties": {"name": "Mill Creek", "Type": "Creek or other stream"}, "geometry": {"type": "LineString", "coordinates": [[-95.867058, 30.317888], [-95.865265, 30.317201], [-95.865087, 30.31663], [-95.864732, 30.316267], [-95.863946, 30.316339], [-95.863256, 30.316163], [-95.863135, 30.315828], [-95.863224, 30.315658], [-95.863446, 30.315603], [-95.864212, 30.315707], [-95.864389, 30.315575], [-95.864402, 30.315289], [-95.86425, 30.314783], [-95.864028, 30.314531], [-95.863052, 30.314124], [-95.862874, 30.313839], [-95.862836, 30.31352], [-95.862697, 30.313377], [-95.862431, 30.313366], [-95.861874, 30.313713], [-95.861639, 30.313757], [-95.859048, 30.313241], [-95.858269, 30.313555], [-95.85716, 30.313379], [-95.85666, 30.312726], [-95.855728, 30.312237], [-95.855335, 30.311698], [-95.854974, 30.311462], [-95.854588, 30.311407], [-95.854163, 30.311495], [-95.853561, 30.311303], [-95.853187, 30.311095], [-95.852858, 30.310611], [-95.852022, 30.310309], [-95.851198, 30.30987], [-95.850672, 30.309716], [-95.849646, 30.309101], [-95.848872, 30.307952], [-95.847814, 30.305848], [-95.847136, 30.30526], [-95.846217, 30.304117], [-95.845703, 30.303738], [-95.844601, 30.303144], [-95.844107, 30.302699], [-95.84405, 30.302045], [-95.844505, 30.30132], [-95.844626, 30.300682], [-95.84453, 30.300171], [-95.844182, 30.29972], [-95.843757, 30.29938], [-95.843403, 30.299331], [-95.842852, 30.299611], [-95.842022, 30.299474], [-95.841135, 30.299463], [-95.839603, 30.300035], [-95.83895, 30.300123], [-95.838481, 30.299431], [-95.836606, 30.299013], [-95.835872, 30.298761], [-95.835181, 30.298354], [-95.834263, 30.29814], [-95.832837, 30.297162], [-95.832286, 30.296601], [-95.831767, 30.295849], [-95.830645, 30.295052], [-95.830037, 30.293986], [-95.829549, 30.293563], [-95.829347, 30.293178], [-95.829023, 30.291573], [-95.829245, 30.289875], [-95.829675, 30.288907], [-95.829567, 30.288143], [-95.828858, 30.287154], [-95.828801, 30.28655], [-95.828452, 30.285527], [-95.827521, 30.284879], [-95.826818, 30.284725], [-95.826204, 30.284373], [-95.825507, 30.282719], [-95.825196, 30.281592], [-95.825209, 30.280416], [-95.825101, 30.279702], [-95.825696, 30.279367], [-95.826064, 30.279311], [-95.827064, 30.278751], [-95.827039, 30.278421], [-95.827222, 30.278102], [-95.827114, 30.277256], [-95.827418, 30.276272], [-95.827279, 30.27481], [-95.826715, 30.274321], [-95.825816, 30.274491], [-95.824511, 30.274156], [-95.824074, 30.273513], [-95.82334, 30.273046], [-95.822922, 30.271744], [-95.822611, 30.270232], [-95.822225, 30.269556], [-95.821946, 30.269276], [-95.821642, 30.268391], [-95.820832, 30.267907], [-95.820711, 30.267633], [-95.820629, 30.266885], [-95.820952, 30.266412], [-95.820952, 30.266187], [-95.821199, 30.265566], [-95.821028, 30.264615], [-95.820736, 30.264417], [-95.820166, 30.264461], [-95.819945, 30.264324], [-95.819875, 30.264126], [-95.819945, 30.26373], [-95.819331, 30.262961], [-95.819046, 30.26289], [-95.818583, 30.262554], [-95.817691, 30.262373], [-95.817602, 30.262054], [-95.818077, 30.261708], [-95.817545, 30.261329], [-95.817247, 30.261532], [-95.816842, 30.261439], [-95.816703, 30.261186], [-95.816709, 30.260916], [-95.816393, 30.260488], [-95.81645, 30.260032], [-95.81631, 30.259691], [-95.81512, 30.259652], [-95.814936, 30.260268], [-95.814461, 30.260356], [-95.813892, 30.260845], [-95.813259, 30.260708], [-95.812942, 30.261021], [-95.812537, 30.261071], [-95.811669, 30.260944], [-95.811194, 30.260631], [-95.810979, 30.260625], [-95.810498, 30.260724], [-95.810428, 30.261125], [-95.810371, 30.261219], [-95.810213, 30.261224], [-95.809681, 30.261043], [-95.809504, 30.260878], [-95.809384, 30.260318], [-95.808896, 30.259669], [-95.808814, 30.259372], [-95.808326, 30.25891], [-95.808016, 30.258229], [-95.807396, 30.258086], [-95.807199, 30.258102], [-95.807016, 30.258256], [-95.806801, 30.258179], [-95.805952, 30.256827], [-95.805946, 30.256267], [-95.806098, 30.256129], [-95.807086, 30.25575], [-95.807446, 30.255453], [-95.807383, 30.255233], [-95.807598, 30.255003], [-95.807858, 30.254838], [-95.808542, 30.254667], [-95.808789, 30.254387], [-95.809327, 30.254321], [-95.809764, 30.25447], [-95.810194, 30.253579], [-95.810296, 30.252848], [-95.810232, 30.252342], [-95.809884, 30.25165], [-95.809169, 30.251304], [-95.809194, 30.251045], [-95.809447, 30.250974], [-95.809618, 30.250804], [-95.809112, 30.250298], [-95.808897, 30.250287], [-95.808555, 30.250457], [-95.808061, 30.250402], [-95.807706, 30.250567], [-95.807054, 30.250303], [-95.806719, 30.250463], [-95.806041, 30.250375], [-95.80563, 30.250006], [-95.805592, 30.248975], [-95.805465, 30.248529], [-95.805541, 30.247271], [-95.805345, 30.246738], [-95.805275, 30.246133], [-95.805059, 30.245632]]}},
    {"type": "Feature", "properties": {"name": "Mooring Creek", "Type": "Creek or other stream"}, "geometry": {"type": "LineString", "coordinates": [[-95.910744, 30.654337], [-95.912047, 30.654716], [-95.912486, 30.655436], [-95.912791, 30.65564], [-95.913179, 30.656272], [-95.913166, 30.656481], [-95.913661, 30.656547], [-95.913712, 30.656761], [-95.91389, 30.656832], [-95.913916, 30.657168], [-95.914043, 30.657113], [-95.914149, 30.657183], [-95.914176, 30.657563], [-95.914577, 30.657937], [-95.914856, 30.657981], [-95.914977, 30.658124], [-95.915295, 30.6588], [-95.915498, 30.658976], [-95.915377, 30.659311], [-95.915606, 30.659377], [-95.915523, 30.659641], [-95.915848, 30.659767], [-95.915771, 30.659954], [-95.915848, 30.660119], [-95.916388, 30.660405], [-95.91628, 30.661092], [-95.916337, 30.661922], [-95.916159, 30.662224], [-95.916197, 30.662427], [-95.916991, 30.662829], [-95.917227, 30.663087], [-95.917258, 30.662933], [-95.917449, 30.663054], [-95.917608, 30.662966], [-95.917786, 30.663038], [-95.91811, 30.663587], [-95.918657, 30.663961], [-95.919013, 30.664032], [-95.919102, 30.664131], [-95.919032, 30.664422], [-95.919197, 30.664686], [-95.920322, 30.664873], [-95.920487, 30.665099], [-95.920532, 30.665307], [-95.92043, 30.6655], [-95.920513, 30.665676], [-95.920875, 30.66578], [-95.921021, 30.666], [-95.921358, 30.666011], [-95.921574, 30.666143], [-95.921574, 30.666269], [-95.921441, 30.666374], [-95.921263, 30.666341], [-95.921015, 30.666429], [-95.921269, 30.666819], [-95.921492, 30.666967], [-95.921555, 30.667203], [-95.921396, 30.667561], [-95.921441, 30.668033], [-95.921294, 30.668462], [-95.92165, 30.66894], [-95.921987, 30.668874], [-95.922197, 30.669308], [-95.922127, 30.669468], [-95.921809, 30.669671], [-95.921517, 30.670171], [-95.920741, 30.670699], [-95.920862, 30.671072], [-95.920696, 30.671539], [-95.920448, 30.671875], [-95.920499, 30.672347], [-95.920397, 30.672595], [-95.920467, 30.672792], [-95.920219, 30.67282], [-95.920531, 30.673787], [-95.920906, 30.673798], [-95.921186, 30.673979], [-95.92151, 30.67393], [-95.921707, 30.674012], [-95.921929, 30.674436], [-95.922082, 30.674507], [-95.92233, 30.674359], [-95.922648, 30.674546], [-95.922591, 30.675485], [-95.922946, 30.675865], [-95.922807, 30.676013], [-95.92254, 30.675936], [-95.922273, 30.676079], [-95.921942, 30.675963], [-95.921624, 30.676469], [-95.921357, 30.676453], [-95.921115, 30.676546], [-95.921014, 30.676744], [-95.921122, 30.676815], [-95.919926, 30.678442], [-95.920098, 30.67914], [-95.919983, 30.679519], [-95.920066, 30.679612], [-95.920339, 30.679398], [-95.920466, 30.679684], [-95.920263, 30.679706], [-95.920206, 30.679816], [-95.920479, 30.679893], [-95.92046, 30.680294], [-95.920269, 30.680596], [-95.92018, 30.681508], [-95.919837, 30.681525], [-95.919716, 30.681624], [-95.919792, 30.681843], [-95.919703, 30.682014], [-95.920015, 30.682146], [-95.920142, 30.682327], [-95.919862, 30.682646], [-95.91983, 30.682838], [-95.920186, 30.683146], [-95.919856, 30.683388], [-95.919773, 30.683608], [-95.919461, 30.683618], [-95.919518, 30.684404], [-95.919722, 30.684641], [-95.919614, 30.684784], [-95.91948, 30.684888], [-95.918819, 30.684948], [-95.918819, 30.685404], [-95.918507, 30.685773], [-95.918348, 30.68619], [-95.917566, 30.686536], [-95.917458, 30.686734], [-95.917235, 30.686734], [-95.917242, 30.687036], [-95.917629, 30.687289], [-95.917655, 30.687614], [-95.917935, 30.687828], [-95.917776, 30.687976], [-95.917795, 30.688141], [-95.918087, 30.688202], [-95.918017, 30.688399], [-95.918182, 30.688641], [-95.918125, 30.689004], [-95.918386, 30.689284], [-95.918297, 30.689641], [-95.918507, 30.689894], [-95.918437, 30.689949], [-95.918246, 30.689823], [-95.918087, 30.689861], [-95.918316, 30.690196], [-95.918042, 30.69035], [-95.918068, 30.691076], [-95.918322, 30.691389], [-95.918176, 30.691653], [-95.91836, 30.691796], [-95.918284, 30.692202], [-95.917864, 30.692367], [-95.917336, 30.692378], [-95.917374, 30.692686], [-95.917005, 30.693389], [-95.917355, 30.693807], [-95.917349, 30.694043], [-95.917527, 30.694351], [-95.917495, 30.694664], [-95.917368, 30.694835], [-95.917476, 30.695098], [-95.917368, 30.695329], [-95.917558, 30.695406], [-95.91787, 30.695285], [-95.917921, 30.695758], [-95.918213, 30.695956], [-95.918105, 30.696236], [-95.91815, 30.69639], [-95.918696, 30.696802], [-95.918785, 30.697137], [-95.919116, 30.697368], [-95.919154, 30.69755], [-95.918963, 30.697984], [-95.91904, 30.698193], [-95.919319, 30.698583], [-95.919587, 30.698753], [-95.91923, 30.699077], [-95.91944, 30.699286], [-95.919447, 30.699413], [-95.919078, 30.699583], [-95.919046, 30.699715], [-95.919396, 30.699913], [-95.919707, 30.700385], [-95.919764, 30.700638], [-95.920133, 30.700957], [-95.920216, 30.701237], [-95.920636, 30.701342], [-95.920756, 30.701457], [-95.920922, 30.702259], [-95.921748, 30.703188], [-95.921793, 30.703622], [-95.922066, 30.703936], [-95.921971, 30.704062], [-95.922098, 30.704243], [-95.921939, 30.704529], [-95.923128, 30.705419], [-95.923955, 30.705601], [-95.924209, 30.705788], [-95.92454, 30.705843], [-95.924674, 30.70648], [-95.924508, 30.706706], [-95.92496, 30.707156], [-95.924877, 30.707508], [-95.924457, 30.707893], [-95.924705, 30.708481], [-95.924438, 30.709113], [-95.924559, 30.709266], [-95.924495, 30.709387], [-95.924031, 30.709426], [-95.923554, 30.709794], [-95.923325, 30.709728], [-95.923141, 30.709552], [-95.923052, 30.709684], [-95.923191, 30.710201], [-95.922625, 30.710124], [-95.92246, 30.710228], [-95.922505, 30.710475], [-95.92211, 30.710393], [-95.92197, 30.710613], [-95.921754, 30.710602], [-95.921646, 30.710772], [-95.921786, 30.710898], [-95.921741, 30.711069], [-95.920825, 30.710915], [-95.920933, 30.711069], [-95.920647, 30.711536], [-95.921118, 30.711789], [-95.920959, 30.711954], [-95.920933, 30.71208], [-95.92108, 30.712212], [-95.920991, 30.712278], [-95.921423, 30.71252], [-95.921334, 30.712783], [-95.921099, 30.712717], [-95.920952, 30.7128], [-95.920927, 30.713036], [-95.921086, 30.713162], [-95.920927, 30.713371], [-95.921194, 30.713608], [-95.921321, 30.713613], [-95.92141, 30.713448], [-95.921716, 30.713569], [-95.921817, 30.713926], [-95.921722, 30.714069], [-95.921156, 30.714108], [-95.921582, 30.714317], [-95.921646, 30.714833], [-95.921486, 30.714883], [-95.921149, 30.714613], [-95.921181, 30.714976], [-95.921054, 30.715168], [-95.921168, 30.715289], [-95.921499, 30.715328], [-95.921677, 30.715559], [-95.921455, 30.715822], [-95.92113, 30.716004], [-95.921277, 30.716119], [-95.921518, 30.717235], [-95.921257, 30.717394], [-95.921213, 30.717625], [-95.920946, 30.717702], [-95.921003, 30.718081], [-95.920583, 30.718345], [-95.920793, 30.718499], [-95.920831, 30.71868], [-95.920456, 30.718988], [-95.920837, 30.719175], [-95.920239, 30.719422], [-95.920214, 30.719625], [-95.920379, 30.719955], [-95.919839, 30.720059], [-95.9198, 30.7204], [-95.919597, 30.720675], [-95.919641, 30.720961], [-95.919317, 30.720895], [-95.919285, 30.720686], [-95.918802, 30.720636], [-95.918585, 30.720653], [-95.91849, 30.720823], [-95.918159, 30.720955], [-95.917848, 30.720829], [-95.917269, 30.720839], [-95.917065, 30.721065], [-95.917161, 30.721477], [-95.916524, 30.72179], [-95.916041, 30.722169], [-95.915666, 30.722076], [-95.915443, 30.722131], [-95.915462, 30.722449], [-95.915678, 30.722603], [-95.916034, 30.722653], [-95.916015, 30.723054], [-95.916117, 30.723356], [-95.915901, 30.723593], [-95.915583, 30.723675], [-95.915462, 30.723851], [-95.914832, 30.723906], [-95.914495, 30.724103], [-95.914558, 30.724367], [-95.914406, 30.724719], [-95.914488, 30.724801], [-95.914597, 30.724719], [-95.914679, 30.724763], [-95.914666, 30.725137], [-95.91487, 30.725411], [-95.914724, 30.725796], [-95.914825, 30.725955], [-95.914367, 30.726241], [-95.914259, 30.726675], [-95.913916, 30.726587], [-95.913706, 30.72673], [-95.913546, 30.727483], [-95.912853, 30.72834], [-95.912859, 30.728599], [-95.913031, 30.728895], [-95.912999, 30.729159], [-95.912796, 30.729478], [-95.912872, 30.730901], [-95.912611, 30.731039], [-95.912242, 30.731033], [-95.91207, 30.731132], [-95.911892, 30.731077], [-95.911548, 30.731209], [-95.911402, 30.731363], [-95.911427, 30.731484], [-95.911733, 30.73167], [-95.912159, 30.73178], [-95.912305, 30.731918], [-95.912343, 30.732445], [-95.912547, 30.73272], [-95.912598, 30.733017], [-95.913317, 30.733358], [-95.913367, 30.733885], [-95.912973, 30.734155], [-95.913164, 30.734281], [-95.913202, 30.734506], [-95.913876, 30.734545], [-95.914207, 30.73493], [-95.91511, 30.734853], [-95.915422, 30.735369], [-95.916128, 30.73576], [-95.916192, 30.736001], [-95.916084, 30.736441], [-95.916427, 30.736491], [-95.916554, 30.73665], [-95.916262, 30.736936], [-95.916465, 30.737106], [-95.916173, 30.737535], [-95.916204, 30.737639], [-95.916363, 30.737634], [-95.916465, 30.737848], [-95.915892, 30.738266], [-95.915708, 30.7387], [-95.91602, 30.739222], [-95.916032, 30.739541], [-95.916331, 30.739733], [-95.916408, 30.739975], [-95.916363, 30.740706], [-95.916223, 30.741085], [-95.915962, 30.74131], [-95.915924, 30.741464], [-95.916083, 30.741568], [-95.916713, 30.741656], [-95.916077, 30.741882], [-95.915975, 30.742129], [-95.916108, 30.742453]]}},
    {"type": "Feature", "properties": {"name": "Morgan Creek", "Type": "Creek or other stream"}, "geometry": {"type": "LineString", "coordinates": [[-96.092119, 30.805407], [-96.092743, 30.805929], [-96.093118, 30.805979], [-96.095391, 30.805192], [-96.096136, 30.80522], [-96.096492, 30.805115], [-96.09718, 30.80467], [-96.097262, 30.804477], [-96.09709, 30.803137], [-96.097421, 30.802603], [-96.097453, 30.802087], [-96.097625, 30.801938], [-96.097414, 30.801416], [-96.09679, 30.800636], [-96.097223, 30.799559], [-96.097522, 30.799064], [-96.097464, 30.798872], [-96.096879, 30.7989], [-96.096879, 30.798542], [-96.096675, 30.798273], [-96.0967, 30.79818], [-96.097025, 30.797894], [-96.097356, 30.797746], [-96.097674, 30.797932], [-96.097935, 30.797855], [-96.097757, 30.79741], [-96.097547, 30.797174], [-96.098113, 30.796751], [-96.098126, 30.796619], [-96.097986, 30.796448], [-96.098075, 30.796289], [-96.098323, 30.796267], [-96.098629, 30.796421], [-96.099049, 30.795921], [-96.099742, 30.795745], [-96.100035, 30.795464], [-96.101315, 30.795118], [-96.101378, 30.794925], [-96.101053, 30.794519], [-96.101117, 30.794414], [-96.101441, 30.794315], [-96.101766, 30.794716], [-96.101925, 30.794777], [-96.102314, 30.794634], [-96.102129, 30.794332], [-96.102237, 30.794205], [-96.102791, 30.794414], [-96.103078, 30.794688], [-96.103383, 30.79465], [-96.103721, 30.794749], [-96.104096, 30.794556], [-96.104478, 30.794617], [-96.104402, 30.79493], [-96.10451, 30.794979], [-96.104822, 30.794831], [-96.105032, 30.795386], [-96.105911, 30.795408], [-96.106293, 30.795572], [-96.106624, 30.795539], [-96.106719, 30.795638], [-96.106809, 30.796215], [-96.107051, 30.796341], [-96.107293, 30.796116], [-96.107228, 30.795132], [-96.10733, 30.794885], [-96.107591, 30.794682], [-96.107852, 30.794704], [-96.108037, 30.794841], [-96.108266, 30.795489], [-96.108515, 30.795758], [-96.108763, 30.795709], [-96.108845, 30.79533], [-96.109075, 30.795115], [-96.109832, 30.794923], [-96.109953, 30.794956], [-96.110061, 30.795467], [-96.110297, 30.795813], [-96.110577, 30.795824], [-96.110915, 30.795642], [-96.111016, 30.795466], [-96.111456, 30.795191], [-96.111538, 30.794719], [-96.112187, 30.794471], [-96.112474, 30.794147], [-96.11248, 30.793889], [-96.112212, 30.793575], [-96.11225, 30.793339], [-96.112887, 30.793141], [-96.112728, 30.792844], [-96.112823, 30.792718], [-96.113358, 30.792608], [-96.113644, 30.792426], [-96.113638, 30.792316], [-96.113275, 30.79197], [-96.113268, 30.791844], [-96.113803, 30.791195], [-96.11386, 30.790624], [-96.11454, 30.790173], [-96.114578, 30.789755], [-96.115221, 30.789326], [-96.115374, 30.789315], [-96.115801, 30.789584], [-96.115953, 30.789579], [-96.116221, 30.789342], [-96.116386, 30.789326], [-96.116526, 30.789518], [-96.116762, 30.789573], [-96.117112, 30.789441], [-96.117347, 30.789227], [-96.117519, 30.788759], [-96.117773, 30.788501], [-96.117767, 30.788342], [-96.117544, 30.788193], [-96.117194, 30.788144], [-96.116634, 30.788413], [-96.116315, 30.788342], [-96.116213, 30.788089], [-96.116442, 30.787694], [-96.11648, 30.787358], [-96.117512, 30.78755], [-96.117709, 30.787166], [-96.11739, 30.786808], [-96.11755, 30.786622], [-96.117747, 30.786665], [-96.118097, 30.78727], [-96.118384, 30.787424], [-96.118658, 30.787396], [-96.118785, 30.787165], [-96.119007, 30.78711], [-96.119854, 30.787203], [-96.120459, 30.787142], [-96.120605, 30.787043], [-96.120719, 30.786758], [-96.120483, 30.785708], [-96.120865, 30.785422], [-96.121088, 30.785103], [-96.12152, 30.7849], [-96.121686, 30.784713], [-96.121539, 30.784152], [-96.120845, 30.783312], [-96.120775, 30.783092], [-96.120959, 30.782878], [-96.121411, 30.782751], [-96.121341, 30.782498], [-96.121424, 30.78235], [-96.122595, 30.782228], [-96.123015, 30.782366], [-96.123664, 30.782299], [-96.123931, 30.78209], [-96.123938, 30.781948], [-96.123854, 30.781387], [-96.123574, 30.78103], [-96.123612, 30.780909], [-96.124312, 30.780958], [-96.124548, 30.781156], [-96.124936, 30.780733], [-96.125397, 30.780761], [-96.125665, 30.780557], [-96.126403, 30.780673], [-96.126511, 30.780585], [-96.126422, 30.780426], [-96.12641, 30.77986], [-96.126907, 30.779547], [-96.127263, 30.779437], [-96.127531, 30.779553], [-96.127722, 30.779404], [-96.128059, 30.779443], [-96.128326, 30.779745], [-96.129338, 30.779328], [-96.129364, 30.779246], [-96.129109, 30.779114], [-96.12867, 30.779048], [-96.128753, 30.778899], [-96.128658, 30.778493], [-96.128047, 30.778448], [-96.127888, 30.778366], [-96.12813, 30.778141], [-96.127939, 30.777789], [-96.127977, 30.777684], [-96.129021, 30.777602], [-96.129136, 30.777806], [-96.129326, 30.777872], [-96.129632, 30.77835], [-96.12981, 30.778235], [-96.130485, 30.778296], [-96.130427, 30.778114], [-96.130555, 30.778103], [-96.13079, 30.778241], [-96.131019, 30.778142], [-96.13121, 30.778268], [-96.131191, 30.777966], [-96.131026, 30.777955], [-96.130988, 30.777856], [-96.131166, 30.777642], [-96.131363, 30.777669], [-96.131344, 30.777823], [-96.131611, 30.777955], [-96.131885, 30.777582], [-96.132095, 30.777565], [-96.132929, 30.778066], [-96.133336, 30.777989], [-96.133629, 30.778132], [-96.13389, 30.778412], [-96.133718, 30.778511], [-96.133654, 30.778912], [-96.133902, 30.778858], [-96.134125, 30.779094], [-96.1341, 30.778764], [-96.134342, 30.778737], [-96.13438, 30.778457], [-96.134813, 30.778199], [-96.134794, 30.777885], [-96.134399, 30.777682], [-96.134425, 30.777561], [-96.134775, 30.777385], [-96.134756, 30.777198], [-96.134438, 30.776934], [-96.134476, 30.776786], [-96.13468, 30.776632], [-96.13482, 30.776632], [-96.135291, 30.777122], [-96.135985, 30.777309], [-96.136296, 30.777578], [-96.136207, 30.777754], [-96.136277, 30.77793], [-96.136525, 30.778232], [-96.136614, 30.778188], [-96.136716, 30.778298], [-96.137015, 30.777892], [-96.137327, 30.77765], [-96.137665, 30.777551], [-96.137875, 30.77737], [-96.138817, 30.776931], [-96.138734, 30.776749], [-96.139123, 30.776788], [-96.139358, 30.776706], [-96.13981, 30.776816], [-96.140198, 30.776607], [-96.140409, 30.776288], [-96.140873, 30.776393], [-96.141249, 30.776234], [-96.141758, 30.775387], [-96.141689, 30.775129], [-96.142173, 30.774635], [-96.141784, 30.774338], [-96.141715, 30.77397], [-96.14139, 30.773283], [-96.141422, 30.772975], [-96.141664, 30.772876], [-96.141963, 30.773156], [-96.142129, 30.773184], [-96.142199, 30.772788], [-96.142549, 30.772261], [-96.143046, 30.772217], [-96.142829, 30.772678], [-96.143026, 30.773063], [-96.142809, 30.773646], [-96.143064, 30.773772], [-96.143605, 30.773459], [-96.143707, 30.773723], [-96.143516, 30.773932], [-96.143452, 30.774207], [-96.143681, 30.774454], [-96.143815, 30.774168], [-96.144019, 30.774141], [-96.144178, 30.773943], [-96.14428, 30.77358], [-96.14449, 30.773405], [-96.144287, 30.772696], [-96.144369, 30.772575], [-96.144541, 30.772553], [-96.144669, 30.772267], [-96.144586, 30.771992], [-96.144408, 30.7718], [-96.144408, 30.771476], [-96.143829, 30.771102], [-96.143765, 30.770915], [-96.143855, 30.770431], [-96.144211, 30.769904], [-96.144065, 30.769711], [-96.143683, 30.769513], [-96.143938, 30.769447], [-96.144084, 30.769244], [-96.143887, 30.768942], [-96.1439, 30.768667], [-96.144257, 30.768629], [-96.144358, 30.768546], [-96.144358, 30.768299], [-96.144569, 30.768376], [-96.14467, 30.768283], [-96.144645, 30.768085], [-96.144849, 30.767953], [-96.144881, 30.767805], [-96.14518, 30.76775], [-96.145174, 30.767222], [-96.145416, 30.766991], [-96.145651, 30.767167], [-96.145988, 30.766937], [-96.146459, 30.767217], [-96.146733, 30.767091], [-96.146828, 30.76692], [-96.146759, 30.766766], [-96.146956, 30.76669], [-96.147058, 30.766673], [-96.147312, 30.766855], [-96.147694, 30.766767], [-96.147777, 30.766635], [-96.147643, 30.766426], [-96.147974, 30.766102], [-96.147873, 30.76597], [-96.147484, 30.765926], [-96.147427, 30.765788], [-96.147555, 30.765563], [-96.147898, 30.76531], [-96.147822, 30.76514], [-96.148166, 30.764821], [-96.148847, 30.764701], [-96.148847, 30.764591], [-96.148637, 30.764486], [-96.148707, 30.764365], [-96.149203, 30.76447], [-96.14956, 30.76391], [-96.14977, 30.763904], [-96.14998, 30.764108], [-96.150292, 30.763805], [-96.149999, 30.763382], [-96.14956, 30.763464], [-96.149242, 30.763184], [-96.149427, 30.762904], [-96.149885, 30.763047], [-96.150184, 30.762827], [-96.150267, 30.762349], [-96.150127, 30.761937], [-96.150223, 30.761668], [-96.151056, 30.761778], [-96.151145, 30.761866], [-96.151031, 30.76214], [-96.151546, 30.762212], [-96.151928, 30.762476], [-96.15224, 30.76246], [-96.152431, 30.76274], [-96.152679, 30.762866], [-96.152965, 30.762702], [-96.152965, 30.762372], [-96.153175, 30.762103], [-96.154862, 30.761454], [-96.155059, 30.761592], [-96.15518, 30.762202], [-96.155594, 30.762153], [-96.155772, 30.761988], [-96.156001, 30.761927], [-96.156325, 30.762235], [-96.156637, 30.762768], [-96.157044, 30.762972], [-96.157127, 30.763461], [-96.157012, 30.763747], [-96.157318, 30.764044], [-96.157451, 30.764467], [-96.157069, 30.764824], [-96.15726, 30.765077], [-96.158246, 30.765357], [-96.158857, 30.765193], [-96.159246, 30.765226], [-96.160047, 30.765451], [-96.160372, 30.765803], [-96.160582, 30.765836], [-96.16069, 30.765814], [-96.160894, 30.765495], [-96.160818, 30.765072], [-96.161206, 30.764984], [-96.161365, 30.765089], [-96.161429, 30.765506], [-96.161874, 30.765979], [-96.162154, 30.76599], [-96.162466, 30.76571], [-96.163007, 30.765721], [-96.163121, 30.76599], [-96.163604, 30.766274]]}},
    {"type": "Feature", "properties": {"name": "Navasota River", "Type": "River"}, "geometry": {"type": "MultiLineString", "coordinates": [[[-96.182902, 30.796115], [-96.182942, 30.795992], [-96.18348, 30.795777]], [[-96.183324, 30.79712], [-96.183188, 30.796807]], [[-96.182701, 30.797457], [-96.182857, 30.797508], [-96.182975, 30.797765]], [[-96.182983, 30.796336], [-96.182901, 30.796148]], [[-96.183037, 30.793938], [-96.182986, 30.793929]], [[-96.182924, 30.792256], [-96.182923, 30.792255]], [[-96.182419, 30.797544], [-96.182667, 30.797461]], [[-96.182281, 30.793864], [-96.181992, 30.793837]], [[-96.181985, 30.792872], [-96.182272, 30.792785]], [[-96.181481, 30.797799], [-96.181889, 30.79755]], [[-96.181992, 30.793837], [-96.181786, 30.793676], [-96.181709, 30.793414]], [[-96.182019, 30.792267], [-96.181253, 30.792103]], [[-96.181709, 30.793373], [-96.181741, 30.793119], [-96.181919, 30.792917]], [[-96.180446, 30.791864], [-96.180182, 30.791786]], [[-96.179501, 30.79775], [-96.179691, 30.797653], [-96.180052, 30.797634]], [[-96.180177, 30.79178], [-96.180049, 30.791535], [-96.180058, 30.791177]], [[-96.179771, 30.798199], [-96.17958, 30.798058], [-96.179478, 30.797766]], [[-96.179349, 30.798793], [-96.179624, 30.798599]], [[-96.188022, 30.600153], [-96.188112, 30.599986]], [[-96.17981, 30.790531], [-96.179615, 30.790467], [-96.17951, 30.790316]], [[-96.188038, 30.598892], [-96.187666, 30.598746]], [[-96.179325, 30.799333], [-96.179313, 30.798905]], [[-96.178512, 30.800218], [-96.178734, 30.800093], [-96.179115, 30.800093]], [[-96.187602, 30.601854], [-96.187432, 30.601764]], [[-96.187383, 30.601334], [-96.187552, 30.601022]], [[-96.179364, 30.789182], [-96.178903, 30.788711]], [[-96.187422, 30.601744], [-96.187366, 30.601421]], [[-96.186736, 30.60567], [-96.186285, 30.604954], [-96.186175, 30.604521]], [[-96.186128, 30.603381], [-96.186357, 30.603221]], [[-96.177587, 30.787338], [-96.17739, 30.78705]], [[-96.185577, 30.598929], [-96.185254, 30.598848]], [[-96.177011, 30.786495], [-96.176573, 30.786304], [-96.175466, 30.786186]], [[-96.185023, 30.598444], [-96.185049, 30.598103]], [[-96.175302, 30.811215], [-96.175386, 30.811163]], [[-96.18461, 30.587938], [-96.183665, 30.586998]], [[-96.184123, 30.596066], [-96.184095, 30.59605]], [[-96.175655, 30.785361], [-96.17563, 30.785351]], [[-96.183486, 30.588995], [-96.18359, 30.588864], [-96.184047, 30.588708]], [[-96.175455, 30.786164], [-96.175393, 30.785937]], [[-96.18233, 30.617582], [-96.182509, 30.617037]], [[-96.183687, 30.589709], [-96.183471, 30.589022]], [[-96.173917, 30.815177], [-96.173888, 30.815181]], [[-96.182603, 30.612275], [-96.182568, 30.612269]], [[-96.175097, 30.785194], [-96.174743, 30.785089]], [[-96.18255, 30.592517], [-96.182808, 30.591849], [-96.183498, 30.590669]], [[-96.183652, 30.586985], [-96.183642, 30.586978]], [[-96.180656, 30.617982], [-96.181292, 30.61778], [-96.182221, 30.617654]], [[-96.182166, 30.615773], [-96.182157, 30.61577]], [[-96.182264, 30.612254], [-96.182017, 30.612241]], [[-96.174741, 30.785087], [-96.174599, 30.784889]], [[-96.181683, 30.613222], [-96.182156, 30.612901]], [[-96.173271, 30.81346], [-96.173345, 30.813419]], [[-96.18201, 30.612224], [-96.182005, 30.612037]], [[-96.182718, 30.59534], [-96.182693, 30.595327]], [[-96.181996, 30.611762], [-96.181239, 30.611286]], [[-96.182693, 30.595327], [-96.182487, 30.595086]], [[-96.173148, 30.815454], [-96.172856, 30.815503], [-96.172753, 30.815437]], [[-96.174381, 30.784587], [-96.174363, 30.78458]], [[-96.177651, 30.70896], [-96.177505, 30.708828], [-96.177273, 30.708253]], [[-96.18248, 30.595044], [-96.182556, 30.594567]], [[-96.181495, 30.613769], [-96.181632, 30.613303]], [[-96.176623, 30.705999], [-96.177022, 30.706025], [-96.177547, 30.706268]], [[-96.172747, 30.815417], [-96.172673, 30.814494], [-96.172737, 30.814243]], [[-96.181355, 30.615749], [-96.181314, 30.615748]], [[-96.182616, 30.586359], [-96.182566, 30.586342]], [[-96.181597, 30.608741], [-96.181502, 30.608155]], [[-96.177251, 30.708175], [-96.177136, 30.707633], [-96.177179, 30.70722]], [[-96.177319, 30.705402], [-96.177158, 30.705166]], [[-96.177146, 30.705125], [-96.17733, 30.704568]], [[-96.173855, 30.784504], [-96.173205, 30.784128]], [[-96.181241, 30.611105], [-96.181295, 30.609999]], [[-96.182074, 30.586236], [-96.181995, 30.586241]], [[-96.176971, 30.703085], [-96.17695, 30.703082]], [[-96.180339, 30.621161], [-96.180249, 30.620963], [-96.180307, 30.620749]], [[-96.176598, 30.706695], [-96.176302, 30.70645]], [[-96.181724, 30.586321], [-96.181237, 30.586465]], [[-96.17524, 30.709198], [-96.175475, 30.709248], [-96.176331, 30.709783]], [[-96.1802, 30.619898], [-96.17983, 30.619358], [-96.17978, 30.619096]], [[-96.17979, 30.619057], [-96.179885, 30.618863], [-96.180178, 30.618686]], [[-96.176507, 30.703113], [-96.175894, 30.70361], [-96.175646, 30.70358]], [[-96.1763, 30.706409], [-96.176344, 30.706205]], [[-96.172872, 30.784171], [-96.17285, 30.784196]], [[-96.172836, 30.784796], [-96.172702, 30.785082], [-96.172373, 30.785335], [-96.171935, 30.785216]], [[-96.176607, 30.696501], [-96.175382, 30.696056]], [[-96.170301, 30.819248], [-96.171047, 30.818616]], [[-96.176014, 30.700107], [-96.175988, 30.700096]], [[-96.175645, 30.703579], [-96.175507, 30.703462], [-96.175217, 30.702334]], [[-96.175504, 30.701597], [-96.175714, 30.701754]], [[-96.180666, 30.585965], [-96.180621, 30.585949]], [[-96.175651, 30.699566], [-96.174892, 30.699082]], [[-96.174585, 30.709272], [-96.175177, 30.709197]], [[-96.175094, 30.710841], [-96.174279, 30.710244], [-96.174093, 30.710012]], [[-96.175398, 30.697771], [-96.175643, 30.697816]], [[-96.175164, 30.701771], [-96.175476, 30.701602]], [[-96.175543, 30.698349], [-96.175379, 30.697786]], [[-96.171746, 30.784973], [-96.171752, 30.784623], [-96.171929, 30.784479], [-96.172088, 30.784086], [-96.171956, 30.783609], [-96.171519, 30.783355], [-96.171104, 30.783353], [-96.171043, 30.78316]], [[-96.17537, 30.69604], [-96.175077, 30.695636], [-96.174728, 30.694808]], [[-96.171045, 30.783139], [-96.171067, 30.782901], [-96.171446, 30.782285]], [[-96.179683, 30.585689], [-96.178839, 30.585268]], [[-96.177749, 30.622456], [-96.177902, 30.622046], [-96.178049, 30.621958]], [[-96.174084, 30.709993], [-96.174137, 30.709571]], [[-96.173117, 30.711501], [-96.17339, 30.711477], [-96.173741, 30.711643]], [[-96.170547, 30.779514], [-96.170526, 30.779524]], [[-96.174175, 30.694241], [-96.17411, 30.694009]], [[-96.168473, 30.822614], [-96.168605, 30.822126]], [[-96.174103, 30.69398], [-96.174097, 30.693977]], [[-96.170149, 30.779921], [-96.169808, 30.780293], [-96.169606, 30.780323], [-96.169254, 30.780203]], [[-96.175128, 30.622992], [-96.176557, 30.623149], [-96.176788, 30.623269]], [[-96.173686, 30.693898], [-96.173648, 30.693891]], [[-96.172079, 30.712253], [-96.172496, 30.712181]], [[-96.173292, 30.69347], [-96.173246, 30.693478]], [[-96.177816, 30.585281], [-96.177208, 30.585064]], [[-96.170422, 30.750953], [-96.17056, 30.750666]], [[-96.172929, 30.693587], [-96.172534, 30.693729], [-96.172328, 30.693729], [-96.172164, 30.69362]], [[-96.172001, 30.71493], [-96.171784, 30.714554], [-96.171733, 30.714122]], [[-96.172004, 30.712562], [-96.17205, 30.712315]], [[-96.170308, 30.749541], [-96.170159, 30.748913]], [[-96.172625, 30.691746], [-96.172261, 30.691697], [-96.17196, 30.691455]], [[-96.1772, 30.585057], [-96.176266, 30.584129]], [[-96.168734, 30.779293], [-96.168746, 30.779037]], [[-96.172169, 30.693582], [-96.17237, 30.693033]], [[-96.169661, 30.754911], [-96.169651, 30.754906]], [[-96.169581, 30.756668], [-96.16956, 30.756666]], [[-96.171181, 30.716732], [-96.170813, 30.716719], [-96.170682, 30.716632]], [[-96.168547, 30.756357], [-96.169199, 30.755921]], [[-96.169225, 30.754823], [-96.168833, 30.754738]], [[-96.168206, 30.7779], [-96.167932, 30.777695], [-96.167729, 30.777351]], [[-96.171949, 30.691439], [-96.17179, 30.690983]], [[-96.169073, 30.756747], [-96.168517, 30.757174], [-96.168268, 30.757166]], [[-96.172376, 30.679109], [-96.172123, 30.678739], [-96.171943, 30.678227]], [[-96.168153, 30.77366], [-96.168151, 30.773659]], [[-96.176234, 30.584097], [-96.175379, 30.583599]], [[-96.16906, 30.747519], [-96.168532, 30.746869]], [[-96.173616, 30.622702], [-96.173934, 30.622584], [-96.174387, 30.622605]], [[-96.168622, 30.753277], [-96.168699, 30.753121]], [[-96.167787, 30.773558], [-96.167423, 30.773557], [-96.167243, 30.773407]], [[-96.168188, 30.756971], [-96.168454, 30.756452]], [[-96.173818, 30.626446], [-96.174039, 30.626194]], [[-96.173681, 30.625126], [-96.174022, 30.6245]], [[-96.167373, 30.776942], [-96.166932, 30.776663]], [[-96.171216, 30.684014], [-96.171464, 30.68226]], [[-96.173995, 30.62336], [-96.173588, 30.622851], [-96.173604, 30.622715]], [[-96.168276, 30.754445], [-96.168096, 30.754351]], [[-96.168505, 30.746836], [-96.16768, 30.746436]], [[-96.170641, 30.680214], [-96.171034, 30.680185], [-96.171353, 30.680326]], [[-96.169722, 30.71743], [-96.169731, 30.717439]], [[-96.17516, 30.582333], [-96.175356, 30.582064], [-96.175594, 30.58196]], [[-96.171269, 30.681632], [-96.170889, 30.681442]], [[-96.167238, 30.773386], [-96.16719, 30.77317], [-96.167287, 30.77295]], [[-96.170585, 30.685176], [-96.171114, 30.68427]], [[-96.175371, 30.58359], [-96.175103, 30.583158]], [[-96.167187, 30.772513], [-96.167138, 30.772496]], [[-96.175427, 30.581264], [-96.17487, 30.58112]], [[-96.173132, 30.627949], [-96.17339, 30.627837]], [[-96.171361, 30.672126], [-96.171353, 30.672121]], [[-96.170401, 30.689507], [-96.170605, 30.689092]], [[-96.175093, 30.583084], [-96.175124, 30.582448]], [[-96.166398, 30.775218], [-96.166766, 30.775191]], [[-96.166698, 30.776611], [-96.166195, 30.776499]], [[-96.172787, 30.635255], [-96.172783, 30.635252]], [[-96.170424, 30.689565], [-96.170391, 30.689548]], [[-96.168816, 30.719222], [-96.168864, 30.718942], [-96.169161, 30.718533]], [[-96.166589, 30.758648], [-96.16736, 30.758503]], [[-96.17048, 30.686089], [-96.17049, 30.685419]], [[-96.17027, 30.688299], [-96.169794, 30.688213]], [[-96.170046, 30.681271], [-96.170411, 30.680422], [-96.170609, 30.680236]], [[-96.169795, 30.688204], [-96.169918, 30.687966], [-96.170281, 30.687724]], [[-96.168773, 30.71717], [-96.168999, 30.717135]], [[-96.170498, 30.681502], [-96.170255, 30.681545], [-96.170007, 30.681364]], [[-96.166184, 30.775605], [-96.166347, 30.775254]], [[-96.170773, 30.672084], [-96.169474, 30.672696], [-96.169144, 30.672707]], [[-96.166353, 30.773342], [-96.166671, 30.773999], [-96.166667, 30.774176], [-96.16646, 30.774479], [-96.165866, 30.774575], [-96.165107, 30.774311]], [[-96.168738, 30.717552], [-96.16868, 30.717302], [-96.168749, 30.717191]], [[-96.168145, 30.719638], [-96.168657, 30.719333]], [[-96.17056, 30.674334], [-96.170181, 30.673741]], [[-96.172079, 30.635133], [-96.171033, 30.636093], [-96.170752, 30.635852]], [[-96.170166, 30.673634], [-96.170377, 30.673235]], [[-96.166224, 30.759218], [-96.166275, 30.759005], [-96.166532, 30.7587]], [[-96.168135, 30.720362], [-96.168094, 30.719704]], [[-96.165806, 30.77212], [-96.165748, 30.772138]], [[-96.171664, 30.634163], [-96.171083, 30.633729]], [[-96.173838, 30.580502], [-96.173092, 30.580317]], [[-96.170834, 30.635485], [-96.171428, 30.634725]], [[-96.165415, 30.772332], [-96.165341, 30.772398]], [[-96.166633, 30.742927], [-96.166624, 30.742922]], [[-96.166502, 30.745299], [-96.165265, 30.744654], [-96.165068, 30.744427]], [[-96.165259, 30.772737], [-96.165261, 30.77279]], [[-96.165545, 30.721298], [-96.166743, 30.72092], [-96.167366, 30.720862]], [[-96.165344, 30.759854], [-96.165635, 30.760148]], [[-96.171081, 30.633696], [-96.171126, 30.633425]], [[-96.164991, 30.759907], [-96.165148, 30.759823], [-96.165328, 30.759852]], [[-96.17063, 30.629371], [-96.170941, 30.629672]], [[-96.164345, 30.773333], [-96.164348, 30.773147], [-96.164585, 30.772756]], [[-96.170649, 30.632799], [-96.170203, 30.632807]], [[-96.170535, 30.629539], [-96.170614, 30.629385]], [[-96.165676, 30.742484], [-96.165666, 30.742479]], [[-96.164327, 30.760608], [-96.164889, 30.759994]], [[-96.17262, 30.580579], [-96.172371, 30.580598], [-96.172099, 30.5805]], [[-96.164593, 30.764213], [-96.164565, 30.76422]], [[-96.168772, 30.667752], [-96.168772, 30.666503]], [[-96.165075, 30.744412], [-96.16515, 30.744269], [-96.165455, 30.744163]], [[-96.168445, 30.671099], [-96.168473, 30.670701], [-96.168639, 30.670379]], [[-96.169132, 30.630134], [-96.169346, 30.629998], [-96.170295, 30.629899]], [[-96.169285, 30.649898], [-96.169253, 30.649895]], [[-96.168425, 30.638697], [-96.168663, 30.638601], [-96.169755, 30.638677]], [[-96.168413, 30.669594], [-96.168368, 30.669572]], [[-96.16854, 30.665949], [-96.167668, 30.665738]], [[-96.163665, 30.766192], [-96.164209, 30.765514]], [[-96.168357, 30.66956], [-96.168093, 30.669158]], [[-96.167807, 30.664798], [-96.168461, 30.664386]], [[-96.164098, 30.764475], [-96.163811, 30.7645], [-96.163701, 30.764387]], [[-96.16848, 30.663159], [-96.16708, 30.662705]], [[-96.163425, 30.762577], [-96.164158, 30.762422]], [[-96.168099, 30.66909], [-96.168219, 30.668671]], [[-96.165047, 30.740719], [-96.165024, 30.740708]], [[-96.168922, 30.64022], [-96.169297, 30.639965]], [[-96.163743, 30.766995], [-96.163607, 30.76629]], [[-96.171792, 30.579267], [-96.171889, 30.578965]], [[-96.169101, 30.641477], [-96.1689, 30.640705], [-96.168899, 30.640284]], [[-96.16812, 30.651003], [-96.168314, 30.651013], [-96.168551, 30.651172]], [[-96.169394, 30.630509], [-96.169211, 30.630412], [-96.169128, 30.630154]], [[-96.162654, 30.769509], [-96.162887, 30.769349], [-96.163466, 30.76947], [-96.163715, 30.769251], [-96.163518, 30.768794], [-96.163011, 30.768513], [-96.162942, 30.768387], [-96.163044, 30.76816], [-96.163295, 30.768156]], [[-96.168416, 30.649947], [-96.167789, 30.649992], [-96.167377, 30.649582]], [[-96.163409, 30.764257], [-96.163142, 30.764137]], [[-96.167516, 30.665226], [-96.167719, 30.66489]], [[-96.163125, 30.77021], [-96.16266, 30.769532]], [[-96.167653, 30.665711], [-96.167502, 30.665303]], [[-96.171429, 30.577763], [-96.170446, 30.577606], [-96.170242, 30.577475]], [[-96.168728, 30.638877], [-96.16848, 30.638845], [-96.168413, 30.638702]], [[-96.163138, 30.764133], [-96.162904, 30.763899], [-96.162767, 30.763578]], [[-96.162759, 30.763523], [-96.162833, 30.763078]], [[-96.164536, 30.722242], [-96.164547, 30.722021]], [[-96.167199, 30.649018], [-96.167452, 30.648142], [-96.167672, 30.647778]], [[-96.167228, 30.643676], [-96.167748, 30.643208]], [[-96.163372, 30.74009], [-96.162859, 30.740008], [-96.162593, 30.739799]], [[-96.167367, 30.647221], [-96.166934, 30.647029], [-96.165965, 30.647162], [-96.165766, 30.647063]], [[-96.163363, 30.724724], [-96.163627, 30.724543], [-96.163991, 30.724472]], [[-96.166663, 30.662725], [-96.165994, 30.663142], [-96.165383, 30.663169], [-96.164909, 30.66295]], [[-96.166488, 30.654244], [-96.166895, 30.655023]], [[-96.165966, 30.654369], [-96.166137, 30.654243], [-96.166476, 30.654242]], [[-96.162535, 30.739685], [-96.162343, 30.739272]], [[-96.162627, 30.737498], [-96.162614, 30.737493]], [[-96.162099, 30.738674], [-96.162408, 30.737831], [-96.162607, 30.737542]], [[-96.165723, 30.655701], [-96.165936, 30.654425]], [[-96.16577, 30.647008], [-96.165819, 30.646368], [-96.166326, 30.644512]], [[-96.162102, 30.737367], [-96.161432, 30.737389], [-96.161375, 30.737263], [-96.161519, 30.736892], [-96.162201, 30.736399]], [[-96.169131, 30.576553], [-96.168993, 30.576316], [-96.169033, 30.57606]], [[-96.165435, 30.660662], [-96.165082, 30.660275]], [[-96.1621, 30.735953], [-96.161904, 30.735716]], [[-96.168975, 30.575766], [-96.168716, 30.575603], [-96.16815, 30.575671], [-96.167812, 30.575554]], [[-96.164507, 30.661169], [-96.165244, 30.660967]], [[-96.161965, 30.73381], [-96.161495, 30.732914], [-96.161438, 30.73259]], [[-96.1621, 30.728086], [-96.162071, 30.727882]], [[-96.164901, 30.662942], [-96.164539, 30.662618], [-96.164403, 30.66229]], [[-96.161442, 30.732543], [-96.161493, 30.732364], [-96.161678, 30.732217]], [[-96.164001, 30.65898], [-96.164106, 30.658819], [-96.164808, 30.658362]], [[-96.16469, 30.65948], [-96.164062, 30.659225]], [[-96.16092, 30.73523], [-96.160434, 30.735377], [-96.160126, 30.735215], [-96.160185, 30.735009], [-96.16038, 30.734881], [-96.161276, 30.734719]], [[-96.164388, 30.662209], [-96.164364, 30.66168]], [[-96.167806, 30.575539], [-96.167723, 30.575327], [-96.167789, 30.574876]], [[-96.164054, 30.659215], [-96.163985, 30.659016]], [[-96.167436, 30.57445], [-96.167215, 30.574356], [-96.166615, 30.574734], [-96.166411, 30.574613]], [[-96.16729, 30.571387], [-96.166196, 30.570779]], [[-96.165527, 30.572932], [-96.165669, 30.572757], [-96.165958, 30.572627]], [[-96.165515, 30.573234], [-96.1655, 30.572987]], [[-96.165351, 30.570481], [-96.16528, 30.570468]], [[-96.164838, 30.57048], [-96.164733, 30.570528]], [[-96.164648, 30.570591], [-96.164386, 30.570919], [-96.16407, 30.570985]], [[-96.163115, 30.570824], [-96.162057, 30.57065], [-96.161766, 30.570252]], [[-96.162229, 30.568379], [-96.161126, 30.568297], [-96.160131, 30.567777]], [[-96.161767, 30.569676], [-96.162121, 30.569419]], [[-96.161239, 30.564249], [-96.161076, 30.563689]], [[-96.161078, 30.563622], [-96.161163, 30.563491]], [[-96.16099, 30.545469], [-96.161132, 30.545225], [-96.16149, 30.544947]], [[-96.161067, 30.543642], [-96.161495, 30.542878]], [[-96.161287, 30.545872], [-96.160969, 30.545506]], [[-96.161356, 30.544104], [-96.161108, 30.543886], [-96.161059, 30.543685]], [[-96.160218, 30.566781], [-96.160342, 30.566744]], [[-96.16012, 30.567764], [-96.159784, 30.567327]], [[-96.159773, 30.567288], [-96.159872, 30.567004], [-96.160056, 30.566851]], [[-96.160382, 30.550006], [-96.160799, 30.548216]], [[-96.161093, 30.541383], [-96.160556, 30.541213]], [[-96.161173, 30.535121], [-96.161226, 30.534022]], [[-96.159942, 30.55938], [-96.158952, 30.558946], [-96.158612, 30.558644]], [[-96.160985, 30.533673], [-96.15972, 30.533564], [-96.159554, 30.533654]], [[-96.160548, 30.5412], [-96.1604, 30.54097], [-96.160311, 30.540381]], [[-96.159812, 30.553343], [-96.159731, 30.552764]], [[-96.158613, 30.558603], [-96.158623, 30.558289], [-96.158755, 30.558027]], [[-96.158524, 30.534271], [-96.158463, 30.534339]], [[-96.158363, 30.534638], [-96.158506, 30.535148], [-96.158395, 30.535202], [-96.15809, 30.535123]], [[-96.15751, 30.534854], [-96.15672, 30.534554], [-96.156501, 30.534386]], [[-96.157004, 30.530286], [-96.156578, 30.530128]], [[-96.156144, 30.532077], [-96.156765, 30.531715]], [[-96.156479, 30.534353], [-96.155867, 30.533245]], [[-96.155848, 30.53315], [-96.155876, 30.532533]], [[-96.155526, 30.530139], [-96.155449, 30.530165]], [[-96.15526, 30.530328], [-96.155182, 30.530968], [-96.155039, 30.531262], [-96.154299, 30.531916], [-96.153872, 30.532178], [-96.153595, 30.532232], [-96.153137, 30.532071], [-96.152475, 30.532087], [-96.15215, 30.532684], [-96.151924, 30.532931], [-96.151731, 30.532992], [-96.15134, 30.532903], [-96.151129, 30.532648], [-96.151774, 30.531468]], [[-96.151669, 30.52227], [-96.151936, 30.521955], [-96.152413, 30.521703]], [[-96.152125, 30.520063], [-96.152084, 30.520049]], [[-96.151592, 30.530179], [-96.151583, 30.530174]], [[-96.151824, 30.523197], [-96.151642, 30.522321]], [[-96.151553, 30.519919], [-96.151479, 30.519913]], [[-96.150922, 30.529926], [-96.149091, 30.52924]], [[-96.150253, 30.520694], [-96.150019, 30.520853], [-96.149565, 30.520821], [-96.149202, 30.520589]], [[-96.150073, 30.524813], [-96.150052, 30.524805]], [[-96.148985, 30.523993], [-96.149305, 30.52377], [-96.150013, 30.523573]], [[-96.149191, 30.519664], [-96.149358, 30.519491], [-96.150071, 30.519262]], [[-96.149925, 30.518046], [-96.149912, 30.51804]], [[-96.148691, 30.527569], [-96.148881, 30.527393], [-96.149064, 30.527037], [-96.149108, 30.526675], [-96.149285, 30.526469]], [[-96.14909, 30.529239], [-96.148431, 30.528723]], [[-96.149178, 30.524566], [-96.149143, 30.524556]], [[-96.149134, 30.524542], [-96.148925, 30.524223], [-96.148953, 30.524025]], [[-96.149186, 30.520563], [-96.149027, 30.520219]], [[-96.149267, 30.517773], [-96.148903, 30.517622]], [[-96.149025, 30.520154], [-96.149147, 30.519743]], [[-96.148417, 30.5287], [-96.148265, 30.528433], [-96.148269, 30.52817]], [[-96.148876, 30.517591], [-96.147995, 30.516425]], [[-96.147299, 30.515504], [-96.14672, 30.515802], [-96.146306, 30.515636]], [[-96.154415, 30.332696], [-96.154184, 30.332126]], [[-96.15425, 30.330919], [-96.154175, 30.330684], [-96.154268, 30.330654]], [[-96.145956, 30.514698], [-96.145917, 30.514677]], [[-96.145669, 30.514552], [-96.144616, 30.514031]], [[-96.144798, 30.510676], [-96.144794, 30.510674]], [[-96.144593, 30.510635], [-96.144359, 30.510725]], [[-96.143732, 30.512715], [-96.144413, 30.512178]], [[-96.14431, 30.514005], [-96.143613, 30.513475]], [[-96.144152, 30.510817], [-96.143473, 30.511118]], [[-96.143538, 30.51315], [-96.14366, 30.512808]], [[-96.143086, 30.510854], [-96.142575, 30.510507]], [[-96.142489, 30.503722], [-96.14259, 30.502915], [-96.142965, 30.502586], [-96.142921, 30.50245]], [[-96.142562, 30.510492], [-96.142266, 30.510129], [-96.142184, 30.509843]], [[-96.14289, 30.502356], [-96.142552, 30.501074]], [[-96.149509, 30.349359], [-96.149231, 30.348824], [-96.149059, 30.34806]], [[-96.142435, 30.505153], [-96.14242, 30.505058]], [[-96.142315, 30.504366], [-96.142252, 30.503955]], [[-96.142187, 30.500384], [-96.142004, 30.500324], [-96.141433, 30.500418], [-96.140748, 30.500821], [-96.140288, 30.500792]], [[-96.14159, 30.50918], [-96.141026, 30.509089], [-96.140341, 30.50922], [-96.140089, 30.509005]], [[-96.148539, 30.346508], [-96.148513, 30.345972]], [[-96.141052, 30.506631], [-96.14106, 30.506431]], [[-96.147846, 30.344427], [-96.145881, 30.34323], [-96.145127, 30.343041]], [[-96.146244, 30.379011], [-96.145041, 30.378141]], [[-96.140334, 30.508307], [-96.1404, 30.508262]], [[-96.145386, 30.352178], [-96.146204, 30.352489], [-96.14711, 30.353027]], [[-96.140075, 30.508965], [-96.140037, 30.50865]], [[-96.141083, 30.475305], [-96.141083, 30.475291]], [[-96.139898, 30.500253], [-96.139895, 30.500252]], [[-96.144301, 30.374379], [-96.145352, 30.372106]], [[-96.140856, 30.474975], [-96.139738, 30.474802], [-96.139252, 30.474589], [-96.138811, 30.474209]], [[-96.145012, 30.378108], [-96.144157, 30.37701]], [[-96.139544, 30.500162], [-96.139068, 30.500526]], [[-96.145188, 30.370315], [-96.145087, 30.370134]], [[-96.143659, 30.384247], [-96.144147, 30.384424], [-96.144493, 30.384669]], [[-96.144419, 30.336814], [-96.146257, 30.336006]], [[-96.144657, 30.369366], [-96.143903, 30.368869], [-96.143501, 30.368781], [-96.14262, 30.368368]], [[-96.143629, 30.352103], [-96.144095, 30.35203], [-96.145322, 30.352164]], [[-96.138817, 30.50102], [-96.138349, 30.501423], [-96.138078, 30.501377], [-96.137824, 30.501186]], [[-96.144205, 30.375435], [-96.144245, 30.374576]], [[-96.139964, 30.471812], [-96.139845, 30.471661]], [[-96.139752, 30.471547], [-96.139744, 30.471543]], [[-96.139446, 30.478458], [-96.139141, 30.477912], [-96.139132, 30.477666]], [[-96.139305, 30.476859], [-96.139471, 30.476137]], [[-96.137509, 30.497876], [-96.137827, 30.497059]], [[-96.138907, 30.471303], [-96.138538, 30.47129], [-96.137984, 30.471037]], [[-96.137724, 30.495432], [-96.137704, 30.495427]], [[-96.139011, 30.383149], [-96.141099, 30.383634], [-96.142212, 30.384011]], [[-96.142832, 30.352478], [-96.143546, 30.352127]], [[-96.136823, 30.498747], [-96.137115, 30.498389]], [[-96.142637, 30.337938], [-96.144017, 30.337008]], [[-96.142608, 30.368356], [-96.14217, 30.367838]], [[-96.137717, 30.479136], [-96.137729, 30.47916]], [[-96.136748, 30.499812], [-96.136612, 30.499402]], [[-96.137981, 30.471035], [-96.1376, 30.470562]], [[-96.13741, 30.476847], [-96.137653, 30.477037], [-96.137782, 30.477468], [-96.137542, 30.478571]], [[-96.136734, 30.495396], [-96.136273, 30.495223], [-96.136039, 30.49498]], [[-96.142144, 30.367767], [-96.142012, 30.366668]], [[-96.136089, 30.494161], [-96.136229, 30.493873], [-96.136539, 30.493569]], [[-96.141735, 30.362909], [-96.142234, 30.362099]], [[-96.14223, 30.35697], [-96.141803, 30.356345]], [[-96.141655, 30.355305], [-96.141733, 30.354828], [-96.142354, 30.353122]], [[-96.136741, 30.480863], [-96.136717, 30.480851]], [[-96.136914, 30.476459], [-96.136924, 30.476466]], [[-96.142669, 30.342978], [-96.141719, 30.342958], [-96.141004, 30.342772], [-96.140781, 30.342611]], [[-96.136118, 30.493027], [-96.136071, 30.493041]], [[-96.136033, 30.494947], [-96.136057, 30.494314]], [[-96.135855, 30.482965], [-96.136146, 30.48241], [-96.136567, 30.48197]], [[-96.141611, 30.365472], [-96.141664, 30.364132]], [[-96.141687, 30.363569], [-96.141707, 30.363079]], [[-96.136645, 30.478166], [-96.136307, 30.477925], [-96.136166, 30.477683]], [[-96.141773, 30.356274], [-96.14164, 30.355863], [-96.141646, 30.355402]], [[-96.136309, 30.476689], [-96.13653, 30.476487]], [[-96.136776, 30.469847], [-96.13627, 30.469591], [-96.135899, 30.469246]], [[-96.136271, 30.48068], [-96.13545, 30.480365]], [[-96.136157, 30.477656], [-96.136095, 30.477435], [-96.13625, 30.476773]], [[-96.13545, 30.493433], [-96.135234, 30.493489], [-96.135085, 30.493419]], [[-96.135911, 30.479313], [-96.135967, 30.479288]], [[-96.135857, 30.468801], [-96.136341, 30.467417]], [[-96.135079, 30.493414], [-96.134929, 30.493126]], [[-96.136152, 30.466288], [-96.136147, 30.466284]], [[-96.135302, 30.479827], [-96.135528, 30.479505]], [[-96.135438, 30.480342], [-96.135295, 30.479899]], [[-96.134651, 30.491844], [-96.134619, 30.491841]], [[-96.133961, 30.483347], [-96.134576, 30.483319], [-96.13491, 30.483408]], [[-96.135664, 30.466097], [-96.135148, 30.466182]], [[-96.140323, 30.339625], [-96.140907, 30.339367]], [[-96.137944, 30.383211], [-96.138909, 30.383142]], [[-96.134169, 30.491865], [-96.133538, 30.492296], [-96.13324, 30.492401], [-96.13287, 30.492283]], [[-96.140537, 30.342425], [-96.140131, 30.341783]], [[-96.134937, 30.466361], [-96.134681, 30.467075], [-96.134254, 30.467405], [-96.133905, 30.467504], [-96.133416, 30.467537], [-96.132777, 30.467405], [-96.13199, 30.467012], [-96.131707, 30.466773]], [[-96.139858, 30.340226], [-96.140233, 30.339691]], [[-96.13345, 30.483537], [-96.133861, 30.483363]], [[-96.139812, 30.340862], [-96.139812, 30.340359]], [[-96.132858, 30.492272], [-96.132514, 30.491915]], [[-96.132922, 30.485367], [-96.133104, 30.483935]], [[-96.132938, 30.485763], [-96.132921, 30.485685]], [[-96.132549, 30.491095], [-96.132158, 30.490715], [-96.132109, 30.490552]], [[-96.132667, 30.487713], [-96.132672, 30.487666]], [[-96.132115, 30.490517], [-96.132324, 30.490049], [-96.132569, 30.489829]], [[-96.134219, 30.384579], [-96.134415, 30.384488], [-96.134973, 30.384471]], [[-96.131026, 30.466305], [-96.130983, 30.466296]], [[-96.133727, 30.386179], [-96.133903, 30.385292], [-96.134183, 30.384616]], [[-96.130601, 30.46629], [-96.130517, 30.466329]], [[-96.130169, 30.466585], [-96.129713, 30.466501], [-96.129499, 30.466266]], [[-96.129923, 30.463335], [-96.12954, 30.462909], [-96.129418, 30.462583]], [[-96.132852, 30.387223], [-96.133058, 30.386991]], [[-96.12948, 30.46622], [-96.129437, 30.465878]], [[-96.129914, 30.453941], [-96.129955, 30.453392]], [[-96.129827, 30.452389], [-96.12978, 30.452391]], [[-96.129185, 30.461149], [-96.129444, 30.46095]], [[-96.12947, 30.455151], [-96.129568, 30.454911]], [[-96.129279, 30.459523], [-96.128631, 30.459241], [-96.12837, 30.458987]], [[-96.128829, 30.46171], [-96.129108, 30.461241]], [[-96.128928, 30.462151], [-96.128818, 30.461779]], [[-96.128946, 30.452533], [-96.128566, 30.452941]], [[-96.128353, 30.458957], [-96.12827, 30.458748]], [[-96.128464, 30.453058], [-96.128392, 30.453279], [-96.128081, 30.453449]], [[-96.128058, 30.458215], [-96.128042, 30.458206]], [[-96.126811, 30.45645], [-96.127753, 30.456242]], [[-96.127195, 30.457787], [-96.127158, 30.457776]], [[-96.12697, 30.457855], [-96.126603, 30.45801]], [[-96.126597, 30.458004], [-96.126503, 30.457897]], [[-96.12661, 30.453682], [-96.125822, 30.453806]], [[-96.125717, 30.450196], [-96.12595, 30.449986], [-96.12636, 30.449846]], [[-96.125825, 30.450673], [-96.125669, 30.450417], [-96.125689, 30.450234]], [[-96.125903, 30.44877], [-96.125899, 30.448768]], [[-96.125248, 30.448501], [-96.124508, 30.448197]], [[-96.124866, 30.451278], [-96.125098, 30.451366]], [[-96.124834, 30.453963], [-96.124699, 30.454122], [-96.124901, 30.45465], [-96.124695, 30.455389], [-96.124364, 30.455592], [-96.124087, 30.455642], [-96.123639, 30.455544]], [[-96.123746, 30.45177], [-96.124303, 30.451325]], [[-96.123581, 30.452867], [-96.123593, 30.452143], [-96.123706, 30.451835]], [[-96.123432, 30.455396], [-96.123079, 30.455143]], [[-96.122809, 30.454425], [-96.123102, 30.453961]], [[-96.122816, 30.454783], [-96.122788, 30.454507]], [[-96.122893, 30.446686], [-96.122944, 30.446408], [-96.123073, 30.44631]], [[-96.123012, 30.447028], [-96.122893, 30.446746]], [[-96.1229, 30.384697], [-96.124562, 30.386222], [-96.125449, 30.387215]], [[-96.122661, 30.445892], [-96.122245, 30.445704]], [[-96.122236, 30.445682], [-96.122196, 30.445251]], [[-96.121964, 30.444927], [-96.121808, 30.444838]], [[-96.121883, 30.44424], [-96.121905, 30.444087]], [[-96.121646, 30.443373], [-96.121354, 30.443272], [-96.121102, 30.443033]], [[-96.121082, 30.443006], [-96.120677, 30.442463], [-96.120469, 30.441949]], [[-96.120455, 30.441924], [-96.12021, 30.44181], [-96.119979, 30.441865], [-96.119707, 30.442252], [-96.119651, 30.442624], [-96.119356, 30.442696]], [[-96.122447, 30.384082], [-96.122465, 30.384107]], [[-96.121771, 30.383901], [-96.12242, 30.384072]], [[-96.119069, 30.442358], [-96.119162, 30.441818]], [[-96.118991, 30.441516], [-96.118363, 30.441267]], [[-96.12117, 30.384657], [-96.121461, 30.384036]], [[-96.120244, 30.389092], [-96.120006, 30.388421]], [[-96.117762, 30.44119], [-96.117481, 30.441158], [-96.115878, 30.440428]], [[-96.119997, 30.388394], [-96.119687, 30.38752]], [[-96.117611, 30.391286], [-96.118471, 30.391613], [-96.119308, 30.392109]], [[-96.11789, 30.396484], [-96.117862, 30.39638]], [[-96.117618, 30.394798], [-96.116785, 30.392872]], [[-96.117197, 30.391432], [-96.117558, 30.391293]], [[-96.115196, 30.440449], [-96.115101, 30.440489]], [[-96.116778, 30.392186], [-96.117121, 30.391511]], [[-96.114926, 30.4407], [-96.114566, 30.441151], [-96.114229, 30.44128], [-96.113683, 30.441058], [-96.113494, 30.440852]], [[-96.116317, 30.399331], [-96.116318, 30.399332]], [[-96.114487, 30.397517], [-96.115703, 30.39839]], [[-96.113082, 30.440612], [-96.112482, 30.441112]], [[-96.114437, 30.397477], [-96.114451, 30.397492]], [[-96.113682, 30.412698], [-96.113431, 30.412095], [-96.113354, 30.411424]], [[-96.112226, 30.44133], [-96.112117, 30.442322], [-96.111895, 30.442698], [-96.110275, 30.44347], [-96.109611, 30.44368], [-96.108476, 30.443783]], [[-96.114047, 30.396864], [-96.114064, 30.396938]], [[-96.114062, 30.39584], [-96.114058, 30.396078]], [[-96.113088, 30.394109], [-96.113526, 30.394161], [-96.113779, 30.394342], [-96.114075, 30.394936]], [[-96.112555, 30.415031], [-96.112743, 30.4147]], [[-96.112404, 30.394405], [-96.113014, 30.394126]], [[-96.110382, 30.403909], [-96.111333, 30.403139], [-96.111945, 30.402819]], [[-96.1116, 30.407357], [-96.1116, 30.407357]], [[-96.11191, 30.398279], [-96.111337, 30.39731], [-96.111195, 30.396851]], [[-96.111481, 30.39518], [-96.111796, 30.394907]], [[-96.110977, 30.407061], [-96.110935, 30.407062]], [[-96.109573, 30.416879], [-96.110054, 30.416657]], [[-96.110341, 30.407268], [-96.109247, 30.407603], [-96.108628, 30.407627], [-96.10815, 30.407426]], [[-96.107915, 30.443738], [-96.10744, 30.443791], [-96.107143, 30.443677]], [[-96.106852, 30.443654], [-96.10673, 30.443672]], [[-96.108145, 30.407421], [-96.107988, 30.407271], [-96.107924, 30.407006]], [[-96.107077, 30.417908], [-96.107329, 30.417618]], [[-96.106133, 30.443988], [-96.105348, 30.444413], [-96.104913, 30.444208]], [[-96.104908, 30.444204], [-96.104681, 30.444013], [-96.104608, 30.443801]], [[-96.105201, 30.437028], [-96.105171, 30.437023]], [[-96.104616, 30.44364], [-96.104819, 30.441949]], [[-96.10471, 30.437031], [-96.104616, 30.437061]], [[-96.103894, 30.43746], [-96.103192, 30.438353], [-96.103008, 30.438466]], [[-96.103506, 30.421192], [-96.103522, 30.421215]], [[-96.102343, 30.438912], [-96.101465, 30.439806]], [[-96.102818, 30.418294], [-96.103334, 30.418713], [-96.103546, 30.419137], [-96.103066, 30.420442]], [[-96.100913, 30.440392], [-96.100637, 30.440698], [-96.100433, 30.4407], [-96.09906, 30.44006]], [[-96.101326, 30.417395], [-96.101646, 30.417673]], [[-96.100629, 30.417423], [-96.101003, 30.417347], [-96.101301, 30.417391]], [[-96.099804, 30.418431], [-96.10038, 30.417595], [-96.100572, 30.41745]], [[-96.099045, 30.440042], [-96.0983, 30.438932]], [[-96.096908, 30.437416], [-96.096863, 30.437416]], [[-96.096268, 30.437558], [-96.096204, 30.437625]], [[-96.095804, 30.438409], [-96.095709, 30.438754], [-96.095587, 30.438852], [-96.095291, 30.438943], [-96.094908, 30.438868]], [[-96.095532, 30.419686], [-96.095541, 30.419698]], [[-96.095313, 30.41693], [-96.095552, 30.417078], [-96.095826, 30.417434], [-96.095958, 30.417958], [-96.095746, 30.418421], [-96.095345, 30.418823], [-96.095319, 30.419235]], [[-96.094421, 30.438885], [-96.094249, 30.439058]], [[-96.094084, 30.43933], [-96.093891, 30.439802], [-96.093659, 30.440052], [-96.093355, 30.440159], [-96.092828, 30.440107], [-96.092541, 30.439841]], [[-96.091751, 30.416474], [-96.092449, 30.416444], [-96.094371, 30.416643]], [[-96.092081, 30.439413], [-96.090629, 30.438065]], [[-96.090588, 30.438027], [-96.089374, 30.437418], [-96.088478, 30.436785], [-96.086571, 30.436069]], [[-96.090695, 30.416689], [-96.091535, 30.416506]], [[-96.088376, 30.417195], [-96.088913, 30.417014], [-96.089478, 30.416955]], [[-96.087052, 30.417984], [-96.087428, 30.41761], [-96.087869, 30.417338]], [[-96.08657, 30.436068], [-96.086012, 30.435569]], [[-96.086795, 30.429895], [-96.08539, 30.430031], [-96.081504, 30.431239], [-96.080982, 30.431296], [-96.080391, 30.431045]], [[-96.085917, 30.433789], [-96.086341, 30.432873]], [[-96.085739, 30.419426], [-96.085808, 30.41934]], [[-96.082986, 30.422892], [-96.08331, 30.422435], [-96.084075, 30.421698]], [[-96.08257, 30.427975], [-96.082864, 30.426197]], [[-96.082816, 30.423619], [-96.08278, 30.423361], [-96.082926, 30.422994]], [[-96.080903, 30.428906], [-96.082031, 30.42863]], [[-96.080383, 30.431037], [-96.080134, 30.43079], [-96.08002, 30.430452]]]}},
    {"type": "Feature", "properties": {"name": "Nebletts Creek", "Type": "Creek or other stream"}, "geometry": {"type": "LineString", "coordinates": [[-95.967479, 30.52445], [-95.966991, 30.524119], [-95.966928, 30.523663], [-95.966343, 30.52313], [-95.966584, 30.522707], [-95.967244, 30.522113], [-95.967701, 30.522031], [-95.968038, 30.521761], [-95.968545, 30.520514], [-95.96864, 30.520475], [-95.968863, 30.520706], [-95.968951, 30.52069], [-95.969078, 30.520091], [-95.968913, 30.519744], [-95.96989, 30.519085], [-95.970252, 30.518733], [-95.970614, 30.518579], [-95.970779, 30.518249], [-95.971267, 30.51793], [-95.97168, 30.517111], [-95.972536, 30.516869], [-95.972746, 30.516688], [-95.972568, 30.51638], [-95.972765, 30.516237], [-95.972923, 30.515666], [-95.973133, 30.515473], [-95.973152, 30.515198], [-95.973126, 30.514924], [-95.972891, 30.514704], [-95.972809, 30.514396], [-95.972999, 30.514028], [-95.973284, 30.513825], [-95.973671, 30.513269], [-95.973405, 30.512769], [-95.973163, 30.512868], [-95.973043, 30.512813], [-95.973055, 30.51217], [-95.972446, 30.511621], [-95.972382, 30.511396], [-95.972637, 30.510993], [-95.972275, 30.510319], [-95.972393, 30.509537], [-95.97157, 30.508782], [-95.970881, 30.507361], [-95.969945, 30.505803], [-95.970227, 30.505089], [-95.969568, 30.50484], [-95.969251, 30.504615], [-95.968718, 30.504461], [-95.968413, 30.504066], [-95.968571, 30.503956], [-95.968698, 30.503522], [-95.968952, 30.503395], [-95.969117, 30.503395], [-95.969396, 30.503582], [-95.970209, 30.503527], [-95.97019, 30.503181], [-95.969923, 30.502983], [-95.969828, 30.502763], [-95.970024, 30.502307], [-95.969827, 30.502126], [-95.969637, 30.502171], [-95.969612, 30.502115], [-95.969821, 30.501719], [-95.97062, 30.501219], [-95.97069, 30.500828], [-95.970512, 30.500537], [-95.970094, 30.500543], [-95.97003, 30.500186], [-95.97064, 30.499598], [-95.97055, 30.498993], [-95.970614, 30.49879], [-95.971007, 30.498746], [-95.971534, 30.499053], [-95.971915, 30.498976], [-95.971991, 30.498866], [-95.971959, 30.498493], [-95.971661, 30.49846], [-95.971546, 30.498289], [-95.971432, 30.497608], [-95.971533, 30.497344], [-95.972034, 30.496729], [-95.97239, 30.496443], [-95.972447, 30.496278], [-95.972313, 30.496085], [-95.971666, 30.49586], [-95.971621, 30.495679], [-95.972897, 30.495047], [-95.973334, 30.494722], [-95.973379, 30.494436], [-95.973264, 30.494266], [-95.97296, 30.494266], [-95.972719, 30.494156], [-95.972465, 30.494239], [-95.972344, 30.494151], [-95.972261, 30.49381], [-95.972439, 30.493722], [-95.972718, 30.493145], [-95.972597, 30.492947], [-95.972191, 30.492706], [-95.972159, 30.492464], [-95.972248, 30.492338], [-95.972794, 30.492129], [-95.97273, 30.491777], [-95.972495, 30.491436], [-95.972977, 30.490848], [-95.973002, 30.489952], [-95.973668, 30.488743], [-95.973629, 30.487573], [-95.97406, 30.486144], [-95.974244, 30.485775], [-95.974935, 30.485127], [-95.975106, 30.48444], [-95.975265, 30.484346], [-95.975208, 30.484121], [-95.975353, 30.484104], [-95.975576, 30.484275], [-95.976159, 30.48417], [-95.976051, 30.483862], [-95.976121, 30.483532], [-95.975975, 30.483483], [-95.97588, 30.483241], [-95.97574, 30.483236], [-95.975765, 30.482857], [-95.97567, 30.482692], [-95.97574, 30.482527], [-95.975943, 30.482433], [-95.976165, 30.481961], [-95.976514, 30.481834], [-95.977072, 30.481872], [-95.977091, 30.481499], [-95.977351, 30.481196], [-95.97737, 30.480993], [-95.977712, 30.480965], [-95.97789, 30.480768], [-95.978144, 30.480806], [-95.978448, 30.480712], [-95.978505, 30.480421], [-95.978391, 30.480201], [-95.978461, 30.480031], [-95.978169, 30.479844], [-95.978219, 30.479696], [-95.978498, 30.479685], [-95.978898, 30.479509], [-95.979228, 30.479706], [-95.97959, 30.479322], [-95.979545, 30.479069], [-95.979957, 30.479003], [-95.980262, 30.478722], [-95.980287, 30.478552], [-95.980877, 30.478238], [-95.98181, 30.478249], [-95.982666, 30.477743], [-95.983307, 30.47766], [-95.983865, 30.477204]]}},
    {"type": "Feature", "properties": {"name": "Neeley Creek", "Type": "Creek or other stream"}, "geometry": {"type": "LineString", "coordinates": [[-96.067581, 30.766452], [-96.067855, 30.766607], [-96.068078, 30.767189], [-96.068339, 30.767426], [-96.06881, 30.767574], [-96.069255, 30.7682], [-96.069141, 30.768591], [-96.069211, 30.76908], [-96.068536, 30.770025], [-96.068549, 30.770151], [-96.068148, 30.770514], [-96.0679, 30.77114], [-96.067607, 30.771509], [-96.06776, 30.771613], [-96.067664, 30.772212], [-96.067989, 30.773388], [-96.067868, 30.773641], [-96.068167, 30.774322], [-96.068072, 30.77518], [-96.068358, 30.776641], [-96.068205, 30.776999], [-96.06797, 30.776993], [-96.067785, 30.77685], [-96.067563, 30.776938], [-96.067741, 30.777098], [-96.06734, 30.777423], [-96.067346, 30.77761], [-96.067928, 30.778257], [-96.066818, 30.779219], [-96.065532, 30.780093], [-96.06529, 30.780071], [-96.06503, 30.77973], [-96.064724, 30.779554], [-96.064953, 30.779158], [-96.064896, 30.778917], [-96.064788, 30.778856], [-96.064527, 30.778933], [-96.064189, 30.779378], [-96.063693, 30.779389], [-96.063706, 30.779538], [-96.063992, 30.779895], [-96.063947, 30.780076], [-96.063699, 30.780087], [-96.062865, 30.779801], [-96.062681, 30.779829], [-96.062598, 30.779977], [-96.0627, 30.78084], [-96.062452, 30.780988], [-96.062725, 30.781335], [-96.062503, 30.781477], [-96.062108, 30.781368], [-96.061694, 30.781785], [-96.062057, 30.78278], [-96.061497, 30.78278], [-96.061013, 30.7825], [-96.060663, 30.782571], [-96.061051, 30.783813], [-96.061013, 30.784027], [-96.060625, 30.784077], [-96.060377, 30.783978], [-96.059995, 30.78411], [-96.059352, 30.784132], [-96.058906, 30.784027], [-96.058747, 30.784066], [-96.058142, 30.784813], [-96.05762, 30.784978], [-96.057665, 30.785384], [-96.057499, 30.785912], [-96.057232, 30.785912], [-96.056806, 30.78572], [-96.056456, 30.786033], [-96.056481, 30.7865], [-96.055914, 30.786797], [-96.05573, 30.787011], [-96.05545, 30.786994], [-96.055068, 30.78672], [-96.054896, 30.786786], [-96.054762, 30.787027], [-96.054514, 30.787154], [-96.054527, 30.787615], [-96.054361, 30.787863], [-96.054068, 30.788066], [-96.054065, 30.788194], [-96.053559, 30.787857], [-96.052916, 30.788011], [-96.052776, 30.787796], [-96.052465, 30.787703], [-96.052261, 30.787697], [-96.052121, 30.787802], [-96.052477, 30.788099], [-96.051962, 30.788022], [-96.051688, 30.78789], [-96.051796, 30.788709], [-96.052038, 30.788846], [-96.052051, 30.788961], [-96.051853, 30.789187], [-96.051414, 30.789297], [-96.051185, 30.789604], [-96.050236, 30.789461], [-96.049447, 30.789055], [-96.049205, 30.789038], [-96.049116, 30.78928], [-96.049352, 30.789489], [-96.04939, 30.789654], [-96.049301, 30.790027], [-96.048976, 30.790577], [-96.048683, 30.790994], [-96.048282, 30.79122], [-96.047079, 30.791631], [-96.046557, 30.792884], [-96.046155, 30.793297], [-96.046162, 30.793709], [-96.04606, 30.793961], [-96.045391, 30.794363], [-96.044965, 30.795401], [-96.044315, 30.796181], [-96.043901, 30.796291], [-96.043017, 30.795868], [-96.041934, 30.79628], [-96.040553, 30.79634], [-96.039744, 30.798192], [-96.039432, 30.79823], [-96.039241, 30.797955], [-96.038732, 30.79795], [-96.038331, 30.798301], [-96.037911, 30.798268], [-96.037911, 30.798592], [-96.037732, 30.798889]]}},
    {"type": "Feature", "properties": {"name": "Neville Creek", "Type": "Creek or other stream"}, "geometry": {"type": "MultiLineString", "coordinates": [[[-96.131285, 30.826097], [-96.131492, 30.825927], [-96.13148, 30.825613], [-96.131595, 30.825536], [-96.132282, 30.825713], [-96.132894, 30.825455], [-96.133314, 30.825576], [-96.133448, 30.825449], [-96.133531, 30.82457], [-96.133818, 30.824543], [-96.133989, 30.824719], [-96.134238, 30.824592], [-96.134124, 30.824015], [-96.13378, 30.823559], [-96.134404, 30.822768], [-96.134806, 30.822889], [-96.135258, 30.822746], [-96.135838, 30.821895], [-96.135781, 30.82162], [-96.135271, 30.821532], [-96.135068, 30.821284], [-96.135437, 30.820927], [-96.135278, 30.820669], [-96.135304, 30.820548], [-96.13589, 30.820345], [-96.136431, 30.820439], [-96.137265, 30.82006], [-96.137284, 30.819917], [-96.137004, 30.819955], [-96.136877, 30.81979], [-96.137412, 30.819411], [-96.137591, 30.818719], [-96.137413, 30.818417], [-96.137788, 30.818258], [-96.138189, 30.818423], [-96.138183, 30.818225], [-96.138374, 30.818269], [-96.138177, 30.817934], [-96.138069, 30.817384], [-96.13849, 30.817005], [-96.138318, 30.816774], [-96.138337, 30.816626], [-96.138547, 30.816538], [-96.139095, 30.816642], [-96.139629, 30.816956], [-96.139986, 30.816852], [-96.140298, 30.816995], [-96.140483, 30.816984], [-96.140438, 30.81722], [-96.140629, 30.817506], [-96.141087, 30.817407], [-96.141597, 30.817012], [-96.142074, 30.817149], [-96.142202, 30.817358], [-96.143068, 30.81743], [-96.143361, 30.817265], [-96.143373, 30.817106], [-96.143781, 30.816925], [-96.143724, 30.816716], [-96.143495, 30.816677], [-96.143361, 30.816364], [-96.143533, 30.815864], [-96.14375, 30.815688], [-96.143896, 30.815699], [-96.144253, 30.815974], [-96.144374, 30.815969], [-96.144495, 30.815469], [-96.1451, 30.815188], [-96.145418, 30.815353], [-96.145813, 30.815282], [-96.146029, 30.815573], [-96.14631, 30.815596], [-96.146462, 30.815574], [-96.146469, 30.81515], [-96.147182, 30.815074], [-96.148023, 30.815272], [-96.148405, 30.815173], [-96.149105, 30.8148], [-96.149411, 30.814745], [-96.149576, 30.814899], [-96.149895, 30.814514], [-96.1505, 30.814525], [-96.150818, 30.814635], [-96.151238, 30.814586], [-96.151773, 30.814207], [-96.152098, 30.813839], [-96.152824, 30.813504], [-96.153098, 30.81324], [-96.153067, 30.813108], [-96.152793, 30.813224], [-96.152659, 30.813163], [-96.152634, 30.812927], [-96.152373, 30.812751], [-96.152366, 30.812657], [-96.15313, 30.812421], [-96.153118, 30.812344], [-96.152729, 30.812163], [-96.152698, 30.812003], [-96.152991, 30.811778], [-96.153347, 30.811657], [-96.153417, 30.811476], [-96.153239, 30.811361], [-96.153265, 30.811102], [-96.153048, 30.810795], [-96.153112, 30.810657], [-96.153545, 30.810394], [-96.153679, 30.809981], [-96.153896, 30.809998], [-96.15408, 30.810245], [-96.154405, 30.810009], [-96.154558, 30.810004], [-96.154679, 30.810262], [-96.15494, 30.81041], [-96.155073, 30.810026], [-96.155876, 30.809878], [-96.155876, 30.809735], [-96.155717, 30.809619], [-96.155831, 30.809476], [-96.156118, 30.809427], [-96.15629, 30.809636], [-96.156513, 30.809619], [-96.156729, 30.80935], [-96.156627, 30.808965], [-96.156685, 30.808878], [-96.157156, 30.808993], [-96.157175, 30.809306], [-96.157595, 30.809466], [-96.157703, 30.809708], [-96.15797, 30.809686], [-96.158117, 30.80945], [-96.158614, 30.809345], [-96.158671, 30.809131], [-96.159391, 30.808576], [-96.159652, 30.808175], [-96.159868, 30.808197], [-96.160053, 30.808109], [-96.160282, 30.808214], [-96.160633, 30.808038], [-96.160467, 30.807763], [-96.160505, 30.807681], [-96.160836, 30.807681], [-96.160964, 30.807378], [-96.160919, 30.807076], [-96.161244, 30.806917], [-96.161244, 30.806631], [-96.161435, 30.806521], [-96.161722, 30.805774], [-96.161639, 30.805549], [-96.161907, 30.805274], [-96.161799, 30.805087], [-96.161869, 30.804702], [-96.162015, 30.804724], [-96.162098, 30.804598], [-96.162085, 30.804422], [-96.161901, 30.804191], [-96.161748, 30.803383], [-96.161863, 30.803339], [-96.161952, 30.803092], [-96.162156, 30.803323], [-96.16248, 30.803186], [-96.162589, 30.802905], [-96.162353, 30.80268], [-96.162341, 30.802515], [-96.162984, 30.802581], [-96.163124, 30.802493], [-96.162608, 30.801746], [-96.1632, 30.801702], [-96.163493, 30.801471], [-96.1635, 30.801372], [-96.163232, 30.801229], [-96.163175, 30.801037], [-96.162863, 30.800943], [-96.1628, 30.800465], [-96.162367, 30.800262], [-96.162437, 30.799976], [-96.162169, 30.799806], [-96.162087, 30.799575], [-96.162539, 30.799608], [-96.162915, 30.799328], [-96.163468, 30.799569], [-96.163067, 30.799811], [-96.163099, 30.799987], [-96.163538, 30.80007], [-96.163685, 30.799718], [-96.163927, 30.799581], [-96.164232, 30.799218], [-96.16457, 30.79913], [-96.164423, 30.799394], [-96.1645, 30.799817], [-96.164996, 30.799883], [-96.165372, 30.799658], [-96.165467, 30.799861], [-96.165856, 30.799922], [-96.166715, 30.799691], [-96.167167, 30.799323], [-96.167556, 30.799345], [-96.167562, 30.798933], [-96.167785, 30.798817], [-96.167849, 30.79907], [-96.168192, 30.799455], [-96.168211, 30.799785], [-96.16858, 30.799856], [-96.168778, 30.800032], [-96.169561, 30.799653], [-96.169943, 30.799725], [-96.170637, 30.799686], [-96.170847, 30.799516], [-96.171159, 30.798966], [-96.171611, 30.799796], [-96.171859, 30.799923], [-96.172152, 30.799934], [-96.172165, 30.800368], [-96.17277, 30.800571], [-96.172789, 30.800681], [-96.172623, 30.800797], [-96.172617, 30.800907], [-96.173081, 30.801171], [-96.173228, 30.801209], [-96.173425, 30.801088], [-96.173667, 30.800643], [-96.174017, 30.800769], [-96.174419, 30.800451], [-96.175004, 30.800544], [-96.175354, 30.800858]], [[-96.128571, 30.826324], [-96.128531, 30.826222], [-96.12827, 30.826101], [-96.128315, 30.826002], [-96.129213, 30.825766], [-96.129391, 30.825579], [-96.129614, 30.825601], [-96.129805, 30.825766], [-96.130206, 30.825464], [-96.130996, 30.8258], [-96.131241, 30.826101]], [[-96.125958, 30.826543], [-96.125984, 30.826413], [-96.126098, 30.82638], [-96.126281, 30.826516]], [[-96.125287, 30.826599], [-96.12543, 30.826587]], [[-96.124403, 30.827428], [-96.124461, 30.827116], [-96.124684, 30.826846], [-96.125098, 30.827088], [-96.125235, 30.827086]], [[-96.123733, 30.827456], [-96.123913, 30.827352], [-96.124017, 30.827444]], [[-96.105863, 30.819005], [-96.106404, 30.819467], [-96.10678, 30.819417], [-96.107054, 30.819566], [-96.107455, 30.819554], [-96.108181, 30.819961], [-96.108499, 30.819884], [-96.10906, 30.820093], [-96.109302, 30.820455], [-96.109544, 30.820636], [-96.109977, 30.82057], [-96.110136, 30.8209], [-96.110359, 30.821054], [-96.110665, 30.821109], [-96.111111, 30.821455], [-96.111436, 30.821394], [-96.11148, 30.821614], [-96.111952, 30.822076], [-96.111818, 30.822515], [-96.112818, 30.823235], [-96.113252, 30.824361], [-96.113424, 30.824504], [-96.113755, 30.824537], [-96.114487, 30.824916], [-96.114927, 30.825372], [-96.115182, 30.825339], [-96.115487, 30.824998], [-96.116175, 30.824838], [-96.117359, 30.824909], [-96.117716, 30.825019], [-96.118225, 30.824865], [-96.118487, 30.82509], [-96.118862, 30.825156], [-96.119225, 30.825348], [-96.119601, 30.825337], [-96.119964, 30.825639], [-96.120136, 30.826007], [-96.12071, 30.826183], [-96.120824, 30.826452], [-96.12141, 30.826716], [-96.121646, 30.827194], [-96.121799, 30.827177], [-96.122105, 30.826902], [-96.122716, 30.826825], [-96.122926, 30.827028], [-96.122773, 30.827287], [-96.122831, 30.827452], [-96.123245, 30.82732], [-96.123403, 30.82747]]]}},
    {"type": "Feature", "properties": {"name": "North Bedias Creek", "Type": "Creek or other stream"}, "geometry": {"type": "LineString", "coordinates": [[-96.028015, 30.739451], [-96.028149, 30.73972], [-96.028091, 30.73999], [-96.028378, 30.739979], [-96.028969, 30.741056], [-96.029306, 30.741188], [-96.029293, 30.741754], [-96.029509, 30.741738], [-96.029566, 30.741963], [-96.029929, 30.74176], [-96.029974, 30.741985], [-96.029719, 30.742111], [-96.029738, 30.742243], [-96.030024, 30.742216], [-96.030425, 30.742425], [-96.03066, 30.743084], [-96.031169, 30.743574], [-96.031143, 30.743887], [-96.031347, 30.744261], [-96.031773, 30.744629], [-96.032142, 30.744613], [-96.032263, 30.74469], [-96.032256, 30.744964], [-96.031811, 30.745107], [-96.031792, 30.745266], [-96.032275, 30.745777], [-96.032727, 30.745932], [-96.033121, 30.746316], [-96.033089, 30.746481], [-96.033255, 30.746723], [-96.033286, 30.746976], [-96.033452, 30.747064], [-96.033388, 30.747405], [-96.03377, 30.747416], [-96.033846, 30.747784], [-96.034304, 30.74785], [-96.034654, 30.748053], [-96.035182, 30.74818], [-96.035424, 30.748527], [-96.035239, 30.748845], [-96.035684, 30.748988], [-96.036148, 30.749757], [-96.036015, 30.749922], [-96.035996, 30.750189], [-96.036117, 30.750656], [-96.036142, 30.75164], [-96.036027, 30.752256], [-96.036129, 30.752827], [-96.035792, 30.753256], [-96.036224, 30.754487], [-96.036217, 30.755113], [-96.036071, 30.755701], [-96.036293, 30.755767], [-96.03644, 30.755954], [-96.036656, 30.755833], [-96.036803, 30.755916], [-96.03672, 30.756245], [-96.036376, 30.756289], [-96.0363, 30.756394], [-96.036471, 30.756586], [-96.03642, 30.756916], [-96.036675, 30.757004], [-96.036287, 30.757157], [-96.036153, 30.757636], [-96.035911, 30.757949], [-96.035529, 30.758037], [-96.035427, 30.758163], [-96.035453, 30.758262], [-96.035746, 30.758399], [-96.035892, 30.758795], [-96.035854, 30.758949], [-96.035535, 30.759344], [-96.035064, 30.759707], [-96.034772, 30.759646], [-96.034555, 30.759789], [-96.034542, 30.760031], [-96.034294, 30.760152], [-96.034224, 30.760306], [-96.034154, 30.760811], [-96.034485, 30.761246], [-96.034179, 30.761575], [-96.034294, 30.761987], [-96.034077, 30.762207], [-96.034172, 30.763037], [-96.033829, 30.763295], [-96.032887, 30.763377], [-96.03283, 30.763498], [-96.033269, 30.763883], [-96.033364, 30.764202], [-96.033867, 30.764301], [-96.034077, 30.764477], [-96.034426, 30.76529], [-96.034649, 30.765351], [-96.034477, 30.765807], [-96.034738, 30.766169], [-96.034133, 30.766763], [-96.03412, 30.766977], [-96.034387, 30.767428], [-96.034107, 30.76773], [-96.034343, 30.768269], [-96.034928, 30.768401], [-96.035322, 30.768912], [-96.035341, 30.769505], [-96.035615, 30.76967], [-96.035545, 30.770599], [-96.035716, 30.770857], [-96.035519, 30.771181], [-96.035602, 30.771363], [-96.036289, 30.771632], [-96.036314, 30.771742], [-96.036206, 30.77183], [-96.035544, 30.77183], [-96.035239, 30.771918], [-96.035131, 30.772137], [-96.035302, 30.772484], [-96.035207, 30.772918], [-96.034997, 30.773072], [-96.03436, 30.773071], [-96.034398, 30.773297], [-96.034583, 30.773346], [-96.034742, 30.773225], [-96.034876, 30.773423], [-96.03527, 30.773665], [-96.035308, 30.773929], [-96.035149, 30.774149], [-96.035474, 30.77427], [-96.035518, 30.774424], [-96.035213, 30.774781], [-96.034761, 30.774792], [-96.034729, 30.775253], [-96.034111, 30.775335], [-96.03413, 30.775599], [-96.033736, 30.775857], [-96.033392, 30.775907], [-96.033112, 30.776978], [-96.033201, 30.777099], [-96.033665, 30.777187], [-96.0342, 30.778116], [-96.034562, 30.778336], [-96.034855, 30.778655], [-96.034664, 30.778924], [-96.0346, 30.779287], [-96.034269, 30.779342], [-96.034454, 30.77966], [-96.03446, 30.779864], [-96.033963, 30.780144], [-96.033747, 30.780451], [-96.033435, 30.780605], [-96.033467, 30.780732], [-96.034103, 30.780776], [-96.034186, 30.780952], [-96.03416, 30.781413], [-96.034288, 30.781518], [-96.035032, 30.781315], [-96.03572, 30.781463], [-96.03549, 30.782018], [-96.03556, 30.782243], [-96.03591, 30.782656], [-96.035955, 30.783304], [-96.036107, 30.783595], [-96.036489, 30.783837], [-96.03675, 30.78414], [-96.037011, 30.784689], [-96.037284, 30.784931], [-96.037265, 30.785437], [-96.037469, 30.785651], [-96.037322, 30.786096], [-96.037297, 30.786651], [-96.037156, 30.786876], [-96.037373, 30.787986], [-96.036952, 30.788624], [-96.037468, 30.789443], [-96.037213, 30.790119], [-96.037493, 30.790745], [-96.037531, 30.790981], [-96.037461, 30.790998], [-96.037913, 30.791306], [-96.037957, 30.791443], [-96.037823, 30.791531], [-96.037251, 30.791569], [-96.037289, 30.791789], [-96.037136, 30.791877], [-96.037187, 30.792322], [-96.036957, 30.792608], [-96.036639, 30.792762], [-96.036588, 30.793289], [-96.036683, 30.793767], [-96.037097, 30.794515], [-96.037301, 30.794597], [-96.037288, 30.794883], [-96.037447, 30.794932], [-96.037816, 30.795889], [-96.037453, 30.796163], [-96.037071, 30.797312], [-96.036784, 30.797707], [-96.037732, 30.798889], [-96.038139, 30.800296], [-96.038725, 30.800477], [-96.038234, 30.801522], [-96.038514, 30.801796], [-96.038253, 30.802335], [-96.038762, 30.802923], [-96.038813, 30.803302], [-96.039023, 30.803643], [-96.039246, 30.804434], [-96.038762, 30.805357], [-96.03864, 30.805797], [-96.038475, 30.805984], [-96.038125, 30.806099], [-96.037825, 30.806511], [-96.037545, 30.807539], [-96.037577, 30.808248], [-96.037818, 30.808489], [-96.038398, 30.808704], [-96.038767, 30.808709], [-96.039047, 30.809034], [-96.039378, 30.809105], [-96.039467, 30.809402], [-96.039741, 30.809732], [-96.039626, 30.810149], [-96.039098, 30.810243], [-96.038849, 30.810495], [-96.038792, 30.810726], [-96.038117, 30.810732], [-96.037856, 30.810819], [-96.037779, 30.811056], [-96.03783, 30.811995], [-96.037512, 30.81238], [-96.036977, 30.812715], [-96.036887, 30.81299], [-96.036926, 30.813363], [-96.036117, 30.813918], [-96.035072, 30.814237], [-96.034512, 30.815045], [-96.034378, 30.815572], [-96.033569, 30.815951], [-96.033429, 30.816336], [-96.033722, 30.817132], [-96.033269, 30.817556], [-96.032722, 30.818341], [-96.033097, 30.819682], [-96.033873, 30.820221], [-96.034179, 30.821029], [-96.034993, 30.822018], [-96.034917, 30.823013], [-96.034725, 30.823557], [-96.034534, 30.824683], [-96.034661, 30.825453], [-96.035087, 30.82614], [-96.035106, 30.826354], [-96.034527, 30.827096], [-96.034457, 30.827563], [-96.03459, 30.828079], [-96.034208, 30.829085], [-96.034176, 30.829404], [-96.034207, 30.829695], [-96.034328, 30.829854], [-96.03378, 30.830656], [-96.033863, 30.831772], [-96.03413, 30.83219], [-96.034066, 30.832459], [-96.033875, 30.832876], [-96.033671, 30.83281], [-96.033627, 30.832876], [-96.03332, 30.834679], [-96.03276, 30.835344], [-96.032689, 30.835893]]}},
    {"type": "Feature", "properties": {"name": "Panky Creek", "Type": "Creek or other stream"}, "geometry": {"type": "LineString", "coordinates": [[-95.986737, 30.770647], [-95.986687, 30.771466], [-95.986312, 30.772323], [-95.986217, 30.773131], [-95.986281, 30.773307], [-95.986898, 30.773675], [-95.987496, 30.773823], [-95.98791, 30.774279], [-95.988751, 30.774614], [-95.989234, 30.774976], [-95.989336, 30.775168], [-95.989228, 30.775713], [-95.989349, 30.775844], [-95.989808, 30.775833], [-95.990304, 30.775602], [-95.990851, 30.775816], [-95.991615, 30.775865], [-95.992086, 30.776173], [-95.99222, 30.776448], [-95.992577, 30.776722], [-95.992609, 30.776953], [-95.992424, 30.777365], [-95.992584, 30.777739], [-95.992673, 30.778519], [-95.992228, 30.77919], [-95.99207, 30.780619], [-95.992146, 30.78113], [-95.992547, 30.781278], [-95.992948, 30.781003], [-95.993152, 30.78103], [-95.99356, 30.78192], [-95.994197, 30.782497], [-95.994388, 30.782925], [-95.994859, 30.783348], [-95.995063, 30.783777], [-95.995464, 30.784057], [-95.995414, 30.784788], [-95.995955, 30.785216], [-95.996102, 30.78559], [-95.996433, 30.785919], [-95.996803, 30.787255], [-95.996829, 30.788211], [-95.997262, 30.788425], [-95.997759, 30.788881], [-95.997816, 30.7891], [-95.997683, 30.78971], [-95.999204, 30.789995], [-95.999033, 30.790386], [-95.998587, 30.790606], [-95.998498, 30.790804], [-95.998562, 30.79104], [-95.998791, 30.791259], [-95.998824, 30.791771], [-95.999594, 30.791995], [-95.999645, 30.792149], [-95.999486, 30.79243], [-95.999588, 30.792583], [-95.99983, 30.792682], [-96.000089, 30.792677], [-96.000223, 30.792545], [-96.00044, 30.791831], [-96.000822, 30.791853], [-96.00121, 30.792188], [-96.001025, 30.792639], [-96.001368, 30.793496], [-96.000948, 30.793529], [-96.000604, 30.793787], [-96.000553, 30.793864], [-96.000814, 30.794177], [-96.000069, 30.794721], [-96.000221, 30.795073], [-95.999997, 30.795254], [-95.999927, 30.795606], [-96.000227, 30.796095], [-96.000138, 30.796276], [-95.999813, 30.79643], [-95.999756, 30.796573], [-96.000226, 30.797304], [-96.000098, 30.79804], [-96.000168, 30.798199], [-96.000983, 30.798112], [-96.001308, 30.797799], [-96.001651, 30.797969], [-96.001543, 30.79837], [-96.001155, 30.798398], [-96.000976, 30.798612], [-96.001103, 30.799024], [-96.001243, 30.799074], [-96.001351, 30.799623], [-96.001109, 30.799788], [-96.000874, 30.799595], [-96.000352, 30.799854], [-96.000313, 30.799963], [-96.000517, 30.800156], [-96.000504, 30.800491], [-96.001172, 30.801239], [-96.00156, 30.801338], [-96.00177, 30.801519], [-96.001706, 30.801722], [-96.00126, 30.801887], [-96.001235, 30.802129], [-96.00189, 30.802179], [-96.002031, 30.802278], [-96.002018, 30.802377], [-96.001438, 30.802794], [-96.000967, 30.802937], [-96.000884, 30.80303], [-96.000877, 30.803431], [-96.000438, 30.803706], [-96.001118, 30.804684], [-96.001125, 30.804992], [-96.000666, 30.805272], [-96.000418, 30.805612], [-95.999667, 30.805645], [-95.999527, 30.805876], [-95.999674, 30.806382], [-95.999579, 30.806679], [-95.999649, 30.806865], [-96.00006, 30.806876], [-96.000417, 30.80658], [-96.000633, 30.806613], [-96.000512, 30.80736], [-96.000365, 30.807569], [-96.000632, 30.807888], [-96.000651, 30.808074], [-96.000428, 30.808283], [-95.999261, 30.808382], [-95.999446, 30.808794], [-95.999287, 30.809069], [-95.999472, 30.80947], [-95.999683, 30.809657], [-95.999657, 30.80991], [-95.999441, 30.81025], [-95.998251, 30.810905], [-95.997901, 30.811521], [-95.997908, 30.811713], [-95.998627, 30.812207], [-95.998895, 30.812256], [-95.998876, 30.812438], [-95.99866, 30.812625], [-95.998628, 30.812801], [-95.998806, 30.812806], [-95.999086, 30.812635], [-95.999214, 30.812696], [-95.999131, 30.81319], [-95.999239, 30.813355], [-95.999691, 30.813388], [-95.999934, 30.813838], [-96.000629, 30.813515], [-96.000877, 30.813932], [-96.000908, 30.81413], [-96.00059, 30.814679], [-96.000615, 30.815284], [-96.000232, 30.81535], [-96.000188, 30.815839], [-95.999534, 30.816311], [-95.999414, 30.816625], [-95.999516, 30.81685], [-95.999274, 30.817114], [-95.999446, 30.817455], [-95.999688, 30.817614], [-96.0, 30.817636], [-96.00025, 30.817432], [-96.000524, 30.817548], [-96.000956, 30.81796], [-96.002057, 30.818741], [-96.00228, 30.819544], [-96.001891, 30.819725], [-96.001936, 30.820027], [-96.001553, 30.820351], [-96.002138, 30.821582], [-96.001571, 30.821708], [-96.001546, 30.821994], [-96.001227, 30.822351], [-96.001303, 30.823066], [-96.001742, 30.823192], [-96.001825, 30.823126], [-96.001717, 30.823033], [-96.001762, 30.822884], [-96.002042, 30.822972], [-96.002073, 30.823703], [-96.001876, 30.823857], [-96.001863, 30.823972], [-96.002308, 30.824275], [-96.002907, 30.824154], [-96.003404, 30.823819], [-96.003837, 30.823952], [-96.003913, 30.824199], [-96.003473, 30.824545], [-96.003855, 30.824869], [-96.00397, 30.824886], [-96.004167, 30.824661], [-96.004422, 30.824595], [-96.004677, 30.824331], [-96.004874, 30.824271], [-96.00546, 30.824606], [-96.005358, 30.825117], [-96.005536, 30.825431], [-96.00565, 30.82614], [-96.005529, 30.826524], [-96.00626, 30.827288], [-96.006273, 30.82753], [-96.006642, 30.828052], [-96.006546, 30.828657], [-96.00638, 30.828893], [-96.006533, 30.829849], [-96.006768, 30.829976], [-96.007181, 30.830888], [-96.007462, 30.831223], [-96.007442, 30.831668], [-96.00776, 30.832147], [-96.008683, 30.833114], [-96.008842, 30.833208], [-96.009014, 30.833158], [-96.009097, 30.833362], [-96.009358, 30.833395], [-96.009523, 30.833527], [-96.009523, 30.833796], [-96.009969, 30.833829], [-96.010051, 30.833934], [-96.009535, 30.834357], [-96.009726, 30.834791], [-96.009376, 30.834884], [-96.00914, 30.834719], [-96.009178, 30.834961], [-96.008949, 30.83517], [-96.009248, 30.835824], [-96.009464, 30.835934], [-96.009592, 30.836159], [-96.009802, 30.836203], [-96.010197, 30.836126], [-96.0104, 30.836247], [-96.010597, 30.836841], [-96.010591, 30.83716], [-96.010011, 30.837225], [-96.009482, 30.837874], [-96.009151, 30.837796], [-96.00903, 30.837851], [-96.009259, 30.838406], [-96.009157, 30.838906], [-96.009246, 30.839604], [-96.008736, 30.840165], [-96.008888, 30.840797], [-96.008289, 30.841175], [-96.008206, 30.841676], [-96.008002, 30.841807], [-96.008091, 30.842], [-96.008378, 30.841868], [-96.008582, 30.841956], [-96.008397, 30.842137], [-96.008505, 30.842835], [-96.009118, 30.843298]]}},
    {"type": "Feature", "properties": {"name": "Panther Creek", "Type": "Creek or other stream"}, "geometry": {"type": "LineString", "coordinates": [[-96.10967, 30.674641], [-96.109143, 30.674061], [-96.109353, 30.673511], [-96.109378, 30.673088], [-96.109562, 30.672989], [-96.110249, 30.672934], [-96.110357, 30.672879], [-96.110281, 30.672796], [-96.110351, 30.672758], [-96.110681, 30.672829], [-96.111044, 30.67278], [-96.111126, 30.672846], [-96.111698, 30.67245], [-96.112099, 30.672312], [-96.113656, 30.672081], [-96.11419, 30.67102], [-96.114514, 30.670734], [-96.114959, 30.670673], [-96.114913, 30.67032], [-96.115258, 30.670164], [-96.115559, 30.669797], [-96.116031, 30.669489], [-96.116211, 30.669547], [-96.116523, 30.669497], [-96.116904, 30.669172], [-96.116999, 30.668755], [-96.117171, 30.668562], [-96.117024, 30.668106], [-96.117196, 30.667848], [-96.118359, 30.667529], [-96.118594, 30.667347], [-96.118695, 30.666792], [-96.118943, 30.666545], [-96.119407, 30.666567], [-96.11949, 30.666836], [-96.119605, 30.66688], [-96.119929, 30.666825], [-96.120323, 30.666896], [-96.120634, 30.666379], [-96.120825, 30.665747], [-96.121276, 30.665934], [-96.121511, 30.665648], [-96.121454, 30.665225], [-96.121816, 30.665351], [-96.122, 30.665296], [-96.121918, 30.664818], [-96.122496, 30.664774], [-96.12275, 30.664642], [-96.122712, 30.66451], [-96.122337, 30.664312], [-96.122349, 30.664158], [-96.122521, 30.663999], [-96.122801, 30.664054], [-96.123399, 30.664504], [-96.123373, 30.664641], [-96.123233, 30.664718], [-96.123323, 30.664834], [-96.123475, 30.664839], [-96.123971, 30.664383], [-96.123894, 30.664031], [-96.124142, 30.663866], [-96.124046, 30.663443], [-96.124129, 30.663311], [-96.124902, 30.663481], [-96.125301, 30.663218], [-96.125568, 30.663482], [-96.125886, 30.663427], [-96.126166, 30.662778], [-96.126592, 30.663026], [-96.126961, 30.66279], [-96.126726, 30.662493], [-96.126764, 30.662202], [-96.127718, 30.66179], [-96.127813, 30.66179], [-96.127896, 30.662015], [-96.128042, 30.662032], [-96.128125, 30.661823], [-96.128449, 30.661692], [-96.128582, 30.661499], [-96.128977, 30.661461], [-96.129015, 30.660911], [-96.128627, 30.660796], [-96.128621, 30.660642], [-96.128857, 30.660422], [-96.12913, 30.660417], [-96.129213, 30.660252], [-96.129505, 30.660098], [-96.129531, 30.659917], [-96.129327, 30.659697], [-96.129842, 30.659527], [-96.129817, 30.659389], [-96.129938, 30.659219], [-96.129798, 30.659115], [-96.129811, 30.659005], [-96.130034, 30.658955], [-96.130358, 30.658626], [-96.130345, 30.658538], [-96.130167, 30.658659], [-96.129989, 30.658565], [-96.13004, 30.658312], [-96.130772, 30.657879], [-96.130734, 30.65778], [-96.130231, 30.657796], [-96.129742, 30.657658], [-96.129748, 30.657449], [-96.129996, 30.65723], [-96.130137, 30.656845], [-96.129641, 30.656504], [-96.129857, 30.656218], [-96.130467, 30.656296], [-96.130531, 30.655971], [-96.130989, 30.655598], [-96.130786, 30.655422], [-96.131053, 30.654845], [-96.130011, 30.654812], [-96.129877, 30.654581], [-96.129528, 30.654482], [-96.129394, 30.654284], [-96.129674, 30.653932], [-96.130087, 30.654103], [-96.130406, 30.653619], [-96.130075, 30.653515], [-96.130152, 30.653124], [-96.129942, 30.652399], [-96.130019, 30.65219], [-96.129943, 30.651948], [-96.130146, 30.651525], [-96.130426, 30.651366], [-96.13075, 30.651405], [-96.131125, 30.651586], [-96.131348, 30.651526], [-96.131596, 30.651251], [-96.13164, 30.650883], [-96.131386, 30.650536], [-96.130954, 30.650481], [-96.131164, 30.650251], [-96.130942, 30.649987], [-96.130955, 30.649734], [-96.131107, 30.649695], [-96.131476, 30.649943], [-96.131565, 30.64985], [-96.131165, 30.649278], [-96.131133, 30.649091], [-96.131451, 30.649053], [-96.131718, 30.6493], [-96.131883, 30.649157], [-96.13222, 30.649168], [-96.132315, 30.649097], [-96.132233, 30.648866], [-96.132449, 30.64858], [-96.132417, 30.648471], [-96.13175, 30.64825], [-96.131483, 30.64841], [-96.131413, 30.64803], [-96.131909, 30.647954], [-96.132449, 30.648031], [-96.132748, 30.647833], [-96.132678, 30.647646], [-96.13203, 30.647278], [-96.132056, 30.647102], [-96.132367, 30.647042], [-96.132437, 30.646926], [-96.132011, 30.646783], [-96.131967, 30.646613], [-96.132266, 30.646382], [-96.132355, 30.646047], [-96.132749, 30.645855], [-96.132851, 30.645684], [-96.132838, 30.645607], [-96.132317, 30.645365], [-96.132324, 30.644821], [-96.132388, 30.644755], [-96.132864, 30.644827], [-96.133017, 30.644767], [-96.133074, 30.644673], [-96.132934, 30.644404], [-96.133074, 30.644201], [-96.133037, 30.64381], [-96.133183, 30.643739], [-96.133615, 30.643794], [-96.133799, 30.64364], [-96.133869, 30.644256], [-96.134155, 30.644465], [-96.134308, 30.644152], [-96.134861, 30.644207], [-96.135344, 30.643531], [-96.135884, 30.643669], [-96.13617, 30.643477], [-96.136399, 30.643438], [-96.1372, 30.644114], [-96.137823, 30.643994], [-96.13781, 30.64384], [-96.137537, 30.643735], [-96.137702, 30.643505], [-96.137391, 30.643384], [-96.137664, 30.643219], [-96.137982, 30.643274], [-96.138617, 30.643681], [-96.139653, 30.643632], [-96.140054, 30.643857], [-96.140206, 30.643775], [-96.140225, 30.64361], [-96.139978, 30.642818], [-96.1402, 30.642742], [-96.140442, 30.642357], [-96.14076, 30.642225], [-96.141325, 30.642583], [-96.141536, 30.642094], [-96.141707, 30.642039], [-96.141758, 30.641693], [-96.141383, 30.641632], [-96.141339, 30.641511], [-96.141663, 30.641418], [-96.141841, 30.640802], [-96.14242, 30.640561], [-96.142559, 30.640737], [-96.142833, 30.64066], [-96.142636, 30.640291], [-96.142719, 30.639632], [-96.143266, 30.639116], [-96.143247, 30.638121], [-96.143431, 30.638088], [-96.143679, 30.638269], [-96.143883, 30.638165], [-96.143908, 30.638083], [-96.143749, 30.637951], [-96.143813, 30.63733], [-96.143947, 30.637143], [-96.143839, 30.636813], [-96.144208, 30.636615], [-96.144004, 30.63622], [-96.143916, 30.635719], [-96.144233, 30.635643], [-96.144234, 30.635329], [-96.144443, 30.635181], [-96.14431, 30.634609], [-96.143916, 30.6344], [-96.144272, 30.633708], [-96.144514, 30.633692], [-96.144597, 30.633406], [-96.144838, 30.633356], [-96.14487, 30.633186], [-96.145124, 30.633016], [-96.144997, 30.632774], [-96.144394, 30.632598], [-96.144349, 30.632367], [-96.144648, 30.632153], [-96.144934, 30.632483], [-96.145239, 30.632301], [-96.1455, 30.632302], [-96.145551, 30.632137], [-96.145068, 30.631961], [-96.145055, 30.63179], [-96.14536, 30.631642], [-96.145602, 30.631235], [-96.145742, 30.631252], [-96.145862, 30.631444], [-96.146193, 30.631411], [-96.146345, 30.631373], [-96.146415, 30.631115], [-96.146136, 30.630697], [-96.146079, 30.630417], [-96.146587, 30.630021], [-96.146251, 30.629829], [-96.146225, 30.629658], [-96.146677, 30.629345], [-96.146696, 30.629032], [-96.146944, 30.628697], [-96.146772, 30.628433], [-96.146919, 30.628164], [-96.146887, 30.627966], [-96.146595, 30.627718], [-96.147071, 30.627598], [-96.147192, 30.627405], [-96.14711, 30.627317], [-96.146735, 30.627334], [-96.146341, 30.627196], [-96.146245, 30.627114], [-96.146265, 30.626888], [-96.146964, 30.626476], [-96.147275, 30.62602], [-96.148159, 30.625455], [-96.148191, 30.625207], [-96.147537, 30.623923], [-96.147524, 30.623698], [-96.147677, 30.623451], [-96.147969, 30.623467], [-96.148128, 30.623297], [-96.148503, 30.623369], [-96.1483, 30.623], [-96.148376, 30.622814], [-96.148516, 30.622742], [-96.148745, 30.622858], [-96.148827, 30.623187], [-96.14898, 30.623275], [-96.149246, 30.623303], [-96.149329, 30.623204], [-96.149532, 30.623314], [-96.149609, 30.623248], [-96.149564, 30.623039], [-96.149317, 30.62272], [-96.149539, 30.622572], [-96.149622, 30.622363], [-96.149482, 30.622127], [-96.148936, 30.621764], [-96.148872, 30.62155], [-96.14865, 30.621374], [-96.148714, 30.621143], [-96.148987, 30.62111], [-96.149209, 30.620973], [-96.14961, 30.620451], [-96.149833, 30.620302], [-96.150277, 30.620226], [-96.150938, 30.620352], [-96.151453, 30.6201], [-96.152159, 30.619402], [-96.152146, 30.619144], [-96.152527, 30.619056], [-96.152794, 30.618875], [-96.153188, 30.61888], [-96.153347, 30.61838], [-96.153748, 30.618193], [-96.153577, 30.617693], [-96.153837, 30.617457], [-96.153761, 30.617182], [-96.15399, 30.617254], [-96.154053, 30.617116], [-96.154206, 30.617166], [-96.15446, 30.616957], [-96.154568, 30.616732], [-96.154892, 30.616715], [-96.155077, 30.616468], [-96.155312, 30.61577], [-96.155655, 30.61538], [-96.155745, 30.614649], [-96.156145, 30.614655], [-96.1568, 30.614221], [-96.157105, 30.613682], [-96.157162, 30.613276], [-96.156984, 30.612984], [-96.15666, 30.613094], [-96.156432, 30.61332], [-96.15605, 30.613314], [-96.155809, 30.613517], [-96.155453, 30.613418], [-96.155669, 30.612489], [-96.155549, 30.612121], [-96.15614, 30.611852], [-96.156394, 30.611473], [-96.156306, 30.610676], [-96.155817, 30.610165], [-96.156211, 30.610022], [-96.156757, 30.609615], [-96.157895, 30.609193], [-96.157958, 30.609022], [-96.1578, 30.608753], [-96.157965, 30.608665], [-96.158098, 30.608418], [-96.158422, 30.608313], [-96.158785, 30.608006], [-96.159172, 30.607912], [-96.159872, 30.60683], [-96.160259, 30.606605], [-96.160596, 30.606171], [-96.16106, 30.606094], [-96.161422, 30.605929], [-96.161632, 30.605577], [-96.161937, 30.605325], [-96.16188, 30.605198], [-96.16162, 30.605066], [-96.161518, 30.604813], [-96.1612, 30.604654], [-96.161245, 30.604368], [-96.161124, 30.604066], [-96.161652, 30.604088], [-96.161804, 30.604017], [-96.162046, 30.603654], [-96.162071, 30.603071], [-96.162154, 30.602956], [-96.16244, 30.602885], [-96.162548, 30.602604], [-96.162942, 30.602687], [-96.163597, 30.602209], [-96.163901, 30.602401], [-96.16406, 30.602165], [-96.163806, 30.602072], [-96.163813, 30.60189], [-96.164092, 30.601802], [-96.16413, 30.601714], [-96.16394, 30.601258], [-96.16441, 30.601368], [-96.164562, 30.601802], [-96.164899, 30.601857], [-96.164912, 30.601616], [-96.165128, 30.601522], [-96.165604, 30.60177], [-96.165687, 30.601418], [-96.165948, 30.601116], [-96.166094, 30.600726], [-96.166011, 30.600308], [-96.166469, 30.600121], [-96.166647, 30.599918], [-96.166653, 30.599786], [-96.166393, 30.599692], [-96.166317, 30.59956], [-96.166806, 30.599506], [-96.167016, 30.599324], [-96.166908, 30.598995], [-96.166215, 30.598626], [-96.165936, 30.598346], [-96.165929, 30.598269], [-96.166273, 30.598132], [-96.166323, 30.598033], [-96.165885, 30.597631], [-96.165828, 30.597296], [-96.166019, 30.597104], [-96.166146, 30.596757], [-96.166724, 30.596763], [-96.166711, 30.596378], [-96.166947, 30.596142], [-96.167042, 30.596137], [-96.167239, 30.596351], [-96.167486, 30.596357], [-96.167779, 30.596302], [-96.167938, 30.596115], [-96.167544, 30.595587], [-96.167061, 30.59551], [-96.167061, 30.595307], [-96.168084, 30.595164], [-96.168427, 30.595401], [-96.168707, 30.595384], [-96.168846, 30.594999], [-96.168376, 30.59495], [-96.168307, 30.594505], [-96.168453, 30.594488], [-96.16858, 30.594697], [-96.168796, 30.594532], [-96.168821, 30.594334], [-96.168637, 30.594021], [-96.168764, 30.593851], [-96.169215, 30.593878], [-96.169279, 30.594351], [-96.169565, 30.594412], [-96.16973, 30.594351], [-96.16973, 30.59384], [-96.169577, 30.593499], [-96.169794, 30.59312], [-96.16966, 30.592889], [-96.169705, 30.592768], [-96.170645, 30.59268], [-96.171655, 30.592719], [-96.171858, 30.592587], [-96.171503, 30.591862], [-96.171134, 30.59162], [-96.171173, 30.591175], [-96.170658, 30.591081], [-96.170417, 30.591147], [-96.170163, 30.590713], [-96.170163, 30.590235], [-96.170347, 30.59018], [-96.170696, 30.59035], [-96.170811, 30.589768], [-96.171186, 30.589702], [-96.17123, 30.589801], [-96.171395, 30.589735], [-96.171478, 30.589537], [-96.171357, 30.589136], [-96.171656, 30.588636], [-96.171485, 30.588504], [-96.170811, 30.588355], [-96.170703, 30.588476], [-96.170932, 30.58885], [-96.170544, 30.588833], [-96.170131, 30.588619], [-96.170424, 30.588289], [-96.17064, 30.587674], [-96.170341, 30.587503], [-96.170233, 30.587146], [-96.169401, 30.586514], [-96.169274, 30.586327], [-96.169344, 30.586135], [-96.169853, 30.586008], [-96.17003, 30.585849], [-96.170056, 30.584909], [-96.169891, 30.584777], [-96.169332, 30.584777], [-96.169548, 30.584354], [-96.169447, 30.584145], [-96.168862, 30.584233], [-96.168163, 30.58398], [-96.167515, 30.584079], [-96.167287, 30.584024], [-96.167261, 30.583721], [-96.167452, 30.583469], [-96.167573, 30.582732], [-96.167903, 30.581957], [-96.167802, 30.581803], [-96.167326, 30.581715], [-96.167103, 30.581551], [-96.166881, 30.581133], [-96.166716, 30.580462], [-96.16631, 30.579891], [-96.165852, 30.579687], [-96.165764, 30.579489], [-96.166278, 30.578423], [-96.166362, 30.576225], [-96.166692, 30.575401], [-96.166615, 30.574734]]}},
    {"type": "Feature", "properties": {"name": "Peach Creek", "Type": "Creek or other stream"}, "geometry": {"type": "LineString", "coordinates": [[-96.015915, 30.608127], [-96.016748, 30.607446], [-96.017752, 30.606403], [-96.018534, 30.606051], [-96.019119, 30.605024], [-96.019894, 30.604354], [-96.020574, 30.603557], [-96.02107, 30.603332], [-96.022068, 30.603228], [-96.023053, 30.602585], [-96.02337, 30.602536], [-96.023783, 30.602305], [-96.024235, 30.601113], [-96.024203, 30.600547], [-96.024909, 30.599822], [-96.025271, 30.599256], [-96.025405, 30.598657], [-96.025939, 30.598069], [-96.026384, 30.597773], [-96.026905, 30.596817], [-96.027274, 30.596355], [-96.027477, 30.596344], [-96.027598, 30.596124], [-96.02789, 30.596026], [-96.028081, 30.595811], [-96.02796, 30.595657], [-96.028074, 30.595586], [-96.028056, 30.594586], [-96.029581, 30.593509], [-96.029956, 30.592427], [-96.029976, 30.591504], [-96.029861, 30.590861], [-96.030287, 30.590394], [-96.03077, 30.590157], [-96.031113, 30.589641], [-96.03131, 30.589586], [-96.032009, 30.589685], [-96.032498, 30.589597], [-96.032968, 30.589207], [-96.033159, 30.5889], [-96.033121, 30.588542], [-96.033229, 30.588295], [-96.034182, 30.587944], [-96.034817, 30.587356], [-96.03516, 30.58746], [-96.035307, 30.587318], [-96.035421, 30.586823], [-96.036272, 30.586834], [-96.036533, 30.586763], [-96.036996, 30.586384], [-96.03781, 30.58645], [-96.038318, 30.586653], [-96.038978, 30.586219], [-96.039054, 30.586577], [-96.039734, 30.586472], [-96.040376, 30.586764], [-96.040674, 30.586643], [-96.040801, 30.586451], [-96.041189, 30.58666], [-96.041144, 30.586852], [-96.041519, 30.586874], [-96.041627, 30.586808], [-96.041468, 30.586566], [-96.041957, 30.586511], [-96.042237, 30.58622], [-96.042243, 30.586055], [-96.042015, 30.585907], [-96.041996, 30.585797], [-96.04237, 30.585682], [-96.042199, 30.58544], [-96.042383, 30.585313], [-96.042491, 30.585022], [-96.042745, 30.585083], [-96.042949, 30.585028], [-96.043044, 30.584528], [-96.043177, 30.584511], [-96.043285, 30.584676], [-96.043489, 30.584753], [-96.043641, 30.58433], [-96.044124, 30.584127], [-96.044334, 30.584264], [-96.044588, 30.584253], [-96.044835, 30.58411], [-96.044943, 30.583913], [-96.045369, 30.584171], [-96.045617, 30.584155], [-96.046252, 30.58455], [-96.046595, 30.585039], [-96.04676, 30.585127], [-96.047846, 30.584968], [-96.048729, 30.585001], [-96.049288, 30.584743], [-96.050228, 30.584947], [-96.050742, 30.58493], [-96.051359, 30.585161], [-96.051187, 30.585507], [-96.051333, 30.58581], [-96.051803, 30.585788], [-96.052076, 30.585513], [-96.052394, 30.585722], [-96.052699, 30.586194], [-96.052838, 30.586222], [-96.053105, 30.58609], [-96.053759, 30.58631], [-96.053874, 30.586579], [-96.05482, 30.587003], [-96.054896, 30.587305], [-96.054769, 30.587783], [-96.054788, 30.588431], [-96.055474, 30.589454], [-96.055575, 30.589926], [-96.055702, 30.590069], [-96.056566, 30.590036], [-96.057068, 30.589734], [-96.057773, 30.589899], [-96.058116, 30.589784], [-96.058771, 30.589916], [-96.05952, 30.589817], [-96.061127, 30.590097], [-96.061661, 30.590059], [-96.061775, 30.59002], [-96.061877, 30.589311], [-96.062531, 30.588262], [-96.062639, 30.588179], [-96.062868, 30.588256], [-96.063586, 30.58808], [-96.063992, 30.587905], [-96.064513, 30.587459], [-96.064894, 30.58741], [-96.064926, 30.587009], [-96.065295, 30.586256], [-96.065269, 30.586086], [-96.064996, 30.586113], [-96.064933, 30.586031], [-96.065155, 30.585673], [-96.065733, 30.585525], [-96.065758, 30.585256], [-96.066222, 30.584855], [-96.066578, 30.584272], [-96.066724, 30.584228], [-96.066794, 30.584014]]}},
    {"type": "Feature", "properties": {"name": "Pine Branch", "Type": "Creek or other stream"}, "geometry": {"type": "LineString", "coordinates": [[-95.970697, 30.715217], [-95.970284, 30.715179], [-95.969832, 30.715327], [-95.968929, 30.714893], [-95.967885, 30.714086], [-95.967262, 30.713828], [-95.967332, 30.713559], [-95.966982, 30.713548], [-95.96599, 30.712603], [-95.964985, 30.712378], [-95.96438, 30.712482], [-95.964145, 30.712768], [-95.963897, 30.712504], [-95.963344, 30.7124], [-95.963191, 30.711988], [-95.962765, 30.71173], [-95.962993, 30.711296], [-95.962917, 30.711164], [-95.962198, 30.711153], [-95.961664, 30.710878], [-95.961448, 30.710988], [-95.960507, 30.710873], [-95.960373, 30.710736], [-95.96036, 30.710461], [-95.9598, 30.710516], [-95.959635, 30.710719], [-95.959597, 30.711049], [-95.959387, 30.710906], [-95.959235, 30.710917], [-95.959165, 30.711225], [-95.958853, 30.711077], [-95.958726, 30.711313], [-95.958421, 30.711423], [-95.958726, 30.712209], [-95.958376, 30.712473], [-95.958014, 30.712544], [-95.958058, 30.712896], [-95.957798, 30.713], [-95.957581, 30.712781], [-95.957442, 30.712935], [-95.957111, 30.712841], [-95.957003, 30.712907], [-95.95699, 30.713133], [-95.956729, 30.713391], [-95.956685, 30.713743], [-95.956233, 30.714127], [-95.956202, 30.714358], [-95.956437, 30.71466], [-95.956145, 30.715012], [-95.955579, 30.715117], [-95.955617, 30.71527], [-95.955521, 30.715441], [-95.955451, 30.715342], [-95.955292, 30.715331], [-95.955089, 30.715672], [-95.954688, 30.715793], [-95.954447, 30.716079], [-95.95416, 30.716046], [-95.953938, 30.715732], [-95.953594, 30.716112], [-95.953321, 30.716029], [-95.953175, 30.716172], [-95.953124, 30.716408], [-95.952939, 30.716321], [-95.952685, 30.716612], [-95.952278, 30.716574], [-95.952087, 30.716387], [-95.951705, 30.716436], [-95.951419, 30.716332], [-95.950796, 30.717327], [-95.950453, 30.717541], [-95.950357, 30.71781], [-95.949817, 30.718217], [-95.949499, 30.718085], [-95.949212, 30.718217], [-95.949028, 30.71853], [-95.948863, 30.71847], [-95.948837, 30.718311], [-95.948843, 30.718058], [-95.948958, 30.717986], [-95.948983, 30.717822], [-95.948894, 30.717464], [-95.948443, 30.717585], [-95.948233, 30.717706], [-95.948106, 30.718041], [-95.948036, 30.717981], [-95.947896, 30.718036], [-95.947845, 30.718228], [-95.94836, 30.718607], [-95.948316, 30.718679], [-95.947966, 30.718607], [-95.947718, 30.7188], [-95.947514, 30.718833], [-95.947362, 30.718415], [-95.947031, 30.718289], [-95.946783, 30.718058], [-95.946579, 30.718124], [-95.946287, 30.718465], [-95.946516, 30.71874], [-95.946306, 30.719141], [-95.945867, 30.719421], [-95.945415, 30.719102], [-95.94518, 30.719438], [-95.945231, 30.719658], [-95.945142, 30.719943], [-95.945307, 30.720278], [-95.945358, 30.720784], [-95.945314, 30.721251], [-95.945117, 30.721185], [-95.945117, 30.720954], [-95.9449, 30.721103], [-95.944824, 30.720943], [-95.944614, 30.720899], [-95.944449, 30.721378], [-95.943266, 30.722109], [-95.94317, 30.722411], [-95.943418, 30.722598], [-95.942859, 30.722829], [-95.94263, 30.723169], [-95.942223, 30.723296], [-95.941765, 30.723774], [-95.941192, 30.724137], [-95.940518, 30.724296], [-95.940226, 30.724565], [-95.940137, 30.72467], [-95.940308, 30.724895], [-95.939965, 30.725258], [-95.940009, 30.725741], [-95.939793, 30.725972], [-95.939857, 30.726296], [-95.938146, 30.726637], [-95.937834, 30.727], [-95.937471, 30.72722], [-95.937382, 30.727242], [-95.937236, 30.72711], [-95.937052, 30.727143], [-95.936867, 30.727654], [-95.936905, 30.727973], [-95.936753, 30.72816], [-95.936606, 30.728198], [-95.93639, 30.728006], [-95.936225, 30.72827], [-95.935926, 30.728215], [-95.935799, 30.728412], [-95.93536, 30.728726], [-95.935366, 30.728863], [-95.935544, 30.728984], [-95.935493, 30.729094], [-95.93536, 30.729122], [-95.935207, 30.728929], [-95.935035, 30.729165], [-95.934774, 30.729182], [-95.934736, 30.729517], [-95.934043, 30.730232], [-95.933948, 30.730875], [-95.933604, 30.731688], [-95.933661, 30.732012], [-95.933521, 30.732523], [-95.933903, 30.732781], [-95.93382, 30.733166], [-95.934196, 30.733326], [-95.93405, 30.733518], [-95.93403, 30.733798], [-95.933878, 30.733908], [-95.934202, 30.734221], [-95.93396, 30.734947], [-95.933483, 30.73526], [-95.932955, 30.735309], [-95.933102, 30.735782], [-95.933032, 30.735996], [-95.932733, 30.73631], [-95.932039, 30.736381], [-95.931206, 30.736623], [-95.931072, 30.736892], [-95.931187, 30.737134], [-95.930881, 30.737524], [-95.930589, 30.738266]]}},
    {"type": "Feature", "properties": {"name": "Pine Creek", "Type": "Creek or other stream"}, "geometry": {"type": "MultiLineString", "coordinates": [[[-95.973268, 30.522397], [-95.974418, 30.523221], [-95.974615, 30.523546], [-95.975319, 30.523947], [-95.975624, 30.524611], [-95.975809, 30.524793], [-95.976551, 30.525128], [-95.977002, 30.525188], [-95.977129, 30.525551], [-95.977618, 30.525902], [-95.978082, 30.526045], [-95.978947, 30.526023], [-95.979044, 30.526195], [-95.97944, 30.526077], [-95.980031, 30.526132], [-95.98031, 30.525934], [-95.980507, 30.525951], [-95.980856, 30.525703], [-95.981122, 30.525643], [-95.981173, 30.525379], [-95.981312, 30.525242], [-95.981681, 30.525197], [-95.981928, 30.524895], [-95.982353, 30.524939], [-95.982556, 30.52479], [-95.982963, 30.524801], [-95.983153, 30.524917], [-95.983337, 30.524862], [-95.983591, 30.52462], [-95.984213, 30.524301], [-95.98434, 30.523839], [-95.985241, 30.523828], [-95.985603, 30.523558], [-95.985552, 30.523267], [-95.986059, 30.522904], [-95.986853, 30.522821], [-95.987012, 30.522981], [-95.986986, 30.52319], [-95.98811, 30.523497], [-95.988421, 30.523216], [-95.988834, 30.523255], [-95.989024, 30.523046], [-95.989328, 30.523018], [-95.989639, 30.52282], [-95.990452, 30.522776], [-95.990801, 30.522215], [-95.99148, 30.52172], [-95.991861, 30.521847], [-95.991842, 30.52216], [-95.992083, 30.522402], [-95.992292, 30.522369], [-95.992572, 30.522121], [-95.99306, 30.521308], [-95.993282, 30.52111], [-95.993599, 30.521077], [-95.993892, 30.521621], [-95.99412, 30.521648], [-95.994272, 30.521461], [-95.994475, 30.520686], [-95.994583, 30.520587], [-95.995046, 30.520532], [-95.995116, 30.520092], [-95.995249, 30.519949], [-95.995972, 30.519828], [-95.996144, 30.519685], [-95.995909, 30.519421], [-95.995832, 30.518976], [-95.995597, 30.518718], [-95.995464, 30.518328], [-95.996124, 30.518174], [-95.996517, 30.517712], [-95.996765, 30.517745], [-95.997025, 30.518036], [-95.997228, 30.51803], [-95.99771, 30.517629], [-95.998053, 30.517585], [-95.998535, 30.516771], [-95.998783, 30.51703], [-95.999722, 30.516837], [-96.000546, 30.516969], [-96.001117, 30.517326], [-96.001384, 30.517381], [-96.002032, 30.516783], [-96.002641, 30.516657], [-96.003066, 30.516349], [-96.003726, 30.516322], [-96.004177, 30.516613], [-96.005777, 30.516141], [-96.00664, 30.516158], [-96.007002, 30.515812], [-96.007897, 30.516076], [-96.008291, 30.515379], [-96.008456, 30.515324], [-96.008919, 30.515395], [-96.009338, 30.515286], [-96.009566, 30.515368], [-96.009972, 30.515726], [-96.010765, 30.516803], [-96.011597, 30.517139], [-96.011469, 30.517595], [-96.011723, 30.51771], [-96.011876, 30.517639], [-96.01192, 30.517309], [-96.012142, 30.517155], [-96.01199, 30.516858], [-96.012111, 30.516479], [-96.011775, 30.516281], [-96.011737, 30.516084], [-96.01187, 30.515979], [-96.012334, 30.515968], [-96.012581, 30.515798], [-96.012734, 30.515441], [-96.013445, 30.515238], [-96.013965, 30.515513], [-96.014104, 30.515854], [-96.01472, 30.516008], [-96.014764, 30.516178], [-96.014631, 30.516667], [-96.015037, 30.51703], [-96.014935, 30.517426], [-96.01496, 30.518058], [-96.01517, 30.518201], [-96.015563, 30.518239], [-96.015544, 30.518602], [-96.015715, 30.518849], [-96.015652, 30.519108], [-96.01602, 30.519399], [-96.016077, 30.51985], [-96.01621, 30.520097], [-96.016133, 30.520608], [-96.016533, 30.520822], [-96.017104, 30.520691], [-96.017935, 30.521741], [-96.018475, 30.521587], [-96.019103, 30.521692], [-96.019211, 30.521873], [-96.019116, 30.522241], [-96.020023, 30.522242], [-96.020106, 30.522538], [-96.019877, 30.522758], [-96.019845, 30.523049], [-96.019921, 30.523242], [-96.020188, 30.523456], [-96.020441, 30.524357], [-96.020784, 30.524281], [-96.021464, 30.523478], [-96.021686, 30.523495], [-96.022054, 30.523726], [-96.022264, 30.523687], [-96.022309, 30.522693], [-96.022404, 30.522556], [-96.022607, 30.522495], [-96.022867, 30.522715], [-96.023362, 30.522473], [-96.023756, 30.522638], [-96.024264, 30.522584], [-96.024651, 30.52221], [-96.025667, 30.521952], [-96.02568, 30.5216], [-96.02634, 30.521375], [-96.026543, 30.521425], [-96.026816, 30.521991], [-96.027432, 30.521925], [-96.027844, 30.52209], [-96.028307, 30.522442], [-96.028587, 30.52242], [-96.02886, 30.521964], [-96.029063, 30.522002], [-96.029215, 30.522151], [-96.029355, 30.522552], [-96.030249, 30.52325], [-96.030941, 30.52308], [-96.031646, 30.523344], [-96.032344, 30.523212], [-96.032789, 30.522954], [-96.032586, 30.522602], [-96.032675, 30.522355], [-96.033043, 30.522317], [-96.033424, 30.522157], [-96.03362, 30.522388], [-96.033531, 30.522927], [-96.033912, 30.523356], [-96.034274, 30.523306], [-96.03494, 30.523653], [-96.035143, 30.523565], [-96.035785, 30.523532], [-96.036165, 30.524114], [-96.036616, 30.524505], [-96.036647, 30.524862], [-96.036787, 30.525043], [-96.037022, 30.525098], [-96.037168, 30.525401], [-96.037161, 30.525802], [-96.037536, 30.525895], [-96.037574, 30.526286], [-96.037974, 30.526439], [-96.037955, 30.526714], [-96.038082, 30.52694], [-96.037935, 30.527423], [-96.03798, 30.527577], [-96.038164, 30.52767], [-96.03845, 30.527445], [-96.038868, 30.528006], [-96.038729, 30.528242], [-96.038703, 30.529083]], [[-95.871522, 30.653547], [-95.872304, 30.65286], [-95.872469, 30.652871], [-95.872647, 30.652733], [-95.872767, 30.652359], [-95.873486, 30.652255], [-95.874096, 30.652414], [-95.874331, 30.65271], [-95.874751, 30.652463], [-95.875396, 30.653243], [-95.875528, 30.654309], [-95.875426, 30.654924], [-95.875623, 30.655155], [-95.875496, 30.655353], [-95.875496, 30.6556], [-95.876042, 30.656788], [-95.876391, 30.657107], [-95.876455, 30.657288], [-95.876385, 30.657557], [-95.876143, 30.657612], [-95.876168, 30.657931], [-95.875799, 30.658151], [-95.875844, 30.658244], [-95.876588, 30.658459], [-95.876765, 30.658607], [-95.876816, 30.659684], [-95.876523, 30.660009], [-95.876377, 30.660019], [-95.876389, 30.660206], [-95.87672, 30.660718], [-95.876859, 30.661245], [-95.877291, 30.66141], [-95.877469, 30.661729], [-95.877526, 30.661976], [-95.877297, 30.662268], [-95.877285, 30.662421], [-95.877513, 30.662531], [-95.877768, 30.662224], [-95.877978, 30.662229], [-95.878073, 30.662323], [-95.87785, 30.662735], [-95.877767, 30.663389], [-95.877449, 30.663504], [-95.877583, 30.663757], [-95.877443, 30.663944], [-95.87734, 30.664658], [-95.87694, 30.664938], [-95.876475, 30.665581], [-95.876691, 30.665598], [-95.877111, 30.665296], [-95.877238, 30.665406], [-95.877098, 30.665845], [-95.876723, 30.666323], [-95.876837, 30.666719], [-95.876595, 30.666928], [-95.875947, 30.667103], [-95.876086, 30.66779], [-95.876283, 30.668082], [-95.876486, 30.66817], [-95.876709, 30.66806], [-95.877058, 30.668357], [-95.877573, 30.668527], [-95.877338, 30.668802], [-95.87723, 30.669154], [-95.877586, 30.669363], [-95.877821, 30.669627], [-95.877789, 30.670061], [-95.878068, 30.670149], [-95.878253, 30.670072], [-95.878348, 30.670171], [-95.878055, 30.670869], [-95.877521, 30.670995], [-95.877273, 30.671154], [-95.877413, 30.671369], [-95.877947, 30.671462], [-95.878004, 30.671539], [-95.877864, 30.671858], [-95.877972, 30.672259], [-95.877596, 30.672501], [-95.877698, 30.672605], [-95.878003, 30.6726], [-95.878124, 30.672699], [-95.878086, 30.672957], [-95.87773, 30.673111], [-95.877749, 30.673237], [-95.878098, 30.673413], [-95.878225, 30.673578], [-95.878251, 30.673891], [-95.877971, 30.674139], [-95.878416, 30.674479], [-95.878447, 30.674611], [-95.878053, 30.675001], [-95.878212, 30.675155], [-95.879089, 30.675277], [-95.879572, 30.675706], [-95.879337, 30.676195], [-95.879285, 30.676656], [-95.879145, 30.676865], [-95.878821, 30.677079], [-95.878967, 30.677381], [-95.878751, 30.677343], [-95.878725, 30.677585], [-95.87842, 30.678079], [-95.87821, 30.678183], [-95.87821, 30.678618], [-95.878032, 30.678815], [-95.878057, 30.679057], [-95.878241, 30.679096], [-95.878578, 30.678761], [-95.878839, 30.678695], [-95.878896, 30.678777], [-95.878667, 30.679189], [-95.878069, 30.679563], [-95.8784, 30.679728], [-95.878107, 30.680217], [-95.87817, 30.680646], [-95.878323, 30.680756], [-95.878075, 30.680821], [-95.877935, 30.681036], [-95.877649, 30.681217], [-95.877788, 30.681607], [-95.87768, 30.681788], [-95.877883, 30.682124], [-95.878303, 30.682085], [-95.878417, 30.682355], [-95.878659, 30.682251], [-95.878805, 30.682421], [-95.878665, 30.682509], [-95.878468, 30.682981], [-95.878042, 30.683014], [-95.877756, 30.683377], [-95.878118, 30.683558], [-95.878175, 30.683652], [-95.878073, 30.683871], [-95.878232, 30.684108], [-95.878569, 30.683976], [-95.878677, 30.684053], [-95.878791, 30.684471], [-95.878709, 30.68502], [-95.878581, 30.68518], [-95.878372, 30.684828], [-95.877933, 30.685185], [-95.877888, 30.685361], [-95.878257, 30.685641], [-95.877773, 30.685839], [-95.877474, 30.686256], [-95.877531, 30.686592], [-95.877932, 30.686977], [-95.878217, 30.687587], [-95.878065, 30.687768], [-95.878007, 30.68807], [-95.878573, 30.688741], [-95.878624, 30.689032], [-95.878331, 30.689323], [-95.878293, 30.689692], [-95.878184, 30.689719], [-95.87807, 30.689477], [-95.87793, 30.689466], [-95.877796, 30.690021], [-95.878159, 30.690225], [-95.87854, 30.690648], [-95.879112, 30.690796], [-95.879608, 30.690665], [-95.880047, 30.690912], [-95.880403, 30.691858], [-95.87997, 30.692028], [-95.879639, 30.692368], [-95.879232, 30.69239], [-95.87913, 30.692473], [-95.879518, 30.693325], [-95.879556, 30.693808], [-95.879479, 30.693929], [-95.879759, 30.69421], [-95.87974, 30.694292], [-95.879059, 30.694528], [-95.878684, 30.694825], [-95.878493, 30.695165], [-95.878518, 30.695429], [-95.878308, 30.695671], [-95.878327, 30.695896], [-95.878181, 30.696055], [-95.878232, 30.696264], [-95.878518, 30.696484], [-95.878568, 30.696693], [-95.878715, 30.69682], [-95.878435, 30.697182], [-95.879102, 30.698666], [-95.879089, 30.699045], [-95.878917, 30.699875], [-95.878617, 30.700458], [-95.878522, 30.700991], [-95.878611, 30.701183], [-95.878782, 30.701211], [-95.87884, 30.701321], [-95.878413, 30.7017], [-95.878248, 30.702024], [-95.877942, 30.702326], [-95.877796, 30.702771], [-95.877999, 30.703601], [-95.877616, 30.704931], [-95.877941, 30.704986], [-95.878144, 30.705393], [-95.877724, 30.705656], [-95.87752, 30.705909], [-95.877215, 30.706717], [-95.877297, 30.706898], [-95.87766, 30.707041], [-95.877717, 30.707349], [-95.87743, 30.70819], [-95.876832, 30.708706], [-95.877182, 30.708843], [-95.877557, 30.708602], [-95.877793, 30.708563], [-95.878568, 30.708635], [-95.878874, 30.708762], [-95.879128, 30.70924], [-95.87914, 30.709619], [-95.878472, 30.710888], [-95.878885, 30.711922], [-95.878954, 30.712378], [-95.8794, 30.712543], [-95.879998, 30.71234], [-95.880487, 30.712549], [-95.881034, 30.712588], [-95.881212, 30.712731], [-95.881136, 30.71289], [-95.881288, 30.713269], [-95.881224, 30.713885], [-95.881415, 30.714434], [-95.880524, 30.716171], [-95.880498, 30.716418], [-95.880758, 30.717352], [-95.880459, 30.71794], [-95.880306, 30.718726], [-95.880077, 30.719209], [-95.879987, 30.719616], [-95.88007, 30.719874], [-95.879898, 30.720721], [-95.88005, 30.721226], [-95.880489, 30.721666], [-95.881539, 30.721743], [-95.882225, 30.721975], [-95.882505, 30.722249], [-95.882218, 30.723299], [-95.881652, 30.724008], [-95.880888, 30.724513], [-95.880697, 30.724595], [-95.880462, 30.724491], [-95.879145, 30.724397], [-95.878083, 30.725089], [-95.877765, 30.725006], [-95.877415, 30.725188], [-95.877472, 30.725589], [-95.877644, 30.725594], [-95.877783, 30.725825], [-95.87772, 30.726001], [-95.877516, 30.726144], [-95.877522, 30.726292], [-95.877859, 30.726507], [-95.878521, 30.727232], [-95.878342, 30.727557], [-95.878507, 30.727716], [-95.878387, 30.727853], [-95.878361, 30.728447], [-95.878068, 30.729156], [-95.878214, 30.72926], [-95.878539, 30.729161], [-95.87864, 30.729409], [-95.879582, 30.729898], [-95.880103, 30.73047], [-95.880408, 30.731393], [-95.880121, 30.732388], [-95.88014, 30.732696], [-95.880229, 30.732778], [-95.880445, 30.732784], [-95.880935, 30.73252], [-95.881056, 30.732504], [-95.881177, 30.732641], [-95.881565, 30.732526], [-95.881648, 30.732191], [-95.881782, 30.732141], [-95.881877, 30.732202], [-95.881871, 30.731987], [-95.882151, 30.731724], [-95.882354, 30.731702], [-95.882481, 30.731872], [-95.882424, 30.732125], [-95.88257, 30.732241], [-95.88292, 30.732087], [-95.883124, 30.732153], [-95.883398, 30.731911], [-95.883512, 30.731917], [-95.883887, 30.732252], [-95.884059, 30.732758], [-95.883874, 30.732851], [-95.88362, 30.732763], [-95.883524, 30.732856], [-95.883492, 30.733604], [-95.88304, 30.73367], [-95.88276, 30.7339], [-95.882703, 30.734323], [-95.882868, 30.734593], [-95.882811, 30.735065], [-95.882957, 30.735263], [-95.883269, 30.735406], [-95.883517, 30.735802], [-95.88386, 30.735599], [-95.884038, 30.735604], [-95.884013, 30.735714], [-95.884312, 30.735802], [-95.884776, 30.73583], [-95.885062, 30.736226], [-95.884986, 30.736341], [-95.884833, 30.736346], [-95.884821, 30.736445], [-95.885069, 30.736533], [-95.885215, 30.736704], [-95.885285, 30.73738], [-95.885507, 30.737413], [-95.886042, 30.737017], [-95.886157, 30.7366], [-95.886436, 30.736726], [-95.886914, 30.736584], [-95.88734, 30.736584], [-95.887512, 30.736787], [-95.887378, 30.737001], [-95.886939, 30.737089], [-95.886939, 30.737814], [-95.886735, 30.737946], [-95.886417, 30.73799], [-95.886079, 30.738518], [-95.885831, 30.7386], [-95.885488, 30.738561], [-95.88487, 30.73905], [-95.884571, 30.739149], [-95.884349, 30.739144], [-95.884266, 30.738902], [-95.884088, 30.738885], [-95.883681, 30.739094], [-95.883712, 30.739204], [-95.8841, 30.739435], [-95.883998, 30.73966], [-95.883865, 30.739655], [-95.883865, 30.739462], [-95.883738, 30.739451], [-95.883591, 30.739583], [-95.882701, 30.739357], [-95.882656, 30.739874], [-95.882828, 30.740198], [-95.882439, 30.740319], [-95.882325, 30.740484], [-95.882611, 30.740709], [-95.88256, 30.741001], [-95.882388, 30.741066], [-95.882191, 30.740929], [-95.881993, 30.741665], [-95.881688, 30.741825], [-95.881643, 30.741967], [-95.881878, 30.742567], [-95.881866, 30.742885], [-95.881624, 30.743341], [-95.881223, 30.74366], [-95.880752, 30.743561], [-95.880631, 30.744105], [-95.880611, 30.745253], [-95.880255, 30.745501], [-95.880064, 30.745451], [-95.879879, 30.745523], [-95.879599, 30.745792], [-95.879389, 30.746193], [-95.87902, 30.746374], [-95.878524, 30.746159], [-95.878352, 30.746275], [-95.878364, 30.746572], [-95.877435, 30.746577], [-95.877346, 30.746511], [-95.877645, 30.746126], [-95.877187, 30.746153], [-95.877238, 30.745785], [-95.87687, 30.745422], [-95.876965, 30.74517], [-95.876685, 30.745148], [-95.876545, 30.74534], [-95.876335, 30.745378], [-95.87603, 30.745263], [-95.876106, 30.744938], [-95.875756, 30.745054], [-95.875438, 30.744878], [-95.874772, 30.745615], [-95.874467, 30.745725], [-95.874123, 30.745703], [-95.874009, 30.745851], [-95.873557, 30.74606], [-95.873067, 30.745764], [-95.872914, 30.746165], [-95.872342, 30.746319], [-95.872438, 30.746731], [-95.872959, 30.746704], [-95.873131, 30.746874], [-95.872775, 30.747589], [-95.873024, 30.747918], [-95.873043, 30.748193], [-95.873221, 30.748297], [-95.873171, 30.748534], [-95.873012, 30.748682], [-95.873266, 30.748874], [-95.873012, 30.748946], [-95.872706, 30.748726], [-95.872414, 30.748869], [-95.872076, 30.748743], [-95.871682, 30.748864], [-95.871243, 30.748782], [-95.870868, 30.749194], [-95.871072, 30.749689], [-95.872001, 30.750382], [-95.872389, 30.750536], [-95.872478, 30.750734], [-95.872434, 30.750899], [-95.872135, 30.751421], [-95.87169, 30.751932], [-95.871238, 30.751965], [-95.870704, 30.751713], [-95.870545, 30.751861], [-95.8705, 30.752202], [-95.869839, 30.752263], [-95.86973, 30.752537], [-95.869006, 30.753423], [-95.868688, 30.754247], [-95.868414, 30.754286], [-95.86823, 30.754517], [-95.868543, 30.756275], [-95.86874, 30.75688], [-95.868734, 30.757297], [-95.868531, 30.758067], [-95.868258, 30.758737], [-95.867991, 30.758842], [-95.86801, 30.759001], [-95.868137, 30.759051], [-95.868335, 30.759798], [-95.868201, 30.76015], [-95.868469, 30.760556], [-95.869023, 30.760814], [-95.869131, 30.760946], [-95.869068, 30.761578], [-95.869265, 30.761661], [-95.869386, 30.762199], [-95.869266, 30.763084], [-95.870234, 30.763787], [-95.87031, 30.763963], [-95.870349, 30.764611], [-95.870069, 30.764974], [-95.869936, 30.765765], [-95.870076, 30.766227], [-95.870732, 30.766782], [-95.870535, 30.767359], [-95.869447, 30.768151], [-95.869339, 30.768316], [-95.869193, 30.768327], [-95.868938, 30.768129], [-95.868512, 30.768278]]]}},
    {"type": "Feature", "properties": {"name": "Plum Creek", "Type": "Creek or other stream"}, "geometry": {"type": "LineString", "coordinates": [[-96.059728, 30.697264], [-96.058952, 30.69704], [-96.058719, 30.697105], [-96.057922, 30.69667], [-96.056841, 30.695703], [-96.056466, 30.695027], [-96.056091, 30.694785], [-96.055321, 30.694554], [-96.055131, 30.694318], [-96.055599, 30.69356], [-96.05548, 30.693377], [-96.055544, 30.693224], [-96.055989, 30.693186], [-96.056365, 30.692686], [-96.056505, 30.69223], [-96.056759, 30.69218], [-96.056924, 30.691895], [-96.057452, 30.691554], [-96.057567, 30.691257], [-96.058005, 30.691043], [-96.058139, 30.690862], [-96.058285, 30.690884], [-96.058597, 30.690653], [-96.058724, 30.690807], [-96.0588, 30.690763], [-96.058756, 30.690515], [-96.058883, 30.690224], [-96.058826, 30.689944], [-96.058953, 30.689818], [-96.058972, 30.689532], [-96.058743, 30.689279], [-96.059169, 30.689466], [-96.059258, 30.689422], [-96.059309, 30.689224], [-96.059042, 30.68896], [-96.059265, 30.688988], [-96.059424, 30.688878], [-96.059265, 30.688762], [-96.05978, 30.6884], [-96.060021, 30.68785], [-96.059939, 30.687718], [-96.059443, 30.687751], [-96.059125, 30.687608], [-96.059131, 30.687526], [-96.059386, 30.687411], [-96.059379, 30.686845], [-96.059475, 30.68674], [-96.059697, 30.686707], [-96.059932, 30.687048], [-96.060072, 30.687075], [-96.060619, 30.686944], [-96.060721, 30.686801], [-96.060772, 30.686279], [-96.060479, 30.685833], [-96.060626, 30.685707], [-96.060645, 30.684734], [-96.060766, 30.684454], [-96.060581, 30.684366], [-96.06058, 30.684168], [-96.060814, 30.683953], [-96.060592, 30.683703], [-96.060829, 30.683503], [-96.060899, 30.683058], [-96.061179, 30.682745], [-96.061052, 30.682641], [-96.06102, 30.682448], [-96.061783, 30.682179], [-96.061656, 30.681904], [-96.062044, 30.681783], [-96.062807, 30.680536], [-96.062896, 30.680162], [-96.062546, 30.679453], [-96.062591, 30.679233], [-96.062883, 30.679102], [-96.063144, 30.679157], [-96.063271, 30.679025], [-96.063335, 30.678728], [-96.063665, 30.678657], [-96.063773, 30.678409], [-96.064117, 30.678426], [-96.064269, 30.678316], [-96.064238, 30.678058], [-96.063576, 30.677926], [-96.063481, 30.677794], [-96.063881, 30.677458], [-96.064193, 30.677519], [-96.064288, 30.677464], [-96.06399, 30.677096], [-96.064091, 30.676942], [-96.064479, 30.676766], [-96.064301, 30.676365], [-96.064486, 30.676282], [-96.065077, 30.67637], [-96.06521, 30.676315], [-96.06481, 30.676151], [-96.064727, 30.675887], [-96.065096, 30.675469], [-96.065547, 30.674557], [-96.065439, 30.674447], [-96.064835, 30.674458], [-96.064734, 30.674266], [-96.06507, 30.674024], [-96.065013, 30.673815], [-96.065388, 30.673634], [-96.065446, 30.673408], [-96.065166, 30.673293], [-96.06488, 30.672936], [-96.064339, 30.672952], [-96.064282, 30.672782], [-96.064066, 30.672617], [-96.064632, 30.672062], [-96.063863, 30.671732], [-96.063971, 30.671573], [-96.064308, 30.671617], [-96.064454, 30.671545], [-96.064454, 30.671452], [-96.064238, 30.671331], [-96.063958, 30.671336], [-96.064155, 30.6711], [-96.063011, 30.671084], [-96.062864, 30.670963], [-96.062795, 30.67071], [-96.062248, 30.670232], [-96.062229, 30.669935], [-96.062655, 30.669528], [-96.062928, 30.66866], [-96.062553, 30.6686], [-96.062165, 30.668748], [-96.061924, 30.668699], [-96.062178, 30.668182], [-96.062458, 30.668094], [-96.062566, 30.667896], [-96.062388, 30.667742], [-96.061975, 30.667753], [-96.061879, 30.667676], [-96.061975, 30.667242], [-96.06186, 30.666913], [-96.062064, 30.666583], [-96.061669, 30.66633], [-96.061504, 30.665962], [-96.061511, 30.665819], [-96.061758, 30.66577], [-96.061924, 30.665561], [-96.061542, 30.665429], [-96.061364, 30.665187], [-96.061504, 30.664896], [-96.061682, 30.664846], [-96.061733, 30.664736], [-96.061593, 30.664181], [-96.061441, 30.663994], [-96.060989, 30.664088], [-96.060506, 30.663813], [-96.060436, 30.663417], [-96.060691, 30.66267], [-96.060627, 30.662467], [-96.059991, 30.662236], [-96.05996, 30.66239], [-96.060118, 30.662593], [-96.059991, 30.662818], [-96.059527, 30.66256], [-96.05947, 30.66206], [-96.05968, 30.661846], [-96.059705, 30.66162], [-96.059076, 30.660741], [-96.0594, 30.660351], [-96.059909, 30.660389], [-96.06008, 30.659801], [-96.060042, 30.659631], [-96.060545, 30.659576], [-96.06071, 30.659422], [-96.060723, 30.659268], [-96.060468, 30.65912], [-96.060208, 30.658807], [-96.059686, 30.658708], [-96.059184, 30.658312], [-96.059312, 30.658103], [-96.060023, 30.65807], [-96.060278, 30.657477], [-96.059833, 30.656372], [-96.059617, 30.656251], [-96.059248, 30.656262], [-96.059045, 30.656548], [-96.05832, 30.65663], [-96.058638, 30.655828], [-96.058898, 30.655806], [-96.059006, 30.65557], [-96.058771, 30.655251], [-96.058199, 30.655476], [-96.05804, 30.655229], [-96.058053, 30.654828], [-96.057684, 30.654647], [-96.057761, 30.653586], [-96.057589, 30.653503], [-96.057532, 30.653366], [-96.057691, 30.653196], [-96.05799, 30.653163], [-96.058028, 30.65302], [-96.057907, 30.652893], [-96.058206, 30.652597], [-96.057767, 30.652344], [-96.057697, 30.652217], [-96.057774, 30.652086], [-96.057545, 30.651932], [-96.057729, 30.65169], [-96.057761, 30.651404], [-96.057672, 30.650783], [-96.057532, 30.650679], [-96.057272, 30.650684], [-96.057335, 30.650426], [-96.057202, 30.650338], [-96.057278, 30.650107], [-96.057062, 30.649915], [-96.057265, 30.649596], [-96.057125, 30.649299], [-96.057164, 30.648992], [-96.057011, 30.648854], [-96.056782, 30.649041], [-96.056623, 30.649008], [-96.056515, 30.648662], [-96.05621, 30.648568], [-96.056204, 30.648112], [-96.056102, 30.648035], [-96.055784, 30.648057], [-96.055683, 30.647832], [-96.055295, 30.647755], [-96.055149, 30.647574], [-96.054965, 30.647524], [-96.054634, 30.647651], [-96.054571, 30.647859], [-96.054117, 30.647676], [-96.053875, 30.647435], [-96.053824, 30.64697], [-96.054227, 30.646342], [-96.053432, 30.645618], [-96.052476, 30.645102], [-96.051493, 30.644229], [-96.050238, 30.64291], [-96.048857, 30.639275]]}},
    {"type": "Feature", "properties": {"name": "Ragan Creek", "Type": "Creek or other stream"}, "geometry": {"type": "LineString", "coordinates": [[-96.081087, 30.777981], [-96.080915, 30.7763], [-96.080985, 30.775871], [-96.080864, 30.77553], [-96.081189, 30.775146], [-96.081348, 30.775079], [-96.081526, 30.774645], [-96.082118, 30.774425], [-96.082277, 30.774272], [-96.082563, 30.774381], [-96.082869, 30.773568], [-96.083244, 30.773189], [-96.083537, 30.773156], [-96.083696, 30.772985], [-96.083639, 30.772436], [-96.083728, 30.772298], [-96.084122, 30.77209], [-96.084969, 30.772084], [-96.085771, 30.771897], [-96.086, 30.771738], [-96.086267, 30.77132], [-96.086859, 30.771265], [-96.08691, 30.770979], [-96.087018, 30.770891], [-96.087699, 30.770935], [-96.087915, 30.770743], [-96.088653, 30.770638], [-96.088742, 30.770523], [-96.088634, 30.770253], [-96.089143, 30.770077], [-96.089379, 30.770226], [-96.089531, 30.77055], [-96.089818, 30.770599], [-96.090142, 30.770275], [-96.089983, 30.770033], [-96.090015, 30.769742], [-96.090441, 30.769462], [-96.090397, 30.769275], [-96.090066, 30.769214], [-96.08997, 30.769072], [-96.090664, 30.768483], [-96.091007, 30.768604], [-96.091243, 30.767906], [-96.091389, 30.767879], [-96.091605, 30.768033], [-96.091816, 30.768032], [-96.091949, 30.767983], [-96.092064, 30.76778], [-96.092598, 30.767813], [-96.092891, 30.76745], [-96.092757, 30.767087], [-96.092814, 30.766972], [-96.093171, 30.766818], [-96.09347, 30.766867], [-96.093826, 30.766702], [-96.0941, 30.766708], [-96.094443, 30.766499], [-96.094672, 30.766532], [-96.09487, 30.766422], [-96.094889, 30.766103], [-96.095194, 30.766224], [-96.095366, 30.765993], [-96.095691, 30.765839], [-96.095703, 30.765735], [-96.095391, 30.765421], [-96.095652, 30.765317], [-96.095862, 30.765443], [-96.096155, 30.765427], [-96.096231, 30.765196], [-96.096142, 30.764899], [-96.096466, 30.764465], [-96.09653, 30.764119], [-96.096937, 30.763849], [-96.096606, 30.763679], [-96.096689, 30.763278], [-96.096918, 30.763173], [-96.097134, 30.76341], [-96.097242, 30.763404], [-96.097395, 30.76319], [-96.097019, 30.762574], [-96.09707, 30.762448], [-96.097592, 30.762217], [-96.098037, 30.762211], [-96.098381, 30.762332], [-96.098706, 30.762266], [-96.098591, 30.76192], [-96.098903, 30.761914], [-96.099081, 30.761623], [-96.099399, 30.761694], [-96.099603, 30.761348], [-96.099666, 30.760969], [-96.099889, 30.761035], [-96.100322, 30.760793], [-96.100633, 30.760359], [-96.100939, 30.760556], [-96.101193, 30.760347], [-96.101308, 30.759946], [-96.101282, 30.75899], [-96.101059, 30.758732], [-96.100677, 30.758583], [-96.100677, 30.758474], [-96.100874, 30.758457], [-96.101193, 30.758671], [-96.101784, 30.758759], [-96.102032, 30.75866], [-96.102134, 30.758446], [-96.102491, 30.758319], [-96.102599, 30.757995], [-96.102478, 30.757737], [-96.102172, 30.757742], [-96.101975, 30.757847], [-96.101714, 30.757572], [-96.101828, 30.756775], [-96.10193, 30.756687], [-96.102293, 30.756868], [-96.102955, 30.756824], [-96.103686, 30.756637], [-96.103941, 30.756829], [-96.104342, 30.756582], [-96.104494, 30.756576], [-96.104552, 30.756637], [-96.104297, 30.756956], [-96.104386, 30.757121], [-96.104704, 30.756956], [-96.105137, 30.756977], [-96.105226, 30.756889], [-96.105169, 30.756543], [-96.10529, 30.756494], [-96.105442, 30.756538], [-96.105538, 30.756746], [-96.105824, 30.756603], [-96.106658, 30.756719], [-96.106855, 30.7574], [-96.107085, 30.757625], [-96.107734, 30.757532], [-96.108084, 30.757575], [-96.108389, 30.757691], [-96.108701, 30.75802], [-96.10956, 30.758212], [-96.109789, 30.758146], [-96.109738, 30.75785], [-96.109955, 30.757674], [-96.110387, 30.757739], [-96.110801, 30.75764], [-96.111036, 30.757459], [-96.111253, 30.757459], [-96.111316, 30.757695], [-96.111431, 30.757745], [-96.112035, 30.757464], [-96.112322, 30.757233], [-96.112181, 30.757079], [-96.111761, 30.756909], [-96.111838, 30.756651], [-96.111965, 30.756579], [-96.112455, 30.756739], [-96.113066, 30.757211], [-96.113537, 30.757244], [-96.11362, 30.75765], [-96.113715, 30.7577], [-96.114008, 30.757507], [-96.11397, 30.756963], [-96.114116, 30.756804], [-96.114529, 30.75676], [-96.114778, 30.756639], [-96.115268, 30.75677], [-96.115694, 30.75655], [-96.116025, 30.756204], [-96.117106, 30.756066], [-96.117628, 30.756082], [-96.117774, 30.756181], [-96.117927, 30.756549], [-96.118125, 30.756632], [-96.11843, 30.756599], [-96.118666, 30.756807], [-96.119404, 30.75717], [-96.120524, 30.757153], [-96.121256, 30.756982], [-96.121886, 30.757152], [-96.12195, 30.757427], [-96.122071, 30.757471], [-96.122293, 30.757344], [-96.122579, 30.756861], [-96.122999, 30.757025], [-96.123648, 30.756756], [-96.124342, 30.756876], [-96.12445, 30.756755], [-96.124323, 30.756525], [-96.124539, 30.756464], [-96.124806, 30.756673], [-96.124845, 30.757338], [-96.124966, 30.757349], [-96.12533, 30.757107], [-96.125668, 30.75708], [-96.125916, 30.757328], [-96.126138, 30.757344], [-96.126011, 30.757712], [-96.126183, 30.7578], [-96.126577, 30.757789], [-96.126698, 30.758119], [-96.127041, 30.758251], [-96.126959, 30.75846], [-96.126621, 30.758652], [-96.12678, 30.758839], [-96.127022, 30.758823], [-96.127187, 30.759037], [-96.127537, 30.759004], [-96.127741, 30.758746], [-96.128174, 30.759071], [-96.128486, 30.758565], [-96.12916, 30.758555], [-96.12916, 30.758923], [-96.129281, 30.759022], [-96.12993, 30.758978], [-96.130172, 30.758879], [-96.130147, 30.758676], [-96.130325, 30.758594], [-96.130325, 30.75839], [-96.13079, 30.758324], [-96.130809, 30.758105], [-96.131082, 30.757907], [-96.130975, 30.757511], [-96.13051, 30.757451], [-96.130497, 30.757368], [-96.130752, 30.757148], [-96.130708, 30.757022], [-96.130383, 30.756829], [-96.130549, 30.756659], [-96.130574, 30.756236], [-96.130727, 30.75628], [-96.130689, 30.756659], [-96.130803, 30.756736], [-96.131319, 30.756506], [-96.131319, 30.756258], [-96.13151, 30.756225], [-96.131548, 30.756072], [-96.131351, 30.755549], [-96.131529, 30.755401], [-96.131606, 30.755561], [-96.131739, 30.755528], [-96.131752, 30.755104], [-96.131892, 30.75494], [-96.132465, 30.754868], [-96.132777, 30.754676], [-96.133324, 30.754869], [-96.13384, 30.754836], [-96.133916, 30.754622], [-96.133401, 30.754572], [-96.133484, 30.75433], [-96.133363, 30.754242], [-96.133356, 30.754105], [-96.133566, 30.754006], [-96.134082, 30.754034], [-96.13447, 30.753919], [-96.135539, 30.754194], [-96.136067, 30.754117], [-96.136118, 30.754496], [-96.136627, 30.754634], [-96.137785, 30.755634], [-96.137842, 30.756052], [-96.138522, 30.75619], [-96.138688, 30.75564], [-96.138917, 30.755426], [-96.139172, 30.755399], [-96.139153, 30.755278], [-96.139287, 30.755157], [-96.140317, 30.75513], [-96.140801, 30.754866], [-96.141457, 30.754823], [-96.141552, 30.754905], [-96.141405, 30.755152], [-96.141342, 30.755564], [-96.141794, 30.755565], [-96.142042, 30.755757], [-96.142054, 30.755554], [-96.142411, 30.755477], [-96.142945, 30.755708], [-96.1429, 30.756032], [-96.143104, 30.756472], [-96.143269, 30.756681], [-96.143447, 30.756725], [-96.143759, 30.756499], [-96.144071, 30.756593], [-96.144154, 30.756538], [-96.14404, 30.755802], [-96.144466, 30.755406], [-96.144396, 30.755159], [-96.145453, 30.755181], [-96.145555, 30.754835], [-96.146242, 30.754604], [-96.146808, 30.75472], [-96.146846, 30.754852], [-96.147088, 30.754769], [-96.147279, 30.754819], [-96.147616, 30.755363], [-96.147514, 30.755588], [-96.147896, 30.755709], [-96.148214, 30.756056], [-96.148857, 30.756155], [-96.149079, 30.756534], [-96.149245, 30.756529], [-96.149818, 30.756326], [-96.150798, 30.756183], [-96.151154, 30.755941], [-96.151428, 30.755606], [-96.151402, 30.755221], [-96.152332, 30.754689], [-96.152535, 30.754711], [-96.152631, 30.754546], [-96.153204, 30.754277], [-96.153356, 30.754403], [-96.154012, 30.754227], [-96.154228, 30.754431], [-96.154635, 30.754447], [-96.154801, 30.754376], [-96.15538, 30.754459], [-96.155845, 30.754233], [-96.156061, 30.754272], [-96.156258, 30.753651], [-96.156347, 30.753596], [-96.15664, 30.753656], [-96.15699, 30.753036], [-96.157283, 30.752915], [-96.15736, 30.752272], [-96.157557, 30.752052], [-96.157665, 30.751667], [-96.157939, 30.75148], [-96.158162, 30.751112], [-96.158983, 30.751068], [-96.159123, 30.750887], [-96.15932, 30.750865], [-96.15925, 30.750722], [-96.159339, 30.750645], [-96.159797, 30.75058], [-96.160364, 30.750662], [-96.16072, 30.750063], [-96.160866, 30.750091], [-96.161006, 30.750267], [-96.161293, 30.750162], [-96.161242, 30.750333], [-96.161541, 30.750624], [-96.162247, 30.751064], [-96.162349, 30.751273], [-96.162546, 30.751168], [-96.163195, 30.751487], [-96.163793, 30.751537], [-96.164684, 30.751471], [-96.165244, 30.751273], [-96.165384, 30.751927], [-96.166014, 30.752262], [-96.166154, 30.752246], [-96.166243, 30.751867], [-96.166052, 30.75135], [-96.16653, 30.750575], [-96.166587, 30.750004], [-96.166752, 30.749786], [-96.166994, 30.749703], [-96.167948, 30.749797], [-96.168438, 30.74966], [-96.169221, 30.749946], [-96.169482, 30.749902], [-96.16952, 30.74966], [-96.168496, 30.74783], [-96.168465, 30.747703], [-96.168774, 30.747199]]}},
    {"type": "Feature", "properties": {"name": "Rock Lake Creek", "Type": "Creek or other stream"}, "geometry": {"type": "LineString", "coordinates": [[-96.110167, 30.618505], [-96.110611, 30.618229], [-96.11009, 30.617878], [-96.109943, 30.617504], [-96.109777, 30.615608], [-96.109968, 30.615025], [-96.109917, 30.614707], [-96.110044, 30.614338], [-96.109777, 30.614031], [-96.109497, 30.613179], [-96.109255, 30.613031], [-96.108906, 30.613031], [-96.10869, 30.612822], [-96.108728, 30.61258], [-96.108575, 30.612382], [-96.10873, 30.61224], [-96.108697, 30.612066], [-96.10832, 30.611954], [-96.108289, 30.611639], [-96.108644, 30.611459], [-96.108777, 30.610872], [-96.109283, 30.610706], [-96.109286, 30.610415], [-96.109045, 30.610085], [-96.109, 30.609711], [-96.10912, 30.608744], [-96.109012, 30.608695], [-96.108822, 30.608777], [-96.108587, 30.608519], [-96.108663, 30.608283], [-96.108803, 30.608178], [-96.108821, 30.607535], [-96.109114, 30.607326], [-96.109063, 30.607013], [-96.109139, 30.606837], [-96.108808, 30.606766], [-96.108357, 30.606337], [-96.108243, 30.606975], [-96.108027, 30.606887], [-96.107951, 30.606629], [-96.107696, 30.606387], [-96.107582, 30.606436], [-96.107658, 30.606805], [-96.107213, 30.606601], [-96.107385, 30.606211], [-96.107124, 30.605986], [-96.107105, 30.606277], [-96.106832, 30.606206], [-96.106985, 30.605826], [-96.106686, 30.605519], [-96.106374, 30.605365], [-96.106616, 30.605156], [-96.106228, 30.604947], [-96.106101, 30.604458], [-96.105821, 30.604217], [-96.105396, 30.604079], [-96.1049, 30.604046], [-96.104576, 30.603761], [-96.104157, 30.603997], [-96.103915, 30.603876], [-96.103496, 30.603838], [-96.103159, 30.603228], [-96.102689, 30.603228], [-96.102326, 30.603003], [-96.101933, 30.603135], [-96.102092, 30.603305], [-96.102123, 30.603635], [-96.101958, 30.603767], [-96.101259, 30.603355], [-96.100522, 30.603069], [-96.100687, 30.602624], [-96.100376, 30.602272], [-96.100566, 30.601701], [-96.100852, 30.601508], [-96.100909, 30.601228], [-96.100865, 30.601102], [-96.100458, 30.600893], [-96.10042, 30.600464], [-96.100267, 30.600212], [-96.100369, 30.600069], [-96.100661, 30.600036], [-96.100985, 30.599794], [-96.101417, 30.599129], [-96.101398, 30.598799], [-96.101296, 30.598684], [-96.100953, 30.598739], [-96.100597, 30.598579], [-96.100317, 30.598184], [-96.099841, 30.598233], [-96.099517, 30.597958], [-96.099244, 30.597975], [-96.098856, 30.597717], [-96.098843, 30.597552], [-96.099123, 30.597387], [-96.099231, 30.597173], [-96.098989, 30.596711], [-96.09871, 30.596673], [-96.09857, 30.59648], [-96.098602, 30.596299], [-96.098868, 30.596096], [-96.098874, 30.595403], [-96.098665, 30.594914], [-96.098214, 30.594815], [-96.09829, 30.594222], [-96.097496, 30.594057], [-96.097222, 30.593727], [-96.09693, 30.593546], [-96.096943, 30.593172], [-96.097324, 30.59276], [-96.097353, 30.592424], [-96.097051, 30.592376], [-96.096766, 30.591687], [-96.095921, 30.590666], [-96.09642, 30.588048], [-96.094482, 30.585946], [-96.094527, 30.585693], [-96.094844, 30.585517], [-96.094882, 30.585358], [-96.094243, 30.584618], [-96.091814, 30.583521], [-96.092227, 30.582676], [-96.091407, 30.581786], [-96.090416, 30.580484], [-96.0906, 30.580237], [-96.090613, 30.580055], [-96.090111, 30.579401], [-96.088828, 30.579127], [-96.088586, 30.579138], [-96.088212, 30.57938], [-96.088104, 30.579352], [-96.086795, 30.578374], [-96.086357, 30.57827], [-96.085734, 30.577737], [-96.085455, 30.577605], [-96.084864, 30.576665], [-96.084292, 30.57605], [-96.083981, 30.575105], [-96.083638, 30.57477], [-96.083657, 30.574407], [-96.083491, 30.573918], [-96.083345, 30.573852], [-96.082952, 30.574006], [-96.082679, 30.573984], [-96.082837, 30.573088], [-96.081904, 30.573192], [-96.081415, 30.573028], [-96.08151, 30.572896], [-96.082062, 30.572687], [-96.081948, 30.572473], [-96.082024, 30.571934], [-96.081249, 30.570807], [-96.080557, 30.570373]]}},
    {"type": "Feature", "properties": {"name": "Rocky Branch", "Type": "Creek or other stream"}, "geometry": {"type": "LineString", "coordinates": [[-95.963986, 30.769], [-95.964775, 30.768357], [-95.964959, 30.767807], [-95.965442, 30.766999], [-95.9648, 30.765838], [-95.964704, 30.765279], [-95.964328, 30.764598], [-95.964251, 30.763911], [-95.963946, 30.763472], [-95.963138, 30.763115], [-95.959929, 30.761998], [-95.958579, 30.760712], [-95.956194, 30.760791], [-95.956112, 30.760698], [-95.95629, 30.759917], [-95.956843, 30.759104], [-95.956843, 30.758829], [-95.95655, 30.758736], [-95.956531, 30.758577], [-95.956869, 30.758554], [-95.956945, 30.758439], [-95.956709, 30.75812], [-95.95606, 30.758148], [-95.956111, 30.757912], [-95.955589, 30.757719], [-95.955137, 30.757131], [-95.955118, 30.756912], [-95.954526, 30.755857], [-95.954743, 30.755285], [-95.954679, 30.755087], [-95.954755, 30.754785], [-95.95508, 30.754351], [-95.955531, 30.754136], [-95.955824, 30.753757], [-95.956212, 30.753697], [-95.956422, 30.753257], [-95.957141, 30.753109], [-95.957459, 30.753218], [-95.957873, 30.753213], [-95.958617, 30.752784], [-95.958973, 30.75191], [-95.959024, 30.750993], [-95.95945, 30.750443], [-95.959387, 30.749857], [-95.95877, 30.749533], [-95.958426, 30.749149], [-95.958152, 30.748489], [-95.956593, 30.747742], [-95.956612, 30.747374], [-95.956294, 30.746748], [-95.956084, 30.745956]]}},
    {"type": "Feature", "properties": {"name": "Rocky Creek", "Type": "Creek or other stream"}, "geometry": {"type": "MultiLineString", "coordinates": [[[-95.935722, 30.567247], [-95.93536, 30.569357], [-95.935468, 30.569901], [-95.935246, 30.570407], [-95.935354, 30.571594], [-95.935227, 30.571781], [-95.936345, 30.572435], [-95.936669, 30.572517], [-95.937628, 30.573429], [-95.938422, 30.574028], [-95.938657, 30.574017], [-95.939228, 30.57349], [-95.939959, 30.573539], [-95.940499, 30.57333], [-95.940785, 30.573308], [-95.942919, 30.573489], [-95.943065, 30.573528], [-95.9433, 30.573836], [-95.943941, 30.574033], [-95.945072, 30.574039], [-95.945307, 30.57416], [-95.94572, 30.574621], [-95.946329, 30.574714], [-95.946977, 30.574962], [-95.947098, 30.57505], [-95.947009, 30.575171], [-95.947282, 30.575319], [-95.94812, 30.575269], [-95.948533, 30.575423], [-95.948921, 30.575231], [-95.949073, 30.575247], [-95.949187, 30.5755], [-95.948997, 30.575659], [-95.949022, 30.576071], [-95.94974, 30.576478], [-95.950267, 30.576517], [-95.950337, 30.576709], [-95.950121, 30.576841], [-95.950128, 30.576956], [-95.950642, 30.577044], [-95.950769, 30.577363], [-95.951004, 30.577522], [-95.951201, 30.577396], [-95.951112, 30.577181], [-95.951201, 30.576819], [-95.951677, 30.576478], [-95.952033, 30.576549], [-95.952598, 30.576313], [-95.952719, 30.576544], [-95.952668, 30.57689], [-95.952846, 30.577181], [-95.95357, 30.576906], [-95.953691, 30.576796], [-95.95371, 30.576571], [-95.953526, 30.576576], [-95.953227, 30.576307], [-95.953164, 30.57606], [-95.953348, 30.575983], [-95.953665, 30.576269], [-95.954078, 30.576098], [-95.95418, 30.576334], [-95.954453, 30.576307], [-95.954516, 30.575944], [-95.954853, 30.575823], [-95.955012, 30.575576], [-95.954637, 30.575345], [-95.954592, 30.575147], [-95.95517, 30.574746], [-95.956167, 30.575109], [-95.956504, 30.575059], [-95.957215, 30.574729], [-95.957857, 30.574987], [-95.957844, 30.575345], [-95.957978, 30.575421], [-95.958301, 30.575224], [-95.958314, 30.574828], [-95.958473, 30.574482], [-95.958714, 30.574344], [-95.959095, 30.5743], [-95.959838, 30.57491], [-95.960105, 30.575025], [-95.960346, 30.574794], [-95.960778, 30.574756], [-95.960823, 30.574547], [-95.960657, 30.574311], [-95.960689, 30.574097], [-95.960988, 30.573893], [-95.961102, 30.573871], [-95.961629, 30.574157], [-95.961769, 30.57392], [-95.961896, 30.573887], [-95.962252, 30.574129], [-95.962493, 30.574063], [-95.962601, 30.574261], [-95.962722, 30.574299], [-95.963147, 30.573904], [-95.9637, 30.573761], [-95.964093, 30.573315], [-95.964709, 30.573046], [-95.964741, 30.572804], [-95.964969, 30.572683], [-95.965211, 30.57265], [-95.965293, 30.573216], [-95.965884, 30.573112], [-95.966348, 30.573205], [-95.966481, 30.572963], [-95.966925, 30.572858], [-95.966798, 30.572221], [-95.966671, 30.572067], [-95.966766, 30.571963], [-95.967783, 30.572001], [-95.967878, 30.572056], [-95.967884, 30.572248], [-95.968043, 30.572353], [-95.968221, 30.572215], [-95.968138, 30.571836], [-95.968481, 30.571847], [-95.968761, 30.571715], [-95.968977, 30.572226], [-95.969548, 30.572182], [-95.969847, 30.572402], [-95.970031, 30.572418], [-95.970304, 30.572242], [-95.970399, 30.571769], [-95.970856, 30.571742], [-95.971104, 30.571434], [-95.971396, 30.571665], [-95.971466, 30.571478], [-95.971618, 30.571456], [-95.971955, 30.571829], [-95.972146, 30.571648], [-95.972044, 30.571302], [-95.972431, 30.571065], [-95.972425, 30.570582], [-95.972596, 30.570538], [-95.972983, 30.570713], [-95.973129, 30.570675], [-95.972958, 30.570285], [-95.973072, 30.570136], [-95.973269, 30.570153], [-95.97353, 30.570471], [-95.973574, 30.57084], [-95.974266, 30.570977], [-95.974362, 30.5709], [-95.974126, 30.570323], [-95.974291, 30.570097], [-95.974444, 30.570048], [-95.974819, 30.570207], [-95.975015, 30.569976], [-95.975371, 30.569916], [-95.975542, 30.569641], [-95.97605, 30.569366], [-95.976698, 30.569443], [-95.976952, 30.569272], [-95.977143, 30.569256], [-95.977257, 30.569344], [-95.977321, 30.569882], [-95.977772, 30.570184], [-95.977962, 30.57019], [-95.978553, 30.56986], [-95.979099, 30.569755], [-95.979391, 30.569502], [-95.979346, 30.569118], [-95.978832, 30.568838], [-95.978774, 30.568662], [-95.978825, 30.568442], [-95.979308, 30.568227], [-95.979771, 30.568238], [-95.980425, 30.568447], [-95.980552, 30.568232], [-95.980711, 30.568216], [-95.981334, 30.568435], [-95.981677, 30.568397], [-95.982051, 30.5686], [-95.982693, 30.568627], [-95.983137, 30.568056], [-95.983175, 30.567462], [-95.983689, 30.566467], [-95.983879, 30.566412], [-95.985035, 30.566566], [-95.985956, 30.566483], [-95.986318, 30.566356], [-95.987384, 30.565652], [-95.987816, 30.565553], [-95.988076, 30.565388], [-95.988463, 30.564448], [-95.988952, 30.564113], [-95.98937, 30.562953], [-95.989541, 30.562129], [-95.98977, 30.56181], [-95.989833, 30.560865], [-95.990137, 30.560255], [-95.99013, 30.559062], [-95.990251, 30.558787], [-95.990688, 30.558282], [-95.990955, 30.558144], [-95.991196, 30.558149], [-95.992124, 30.558589], [-95.992511, 30.558676], [-95.993539, 30.558126], [-95.993704, 30.557417], [-95.994098, 30.557247], [-95.99493, 30.557472], [-95.995622, 30.557246], [-95.996003, 30.557466], [-95.996206, 30.557356], [-95.996714, 30.557405], [-95.997076, 30.557185], [-95.997298, 30.557328], [-95.997698, 30.557207], [-95.998009, 30.556904], [-95.998066, 30.556679], [-95.997494, 30.556179], [-95.997164, 30.555641], [-95.997055, 30.555306], [-95.996966, 30.55402], [-95.998337, 30.553783], [-95.99901, 30.553887], [-96.000007, 30.553815], [-96.000598, 30.553881], [-96.002116, 30.553426], [-96.002338, 30.553069], [-96.001907, 30.552618], [-96.001869, 30.552217], [-96.002097, 30.55214], [-96.002478, 30.552453], [-96.00258, 30.552426], [-96.003178, 30.550887], [-96.003584, 30.550338], [-96.004302, 30.550025], [-96.004537, 30.549437], [-96.004976, 30.549031], [-96.005738, 30.548064], [-96.006145, 30.547405], [-96.006711, 30.545993], [-96.007162, 30.545735], [-96.007784, 30.545532], [-96.008762, 30.545411], [-96.009022, 30.545307], [-96.009143, 30.544851], [-96.009093, 30.544669], [-96.008312, 30.544098], [-96.008344, 30.543724], [-96.009303, 30.542884], [-96.009748, 30.542812], [-96.010262, 30.543016], [-96.010554, 30.54289], [-96.01063, 30.542719], [-96.010427, 30.54201], [-96.01086, 30.541032], [-96.010441, 30.540197], [-96.010086, 30.539861], [-96.009845, 30.539834], [-96.009445, 30.540026], [-96.009019, 30.540037], [-96.008784, 30.539943], [-96.008721, 30.5398], [-96.008753, 30.539597], [-96.009217, 30.538844], [-96.009483, 30.538603], [-96.009725, 30.538048], [-96.009643, 30.537872], [-96.009446, 30.537877], [-96.009097, 30.537696], [-96.008526, 30.537135], [-96.008335, 30.536701], [-96.008469, 30.536536], [-96.009085, 30.536536], [-96.009275, 30.536393], [-96.009409, 30.535976], [-96.009384, 30.535349], [-96.009689, 30.534998], [-96.010374, 30.534888], [-96.010901, 30.535108], [-96.011244, 30.535125], [-96.011561, 30.535284], [-96.01179, 30.535691], [-96.012075, 30.535708], [-96.012278, 30.53601], [-96.012494, 30.536115], [-96.013142, 30.536109], [-96.013364, 30.536252], [-96.013948, 30.536302], [-96.014608, 30.53622], [-96.015478, 30.535896], [-96.015764, 30.535979], [-96.016094, 30.536292], [-96.016684, 30.536254], [-96.017586, 30.53566], [-96.01798, 30.535188], [-96.017974, 30.534721], [-96.017764, 30.534276], [-96.017777, 30.53366], [-96.018978, 30.532133], [-96.019416, 30.531919], [-96.019841, 30.53204], [-96.020609, 30.532073], [-96.02146, 30.531458], [-96.021873, 30.531354], [-96.022546, 30.531002], [-96.023943, 30.530838], [-96.024552, 30.530492], [-96.025054, 30.53042], [-96.025873, 30.530063], [-96.028019, 30.530355], [-96.028749, 30.530108], [-96.02946, 30.530048], [-96.030672, 30.529477], [-96.03118, 30.529521], [-96.031269, 30.529653], [-96.031148, 30.530032], [-96.031307, 30.530356], [-96.031536, 30.530543], [-96.031764, 30.530549], [-96.031935, 30.530659], [-96.031961, 30.530801], [-96.031243, 30.531087], [-96.030754, 30.531499], [-96.030361, 30.531983], [-96.030329, 30.532417], [-96.030697, 30.532862], [-96.030995, 30.532977], [-96.031427, 30.532955], [-96.031935, 30.532566], [-96.032189, 30.532653], [-96.032442, 30.533011], [-96.032652, 30.533082], [-96.033065, 30.532939], [-96.033471, 30.532461], [-96.033744, 30.532319], [-96.034271, 30.532275], [-96.034639, 30.532374], [-96.035255, 30.53239], [-96.035884, 30.532215], [-96.036582, 30.530682], [-96.037319, 30.530017], [-96.037452, 30.529215], [-96.037605, 30.528907], [-96.037802, 30.528824], [-96.038157, 30.528781], [-96.038595, 30.529072], [-96.03902, 30.529083], [-96.039484, 30.528979], [-96.039985, 30.529237], [-96.0409, 30.529166], [-96.041445, 30.529358], [-96.042074, 30.529424], [-96.042525, 30.529287], [-96.04262, 30.528573], [-96.042899, 30.528496], [-96.043147, 30.528688], [-96.043369, 30.529463], [-96.043724, 30.529666], [-96.044099, 30.529661], [-96.04441, 30.529282], [-96.044816, 30.529188], [-96.046213, 30.529277], [-96.046689, 30.529051], [-96.046829, 30.528864], [-96.046816, 30.528414], [-96.046639, 30.527969], [-96.046442, 30.527743], [-96.046486, 30.527545], [-96.04695, 30.527029], [-96.047248, 30.526864], [-96.047667, 30.52698], [-96.047731, 30.527309], [-96.047623, 30.527771], [-96.04801, 30.527985], [-96.04893, 30.528057], [-96.049425, 30.527529], [-96.049933, 30.527491], [-96.050219, 30.527601], [-96.050695, 30.528079], [-96.050898, 30.528151], [-96.051, 30.527947], [-96.051374, 30.527859], [-96.051768, 30.527546], [-96.051819, 30.527392], [-96.05206, 30.527233], [-96.052358, 30.526656], [-96.053044, 30.526057], [-96.053622, 30.525925], [-96.054377, 30.525227], [-96.054644, 30.525194], [-96.055355, 30.525398], [-96.055736, 30.525315], [-96.056167, 30.524909], [-96.056637, 30.524733], [-96.056828, 30.524073], [-96.05698, 30.523931], [-96.05731, 30.523941], [-96.057685, 30.524398], [-96.057958, 30.524403], [-96.058173, 30.524249], [-96.05837, 30.523689], [-96.0587, 30.523458], [-96.059322, 30.523568], [-96.060675, 30.523573], [-96.061316, 30.52254], [-96.062008, 30.522502], [-96.062712, 30.522755], [-96.063068, 30.5227], [-96.063207, 30.522485], [-96.063207, 30.522227], [-96.063423, 30.521925], [-96.064572, 30.521249], [-96.064109, 30.520403], [-96.064166, 30.520199], [-96.064344, 30.520062], [-96.064591, 30.519974], [-96.065182, 30.520095], [-96.066458, 30.520089], [-96.068178, 30.519463], [-96.068838, 30.519007], [-96.069035, 30.518737], [-96.068489, 30.516995], [-96.068501, 30.516605], [-96.068761, 30.515902], [-96.069117, 30.515676], [-96.069625, 30.515588], [-96.070507, 30.514879], [-96.070939, 30.514654], [-96.07226, 30.514613], [-96.072538, 30.514247], [-96.072532, 30.513868], [-96.072881, 30.513621], [-96.0733, 30.513571], [-96.07389, 30.51422], [-96.074106, 30.514297], [-96.074664, 30.514099], [-96.075071, 30.513747], [-96.075502, 30.513609], [-96.075927, 30.513725], [-96.075896, 30.514258], [-96.076004, 30.51439], [-96.07622, 30.514368], [-96.076899, 30.513939], [-96.077819, 30.513923], [-96.079171, 30.514049], [-96.079628, 30.5139], [-96.08011, 30.513972], [-96.080377, 30.514186], [-96.080567, 30.514213], [-96.0823, 30.513059], [-96.082624, 30.512465], [-96.083525, 30.511377], [-96.083963, 30.51113], [-96.084407, 30.511135], [-96.085067, 30.511339], [-96.085575, 30.511294], [-96.086203, 30.51158], [-96.086483, 30.511597], [-96.086629, 30.511454], [-96.08673, 30.510954], [-96.087339, 30.510997], [-96.089288, 30.511415], [-96.089612, 30.511612], [-96.090031, 30.512156], [-96.090374, 30.5122], [-96.090685, 30.512459], [-96.091142, 30.512535], [-96.091618, 30.511914], [-96.092011, 30.511887], [-96.092855, 30.511579], [-96.093534, 30.511243], [-96.093985, 30.510875], [-96.094645, 30.510847], [-96.094715, 30.510518], [-96.094632, 30.510073], [-96.094708, 30.509891], [-96.094911, 30.509759], [-96.095425, 30.509737], [-96.095876, 30.509951], [-96.096225, 30.510001], [-96.096625, 30.51027], [-96.09679, 30.51027], [-96.097412, 30.509803], [-96.098104, 30.50944], [-96.098713, 30.509582], [-96.099722, 30.509582], [-96.100408, 30.509181], [-96.101512, 30.509169], [-96.101963, 30.5089], [-96.102362, 30.508784], [-96.102813, 30.508059], [-96.103187, 30.507828], [-96.103638, 30.507701], [-96.10433, 30.507778], [-96.104641, 30.507591], [-96.105396, 30.507569], [-96.105656, 30.50742], [-96.106106, 30.506832], [-96.107528, 30.506238], [-96.108042, 30.50587], [-96.108232, 30.505881], [-96.108607, 30.506084], [-96.108829, 30.506035], [-96.109222, 30.505166], [-96.109552, 30.505012], [-96.109946, 30.505094], [-96.110434, 30.504528], [-96.110897, 30.504215], [-96.110979, 30.503703], [-96.111519, 30.503302], [-96.111595, 30.502835], [-96.112216, 30.501983], [-96.112457, 30.501384], [-96.113771, 30.500933], [-96.114645, 30.500317], [-96.115404, 30.500152], [-96.116352, 30.499716], [-96.11666, 30.499771], [-96.116784, 30.499642], [-96.11799, 30.499257], [-96.118605, 30.498861], [-96.118929, 30.498784], [-96.119062, 30.498531], [-96.118896, 30.497811], [-96.11896, 30.497206], [-96.119473, 30.496536], [-96.120514, 30.495969], [-96.120653, 30.495645], [-96.122691, 30.496056], [-96.123624, 30.495803], [-96.124195, 30.496034], [-96.125193, 30.495869], [-96.125714, 30.495622], [-96.126196, 30.495534], [-96.12777, 30.495695], [-96.128804, 30.495591], [-96.129001, 30.495305], [-96.129033, 30.494893], [-96.129357, 30.493959], [-96.129878, 30.493756], [-96.130773, 30.493591], [-96.130938, 30.493229], [-96.132164, 30.492097], [-96.132509, 30.491911]], [[-96.121604, 30.307552], [-96.121212, 30.307705]], [[-95.981753, 30.317424], [-95.981335, 30.316342], [-95.981448, 30.315869], [-95.981308, 30.313242], [-95.980932, 30.31203], [-95.981218, 30.311841], [-95.981326, 30.311638], [-95.980756, 30.311297], [-95.980591, 30.310846], [-95.980667, 30.310682], [-95.980477, 30.310225], [-95.980514, 30.309989], [-95.980077, 30.309566], [-95.98021, 30.309363], [-95.980204, 30.309165], [-95.979811, 30.308736], [-95.979703, 30.308302], [-95.979468, 30.308072], [-95.979379, 30.307544], [-95.979493, 30.307291], [-95.979202, 30.306648], [-95.979354, 30.306423], [-95.979499, 30.30573], [-95.979683, 30.305664], [-95.979904, 30.305236], [-95.979948, 30.304054], [-95.98015, 30.303307], [-95.979903, 30.30307], [-95.979897, 30.302895], [-95.980327, 30.302504], [-95.980422, 30.301988], [-95.980282, 30.301707], [-95.980491, 30.301614], [-95.981106, 30.301795], [-95.981188, 30.301669], [-95.981061, 30.301515], [-95.981042, 30.301218], [-95.980732, 30.300932], [-95.980719, 30.300564], [-95.981035, 30.298718], [-95.981813, 30.298096], [-95.981864, 30.297915], [-95.981806, 30.296805], [-95.981926, 30.296156], [-95.981615, 30.294931], [-95.981894, 30.294453], [-95.981824, 30.29365], [-95.982147, 30.293557], [-95.982431, 30.293057], [-95.983052, 30.293067], [-95.98314, 30.29271], [-95.983432, 30.292556], [-95.983691, 30.29216], [-95.984078, 30.292281], [-95.984685, 30.291907], [-95.985274, 30.291984], [-95.985597, 30.291802], [-95.985825, 30.291478], [-95.985692, 30.291264], [-95.985742, 30.29111], [-95.986432, 30.290307], [-95.986673, 30.290203], [-95.987103, 30.29012], [-95.987369, 30.289961], [-95.988015, 30.290048], [-95.988497, 30.289927], [-95.989117, 30.289971], [-95.99001, 30.289789], [-95.99158, 30.289684], [-95.993056, 30.289343], [-95.994334, 30.288347], [-95.994796, 30.288199], [-95.995588, 30.288149], [-95.995885, 30.288044], [-95.996278, 30.287879], [-95.997101, 30.287302], [-95.997449, 30.286868], [-95.997872, 30.285642], [-95.998106, 30.284653], [-95.998118, 30.283575], [-95.998263, 30.283163], [-95.998643, 30.282795], [-95.999624, 30.282388], [-96.0002, 30.281904], [-96.000588, 30.280541], [-96.001063, 30.28014], [-96.001544, 30.280168], [-96.001949, 30.279965], [-96.002013, 30.279696], [-96.002406, 30.279278], [-96.002305, 30.278454], [-96.002115, 30.277992], [-96.002084, 30.277371], [-96.001748, 30.277124], [-96.001451, 30.276662], [-96.001958, 30.276217], [-96.002015, 30.275739], [-96.001857, 30.27514], [-96.001991, 30.274832], [-96.001902, 30.274414], [-96.002206, 30.273837], [-96.002751, 30.273535], [-96.002834, 30.273354], [-96.003042, 30.273393], [-96.003144, 30.273085], [-96.003607, 30.272508], [-96.005075, 30.272525], [-96.005481, 30.272377], [-96.006285, 30.272405], [-96.00638, 30.272207], [-96.006254, 30.271789], [-96.006393, 30.271647], [-96.006887, 30.271476], [-96.006741, 30.271295], [-96.006754, 30.271158], [-96.007109, 30.270872], [-96.007242, 30.270394], [-96.007464, 30.27046], [-96.007616, 30.270356], [-96.00754, 30.270004], [-96.00761, 30.269861], [-96.008224, 30.269691], [-96.008768, 30.269961], [-96.009205, 30.269955], [-96.009465, 30.269856], [-96.010022, 30.270049], [-96.010357, 30.270241], [-96.01042, 30.270472], [-96.010996, 30.2705], [-96.010964, 30.271126], [-96.011034, 30.271324], [-96.011218, 30.271341], [-96.011876, 30.27077], [-96.012529, 30.27049], [-96.013048, 30.270078], [-96.013295, 30.270001], [-96.013612, 30.269336], [-96.013802, 30.269303], [-96.014099, 30.269397], [-96.013923, 30.268446], [-96.014537, 30.267891], [-96.014651, 30.267451], [-96.014563, 30.267281], [-96.014271, 30.267165], [-96.014227, 30.266968], [-96.015152, 30.266451], [-96.015829, 30.2666], [-96.01738, 30.266623], [-96.017823, 30.266837], [-96.018463, 30.266595], [-96.019976, 30.266354], [-96.021109, 30.266607], [-96.021673, 30.266849], [-96.022667, 30.26691], [-96.023262, 30.266833], [-96.023306, 30.26652], [-96.023446, 30.266388], [-96.023667, 30.266355], [-96.023882, 30.26663], [-96.024167, 30.266597], [-96.024224, 30.266966], [-96.024566, 30.2674], [-96.025465, 30.267356], [-96.026047, 30.267494], [-96.026168, 30.267406], [-96.026111, 30.26707], [-96.026294, 30.266829], [-96.02651, 30.266807], [-96.026529, 30.267109], [-96.02675, 30.267181], [-96.02713, 30.266791], [-96.027801, 30.266593], [-96.027998, 30.26617], [-96.028276, 30.266049], [-96.028739, 30.265615], [-96.029252, 30.265593], [-96.02998, 30.265154], [-96.030404, 30.265033]], [[-95.916585, 30.815245], [-95.915387, 30.816048], [-95.914891, 30.815954], [-95.9137, 30.816031], [-95.913465, 30.816147], [-95.913184, 30.81596], [-95.912904, 30.816092], [-95.912739, 30.816004], [-95.912516, 30.816059], [-95.912299, 30.815976], [-95.912038, 30.816174], [-95.911868, 30.816162], [-95.911108, 30.81719], [-95.910847, 30.817218], [-95.910542, 30.817421], [-95.910452, 30.817707], [-95.910223, 30.817927], [-95.909497, 30.818295], [-95.909179, 30.818273], [-95.908956, 30.818432], [-95.908466, 30.81852], [-95.907962, 30.819168], [-95.907542, 30.819322], [-95.907281, 30.819888], [-95.906803, 30.820113], [-95.906644, 30.820553], [-95.906886, 30.820817], [-95.907376, 30.820927], [-95.907886, 30.821202], [-95.907847, 30.822119], [-95.907694, 30.822663], [-95.907395, 30.823042], [-95.907439, 30.82324], [-95.90721, 30.823482], [-95.907076, 30.823834], [-95.906624, 30.823971], [-95.9067, 30.824141], [-95.906624, 30.824367], [-95.906815, 30.824537], [-95.906331, 30.825065], [-95.906324, 30.825339], [-95.906057, 30.825416], [-95.905732, 30.825334], [-95.90563, 30.825405], [-95.905713, 30.825565], [-95.906019, 30.825751], [-95.905974, 30.825878], [-95.90577, 30.825927], [-95.905484, 30.82585], [-95.905235, 30.825933], [-95.905006, 30.82579], [-95.904821, 30.825806], [-95.904739, 30.82618], [-95.904382, 30.826185], [-95.904255, 30.82629], [-95.904414, 30.826597], [-95.904356, 30.826751], [-95.903955, 30.826724], [-95.903293, 30.827037], [-95.903089, 30.826971], [-95.903, 30.826603], [-95.902758, 30.826619], [-95.902109, 30.826416], [-95.901809, 30.826476], [-95.901548, 30.826668], [-95.901459, 30.82702], [-95.901109, 30.826794], [-95.900828, 30.826915], [-95.900491, 30.826888], [-95.900344, 30.82702], [-95.900242, 30.827338], [-95.899421, 30.827646], [-95.898115, 30.828333], [-95.897924, 30.828942], [-95.897675, 30.82941], [-95.897465, 30.829492], [-95.897421, 30.829739], [-95.897312, 30.829778], [-95.897287, 30.829596], [-95.897153, 30.829536], [-95.896937, 30.829613], [-95.896752, 30.829503], [-95.896166, 30.829514], [-95.895905, 30.829887], [-95.895886, 30.830222], [-95.895758, 30.830272], [-95.895561, 30.830178], [-95.895382, 30.830321], [-95.894943, 30.830338], [-95.894854, 30.830447], [-95.894937, 30.830634], [-95.894682, 30.83064], [-95.894624, 30.830909], [-95.894153, 30.831085], [-95.893408, 30.831035], [-95.89286, 30.831123], [-95.892147, 30.831381], [-95.891797, 30.831766], [-95.891472, 30.831623], [-95.890905, 30.831826], [-95.890459, 30.832106], [-95.88972, 30.832232], [-95.88881, 30.83188], [-95.888727, 30.832369], [-95.888338, 30.832501], [-95.888166, 30.832682], [-95.888357, 30.833281], [-95.887739, 30.833199], [-95.887867, 30.833556], [-95.88758, 30.83366], [-95.887484, 30.833918], [-95.887611, 30.834556], [-95.886924, 30.83455], [-95.886879, 30.834792], [-95.886968, 30.83499], [-95.886739, 30.835281], [-95.887101, 30.835424], [-95.886745, 30.83599], [-95.886687, 30.835748], [-95.886452, 30.835962], [-95.886146, 30.835676], [-95.88593, 30.835797], [-95.885878, 30.83649], [-95.885662, 30.836748], [-95.885744, 30.836913], [-95.885445, 30.837012], [-95.885661, 30.837237], [-95.885502, 30.837341], [-95.885387, 30.837638], [-95.88554, 30.83832], [-95.885763, 30.838671], [-95.885788, 30.839001], [-95.886253, 30.839144], [-95.886437, 30.839403], [-95.886405, 30.839617], [-95.886144, 30.839958], [-95.886201, 30.840238], [-95.886131, 30.840496], [-95.886226, 30.84082], [-95.885609, 30.841007], [-95.885787, 30.84143], [-95.885589, 30.841672], [-95.885768, 30.841804], [-95.885742, 30.841947], [-95.886092, 30.841908], [-95.886226, 30.841991], [-95.886111, 30.842535], [-95.886608, 30.842475], [-95.886671, 30.842859], [-95.886588, 30.843222], [-95.887149, 30.843651], [-95.886747, 30.84414], [-95.88683, 30.844409], [-95.886779, 30.844596], [-95.886518, 30.844783], [-95.886307, 30.846272], [-95.886797, 30.847712], [-95.886866, 30.848432], [-95.886726, 30.848822], [-95.886898, 30.849141], [-95.886879, 30.849674], [-95.887401, 30.849866], [-95.887426, 30.850092], [-95.887216, 30.85057], [-95.887579, 30.850938], [-95.887623, 30.851125], [-95.887037, 30.851268], [-95.886801, 30.85174], [-95.886432, 30.852026], [-95.886565, 30.852202], [-95.887056, 30.852284], [-95.887317, 30.852444], [-95.887655, 30.852389], [-95.887635, 30.85268], [-95.888145, 30.852878], [-95.888202, 30.853038], [-95.887367, 30.853576], [-95.887106, 30.854131], [-95.886634, 30.854504], [-95.886367, 30.854861], [-95.88601, 30.854988], [-95.88601, 30.855296], [-95.885309, 30.855581], [-95.885232, 30.855922], [-95.884895, 30.856334], [-95.884914, 30.85662], [-95.884595, 30.856916], [-95.884378, 30.857284], [-95.884104, 30.857427], [-95.88404, 30.857784], [-95.883435, 30.857938], [-95.883403, 30.858438], [-95.883212, 30.858872], [-95.882371, 30.859647], [-95.882542, 30.860064]]]}},
    {"type": "Feature", "properties": {"name": "Sand Branch", "Type": "Creek or other stream"}, "geometry": {"type": "LineString", "coordinates": [[-95.842629, 30.697959], [-95.84395, 30.698145], [-95.844325, 30.698123], [-95.845063, 30.698276], [-95.845229, 30.698485], [-95.846405, 30.698974], [-95.84659, 30.698974], [-95.847595, 30.699473], [-95.847824, 30.699946], [-95.847799, 30.700204], [-95.848002, 30.700342], [-95.847945, 30.70043], [-95.848301, 30.700545], [-95.848556, 30.701056], [-95.848919, 30.70143], [-95.850038, 30.701534], [-95.850356, 30.701825], [-95.850591, 30.701654], [-95.851851, 30.701429], [-95.852111, 30.701571], [-95.852436, 30.702011], [-95.853269, 30.702538], [-95.853524, 30.702582], [-95.853689, 30.702505], [-95.853778, 30.702571], [-95.85402, 30.702505], [-95.854471, 30.702741], [-95.854478, 30.703302], [-95.854688, 30.703422], [-95.854815, 30.703263], [-95.855051, 30.703345], [-95.855248, 30.703571], [-95.855839, 30.703933], [-95.85598, 30.704263], [-95.856012, 30.704741], [-95.856374, 30.704889], [-95.856317, 30.705323], [-95.856502, 30.705549], [-95.856235, 30.705664], [-95.856508, 30.70601], [-95.856833, 30.706235], [-95.857284, 30.706378], [-95.857374, 30.706345], [-95.85731, 30.706197], [-95.857609, 30.706109], [-95.858035, 30.706246], [-95.858194, 30.706169], [-95.858366, 30.706317], [-95.858442, 30.706526], [-95.858366, 30.707037], [-95.858735, 30.707339], [-95.858933, 30.707801], [-95.858933, 30.708175], [-95.859645, 30.708565], [-95.860333, 30.709515], [-95.860486, 30.710048], [-95.86139, 30.710998], [-95.861485, 30.711317], [-95.861396, 30.711641], [-95.86076, 30.712202], [-95.860735, 30.712603], [-95.861219, 30.712977], [-95.861575, 30.713394], [-95.862046, 30.713411], [-95.862326, 30.713641], [-95.862625, 30.713432], [-95.862517, 30.714581], [-95.86225, 30.714587], [-95.862219, 30.715312], [-95.862531, 30.715922], [-95.862932, 30.716411], [-95.862919, 30.716548], [-95.862697, 30.716587], [-95.862716, 30.716768], [-95.863505, 30.717081], [-95.863683, 30.717471], [-95.864084, 30.717812], [-95.864224, 30.718103], [-95.864511, 30.718295], [-95.864855, 30.718977], [-95.865421, 30.719784], [-95.865333, 30.720614], [-95.865715, 30.720834], [-95.866141, 30.721499], [-95.865594, 30.721938], [-95.865627, 30.72284], [-95.865163, 30.723159], [-95.865182, 30.723609], [-95.864826, 30.724137], [-95.865437, 30.724807], [-95.865279, 30.72578], [-95.865546, 30.726154], [-95.865502, 30.726456], [-95.865585, 30.72667], [-95.865477, 30.726879], [-95.865642, 30.727176], [-95.864886, 30.727852], [-95.864116, 30.727995], [-95.864033, 30.728358], [-95.863906, 30.72849], [-95.863658, 30.728347], [-95.863614, 30.728501], [-95.863728, 30.728897], [-95.863907, 30.729056], [-95.864314, 30.729166], [-95.864428, 30.729358], [-95.864193, 30.729501], [-95.864009, 30.729397], [-95.863831, 30.729457], [-95.863716, 30.729958], [-95.863863, 30.730485], [-95.863157, 30.730568], [-95.862992, 30.730733], [-95.862947, 30.730964], [-95.86324, 30.731519], [-95.863081, 30.73176], [-95.862795, 30.731931], [-95.862751, 30.732365], [-95.863228, 30.732266], [-95.863349, 30.732579], [-95.863903, 30.733337], [-95.864208, 30.732936], [-95.864374, 30.732969], [-95.864501, 30.733392], [-95.865004, 30.73387], [-95.864947, 30.734304], [-95.865195, 30.734936], [-95.865291, 30.734985], [-95.86545, 30.734859], [-95.865596, 30.734875], [-95.865991, 30.735155], [-95.865972, 30.735375], [-95.865527, 30.735507], [-95.866049, 30.73598], [-95.866748, 30.73582], [-95.866952, 30.736249], [-95.866711, 30.736436], [-95.866692, 30.736617], [-95.867188, 30.73676], [-95.867322, 30.737018], [-95.867118, 30.737386], [-95.866692, 30.737227], [-95.866527, 30.737551], [-95.86598, 30.737469], [-95.86605, 30.737876], [-95.866476, 30.738035], [-95.866585, 30.738227], [-95.86654, 30.738337], [-95.866088, 30.738535], [-95.866152, 30.738964], [-95.865841, 30.738986], [-95.865637, 30.739162], [-95.865236, 30.739014], [-95.864619, 30.739305], [-95.864683, 30.739421], [-95.864581, 30.73963], [-95.864652, 30.740014], [-95.864537, 30.740267], [-95.864582, 30.740498], [-95.864735, 30.740701], [-95.865272, 30.740834], [-95.865428, 30.740987], [-95.865142, 30.741218], [-95.864811, 30.741157], [-95.864659, 30.741262], [-95.864481, 30.741647], [-95.864188, 30.741943], [-95.864233, 30.742323], [-95.863515, 30.743032], [-95.863623, 30.743384], [-95.863572, 30.743851], [-95.863935, 30.744026], [-95.864419, 30.744757], [-95.863758, 30.745582], [-95.863809, 30.745966], [-95.863657, 30.746439], [-95.864032, 30.746807], [-95.863873, 30.747016], [-95.864281, 30.748055], [-95.864459, 30.748153], [-95.864758, 30.748021], [-95.864473, 30.748829], [-95.864829, 30.749038], [-95.865122, 30.748824], [-95.865389, 30.748856], [-95.86544, 30.748615], [-95.86558, 30.74856], [-95.866051, 30.748889], [-95.866127, 30.749164], [-95.865981, 30.749378], [-95.866115, 30.749571], [-95.866414, 30.749598], [-95.867565, 30.749295], [-95.867597, 30.749432], [-95.868189, 30.749916], [-95.868177, 30.750554], [-95.86784, 30.750785], [-95.867935, 30.751197], [-95.867229, 30.751994], [-95.867376, 30.75222], [-95.867853, 30.752329], [-95.868032, 30.752511], [-95.868286, 30.752093], [-95.868477, 30.752082], [-95.868878, 30.752137], [-95.86903, 30.752318], [-95.869444, 30.752351], [-95.86973, 30.752537]]}},
    {"type": "Feature", "properties": {"name": "Sand Creek", "Type": "Creek or other stream"}, "geometry": {"type": "LineString", "coordinates": [[-95.916336, 30.373315], [-95.915486, 30.372985], [-95.915404, 30.372803], [-95.914764, 30.372781], [-95.914288, 30.372907], [-95.91387, 30.373133], [-95.913274, 30.373177], [-95.91285, 30.37333], [-95.912507, 30.373589], [-95.911771, 30.373567], [-95.91155, 30.373336], [-95.91098, 30.373297], [-95.910866, 30.373446], [-95.911018, 30.373808], [-95.910821, 30.374001], [-95.910536, 30.373748], [-95.90989, 30.373913], [-95.908742, 30.373489], [-95.908223, 30.373742], [-95.907741, 30.373731], [-95.907392, 30.374], [-95.907151, 30.373841], [-95.906911, 30.373874], [-95.906682, 30.374149], [-95.906232, 30.373753], [-95.906125, 30.373725], [-95.905618, 30.373945], [-95.905383, 30.373791], [-95.905091, 30.37378], [-95.905053, 30.37367], [-95.904553, 30.373357], [-95.904204, 30.373527], [-95.903919, 30.37345], [-95.903589, 30.373533], [-95.903406, 30.373478], [-95.902772, 30.373615], [-95.902379, 30.373411], [-95.902449, 30.373126], [-95.902189, 30.372983], [-95.901732, 30.373224], [-95.901669, 30.373378], [-95.901986, 30.373576], [-95.901935, 30.373878], [-95.901764, 30.374076], [-95.901871, 30.374373], [-95.901643, 30.374422], [-95.901555, 30.374241], [-95.901307, 30.374159], [-95.901028, 30.374406], [-95.901149, 30.374675], [-95.90099, 30.374807], [-95.899983, 30.374697], [-95.899754, 30.374389], [-95.899444, 30.374252], [-95.8994, 30.374103], [-95.899786, 30.373504], [-95.899539, 30.373405], [-95.899279, 30.373642], [-95.899019, 30.373674], [-95.898943, 30.373548], [-95.899019, 30.373389], [-95.898817, 30.373339], [-95.898702, 30.373449], [-95.898309, 30.373542], [-95.898037, 30.373509], [-95.897993, 30.373581], [-95.898271, 30.373867], [-95.898208, 30.373955], [-95.898385, 30.374043], [-95.89829, 30.374191], [-95.897777, 30.374191], [-95.897625, 30.374378], [-95.897346, 30.374119], [-95.897061, 30.374037], [-95.896211, 30.374152], [-95.895628, 30.374317], [-95.895482, 30.374443], [-95.895596, 30.374806], [-95.895349, 30.374861], [-95.895191, 30.374795], [-95.894912, 30.37496], [-95.894696, 30.374839], [-95.894861, 30.374586], [-95.894589, 30.374344], [-95.894234, 30.374283], [-95.894006, 30.373734], [-95.893499, 30.373921], [-95.893308, 30.373772], [-95.892884, 30.373783], [-95.892199, 30.37347], [-95.892136, 30.373629], [-95.892282, 30.373871], [-95.892478, 30.373953], [-95.892389, 30.37414], [-95.892015, 30.373843], [-95.891641, 30.373832], [-95.891065, 30.373656], [-95.890919, 30.373733], [-95.89071, 30.374184], [-95.890355, 30.37398], [-95.890342, 30.373667], [-95.890146, 30.373452], [-95.890577, 30.373299], [-95.890583, 30.373139], [-95.890368, 30.373035], [-95.889835, 30.373106], [-95.889854, 30.373365], [-95.889696, 30.373496], [-95.889303, 30.373238], [-95.888808, 30.373337], [-95.888181, 30.372886], [-95.887908, 30.372864], [-95.887674, 30.373138], [-95.887357, 30.373204], [-95.887331, 30.373507], [-95.887129, 30.373507], [-95.886939, 30.373303], [-95.886888, 30.372759], [-95.886635, 30.372319], [-95.886153, 30.372193], [-95.885849, 30.372451], [-95.885665, 30.372401], [-95.885862, 30.371346], [-95.885158, 30.371439], [-95.884955, 30.37156], [-95.88474, 30.371505], [-95.88422, 30.37189], [-95.883618, 30.371609], [-95.883301, 30.371285], [-95.882908, 30.371246], [-95.882959, 30.371071], [-95.883276, 30.370895], [-95.883409, 30.370444], [-95.883232, 30.370312], [-95.88301, 30.370312], [-95.882586, 30.370092], [-95.882446, 30.37018], [-95.88211, 30.370125], [-95.881286, 30.369658], [-95.880995, 30.369597], [-95.880266, 30.37041], [-95.880151, 30.3708], [-95.879809, 30.370822], [-95.879517, 30.37102], [-95.879074, 30.371042], [-95.878738, 30.37119], [-95.878364, 30.371113], [-95.878066, 30.371377], [-95.877248, 30.371723], [-95.876867, 30.372244], [-95.876493, 30.372255], [-95.876297, 30.372618], [-95.876347, 30.372904], [-95.876176, 30.373135], [-95.875675, 30.372942], [-95.875492, 30.372728], [-95.875244, 30.372821], [-95.875098, 30.373085], [-95.874839, 30.373113], [-95.874338, 30.372943], [-95.874287, 30.372794], [-95.874147, 30.372728], [-95.873774, 30.372772], [-95.872842, 30.373367], [-95.872906, 30.373619], [-95.872621, 30.373674], [-95.872779, 30.373977], [-95.872646, 30.374109], [-95.872462, 30.374065], [-95.872202, 30.373735], [-95.872088, 30.373713], [-95.871416, 30.37384], [-95.871239, 30.374071], [-95.87077, 30.374373], [-95.870567, 30.374412], [-95.870187, 30.374297], [-95.869946, 30.374374], [-95.869864, 30.37444], [-95.869889, 30.374649], [-95.870099, 30.374962], [-95.87001, 30.375149], [-95.868349, 30.375485], [-95.868159, 30.375859], [-95.867709, 30.375848], [-95.867621, 30.375914], [-95.867728, 30.376249], [-95.867678, 30.376469], [-95.867431, 30.376486], [-95.866746, 30.377041], [-95.866195, 30.377195], [-95.866043, 30.37747], [-95.866227, 30.377855], [-95.865657, 30.378448], [-95.865036, 30.378625], [-95.865201, 30.37907], [-95.865157, 30.379224], [-95.864808, 30.379224], [-95.864637, 30.378955], [-95.864408, 30.378878], [-95.863521, 30.379158], [-95.862431, 30.380115], [-95.862108, 30.380055], [-95.861861, 30.380192], [-95.860498, 30.380116], [-95.860346, 30.380303], [-95.860372, 30.38083], [-95.860276, 30.380946], [-95.859516, 30.380715], [-95.859256, 30.380429], [-95.858666, 30.380215], [-95.858463, 30.379831], [-95.857569, 30.378792], [-95.857233, 30.378468], [-95.856947, 30.378408], [-95.856257, 30.378661], [-95.848885, 30.380251], [-95.84564, 30.380467], [-95.84133, 30.382782], [-95.840246, 30.382914], [-95.839701, 30.382875], [-95.838629, 30.38304], [-95.837856, 30.383502], [-95.834705, 30.383794], [-95.834198, 30.383613], [-95.833989, 30.383635], [-95.833894, 30.383486], [-95.833653, 30.383547], [-95.833463, 30.383179], [-95.833526, 30.382838], [-95.833272, 30.382223], [-95.833171, 30.382151], [-95.832949, 30.382283], [-95.832772, 30.382223], [-95.832537, 30.381519]]}},
    {"type": "Feature", "properties": {"name": "Sandy Branch", "Type": "Creek or other stream"}, "geometry": {"type": "LineString", "coordinates": [[-96.158465, 30.631233], [-96.158071, 30.630711], [-96.157321, 30.630183], [-96.156858, 30.62959], [-96.156883, 30.629183], [-96.156743, 30.628782], [-96.156991, 30.628419], [-96.157131, 30.627985], [-96.157748, 30.627078], [-96.158263, 30.626787], [-96.158416, 30.62554], [-96.158613, 30.625089], [-96.159534, 30.624625], [-96.159706, 30.62462], [-96.159814, 30.624433], [-96.159795, 30.623988], [-96.160088, 30.623719], [-96.160412, 30.623724], [-96.160456, 30.623477], [-96.161193, 30.623554], [-96.161899, 30.623346], [-96.162242, 30.623417], [-96.162617, 30.623648], [-96.162884, 30.623522], [-96.163119, 30.623533], [-96.163863, 30.62317], [-96.164053, 30.623209], [-96.164212, 30.623027], [-96.164511, 30.623006], [-96.164587, 30.623093], [-96.165439, 30.622967], [-96.165661, 30.623094], [-96.166093, 30.623138], [-96.166093, 30.623352], [-96.166303, 30.623621], [-96.166938, 30.623479], [-96.16711, 30.623792], [-96.16709, 30.624204], [-96.168133, 30.624067], [-96.168349, 30.624139], [-96.168724, 30.624452], [-96.169505, 30.624623], [-96.169588, 30.624787], [-96.169753, 30.624765], [-96.169925, 30.624414], [-96.170185, 30.624177], [-96.170573, 30.624161], [-96.170681, 30.624925], [-96.170853, 30.625086], [-96.171577, 30.624595], [-96.171857, 30.624683], [-96.172174, 30.62459], [-96.172359, 30.624722], [-96.17281, 30.624827], [-96.173977, 30.624113]]}},
    {"type": "Feature", "properties": {"name": "Sandy Creek", "Type": "Creek or other stream"}, "geometry": {"type": "LineString", "coordinates": [[-96.018674, 30.403852], [-96.019048, 30.403615], [-96.020544, 30.403264], [-96.021292, 30.403396], [-96.02192, 30.402995], [-96.022751, 30.402963], [-96.023163, 30.402996], [-96.023892, 30.403331], [-96.024088, 30.403628], [-96.024405, 30.40376], [-96.024804, 30.404084], [-96.025083, 30.403985], [-96.025514, 30.403997], [-96.025926, 30.404112], [-96.026015, 30.404348], [-96.026212, 30.404431], [-96.026979, 30.404371], [-96.02741, 30.404261], [-96.027524, 30.404085], [-96.027993, 30.403876], [-96.028139, 30.403547], [-96.028666, 30.403475], [-96.028957, 30.403058], [-96.029294, 30.402833], [-96.029503, 30.402816], [-96.030416, 30.403141], [-96.031893, 30.401905], [-96.032071, 30.401624], [-96.032578, 30.401427], [-96.033314, 30.400784], [-96.033948, 30.400559], [-96.034189, 30.400262], [-96.034164, 30.400075], [-96.033764, 30.399811], [-96.033853, 30.399405], [-96.03379, 30.398998], [-96.034056, 30.398547], [-96.034056, 30.398053], [-96.034234, 30.397679], [-96.034462, 30.397459], [-96.034849, 30.397355], [-96.035394, 30.396514], [-96.035344, 30.396184], [-96.035147, 30.395882], [-96.035179, 30.395525], [-96.035382, 30.395069], [-96.035731, 30.394811], [-96.035947, 30.39347], [-96.036492, 30.392321], [-96.03712, 30.391799], [-96.037139, 30.391514], [-96.037279, 30.391343], [-96.037494, 30.391266], [-96.037551, 30.391052], [-96.037685, 30.390986], [-96.037849, 30.391085], [-96.038033, 30.390997], [-96.038255, 30.391102], [-96.038845, 30.390756], [-96.039403, 30.390734], [-96.039783, 30.390212], [-96.040398, 30.390107], [-96.040652, 30.389959], [-96.040595, 30.389822], [-96.041229, 30.38947], [-96.041507, 30.38952], [-96.041641, 30.389448], [-96.041882, 30.389217], [-96.04204, 30.388756], [-96.042344, 30.38864], [-96.042579, 30.388717], [-96.042801, 30.388668], [-96.042845, 30.388184], [-96.043074, 30.387937], [-96.043036, 30.387387], [-96.04322, 30.387036], [-96.043391, 30.386887], [-96.044044, 30.386739], [-96.044202, 30.386563], [-96.044228, 30.386354], [-96.043866, 30.386376], [-96.043803, 30.386233], [-96.044234, 30.386085], [-96.044266, 30.38581], [-96.043974, 30.385712], [-96.043961, 30.385635], [-96.044652, 30.38514], [-96.044551, 30.385047], [-96.044164, 30.384975], [-96.044798, 30.384151], [-96.044811, 30.384002], [-96.044596, 30.383794], [-96.044887, 30.383261], [-96.044932, 30.383063], [-96.044843, 30.382898], [-96.045078, 30.382326], [-96.045249, 30.38215], [-96.045458, 30.382101], [-96.045743, 30.382359], [-96.045946, 30.38237], [-96.046301, 30.382002], [-96.046441, 30.38198], [-96.046542, 30.3822], [-96.046846, 30.382332], [-96.046998, 30.382206], [-96.046865, 30.381826], [-96.047556, 30.381585], [-96.047823, 30.381222], [-96.047747, 30.380892], [-96.047823, 30.380782], [-96.048349, 30.380552], [-96.048723, 30.380909], [-96.049033, 30.380865], [-96.049002, 30.38037], [-96.049331, 30.380255], [-96.049344, 30.380068], [-96.049585, 30.379958], [-96.049915, 30.379519], [-96.050441, 30.37931], [-96.050669, 30.378909], [-96.050523, 30.378683], [-96.050815, 30.378568], [-96.051068, 30.377749], [-96.051575, 30.377359], [-96.051094, 30.377244], [-96.051487, 30.376661], [-96.051861, 30.376386], [-96.052, 30.376073], [-96.05195, 30.375908], [-96.051703, 30.375892], [-96.051582, 30.375782], [-96.051671, 30.375573], [-96.052203, 30.375276], [-96.052608, 30.37478], [-96.053857, 30.374121], [-96.054624, 30.374193], [-96.054605, 30.374599], [-96.054909, 30.374737], [-96.055606, 30.374401], [-96.056056, 30.37444], [-96.05624, 30.374242], [-96.056507, 30.374149], [-96.057286, 30.37411], [-96.057362, 30.373973], [-96.057305, 30.37361], [-96.058117, 30.373198], [-96.058205, 30.372852], [-96.058446, 30.372737], [-96.05863, 30.372731], [-96.059118, 30.372968], [-96.059226, 30.372951], [-96.059346, 30.372759], [-96.05953, 30.372748], [-96.059834, 30.373017], [-96.060208, 30.372973], [-96.060411, 30.373325], [-96.060525, 30.373352], [-96.060785, 30.373188], [-96.061102, 30.373127], [-96.061799, 30.372655], [-96.062439, 30.372479], [-96.06287, 30.37249], [-96.063054, 30.372297], [-96.063162, 30.371902], [-96.063371, 30.371709], [-96.063973, 30.371644], [-96.064493, 30.371385], [-96.064702, 30.371501], [-96.065564, 30.371429], [-96.065672, 30.371314], [-96.065704, 30.371001], [-96.066857, 30.37033], [-96.067294, 30.370193], [-96.067535, 30.370001], [-96.067706, 30.369638], [-96.067928, 30.369434], [-96.068239, 30.369358], [-96.068613, 30.369072], [-96.068397, 30.36883], [-96.068448, 30.368671], [-96.068993, 30.368363], [-96.069145, 30.36816], [-96.06879, 30.367648], [-96.069012, 30.367308], [-96.06886, 30.366967], [-96.068873, 30.366659], [-96.069259, 30.366033], [-96.069747, 30.365648], [-96.069995, 30.365258], [-96.070134, 30.365219], [-96.070413, 30.365604], [-96.070546, 30.365571], [-96.070609, 30.365192], [-96.070933, 30.365071], [-96.070559, 30.364818], [-96.07059, 30.36462], [-96.07137, 30.364653], [-96.071712, 30.364406], [-96.071795, 30.363917], [-96.072302, 30.364098], [-96.072961, 30.363884], [-96.073157, 30.363681], [-96.073138, 30.36329], [-96.07355, 30.363158], [-96.073632, 30.363054], [-96.073334, 30.36262], [-96.073366, 30.362213], [-96.07367, 30.362246], [-96.074146, 30.362087], [-96.074317, 30.361883], [-96.074887, 30.361713], [-96.075115, 30.361427], [-96.075736, 30.361713], [-96.075838, 30.361543], [-96.075831, 30.360971], [-96.076104, 30.360944], [-96.07644, 30.360729], [-96.076655, 30.360938], [-96.076858, 30.360977], [-96.076877, 30.360542], [-96.077333, 30.360119], [-96.077581, 30.36002], [-96.077859, 30.35957], [-96.078119, 30.358328], [-96.078645, 30.356756], [-96.079982, 30.353964], [-96.080109, 30.353002], [-96.079994, 30.352452], [-96.080267, 30.351617], [-96.080197, 30.351287], [-96.080457, 30.351078], [-96.080406, 30.350743], [-96.081629, 30.350666], [-96.082332, 30.349644], [-96.083093, 30.34916], [-96.083593, 30.34866], [-96.083802, 30.347726], [-96.084303, 30.346846], [-96.084404, 30.346429], [-96.084271, 30.345269], [-96.084505, 30.344379], [-96.084917, 30.344197], [-96.085025, 30.343994], [-96.085177, 30.343934], [-96.08569, 30.343939], [-96.085969, 30.343549], [-96.086381, 30.343197], [-96.08671, 30.342312], [-96.087534, 30.341724], [-96.087838, 30.341042], [-96.087806, 30.340515], [-96.087983, 30.339872], [-96.087837, 30.339586], [-96.087484, 30.339319], [-96.087364, 30.338835], [-96.087589, 30.338724], [-96.087641, 30.338299], [-96.087947, 30.337713], [-96.087898, 30.337509], [-96.08808, 30.337157], [-96.088407, 30.336772], [-96.088965, 30.336569], [-96.089313, 30.336294], [-96.08963, 30.335387], [-96.090244, 30.334628], [-96.090453, 30.334222], [-96.091163, 30.333776], [-96.091644, 30.33376], [-96.092259, 30.333452], [-96.092207, 30.331078], [-96.092106, 30.330666], [-96.091491, 30.33027], [-96.091105, 30.329808], [-96.090794, 30.328341], [-96.088785, 30.326292], [-96.087955, 30.325291], [-96.087714, 30.324775], [-96.087252, 30.324445], [-96.086846, 30.323951], [-96.086643, 30.323335], [-96.086814, 30.322698], [-96.086694, 30.322373], [-96.086744, 30.321818], [-96.086491, 30.321203], [-96.086491, 30.320648], [-96.086358, 30.320362], [-96.086085, 30.320203], [-96.085661, 30.320181], [-96.085192, 30.320565], [-96.08435, 30.320681], [-96.083957, 30.321055], [-96.08359, 30.321077], [-96.082988, 30.320945], [-96.082456, 30.321038], [-96.082025, 30.32122], [-96.081898, 30.321115], [-96.08174, 30.320681], [-96.081068, 30.320687], [-96.080903, 30.320374]]}},
    {"type": "Feature", "properties": {"name": "Simes Creek", "Type": "Creek or other stream"}, "geometry": {"type": "MultiLineString", "coordinates": [[[-95.962714, 30.77901], [-95.962428, 30.779282], [-95.961838, 30.779617], [-95.960946, 30.779844], [-95.959807, 30.780305], [-95.958967, 30.780816], [-95.958235, 30.780992], [-95.958076, 30.780948], [-95.957822, 30.781069], [-95.957516, 30.781047], [-95.956154, 30.780794], [-95.95555, 30.780921], [-95.95527, 30.781168], [-95.954983, 30.78119], [-95.953583, 30.780663], [-95.953532, 30.781179], [-95.953144, 30.781339], [-95.95301, 30.781592], [-95.952787, 30.78168], [-95.952017, 30.781603], [-95.951712, 30.781306], [-95.951374, 30.781229], [-95.950833, 30.78163], [-95.950101, 30.781944], [-95.949872, 30.782136], [-95.9493, 30.782312], [-95.949096, 30.782757], [-95.948771, 30.782894], [-95.948491, 30.783285], [-95.948313, 30.783268], [-95.947861, 30.782917], [-95.947619, 30.783005], [-95.947301, 30.783384], [-95.947314, 30.78379], [-95.946837, 30.783878], [-95.946773, 30.784049], [-95.946226, 30.784543], [-95.945385, 30.784587], [-95.944743, 30.784813], [-95.944653, 30.785016], [-95.944908, 30.78512], [-95.944819, 30.785313], [-95.945074, 30.785747], [-95.944622, 30.785912], [-95.944444, 30.786143], [-95.944062, 30.786154], [-95.943832, 30.786269], [-95.943584, 30.786736], [-95.943432, 30.786714], [-95.943151, 30.786341], [-95.942808, 30.786192], [-95.942483, 30.786231], [-95.942025, 30.786489], [-95.941656, 30.786456], [-95.941471, 30.786758], [-95.941108, 30.786484], [-95.940796, 30.786643], [-95.939562, 30.787879], [-95.939205, 30.787671], [-95.938556, 30.788006], [-95.938384, 30.787934], [-95.938269, 30.787753], [-95.938053, 30.787902], [-95.937302, 30.787764], [-95.937175, 30.787814], [-95.936424, 30.78877], [-95.935844, 30.78866], [-95.935622, 30.788726], [-95.935469, 30.788566], [-95.935144, 30.789479], [-95.935271, 30.789622], [-95.935863, 30.789885], [-95.935921, 30.790089], [-95.935125, 30.790424], [-95.934247, 30.790512], [-95.934208, 30.790891], [-95.933527, 30.791221], [-95.933063, 30.791902], [-95.932916, 30.792573], [-95.932948, 30.792968], [-95.932063, 30.793348], [-95.931598, 30.793996], [-95.931726, 30.794666], [-95.931166, 30.795205], [-95.931051, 30.795743], [-95.930796, 30.796249], [-95.930847, 30.796848], [-95.930663, 30.797442], [-95.930765, 30.79803], [-95.930503, 30.798403], [-95.930535, 30.798552], [-95.931076, 30.799035], [-95.931446, 30.79987], [-95.931446, 30.800096], [-95.931089, 30.800503], [-95.930726, 30.800607], [-95.930701, 30.801052], [-95.930185, 30.801382], [-95.930121, 30.801574], [-95.930191, 30.801733], [-95.930682, 30.801766], [-95.93058, 30.802283], [-95.93079, 30.802734], [-95.931127, 30.802975], [-95.93086, 30.80347], [-95.93107, 30.803745], [-95.93114, 30.804201], [-95.930955, 30.804657], [-95.930586, 30.804679], [-95.930382, 30.805196], [-95.930032, 30.805481], [-95.929816, 30.806597], [-95.929058, 30.806916], [-95.928905, 30.807245], [-95.92858, 30.807042], [-95.928428, 30.807102], [-95.927842, 30.807982], [-95.927918, 30.808163], [-95.928345, 30.808306], [-95.9283, 30.808608], [-95.928682, 30.808537], [-95.928924, 30.808229], [-95.929083, 30.808256], [-95.929376, 30.808504], [-95.929141, 30.808894], [-95.929262, 30.80935], [-95.929045, 30.809476], [-95.929007, 30.80963], [-95.929204, 30.809779], [-95.929185, 30.810163], [-95.929421, 30.810422], [-95.929637, 30.8109], [-95.929427, 30.81101], [-95.929001, 30.8109], [-95.928606, 30.811317], [-95.92823, 30.811477], [-95.928122, 30.811691], [-95.928154, 30.812021], [-95.928485, 30.812087], [-95.92851, 30.812318], [-95.928268, 30.812867], [-95.927549, 30.813274], [-95.927428, 30.813664], [-95.927441, 30.813972], [-95.927835, 30.814323], [-95.927574, 30.81534], [-95.927714, 30.815598], [-95.928262, 30.815862], [-95.928491, 30.816115], [-95.928822, 30.815999], [-95.928969, 30.816027], [-95.929306, 30.816329], [-95.929713, 30.816247], [-95.929885, 30.816357], [-95.929924, 30.816576], [-95.929733, 30.817104], [-95.930299, 30.818637], [-95.930395, 30.819648], [-95.930987, 30.820286], [-95.931344, 30.820193], [-95.931496, 30.820434], [-95.931471, 30.820813], [-95.931203, 30.821275], [-95.931197, 30.821484], [-95.931687, 30.821544], [-95.931878, 30.82183], [-95.932171, 30.821995], [-95.932305, 30.822275], [-95.932643, 30.822374], [-95.932649, 30.822528], [-95.932401, 30.822979], [-95.931452, 30.82416], [-95.932038, 30.824579], [-95.932732, 30.824671], [-95.933458, 30.82494], [-95.933668, 30.825122], [-95.933789, 30.825347], [-95.933509, 30.825715], [-95.933725, 30.825902], [-95.933502, 30.826111], [-95.933464, 30.826512], [-95.93391, 30.826996], [-95.934158, 30.826897], [-95.934311, 30.82715], [-95.934827, 30.827188], [-95.934897, 30.827479], [-95.93482, 30.827716], [-95.935088, 30.827749], [-95.935209, 30.827869], [-95.934992, 30.82799], [-95.935107, 30.828144], [-95.935011, 30.828287], [-95.935113, 30.828436], [-95.934757, 30.828381], [-95.934591, 30.828771], [-95.934693, 30.828886], [-95.934973, 30.828831], [-95.93512, 30.829166], [-95.935362, 30.829183], [-95.935725, 30.829688], [-95.934961, 30.830282], [-95.93454, 30.830496], [-95.93412, 30.830996], [-95.93405, 30.831266], [-95.933649, 30.831348], [-95.933681, 30.831573], [-95.933916, 30.831947], [-95.933432, 30.832189], [-95.933254, 30.832431], [-95.933216, 30.8327], [-95.93342, 30.832942], [-95.933413, 30.833788], [-95.933573, 30.833931], [-95.933751, 30.83387], [-95.933916, 30.833925], [-95.933732, 30.834228], [-95.934139, 30.834645], [-95.933732, 30.835634], [-95.934012, 30.835788], [-95.934057, 30.836244], [-95.933866, 30.836552], [-95.933114, 30.837283], [-95.932726, 30.837437], [-95.93277, 30.837618], [-95.932993, 30.837684], [-95.932968, 30.838025], [-95.933127, 30.838344], [-95.932968, 30.838981], [-95.93263, 30.839525], [-95.932796, 30.839866], [-95.932586, 30.840036], [-95.932719, 30.840234], [-95.932611, 30.840509], [-95.9327, 30.840817], [-95.933191, 30.84069], [-95.933566, 30.840734], [-95.933866, 30.840564], [-95.933942, 30.84074], [-95.934464, 30.840212], [-95.934241, 30.84013], [-95.934413, 30.839827], [-95.935069, 30.84013], [-95.935114, 30.840234], [-95.935018, 30.840382], [-95.935706, 30.840597], [-95.935859, 30.840833], [-95.936362, 30.841174], [-95.936381, 30.841284], [-95.936127, 30.841448], [-95.935796, 30.841921], [-95.935668, 30.842322], [-95.9357, 30.842603], [-95.935496, 30.842652], [-95.935324, 30.842822], [-95.935732, 30.843487], [-95.936069, 30.843762], [-95.935732, 30.844702], [-95.935764, 30.845015], [-95.935445, 30.845191], [-95.935789, 30.845372], [-95.935662, 30.845707], [-95.936082, 30.84618], [-95.936031, 30.846449], [-95.936197, 30.8469], [-95.935974, 30.847158], [-95.935662, 30.848032], [-95.936191, 30.848972], [-95.935821, 30.849191], [-95.935815, 30.849516], [-95.935656, 30.849664], [-95.935293, 30.849692], [-95.935121, 30.849983], [-95.934872, 30.849889], [-95.934694, 30.850038], [-95.934726, 30.8504], [-95.934541, 30.850813], [-95.934758, 30.85078], [-95.934783, 30.85084], [-95.934471, 30.851153], [-95.934669, 30.851302], [-95.934541, 30.851505], [-95.934936, 30.851637], [-95.93493, 30.851884], [-95.934516, 30.852033], [-95.934325, 30.852401], [-95.933994, 30.852648], [-95.933503, 30.852599], [-95.933369, 30.852912], [-95.932917, 30.853231], [-95.932567, 30.853775], [-95.932287, 30.853934], [-95.932199, 30.854106]], [[-95.931572, 30.854195], [-95.931554, 30.854044], [-95.93142, 30.853951], [-95.930177, 30.854394]]]}},
    {"type": "Feature", "properties": {"name": "South Bedias Creek", "Type": "Creek or other stream"}, "geometry": {"type": "LineString", "coordinates": [[-95.992993, 30.747531], [-95.992433, 30.747658], [-95.991071, 30.747582], [-95.990161, 30.747335], [-95.989869, 30.747445], [-95.989417, 30.747214], [-95.989156, 30.747176], [-95.988494, 30.746737], [-95.987947, 30.746599], [-95.987488, 30.746374], [-95.987291, 30.746336], [-95.986973, 30.746424], [-95.986687, 30.746149], [-95.986019, 30.746243], [-95.985643, 30.746518], [-95.984988, 30.746343], [-95.984555, 30.746084], [-95.984396, 30.746222], [-95.984791, 30.74665], [-95.984314, 30.747041], [-95.983849, 30.746882], [-95.983449, 30.746937], [-95.983181, 30.74647], [-95.982577, 30.746316], [-95.982399, 30.746948], [-95.981667, 30.746998], [-95.981585, 30.747058], [-95.981636, 30.747273], [-95.981508, 30.747427], [-95.981196, 30.747015], [-95.980554, 30.747031], [-95.98063, 30.747301], [-95.980484, 30.747476], [-95.980121, 30.747367], [-95.97981, 30.747911], [-95.979644, 30.747933], [-95.979384, 30.747757], [-95.979237, 30.747757], [-95.979136, 30.7484], [-95.978773, 30.748505], [-95.97836, 30.748824], [-95.977806, 30.749033], [-95.976489, 30.74889], [-95.975859, 30.74911], [-95.975573, 30.749094], [-95.97528, 30.748759], [-95.974975, 30.748611], [-95.974905, 30.748792], [-95.97437, 30.748787], [-95.974262, 30.749067], [-95.973486, 30.749227], [-95.973124, 30.749524], [-95.972685, 30.749672], [-95.972252, 30.749678], [-95.971768, 30.749398], [-95.971546, 30.749716], [-95.971425, 30.749733], [-95.971088, 30.749524], [-95.970763, 30.749453], [-95.970623, 30.74948], [-95.970502, 30.7497], [-95.969726, 30.749876], [-95.968702, 30.749794], [-95.968365, 30.749948], [-95.96804, 30.749762], [-95.967849, 30.749866], [-95.966061, 30.749944], [-95.965431, 30.750359], [-95.964674, 30.750305], [-95.964025, 30.749818], [-95.962288, 30.749329], [-95.961893, 30.748708], [-95.961244, 30.74873], [-95.960799, 30.749297], [-95.9605, 30.749187], [-95.960131, 30.74922], [-95.96022, 30.74906], [-95.960137, 30.748972], [-95.959679, 30.748973], [-95.959501, 30.748802], [-95.959386, 30.748319], [-95.95868, 30.747154], [-95.95728, 30.746649], [-95.957013, 30.746737], [-95.956383, 30.74627], [-95.955574, 30.745396], [-95.955568, 30.745319], [-95.955822, 30.745182], [-95.955632, 30.744896], [-95.955606, 30.744638], [-95.956038, 30.744033], [-95.955459, 30.743412], [-95.95551, 30.743198], [-95.955809, 30.742907], [-95.95586, 30.742593], [-95.955643, 30.742192], [-95.955503, 30.741615], [-95.954861, 30.741286], [-95.95479, 30.740934], [-95.95418, 30.740824], [-95.954192, 30.740626], [-95.954059, 30.740407], [-95.954256, 30.740308], [-95.953925, 30.740044], [-95.953651, 30.739962], [-95.953187, 30.740033], [-95.953022, 30.739769], [-95.952773, 30.739665], [-95.952595, 30.739258], [-95.952404, 30.73917], [-95.952608, 30.73894], [-95.95236, 30.73861], [-95.952659, 30.738269], [-95.952404, 30.738077], [-95.952391, 30.737918], [-95.952575, 30.737071], [-95.952289, 30.736813], [-95.952601, 30.736555], [-95.952588, 30.736461], [-95.952461, 30.73639], [-95.952327, 30.736511], [-95.952238, 30.736483], [-95.952155, 30.73639], [-95.952213, 30.736209], [-95.951895, 30.736253], [-95.951449, 30.736099], [-95.951837, 30.735269], [-95.951652, 30.734417], [-95.951181, 30.73395], [-95.95059, 30.733978], [-95.950418, 30.73389], [-95.950234, 30.7335], [-95.949852, 30.733472], [-95.949801, 30.733324], [-95.949966, 30.733247], [-95.950125, 30.733], [-95.949794, 30.732434], [-95.949521, 30.732324], [-95.949114, 30.732434], [-95.948923, 30.732384], [-95.9487, 30.732934], [-95.948452, 30.732994], [-95.948223, 30.732906], [-95.94802, 30.73311], [-95.947899, 30.733022], [-95.948115, 30.732923], [-95.94795, 30.732819], [-95.947981, 30.732643], [-95.94788, 30.732604], [-95.947778, 30.732709], [-95.947721, 30.732604], [-95.947447, 30.732857], [-95.947517, 30.733165], [-95.947167, 30.733072], [-95.946811, 30.733187], [-95.946658, 30.73328], [-95.946709, 30.7335], [-95.946518, 30.733676], [-95.945882, 30.733682], [-95.945666, 30.733819], [-95.945596, 30.733693], [-95.945386, 30.73377], [-95.945189, 30.733726], [-95.945125, 30.733962], [-95.944934, 30.733836], [-95.94503, 30.734402], [-95.944934, 30.734484], [-95.944515, 30.734501], [-95.944012, 30.734319], [-95.94377, 30.734512], [-95.943357, 30.734633], [-95.943204, 30.734792], [-95.943529, 30.73499], [-95.943115, 30.735166], [-95.943071, 30.735386], [-95.942886, 30.73555], [-95.942931, 30.73577], [-95.942765, 30.735869], [-95.942727, 30.736166], [-95.942619, 30.736248], [-95.941983, 30.736012], [-95.941773, 30.736292], [-95.941283, 30.736133], [-95.940978, 30.736326], [-95.940431, 30.736309], [-95.940214, 30.7361], [-95.93975, 30.736056], [-95.939635, 30.736227], [-95.939464, 30.736287], [-95.939177, 30.736133], [-95.939005, 30.735848], [-95.938713, 30.735947], [-95.938617, 30.735749], [-95.938064, 30.735798], [-95.937841, 30.736886], [-95.937663, 30.736969], [-95.937434, 30.736842], [-95.937059, 30.737161], [-95.936773, 30.737167], [-95.936696, 30.737249], [-95.936887, 30.737546], [-95.93746, 30.737546], [-95.937294, 30.73787], [-95.936951, 30.737975], [-95.937173, 30.738238], [-95.936944, 30.738365], [-95.936544, 30.737942], [-95.936366, 30.738183], [-95.936506, 30.738623], [-95.936467, 30.739101], [-95.936245, 30.739414], [-95.935685, 30.739733], [-95.935087, 30.740283], [-95.934737, 30.740217], [-95.934871, 30.739975], [-95.934756, 30.739843], [-95.93426, 30.740079], [-95.934203, 30.739986], [-95.934317, 30.739799], [-95.934234, 30.739728], [-95.933999, 30.739904], [-95.933649, 30.73992], [-95.933318, 30.739871], [-95.933026, 30.73959], [-95.932828, 30.739739], [-95.932408, 30.739365], [-95.932129, 30.739497], [-95.932262, 30.738398], [-95.931995, 30.738173], [-95.931759, 30.738101], [-95.931518, 30.738266], [-95.93139, 30.73814], [-95.9312, 30.7382], [-95.931021, 30.738112], [-95.930831, 30.738277], [-95.930003, 30.738261], [-95.929641, 30.738574], [-95.929736, 30.738772], [-95.929666, 30.738926], [-95.92861, 30.739156], [-95.928171, 30.739041], [-95.927433, 30.739261], [-95.927071, 30.739283], [-95.926708, 30.739755], [-95.925817, 30.73981], [-95.92548, 30.739678], [-95.924386, 30.739618], [-95.924189, 30.739854], [-95.92361, 30.73992], [-95.922846, 30.740646], [-95.921949, 30.740591], [-95.921586, 30.740667], [-95.921122, 30.740904], [-95.920912, 30.740755], [-95.920689, 30.740799], [-95.920218, 30.741563], [-95.920238, 30.741909], [-95.919958, 30.742113], [-95.920028, 30.742311], [-95.919913, 30.742635], [-95.918831, 30.742393], [-95.918367, 30.742459], [-95.917775, 30.742327], [-95.917413, 30.742332], [-95.917164, 30.742596], [-95.916783, 30.742294], [-95.916496, 30.742426], [-95.916108, 30.742453], [-95.916096, 30.742651], [-95.916547, 30.742992], [-95.916172, 30.743179], [-95.916108, 30.744019], [-95.91558, 30.744409], [-95.914562, 30.744635], [-95.914047, 30.744596], [-95.913945, 30.745058], [-95.913677, 30.745404], [-95.913786, 30.745849], [-95.913716, 30.746118], [-95.913442, 30.746393], [-95.912468, 30.746124], [-95.911928, 30.745717], [-95.911769, 30.745744], [-95.911699, 30.745964], [-95.911533, 30.746091], [-95.910967, 30.746118], [-95.910929, 30.74631], [-95.911279, 30.746706], [-95.911317, 30.747135], [-95.910763, 30.747415], [-95.910337, 30.747514], [-95.91019, 30.747717], [-95.910229, 30.747948], [-95.909783, 30.749091], [-95.909376, 30.749707], [-95.909414, 30.749816], [-95.909757, 30.750002], [-95.909954, 30.750321], [-95.910297, 30.750491], [-95.91045, 30.750761], [-95.910456, 30.751096], [-95.910119, 30.751843], [-95.910119, 30.752536], [-95.909737, 30.753069], [-95.907796, 30.754679], [-95.905785, 30.754804], [-95.90546, 30.75448], [-95.90497, 30.754557], [-95.904697, 30.754227], [-95.904411, 30.754079], [-95.90352, 30.754062], [-95.902972, 30.754276], [-95.902839, 30.754688], [-95.90266, 30.754853], [-95.902355, 30.75487], [-95.901776, 30.754732], [-95.90147, 30.754908], [-95.900764, 30.755083], [-95.900586, 30.755391], [-95.900299, 30.755418], [-95.899987, 30.75566], [-95.899746, 30.755946], [-95.899688, 30.756347], [-95.898689, 30.756347], [-95.898574, 30.756803], [-95.89804, 30.757198], [-95.897645, 30.757363], [-95.897378, 30.757198], [-95.896977, 30.757154], [-95.896462, 30.757308], [-95.89629, 30.757429], [-95.896251, 30.757951], [-95.896067, 30.75805], [-95.895322, 30.757896], [-95.895055, 30.758011], [-95.894819, 30.757994], [-95.894476, 30.758318], [-95.894145, 30.75845], [-95.893553, 30.758368], [-95.893553, 30.758488], [-95.893865, 30.758774], [-95.893877, 30.758928], [-95.893788, 30.759038], [-95.893483, 30.759115], [-95.893438, 30.759302], [-95.893056, 30.759664], [-95.893043, 30.759818], [-95.89326, 30.759923], [-95.893603, 30.759862], [-95.8938, 30.759725], [-95.894087, 30.759725], [-95.894526, 30.759967], [-95.894265, 30.760363], [-95.894271, 30.760495], [-95.893794, 30.760835], [-95.893552, 30.760906], [-95.893024, 30.760796], [-95.892476, 30.76084], [-95.891961, 30.760697], [-95.891261, 30.760829], [-95.890536, 30.760548], [-95.890249, 30.760174], [-95.889556, 30.759641], [-95.889467, 30.759454], [-95.889588, 30.759306], [-95.890161, 30.75924], [-95.890288, 30.758954], [-95.889639, 30.758163], [-95.888991, 30.757976], [-95.888889, 30.758086], [-95.88892, 30.758459], [-95.888812, 30.758602], [-95.888309, 30.758585], [-95.88815, 30.758723], [-95.887845, 30.758745], [-95.887501, 30.759355], [-95.887049, 30.759327], [-95.886489, 30.759623], [-95.885439, 30.759431], [-95.885331, 30.759552], [-95.885356, 30.759903], [-95.885998, 30.76036], [-95.886043, 30.760541], [-95.884471, 30.761062], [-95.884419, 30.762013], [-95.883732, 30.762057], [-95.883051, 30.762364], [-95.882854, 30.76254], [-95.882707, 30.762969], [-95.882987, 30.763249], [-95.883006, 30.763667], [-95.882885, 30.763865], [-95.882414, 30.764073], [-95.882242, 30.764288], [-95.881936, 30.765288], [-95.881649, 30.765661], [-95.881331, 30.765672], [-95.880752, 30.765315], [-95.88023, 30.765622], [-95.880052, 30.765633], [-95.879963, 30.765369], [-95.879651, 30.765364], [-95.879307, 30.765237], [-95.878977, 30.764946], [-95.878906, 30.765088], [-95.878257, 30.765226], [-95.878072, 30.765605], [-95.877531, 30.766203], [-95.876857, 30.766198], [-95.876755, 30.766088], [-95.876838, 30.765824], [-95.876742, 30.76567], [-95.875807, 30.76567], [-95.875298, 30.76601], [-95.874703, 30.766115], [-95.874563, 30.766725], [-95.874105, 30.767209], [-95.873405, 30.767511], [-95.873125, 30.767814], [-95.872235, 30.768413], [-95.869811, 30.769574], [-95.869582, 30.76953], [-95.869804, 30.769266], [-95.869766, 30.769156], [-95.869079, 30.769327], [-95.868818, 30.769195], [-95.868665, 30.768921], [-95.868881, 30.768668], [-95.868766, 30.768415], [-95.868512, 30.768278], [-95.867754, 30.768272], [-95.867761, 30.768393], [-95.868034, 30.768575], [-95.868003, 30.768756], [-95.867748, 30.768822], [-95.867551, 30.768624], [-95.867404, 30.768635], [-95.867055, 30.769031], [-95.867004, 30.769372], [-95.867093, 30.769399], [-95.867488, 30.769179], [-95.86738, 30.769454], [-95.867138, 30.769603], [-95.866514, 30.769548], [-95.866374, 30.769614], [-95.866253, 30.770142], [-95.865744, 30.7704], [-95.865433, 30.771477], [-95.865134, 30.772071], [-95.86572, 30.772373], [-95.865918, 30.773252], [-95.865333, 30.773604], [-95.865091, 30.773923], [-95.8649, 30.774517], [-95.865053, 30.775116], [-95.864602, 30.775858], [-95.86471, 30.775973], [-95.865041, 30.776044], [-95.865188, 30.776209], [-95.865073, 30.776687], [-95.865118, 30.776874], [-95.865398, 30.776935], [-95.865824, 30.776572], [-95.865971, 30.77661], [-95.865634, 30.777429], [-95.865424, 30.77749], [-95.865055, 30.777413], [-95.864972, 30.777605], [-95.86473, 30.777726], [-95.864317, 30.778183], [-95.864253, 30.778512], [-95.864578, 30.778737], [-95.864718, 30.779012], [-95.864311, 30.779166], [-95.864337, 30.779628], [-95.863961, 30.779716], [-95.863828, 30.779892], [-95.863401, 30.780134], [-95.863382, 30.78042], [-95.863643, 30.780321], [-95.86379, 30.780458], [-95.863867, 30.781442], [-95.863638, 30.781634], [-95.863383, 30.78153], [-95.863147, 30.781568], [-95.863256, 30.782206], [-95.863103, 30.782679], [-95.863606, 30.782689], [-95.863728, 30.783096], [-95.863613, 30.783514], [-95.863658, 30.783618], [-95.864021, 30.783739], [-95.864129, 30.783997], [-95.864059, 30.7842], [-95.863156, 30.784706], [-95.862125, 30.786251], [-95.861629, 30.786735], [-95.861273, 30.786922], [-95.861228, 30.78712], [-95.861489, 30.787416], [-95.861438, 30.787576], [-95.861184, 30.787785], [-95.860586, 30.787714], [-95.859956, 30.788077], [-95.859522, 30.787758], [-95.858358, 30.787687], [-95.857848, 30.787418], [-95.857651, 30.787863], [-95.857422, 30.787852], [-95.85746, 30.7875], [-95.856696, 30.787429], [-95.856193, 30.78766], [-95.855398, 30.787869], [-95.855372, 30.788122], [-95.855544, 30.788337], [-95.855424, 30.788793], [-95.855105, 30.789002], [-95.85487, 30.789485], [-95.854692, 30.789266], [-95.854373, 30.789227], [-95.854552, 30.789612], [-95.854431, 30.790139], [-95.854285, 30.790167], [-95.853527, 30.789914], [-95.853005, 30.789926], [-95.852747, 30.790053]]}},
    {"type": "Feature", "properties": {"name": "Spring Branch", "Type": "Creek or other stream"}, "geometry": {"type": "LineString", "coordinates": [[-95.997081, 30.583403], [-95.996712, 30.58259], [-95.996972, 30.581826], [-95.996749, 30.581167], [-95.996882, 30.58032], [-95.996271, 30.578546], [-95.996518, 30.577925], [-95.996988, 30.577386], [-95.996968, 30.576919], [-95.997089, 30.576671], [-95.997203, 30.576528], [-95.997362, 30.576578], [-95.997838, 30.57644], [-95.998067, 30.57622], [-95.998168, 30.575863], [-95.998866, 30.575374], [-95.999673, 30.575412], [-95.999901, 30.575291], [-95.999946, 30.574856], [-96.000113, 30.574851], [-96.000177, 30.574752], [-96.000076, 30.573933], [-96.000673, 30.573653], [-96.000642, 30.572961], [-96.001131, 30.572456], [-96.001436, 30.571868], [-96.002091, 30.571297], [-96.002142, 30.571044], [-96.002656, 30.57072], [-96.003399, 30.570759], [-96.003952, 30.570275], [-96.004022, 30.570039], [-96.00387, 30.569759], [-96.004296, 30.569512], [-96.004232, 30.569204], [-96.004944, 30.569248], [-96.005331, 30.568622], [-96.005744, 30.568611], [-96.005967, 30.568468], [-96.006068, 30.568271], [-96.00603, 30.567836], [-96.006717, 30.56737], [-96.006323, 30.566891], [-96.005866, 30.566638], [-96.005815, 30.56643], [-96.006025, 30.566094], [-96.006133, 30.5656], [-96.006762, 30.565177], [-96.00668, 30.564979], [-96.006426, 30.565122], [-96.006235, 30.5651], [-96.006058, 30.564693], [-96.006109, 30.564303], [-96.006382, 30.564232], [-96.006535, 30.564056], [-96.006224, 30.563594], [-96.006091, 30.563023], [-96.006313, 30.562528], [-96.006968, 30.562155], [-96.007222, 30.561803], [-96.007025, 30.561319], [-96.007159, 30.560737], [-96.00681, 30.560484], [-96.006708, 30.560204], [-96.006944, 30.55994], [-96.007191, 30.559869], [-96.007274, 30.559577], [-96.006531, 30.559198], [-96.006455, 30.559], [-96.006582, 30.558846], [-96.007586, 30.55844], [-96.007783, 30.558105], [-96.007466, 30.557577], [-96.00746, 30.557418], [-96.007606, 30.557259], [-96.007663, 30.556297], [-96.007619, 30.556187], [-96.007238, 30.556011], [-96.007149, 30.555769], [-96.007619, 30.555297], [-96.00762, 30.554473], [-96.007506, 30.554044], [-96.006878, 30.553109], [-96.006224, 30.552488], [-96.005882, 30.552296], [-96.005761, 30.551559], [-96.005514, 30.551405], [-96.005038, 30.551476], [-96.004809, 30.551416], [-96.004289, 30.550965], [-96.00427, 30.550426], [-96.004023, 30.550179]]}},
    {"type": "Feature", "properties": {"name": "Spring Creek", "Type": "Creek or other stream"}, "geometry": {"type": "MultiLineString", "coordinates": [[[-96.005142, 30.428317], [-96.005592, 30.427927], [-96.00596, 30.427933], [-96.006607, 30.427482], [-96.006835, 30.427675], [-96.006613, 30.427999], [-96.006677, 30.428109], [-96.00686, 30.428093], [-96.007209, 30.42767], [-96.007203, 30.427378], [-96.007368, 30.427345], [-96.007596, 30.427626], [-96.007863, 30.427577], [-96.007926, 30.427439], [-96.007634, 30.427368], [-96.007749, 30.427236], [-96.007762, 30.426774], [-96.007851, 30.426714], [-96.00806, 30.426851], [-96.008142, 30.426747], [-96.008022, 30.426357], [-96.008225, 30.425956], [-96.008479, 30.425725], [-96.008682, 30.425901], [-96.009107, 30.425884], [-96.008923, 30.425725], [-96.008796, 30.425395], [-96.00912, 30.425362], [-96.009221, 30.425214], [-96.009494, 30.425297], [-96.009862, 30.425154], [-96.010445, 30.425149], [-96.010826, 30.42483], [-96.010762, 30.4245], [-96.010864, 30.424264], [-96.011498, 30.424198], [-96.012145, 30.424001], [-96.012577, 30.423666], [-96.012875, 30.423556], [-96.013705, 30.423512], [-96.01387, 30.423672], [-96.01399, 30.424249], [-96.014269, 30.424298], [-96.014599, 30.424205], [-96.014599, 30.424458], [-96.015049, 30.424859], [-96.015448, 30.425426], [-96.016006, 30.425255], [-96.016108, 30.425091], [-96.016438, 30.425003], [-96.016615, 30.425547], [-96.016558, 30.425932], [-96.016646, 30.426009], [-96.016837, 30.425948], [-96.017325, 30.426069], [-96.017471, 30.425882], [-96.017408, 30.425366], [-96.017034, 30.424871], [-96.01718, 30.423909], [-96.017244, 30.423772], [-96.017383, 30.423739], [-96.017687, 30.42425], [-96.017738, 30.424674], [-96.018175, 30.424756], [-96.0182, 30.425366], [-96.018733, 30.425152], [-96.018999, 30.425251], [-96.019228, 30.42513], [-96.019158, 30.424866], [-96.018974, 30.425026], [-96.018866, 30.424866], [-96.018511, 30.424762], [-96.01834, 30.42441], [-96.018486, 30.424245], [-96.018784, 30.424185], [-96.019647, 30.424504], [-96.0199, 30.425026], [-96.01976, 30.425312], [-96.01995, 30.425944], [-96.020667, 30.425972], [-96.020832, 30.426263], [-96.021187, 30.426411], [-96.021218, 30.42667], [-96.021377, 30.426851], [-96.022632, 30.427214], [-96.022391, 30.428044], [-96.022467, 30.428297], [-96.023063, 30.428335], [-96.023545, 30.427846], [-96.023653, 30.427995], [-96.02357, 30.428594], [-96.023735, 30.428869], [-96.024039, 30.428946], [-96.024248, 30.428891], [-96.02435, 30.428781], [-96.024141, 30.428743], [-96.024115, 30.42866], [-96.024331, 30.428556], [-96.024452, 30.428578], [-96.024496, 30.428748], [-96.024661, 30.428748], [-96.024997, 30.42855], [-96.025022, 30.428397], [-96.024471, 30.428078], [-96.024243, 30.427748], [-96.024414, 30.427654], [-96.024503, 30.427435], [-96.024953, 30.42733], [-96.025194, 30.427034], [-96.025378, 30.426979], [-96.0256, 30.427287], [-96.025562, 30.427847], [-96.025733, 30.428688], [-96.025834, 30.428781], [-96.026202, 30.42882], [-96.026722, 30.428567], [-96.026874, 30.428205], [-96.026456, 30.427985], [-96.026399, 30.427699], [-96.026703, 30.427633], [-96.027293, 30.427782], [-96.027838, 30.427595], [-96.027921, 30.427694], [-96.02787, 30.428051], [-96.028009, 30.428381], [-96.027977, 30.428909], [-96.027762, 30.429337], [-96.028579, 30.429964], [-96.029074, 30.42986], [-96.030076, 30.430321], [-96.031135, 30.430234], [-96.031756, 30.430327], [-96.032093, 30.430525], [-96.032733, 30.430581], [-96.03305, 30.430872], [-96.033266, 30.430888], [-96.033392, 30.430806], [-96.033513, 30.430097], [-96.033177, 30.429894], [-96.03312, 30.429729], [-96.033805, 30.42935], [-96.034014, 30.429432], [-96.034217, 30.429757], [-96.034775, 30.429663], [-96.03494, 30.429724], [-96.035207, 30.429999], [-96.035238, 30.430449], [-96.035504, 30.430559], [-96.03579, 30.430559], [-96.036075, 30.430411], [-96.036253, 30.429845], [-96.036976, 30.429224], [-96.037109, 30.42923], [-96.037236, 30.429428], [-96.037534, 30.429318], [-96.03761, 30.429092], [-96.037737, 30.429054], [-96.038124, 30.42929], [-96.03846, 30.429285], [-96.038663, 30.428461], [-96.038911, 30.428296], [-96.03931, 30.428301], [-96.03971, 30.428444], [-96.040838, 30.428423], [-96.041955, 30.428654], [-96.042145, 30.429192], [-96.042601, 30.429324], [-96.043147, 30.429187], [-96.043794, 30.429176], [-96.045322, 30.428402], [-96.04784, 30.42833], [-96.048823, 30.428149], [-96.049121, 30.42794], [-96.050097, 30.427985], [-96.050484, 30.427743], [-96.05077, 30.42771], [-96.051061, 30.428007], [-96.051049, 30.428237], [-96.051182, 30.428347], [-96.052158, 30.428353], [-96.052609, 30.428523], [-96.053008, 30.428892], [-96.053712, 30.429178], [-96.054568, 30.429288], [-96.055171, 30.429491], [-96.061087, 30.430843], [-96.061506, 30.431069], [-96.062882, 30.431508], [-96.063447, 30.431893], [-96.06552, 30.432871], [-96.067461, 30.432871], [-96.067918, 30.432465], [-96.068076, 30.431948], [-96.068514, 30.431734], [-96.068856, 30.431816], [-96.069383, 30.431695], [-96.070106, 30.431739], [-96.070404, 30.431624], [-96.070657, 30.431256], [-96.071152, 30.431239], [-96.071926, 30.431805], [-96.071919, 30.431942], [-96.07159, 30.432366], [-96.071577, 30.432899], [-96.071812, 30.433256], [-96.072008, 30.433344], [-96.072281, 30.433305], [-96.072427, 30.433102], [-96.072655, 30.433141], [-96.072782, 30.433069], [-96.073023, 30.432536], [-96.073784, 30.432316], [-96.074133, 30.432487], [-96.074437, 30.432932], [-96.074437, 30.433245], [-96.07419, 30.43336], [-96.073689, 30.433289], [-96.073429, 30.433564], [-96.073511, 30.433877], [-96.073467, 30.434234], [-96.073803, 30.434476], [-96.074038, 30.434383], [-96.074051, 30.434174], [-96.074913, 30.434196], [-96.076099, 30.433822], [-96.076816, 30.433943], [-96.077165, 30.434437], [-96.07712, 30.434718], [-96.076879, 30.434943], [-96.076898, 30.435207], [-96.076537, 30.435916]], [[-95.99199, 30.422999], [-95.992498, 30.423224], [-95.992713, 30.423147], [-95.992834, 30.422905], [-95.993087, 30.422839], [-95.99322, 30.423004], [-95.993145, 30.423361], [-95.993386, 30.423614], [-95.994157, 30.423806], [-95.99421, 30.423902], [-95.995124, 30.423747], [-95.995313, 30.423819], [-95.995489, 30.424289], [-95.996227, 30.423931], [-95.996677, 30.424217], [-95.99702, 30.424739], [-95.997159, 30.424766], [-95.997362, 30.424607], [-95.997432, 30.424936], [-95.997623, 30.425073], [-95.998403, 30.425128], [-95.998517, 30.424837], [-95.998758, 30.424837], [-95.999113, 30.425644], [-95.999411, 30.425776], [-95.999836, 30.425759], [-95.999881, 30.426089], [-96.00007, 30.426331], [-95.999983, 30.426825], [-96.00019, 30.427073], [-96.00045, 30.426913], [-96.000551, 30.427007], [-96.000475, 30.42754], [-96.000874, 30.427892], [-96.000741, 30.428112], [-96.000785, 30.428238], [-96.0014, 30.428304], [-96.001641, 30.428541], [-96.001743, 30.428502], [-96.001819, 30.428612], [-96.002041, 30.428618], [-96.002275, 30.428508], [-96.002066, 30.428448], [-96.002047, 30.42831], [-96.002409, 30.428261], [-96.002459, 30.428431], [-96.003042, 30.428657], [-96.003651, 30.428239], [-96.003696, 30.42808], [-96.004134, 30.427767], [-96.004203, 30.427861], [-96.004413, 30.427844], [-96.004672, 30.428218], [-96.004945, 30.427938], [-96.004996, 30.428174], [-96.005142, 30.428317]]]}},
    {"type": "Feature", "properties": {"name": "Steep Branch", "Type": "Creek or other stream"}, "geometry": {"type": "LineString", "coordinates": [[-95.873926, 30.803562], [-95.873609, 30.805327], [-95.873144, 30.805701], [-95.871884, 30.807097], [-95.871496, 30.807603], [-95.871357, 30.808037], [-95.870249, 30.808417], [-95.869701, 30.808324], [-95.869186, 30.808615], [-95.869199, 30.808852], [-95.869014, 30.808995], [-95.868428, 30.808989], [-95.867926, 30.809105], [-95.867295, 30.808638], [-95.866888, 30.809083], [-95.866149, 30.809287], [-95.866003, 30.809793], [-95.865258, 30.81004], [-95.864781, 30.810458], [-95.864246, 30.810722], [-95.863941, 30.810712], [-95.863896, 30.810283], [-95.8638, 30.810239], [-95.86282, 30.81052], [-95.862107, 30.811201], [-95.861089, 30.811691], [-95.860401, 30.81184], [-95.859561, 30.812428], [-95.859447, 30.812686], [-95.85953, 30.813439], [-95.859422, 30.813736], [-95.858206, 30.813901], [-95.858015, 30.814132], [-95.858066, 30.81444], [-95.857875, 30.81477], [-95.857047, 30.815067], [-95.856325, 30.815756]]}},
    {"type": "Feature", "properties": {"name": "Sulphur Branch", "Type": "Creek or other stream"}, "geometry": {"type": "LineString", "coordinates": [[-96.093529, 30.536595], [-96.093459, 30.536425], [-96.092939, 30.536112], [-96.092221, 30.535331], [-96.091814, 30.534007], [-96.091903, 30.532902], [-96.091757, 30.532732], [-96.091204, 30.532523], [-96.091281, 30.532402], [-96.091579, 30.532347], [-96.091395, 30.532117], [-96.091242, 30.5316], [-96.091522, 30.531446], [-96.091896, 30.53144], [-96.092061, 30.531303], [-96.092029, 30.531116], [-96.091572, 30.530781], [-96.091464, 30.530039], [-96.091489, 30.529929], [-96.091883, 30.529808], [-96.09201, 30.52955], [-96.09168, 30.52938], [-96.091781, 30.529039], [-96.091724, 30.528907], [-96.091115, 30.528792], [-96.09107, 30.528478], [-96.091165, 30.528066], [-96.091, 30.527599], [-96.090968, 30.527149], [-96.090727, 30.526599], [-96.090968, 30.525928], [-96.090847, 30.525335]]}},
    {"type": "Feature", "properties": {"name": "Sulphur Creek", "Type": "Creek or other stream"}, "geometry": {"type": "LineString", "coordinates": [[-95.903997, 30.644531], [-95.90406, 30.644273], [-95.90469, 30.643597], [-95.904696, 30.643196], [-95.904919, 30.642943], [-95.905536, 30.642537], [-95.907932, 30.640465], [-95.908244, 30.640015], [-95.908568, 30.639828], [-95.908416, 30.639668], [-95.908498, 30.639515], [-95.909007, 30.639465], [-95.910227, 30.638817], [-95.91043, 30.638845], [-95.911276, 30.639394], [-95.911695, 30.639433], [-95.912979, 30.638851], [-95.913144, 30.638625], [-95.912877, 30.638499], [-95.913208, 30.638362], [-95.913119, 30.638213], [-95.913342, 30.638092], [-95.91413, 30.638081], [-95.913952, 30.637625], [-95.914142, 30.637488], [-95.914365, 30.636872], [-95.914638, 30.63668], [-95.91495, 30.635955], [-95.915319, 30.635526], [-95.915541, 30.635367], [-95.916272, 30.635164], [-95.91652, 30.635241], [-95.916736, 30.635548], [-95.917098, 30.635521], [-95.917251, 30.63534], [-95.91767, 30.635472], [-95.917905, 30.635428], [-95.917816, 30.635246], [-95.918013, 30.634856], [-95.918566, 30.634851], [-95.91891, 30.634603], [-95.918954, 30.634406], [-95.919907, 30.634065], [-95.920441, 30.633752], [-95.920575, 30.633631], [-95.920511, 30.633323], [-95.92081, 30.633351], [-95.921001, 30.633043], [-95.921147, 30.632977], [-95.921547, 30.633246], [-95.922844, 30.633818], [-95.92339, 30.633653], [-95.923575, 30.633307], [-95.923873, 30.633076], [-95.92393, 30.633307], [-95.923816, 30.633483], [-95.923911, 30.633527], [-95.924541, 30.633417], [-95.924979, 30.633532], [-95.925113, 30.633142], [-95.925843, 30.63284], [-95.92653, 30.633379], [-95.927286, 30.633252], [-95.927489, 30.633362], [-95.927991, 30.633164], [-95.928182, 30.632758], [-95.928678, 30.632599], [-95.928938, 30.632296], [-95.92925, 30.632335], [-95.929364, 30.631978], [-95.929536, 30.631835], [-95.929707, 30.631818], [-95.930082, 30.632076], [-95.930527, 30.631829], [-95.930724, 30.631879], [-95.931061, 30.631725], [-95.93141, 30.631813], [-95.9319, 30.631714], [-95.932211, 30.631774], [-95.932376, 30.631615], [-95.932446, 30.631269], [-95.933177, 30.631478], [-95.93326, 30.631329], [-95.933533, 30.631313], [-95.934372, 30.631714], [-95.936501, 30.632373], [-95.937416, 30.632516], [-95.937905, 30.632483], [-95.938153, 30.632588], [-95.938344, 30.632401], [-95.939424, 30.632077], [-95.939405, 30.631708], [-95.939647, 30.63145], [-95.939335, 30.630802], [-95.939551, 30.630582], [-95.939735, 30.630164], [-95.94025, 30.629752], [-95.940714, 30.629807], [-95.940822, 30.629983], [-95.941534, 30.630071], [-95.941985, 30.630082], [-95.942182, 30.629889], [-95.942322, 30.629884], [-95.9425, 30.630043], [-95.942386, 30.630296], [-95.942633, 30.630192], [-95.942938, 30.630219], [-95.943428, 30.630571], [-95.94365, 30.630933], [-95.94386, 30.630922], [-95.944057, 30.63078], [-95.9444, 30.630851], [-95.944635, 30.631032], [-95.944928, 30.630988], [-95.945023, 30.63106], [-95.945055, 30.631488], [-95.945226, 30.63178], [-95.946574, 30.632258], [-95.946739, 30.632549], [-95.94726, 30.63245], [-95.947641, 30.632576], [-95.947825, 30.632527], [-95.947845, 30.632417], [-95.947978, 30.632483], [-95.948073, 30.632741], [-95.948461, 30.632939], [-95.948531, 30.633214], [-95.948467, 30.633406], [-95.948722, 30.633747], [-95.948607, 30.633994], [-95.94897, 30.63395], [-95.949154, 30.634049], [-95.949402, 30.634302], [-95.949491, 30.634566], [-95.949624, 30.634554], [-95.949859, 30.63434], [-95.950241, 30.635137], [-95.950317, 30.635522], [-95.95005, 30.635846], [-95.950374, 30.636066], [-95.950425, 30.63617], [-95.950336, 30.636335], [-95.950603, 30.636505], [-95.950743, 30.636764], [-95.950635, 30.637104], [-95.950419, 30.637286], [-95.950711, 30.637324], [-95.950959, 30.637769], [-95.951322, 30.637725], [-95.951334, 30.638137], [-95.95169, 30.638181], [-95.951786, 30.638308], [-95.952224, 30.638], [-95.952389, 30.638], [-95.952624, 30.638165], [-95.952644, 30.638505], [-95.952917, 30.638511], [-95.953095, 30.638417], [-95.953177, 30.638132], [-95.953279, 30.638093], [-95.953794, 30.63822], [-95.954067, 30.637994], [-95.954537, 30.638236], [-95.954862, 30.638175], [-95.955217, 30.637967], [-95.956158, 30.637994], [-95.956698, 30.637823], [-95.957238, 30.637851], [-95.957651, 30.637625], [-95.958516, 30.637405], [-95.958916, 30.637515], [-95.959526, 30.63724], [-95.960111, 30.63729], [-95.960282, 30.637048], [-95.960295, 30.636784], [-95.95971, 30.636674], [-95.959469, 30.636416], [-95.95978, 30.636064], [-95.959888, 30.635597], [-95.960384, 30.635405], [-95.960473, 30.63519], [-95.960867, 30.634905], [-95.961521, 30.634696], [-95.961972, 30.635317], [-95.96222, 30.635393], [-95.962678, 30.635289], [-95.963002, 30.635443], [-95.963479, 30.635377], [-95.963676, 30.635618], [-95.963638, 30.635849], [-95.963917, 30.635948], [-95.96419, 30.635668], [-95.964629, 30.635684], [-95.964794, 30.635607], [-95.965016, 30.635157], [-95.964851, 30.634876], [-95.965328, 30.634409], [-95.965798, 30.634294], [-95.965849, 30.633969], [-95.966363, 30.633815], [-95.966548, 30.633392], [-95.967081, 30.633678], [-95.967304, 30.63354], [-95.967323, 30.633337], [-95.967552, 30.633414], [-95.967723, 30.633353], [-95.968073, 30.633711], [-95.968943, 30.633622], [-95.969039, 30.63387], [-95.969134, 30.633859], [-95.969261, 30.63354], [-95.969102, 30.633067], [-95.969204, 30.632804], [-95.969426, 30.632661], [-95.969362, 30.632259], [-95.969629, 30.632045], [-95.969559, 30.63177], [-95.969864, 30.631781], [-95.970049, 30.632215], [-95.970487, 30.632451], [-95.97083, 30.632512], [-95.970995, 30.632166], [-95.9713, 30.631836], [-95.972012, 30.631396], [-95.972292, 30.631105], [-95.973086, 30.631044], [-95.973067, 30.630401], [-95.972844, 30.629709], [-95.973149, 30.629494], [-95.972596, 30.628434], [-95.972685, 30.628203], [-95.972608, 30.628011], [-95.972208, 30.627791], [-95.972042, 30.627533], [-95.972271, 30.627137], [-95.972112, 30.626368], [-95.972741, 30.625862], [-95.973268, 30.625845], [-95.973141, 30.625692], [-95.973249, 30.625609], [-95.973967, 30.625801], [-95.974215, 30.62601], [-95.974266, 30.62612], [-95.974095, 30.626532], [-95.973815, 30.626691], [-95.973961, 30.626895], [-95.974165, 30.626928], [-95.974533, 30.626741], [-95.975048, 30.626768], [-95.976033, 30.626619], [-95.976198, 30.626674], [-95.9763, 30.626955], [-95.977075, 30.627361], [-95.978416, 30.62747], [-95.979172, 30.627388], [-95.979617, 30.627173], [-95.980259, 30.62742], [-95.980449, 30.627338], [-95.980354, 30.626854], [-95.980849, 30.626431], [-95.981465, 30.625667], [-95.981662, 30.625134], [-95.982717, 30.625243], [-95.982977, 30.625089], [-95.983238, 30.625111], [-95.983327, 30.625172], [-95.983416, 30.625688], [-95.983651, 30.625837], [-95.983778, 30.625776], [-95.983759, 30.625578], [-95.983943, 30.625331], [-95.984274, 30.625611], [-95.98463, 30.625732], [-95.98477, 30.625512], [-95.984884, 30.625517], [-95.985068, 30.625666], [-95.984935, 30.625847], [-95.985145, 30.625902], [-95.985768, 30.626418], [-95.986168, 30.626286], [-95.986295, 30.626017], [-95.986397, 30.626011], [-95.98646, 30.626127], [-95.986302, 30.626742], [-95.986423, 30.626957], [-95.987293, 30.627072], [-95.987357, 30.627418], [-95.987827, 30.627626], [-95.988024, 30.627841], [-95.988171, 30.628231], [-95.987999, 30.628786], [-95.988044, 30.629204], [-95.988254, 30.629467], [-95.988578, 30.630225], [-95.989068, 30.630709], [-95.991166, 30.631829], [-95.99163, 30.631829], [-95.992144, 30.631642], [-95.992481, 30.631026], [-95.993192, 30.630608], [-95.993408, 30.630564], [-95.994558, 30.63075], [-95.995321, 30.63047], [-95.995816, 30.630497], [-95.996153, 30.629876], [-95.996019, 30.629722], [-95.996051, 30.629618], [-95.996769, 30.629469], [-95.997742, 30.629903], [-95.997799, 30.630007], [-95.997596, 30.630172], [-95.997589, 30.630332], [-95.997837, 30.630645], [-95.997971, 30.631161], [-95.998499, 30.631584], [-95.998746, 30.631293], [-95.999045, 30.63115], [-95.999083, 30.630853], [-95.999522, 30.63105], [-95.999807, 30.630836], [-95.99996, 30.631094], [-96.000512, 30.630875], [-96.000785, 30.630875], [-96.00095, 30.630952], [-96.001261, 30.63143], [-96.001471, 30.631507], [-96.00156, 30.631238], [-96.001948, 30.631194], [-96.001973, 30.631046], [-96.001776, 30.630864], [-96.001859, 30.630694], [-96.002075, 30.630639], [-96.002336, 30.630755], [-96.002666, 30.630326], [-96.003264, 30.63003], [-96.004821, 30.630519], [-96.005125, 30.63119], [-96.005341, 30.631377], [-96.005716, 30.631514], [-96.006231, 30.631487], [-96.006504, 30.631026], [-96.006905, 30.631097], [-96.006898, 30.631422], [-96.006981, 30.631537], [-96.007216, 30.631565], [-96.007349, 30.631416], [-96.007356, 30.630663], [-96.007826, 30.630581], [-96.007903, 30.630592], [-96.008023, 30.631186], [-96.00848, 30.631241], [-96.008926, 30.630873], [-96.009205, 30.630241], [-96.009364, 30.630104], [-96.009587, 30.630186], [-96.009796, 30.630478], [-96.010343, 30.630412], [-96.010534, 30.63028], [-96.010883, 30.630308], [-96.011296, 30.630709], [-96.01169, 30.63089], [-96.011988, 30.630786], [-96.012332, 30.630929], [-96.012599, 30.630792], [-96.012904, 30.630957], [-96.013228, 30.630935], [-96.013634, 30.631226], [-96.015076, 30.631881], [-96.015858, 30.631678], [-96.016138, 30.631392], [-96.016367, 30.631315], [-96.017453, 30.631624], [-96.018775, 30.630519], [-96.018998, 30.630536], [-96.019258, 30.630844], [-96.019773, 30.630888], [-96.019849, 30.630883], [-96.0199, 30.630597], [-96.020199, 30.630536], [-96.020911, 30.630872], [-96.021311, 30.630823], [-96.02194, 30.631196], [-96.022899, 30.631224], [-96.02316, 30.63173], [-96.023687, 30.631774], [-96.023954, 30.631895], [-96.024208, 30.632236], [-96.024659, 30.632335], [-96.025619, 30.632983], [-96.025809, 30.632835], [-96.026165, 30.632148], [-96.026305, 30.632143], [-96.026725, 30.632423], [-96.027017, 30.632489], [-96.02757, 30.632281], [-96.028148, 30.632429], [-96.028625, 30.632149], [-96.029533, 30.632254], [-96.030773, 30.63199], [-96.031033, 30.631759], [-96.031148, 30.631501], [-96.031161, 30.631347], [-96.030938, 30.631166], [-96.031053, 30.630941], [-96.031688, 30.631347], [-96.032146, 30.631298], [-96.032508, 30.631408], [-96.032965, 30.631408], [-96.033308, 30.63154], [-96.032952, 30.6328], [-96.034192, 30.63278], [-96.035582, 30.631917], [-96.036684, 30.630847], [-96.038771, 30.63085], [-96.040015, 30.630409], [-96.041813, 30.630419], [-96.0428, 30.630265], [-96.043315, 30.630028], [-96.046539, 30.629141], [-96.047526, 30.628598], [-96.049257, 30.629134], [-96.057833, 30.625278]]}},
    {"type": "Feature", "properties": {"name": "Tanyard Branch", "Type": "Creek or other stream"}, "geometry": {"type": "LineString", "coordinates": [[-96.0478, 30.56452], [-96.047139, 30.564195], [-96.047038, 30.563992], [-96.04705, 30.563569], [-96.04692, 30.563446], [-96.047147, 30.562843], [-96.046787, 30.562102], [-96.047171, 30.561975], [-96.047045, 30.561546], [-96.047311, 30.561409], [-96.048178, 30.560163], [-96.048316, 30.559641], [-96.048604, 30.559342], [-96.048701, 30.558365], [-96.048416, 30.557617], [-96.048704, 30.557369], [-96.048423, 30.557101], [-96.048455, 30.556694], [-96.048563, 30.556375], [-96.049008, 30.555743], [-96.049179, 30.554831], [-96.049415, 30.554501], [-96.049415, 30.554402], [-96.049249, 30.554293], [-96.049412, 30.554043], [-96.049401, 30.553876], [-96.049689, 30.553626], [-96.049794, 30.553009], [-96.050393, 30.552293], [-96.050404, 30.552088], [-96.050866, 30.551799], [-96.050826, 30.551547], [-96.051018, 30.551409], [-96.050882, 30.551292], [-96.050971, 30.550853], [-96.051187, 30.550666], [-96.051384, 30.550627], [-96.052184, 30.550699], [-96.052285, 30.5506], [-96.052101, 30.549649], [-96.051803, 30.549242], [-96.051759, 30.548891], [-96.051657, 30.548775], [-96.051187, 30.548621], [-96.051301, 30.548352], [-96.051828, 30.548374], [-96.051905, 30.548215], [-96.051752, 30.548055], [-96.051505, 30.548012], [-96.051143, 30.548237], [-96.050984, 30.548237], [-96.05087, 30.547962], [-96.051124, 30.547786], [-96.051467, 30.547297], [-96.052311, 30.547198], [-96.052368, 30.547094], [-96.05226, 30.546731], [-96.052603, 30.546489], [-96.052724, 30.546143], [-96.05301, 30.545978], [-96.053175, 30.545682], [-96.053727, 30.545759], [-96.054159, 30.545127], [-96.054102, 30.544951], [-96.05348, 30.544566], [-96.053454, 30.544148], [-96.053296, 30.543852], [-96.053105, 30.54372], [-96.052991, 30.543747], [-96.052927, 30.544187], [-96.052762, 30.544242], [-96.05235, 30.543742], [-96.052293, 30.543494], [-96.052502, 30.54311], [-96.052458, 30.542681], [-96.052896, 30.542659], [-96.053531, 30.542329], [-96.05315, 30.54206], [-96.053233, 30.541741], [-96.053544, 30.540999], [-96.053709, 30.540846], [-96.053836, 30.540873], [-96.053728, 30.540532], [-96.054128, 30.540406], [-96.053925, 30.53995], [-96.05423, 30.539966], [-96.054338, 30.539741], [-96.053817, 30.539466], [-96.053569, 30.539087], [-96.053366, 30.538977], [-96.053398, 30.538449], [-96.0527, 30.538147], [-96.052611, 30.537762], [-96.052827, 30.53735], [-96.052789, 30.536999], [-96.052243, 30.536575], [-96.052224, 30.536152], [-96.052027, 30.535828], [-96.051443, 30.535581], [-96.051234, 30.535361], [-96.050764, 30.534487], [-96.05065, 30.53408], [-96.050694, 30.533794], [-96.050866, 30.533657], [-96.051367, 30.53391], [-96.051805, 30.533784], [-96.052504, 30.533174], [-96.052472, 30.53297], [-96.052574, 30.53286], [-96.053018, 30.532778], [-96.053158, 30.532509], [-96.053602, 30.532141], [-96.054161, 30.530497], [-96.054097, 30.530085], [-96.054574, 30.529794], [-96.05491, 30.529376], [-96.054885, 30.52919], [-96.054529, 30.52908], [-96.054428, 30.528744], [-96.054523, 30.528453], [-96.053964, 30.528008], [-96.053907, 30.527684], [-96.05378, 30.527568], [-96.053279, 30.527563], [-96.053044, 30.527326], [-96.053171, 30.526898], [-96.053672, 30.526667], [-96.053799, 30.526508], [-96.053793, 30.526271], [-96.053622, 30.525925]]}},
    {"type": "Feature", "properties": {"name": "Thomas Creek", "Type": "Creek or other stream"}, "geometry": {"type": "LineString", "coordinates": [[-95.960837, 30.449212], [-95.96156, 30.448514], [-95.961775, 30.448096], [-95.96227, 30.447596], [-95.962847, 30.447651], [-95.96312, 30.447904], [-95.963805, 30.448019], [-95.964433, 30.448381], [-95.96522, 30.448612], [-95.965467, 30.448507], [-95.965867, 30.448639], [-95.966146, 30.448337], [-95.966729, 30.448392], [-95.967199, 30.448051], [-95.967687, 30.448216], [-95.968315, 30.447946], [-95.96867, 30.448083], [-95.96888, 30.448281], [-95.969254, 30.448122], [-95.969431, 30.448138], [-95.969501, 30.448512], [-95.969647, 30.448484], [-95.969812, 30.448292], [-95.970193, 30.448484], [-95.970465, 30.448424], [-95.971061, 30.447929], [-95.971372, 30.447846], [-95.971436, 30.447753], [-95.971309, 30.447269], [-95.971803, 30.447033], [-95.971962, 30.447126], [-95.971981, 30.447632], [-95.972444, 30.447637], [-95.972584, 30.447555], [-95.972787, 30.44767], [-95.973015, 30.447637], [-95.973174, 30.447758], [-95.973567, 30.447532], [-95.973433, 30.447461], [-95.973408, 30.44728], [-95.973801, 30.4469], [-95.973776, 30.446752], [-95.974232, 30.446433], [-95.974746, 30.446482], [-95.974733, 30.446691], [-95.974917, 30.446741], [-95.97552, 30.446751], [-95.975983, 30.446531], [-95.976402, 30.446564], [-95.976332, 30.447136], [-95.976706, 30.44746], [-95.97689, 30.447383], [-95.977087, 30.447026], [-95.977436, 30.447168], [-95.977677, 30.447124], [-95.978235, 30.447289], [-95.978374, 30.44713], [-95.978406, 30.446855], [-95.978666, 30.44669], [-95.979116, 30.446602], [-95.979313, 30.446778], [-95.9797, 30.446689], [-95.979732, 30.446601], [-95.979548, 30.44647], [-95.979579, 30.446294], [-95.980448, 30.4462], [-95.980372, 30.446645], [-95.980803, 30.446777], [-95.980987, 30.446628], [-95.980905, 30.446321], [-95.981038, 30.446211], [-95.981647, 30.446392], [-95.981805, 30.446254], [-95.98197, 30.446265], [-95.982154, 30.446084], [-95.982091, 30.445952], [-95.981628, 30.445974], [-95.981488, 30.445864], [-95.981754, 30.445243], [-95.981951, 30.445397], [-95.981875, 30.445677], [-95.982002, 30.445743], [-95.982826, 30.445562], [-95.983372, 30.445232], [-95.984025, 30.445105], [-95.984227, 30.444792], [-95.984595, 30.444934], [-95.985236, 30.444797], [-95.985293, 30.445374], [-95.985629, 30.445363], [-95.986073, 30.445055], [-95.986429, 30.445648], [-95.987006, 30.445785], [-95.987088, 30.44506], [-95.987272, 30.444917], [-95.987564, 30.44495], [-95.987501, 30.445268], [-95.987577, 30.445373], [-95.987983, 30.445329], [-95.988211, 30.445455], [-95.988382, 30.445438], [-95.988408, 30.445268], [-95.988128, 30.444807], [-95.988509, 30.444625], [-95.988642, 30.444356], [-95.98854, 30.444114], [-95.988686, 30.443971], [-95.988838, 30.443993], [-95.989009, 30.444174], [-95.989276, 30.444163], [-95.989225, 30.444344], [-95.989339, 30.444449], [-95.989536, 30.444421], [-95.98958, 30.444152], [-95.989688, 30.444097], [-95.99024, 30.444372], [-95.990538, 30.444377], [-95.990798, 30.444228], [-95.991388, 30.443536], [-95.991559, 30.443552], [-95.991629, 30.443871], [-95.991756, 30.443942], [-95.99244, 30.443656], [-95.993024, 30.443595], [-95.993614, 30.444007], [-95.994033, 30.444144], [-95.994445, 30.444089], [-95.994711, 30.444221], [-95.994997, 30.444182], [-95.995244, 30.444287], [-95.995263, 30.444474], [-95.995447, 30.444451], [-95.995359, 30.4446], [-95.995162, 30.44466], [-95.994769, 30.444529], [-95.994585, 30.44471], [-95.994325, 30.444793], [-95.994198, 30.445139], [-95.994262, 30.445276], [-95.995036, 30.445705], [-95.995226, 30.446078], [-95.995689, 30.446083], [-95.995816, 30.446204], [-95.995607, 30.446545], [-95.99555, 30.447001], [-95.995709, 30.447298], [-95.995703, 30.447793], [-95.995279, 30.448293], [-95.995393, 30.448936], [-95.995526, 30.449095], [-95.996307, 30.449073], [-95.996865, 30.448825], [-95.998032, 30.448654], [-95.998526, 30.448736], [-95.999186, 30.448709], [-95.999826, 30.448373], [-96.000055, 30.448126], [-96.000277, 30.448148], [-96.000429, 30.448236], [-96.000625, 30.448692], [-96.000815, 30.44884], [-96.001361, 30.449055], [-96.002173, 30.44916], [-96.002566, 30.449435], [-96.00301, 30.449479], [-96.003308, 30.449677], [-96.003662, 30.450133], [-96.003732, 30.450683], [-96.004252, 30.450969], [-96.00455, 30.451271], [-96.004606, 30.451716], [-96.005101, 30.452211], [-96.005342, 30.452865], [-96.005589, 30.452931], [-96.005766, 30.453256], [-96.006134, 30.453531], [-96.00692, 30.453734], [-96.007662, 30.45418], [-96.008233, 30.454235], [-96.009071, 30.454016], [-96.009591, 30.453681], [-96.01124, 30.45339], [-96.011862, 30.453028], [-96.013175, 30.452512], [-96.013556, 30.452561], [-96.013835, 30.452474], [-96.014165, 30.452545], [-96.014609, 30.45243], [-96.015186, 30.452683], [-96.015446, 30.452705], [-96.015827, 30.452441], [-96.015865, 30.452255], [-96.016062, 30.452073], [-96.016303, 30.452079], [-96.01707, 30.452222], [-96.017812, 30.452481], [-96.018244, 30.452794], [-96.01884, 30.453069], [-96.019188, 30.453498], [-96.019391, 30.453553], [-96.020159, 30.453355], [-96.021541, 30.453818], [-96.022055, 30.453614], [-96.022449, 30.453697], [-96.022531, 30.453851], [-96.022829, 30.45362], [-96.023127, 30.453521], [-96.02359, 30.45367], [-96.024123, 30.453494], [-96.024599, 30.45356], [-96.024808, 30.453945], [-96.024675, 30.454286], [-96.024865, 30.454429], [-96.024909, 30.454769], [-96.025169, 30.454896], [-96.025328, 30.455149], [-96.025112, 30.455731]]}},
    {"type": "Feature", "properties": {"name": "Town Branch", "Type": "Creek or other stream"}, "geometry": {"type": "LineString", "coordinates": [[-95.951055, 30.772112], [-95.950736, 30.77253], [-95.950374, 30.772755], [-95.949782, 30.772783], [-95.949145, 30.772635], [-95.947663, 30.772893], [-95.946931, 30.773382], [-95.946441, 30.773569], [-95.945932, 30.773981], [-95.944729, 30.774317], [-95.944309, 30.7748], [-95.943488, 30.775152], [-95.942928, 30.775575], [-95.942164, 30.775691], [-95.941789, 30.776125], [-95.941402, 30.776316], [-95.940096, 30.776553], [-95.938753, 30.776977], [-95.938479, 30.777356], [-95.938225, 30.777422], [-95.938078, 30.777653], [-95.937944, 30.777669], [-95.937709, 30.777521], [-95.937575, 30.777653], [-95.937098, 30.777559], [-95.936958, 30.777653], [-95.936582, 30.777664], [-95.935742, 30.777471], [-95.935564, 30.777537], [-95.93524, 30.777916], [-95.934832, 30.777806], [-95.934877, 30.777933], [-95.934425, 30.777878], [-95.93403, 30.778219], [-95.932834, 30.778235], [-95.932146, 30.778329], [-95.93186, 30.77846], [-95.931733, 30.778411], [-95.931637, 30.777867], [-95.931262, 30.777828], [-95.93081, 30.778037], [-95.930148, 30.777977], [-95.929995, 30.778081], [-95.92976, 30.778856], [-95.929053, 30.778971], [-95.928627, 30.779158], [-95.927716, 30.779252], [-95.92771, 30.779598], [-95.92743, 30.779834], [-95.927404, 30.780263], [-95.927023, 30.780285], [-95.926711, 30.780422], [-95.926112, 30.780103], [-95.925788, 30.780213], [-95.925495, 30.780125], [-95.925151, 30.779785], [-95.925241, 30.779598], [-95.925094, 30.779455], [-95.925158, 30.77929], [-95.925069, 30.779081], [-95.924165, 30.779532], [-95.923968, 30.779466], [-95.923974, 30.779196], [-95.923783, 30.779059], [-95.923624, 30.778971], [-95.923223, 30.778976], [-95.923185, 30.778377], [-95.923287, 30.777817], [-95.922828, 30.777822], [-95.922351, 30.777647], [-95.922358, 30.777141], [-95.922262, 30.777042], [-95.92104, 30.776806], [-95.921352, 30.775981], [-95.920557, 30.77569], [-95.920187, 30.775728], [-95.920009, 30.77558], [-95.919997, 30.775344], [-95.919806, 30.775135], [-95.919583, 30.775074], [-95.918641, 30.775135], [-95.918374, 30.775563], [-95.918367, 30.77592], [-95.917909, 30.776091], [-95.917763, 30.776283], [-95.917374, 30.776201], [-95.917101, 30.775931], [-95.916751, 30.775838], [-95.916967, 30.775569], [-95.917317, 30.775569], [-95.917349, 30.775426], [-95.917177, 30.775277], [-95.916649, 30.775151], [-95.916445, 30.774915], [-95.916299, 30.775046], [-95.915898, 30.775123], [-95.915872, 30.775228], [-95.91607, 30.775338], [-95.916025, 30.775557], [-95.915815, 30.77581], [-95.915694, 30.77581], [-95.915541, 30.775667], [-95.915631, 30.775261], [-95.915319, 30.775211], [-95.915198, 30.77537], [-95.915007, 30.775195], [-95.914682, 30.775387], [-95.914555, 30.775288], [-95.91458, 30.775129], [-95.913836, 30.774788], [-95.913721, 30.774145], [-95.913282, 30.773826], [-95.913028, 30.773815], [-95.912786, 30.773677], [-95.911857, 30.772919], [-95.911418, 30.772507], [-95.911386, 30.772303], [-95.911144, 30.772221], [-95.910788, 30.771622], [-95.910362, 30.771325], [-95.910228, 30.770918], [-95.910025, 30.770852], [-95.909605, 30.770457], [-95.909337, 30.769923], [-95.909363, 30.769401], [-95.908231, 30.768676], [-95.908001, 30.768648], [-95.907791, 30.768764], [-95.907639, 30.768709], [-95.907524, 30.767906], [-95.907893, 30.76773], [-95.908021, 30.767434], [-95.907754, 30.767027], [-95.907416, 30.766878], [-95.906646, 30.766757], [-95.906576, 30.766345], [-95.906373, 30.765939], [-95.905864, 30.765801], [-95.905711, 30.765361], [-95.905304, 30.765493], [-95.905107, 30.765136], [-95.904241, 30.765026], [-95.904547, 30.764691], [-95.904623, 30.764465], [-95.904522, 30.764372], [-95.903942, 30.7643], [-95.904019, 30.764179], [-95.904394, 30.764015], [-95.904477, 30.763872], [-95.904089, 30.763443], [-95.903262, 30.763349], [-95.902594, 30.762871], [-95.901379, 30.762667], [-95.900469, 30.762255], [-95.900246, 30.762447], [-95.90008, 30.762475], [-95.899966, 30.762392], [-95.899966, 30.762068], [-95.899521, 30.761908], [-95.899584, 30.761266], [-95.899075, 30.761002], [-95.89891, 30.760639], [-95.8987, 30.760672], [-95.89821, 30.760386], [-95.897886, 30.760292], [-95.89653, 30.760374], [-95.895735, 30.760314], [-95.89534, 30.760143], [-95.89464, 30.760528], [-95.894271, 30.760495]]}},
    {"type": "Feature", "properties": {"name": "Turkey Creek", "Type": "Creek or other stream"}, "geometry": {"type": "MultiLineString", "coordinates": [[[-96.052432, 30.491475], [-96.052439, 30.490074], [-96.052617, 30.489959], [-96.052528, 30.489816], [-96.052807, 30.489827], [-96.052966, 30.489695], [-96.052909, 30.48942], [-96.053201, 30.489475], [-96.053239, 30.489299], [-96.053467, 30.48925], [-96.053423, 30.488981], [-96.053169, 30.488717], [-96.053233, 30.488535], [-96.053633, 30.488288], [-96.053747, 30.487931], [-96.053924, 30.488123], [-96.054362, 30.487816], [-96.054749, 30.48786], [-96.055175, 30.487772], [-96.055365, 30.487838], [-96.055619, 30.48803], [-96.055606, 30.488239], [-96.055803, 30.488283], [-96.055955, 30.488497], [-96.056012, 30.488877], [-96.056317, 30.488745], [-96.056792, 30.488992], [-96.057078, 30.488915], [-96.057408, 30.48919], [-96.057617, 30.489514], [-96.057738, 30.489481], [-96.057776, 30.48925], [-96.05803, 30.489261], [-96.058341, 30.489465], [-96.059001, 30.48952], [-96.059242, 30.489284], [-96.059261, 30.489487], [-96.059508, 30.489481], [-96.06039, 30.489872], [-96.060955, 30.489784], [-96.061209, 30.489668], [-96.061241, 30.489432], [-96.061469, 30.489091], [-96.061615, 30.489141], [-96.061679, 30.489487], [-96.062205, 30.489196], [-96.062256, 30.488696], [-96.062504, 30.488262], [-96.063062, 30.488339], [-96.063151, 30.487899], [-96.063601, 30.487839], [-96.063551, 30.487547], [-96.063138, 30.487333], [-96.063475, 30.486866], [-96.0639, 30.486668], [-96.064217, 30.486234], [-96.064293, 30.485981], [-96.064224, 30.485673], [-96.06437, 30.485541], [-96.064706, 30.485399], [-96.065569, 30.485553], [-96.065562, 30.485184], [-96.065937, 30.485179], [-96.065937, 30.484981], [-96.066127, 30.484932], [-96.066445, 30.484981], [-96.066724, 30.484904], [-96.066806, 30.484943], [-96.0668, 30.485113], [-96.067003, 30.485124], [-96.067612, 30.485003], [-96.067612, 30.484739], [-96.068126, 30.484662], [-96.068215, 30.484558], [-96.068355, 30.484602], [-96.068393, 30.484745], [-96.068932, 30.484607], [-96.069566, 30.484624], [-96.069725, 30.484547], [-96.069579, 30.484344], [-96.069516, 30.483602], [-96.069408, 30.483453], [-96.069598, 30.483332], [-96.069624, 30.483211], [-96.069547, 30.483113], [-96.069186, 30.483102], [-96.069243, 30.482887], [-96.069459, 30.482728], [-96.069408, 30.482486], [-96.069541, 30.48231], [-96.070081, 30.482217], [-96.070296, 30.482288], [-96.070645, 30.481991], [-96.070912, 30.482508], [-96.071153, 30.482574], [-96.071267, 30.482519], [-96.071464, 30.482134], [-96.071584, 30.482206], [-96.071876, 30.481981], [-96.071895, 30.4817], [-96.07232, 30.482019], [-96.072562, 30.481645], [-96.072872, 30.481942], [-96.073748, 30.481909], [-96.074021, 30.481684], [-96.074287, 30.482118], [-96.074522, 30.482173], [-96.074732, 30.48236], [-96.074966, 30.482393], [-96.075176, 30.482173], [-96.07515, 30.481849], [-96.075639, 30.48198], [-96.075823, 30.481799], [-96.076032, 30.481882], [-96.076128, 30.481794], [-96.076128, 30.481656], [-96.075867, 30.48137], [-96.076083, 30.481277], [-96.075956, 30.480914], [-96.07621, 30.480854], [-96.076318, 30.481151], [-96.07694, 30.480931], [-96.077828, 30.481035], [-96.077872, 30.481107], [-96.077714, 30.481359], [-96.077892, 30.481387], [-96.078107, 30.48126], [-96.078215, 30.480716], [-96.078469, 30.480612], [-96.078811, 30.480612], [-96.079091, 30.480244], [-96.0801, 30.480337], [-96.080347, 30.480733], [-96.080759, 30.480601], [-96.080969, 30.480634], [-96.081083, 30.480832], [-96.081001, 30.481024], [-96.081299, 30.481051], [-96.081438, 30.4812], [-96.081622, 30.481139], [-96.081762, 30.480821], [-96.08187, 30.480864], [-96.081902, 30.481244], [-96.082162, 30.481238], [-96.082295, 30.481007], [-96.082574, 30.481029], [-96.082733, 30.480776], [-96.083075, 30.480733], [-96.083336, 30.480397], [-96.083602, 30.480667], [-96.083539, 30.480947], [-96.083704, 30.480996], [-96.083831, 30.480947], [-96.083996, 30.480579], [-96.083957, 30.480403], [-96.083685, 30.48026], [-96.08378, 30.480111], [-96.083894, 30.4801], [-96.0839, 30.479925], [-96.084072, 30.479787], [-96.084528, 30.480001], [-96.084922, 30.479754], [-96.085474, 30.479749], [-96.086146, 30.480012], [-96.086381, 30.480018], [-96.086616, 30.479935], [-96.086762, 30.479666], [-96.087003, 30.479529], [-96.087365, 30.479622], [-96.087542, 30.479572], [-96.08765, 30.479254], [-96.087377, 30.479006], [-96.087365, 30.478781], [-96.087669, 30.478446], [-96.088043, 30.478468], [-96.088227, 30.478374], [-96.088576, 30.477566], [-96.088608, 30.477281], [-96.088272, 30.477066], [-96.088202, 30.476857], [-96.089496, 30.476269], [-96.089623, 30.47589], [-96.089464, 30.475687], [-96.089464, 30.475511], [-96.08987, 30.475203], [-96.090029, 30.475285], [-96.090111, 30.475483], [-96.090371, 30.475324], [-96.090873, 30.475335], [-96.091387, 30.474791], [-96.091678, 30.474697], [-96.091843, 30.47473], [-96.092002, 30.474944], [-96.091717, 30.475483], [-96.091818, 30.475626], [-96.092015, 30.475615], [-96.092599, 30.475148], [-96.092814, 30.475159], [-96.09303, 30.47534], [-96.093252, 30.475246], [-96.093214, 30.475043], [-96.093005, 30.474955], [-96.09315, 30.474653], [-96.09329, 30.474642], [-96.093652, 30.475016], [-96.093842, 30.47501], [-96.093988, 30.474499], [-96.094191, 30.474312], [-96.094051, 30.47412], [-96.094077, 30.473916], [-96.09454, 30.473817], [-96.094667, 30.473674], [-96.09506, 30.473757], [-96.094813, 30.473806], [-96.0948, 30.473927], [-96.094997, 30.474076], [-96.095644, 30.474053], [-96.096145, 30.474136], [-96.096443, 30.47407], [-96.097028, 30.473651], [-96.097328, 30.473554], [-96.098299, 30.473638], [-96.0986, 30.473437], [-96.099235, 30.473316], [-96.100846, 30.472794], [-96.101474, 30.472371], [-96.102553, 30.47209], [-96.103695, 30.472293], [-96.103815, 30.472139], [-96.103879, 30.471579], [-96.104139, 30.471205], [-96.104392, 30.471084], [-96.104684, 30.471282], [-96.104856, 30.471018], [-96.104735, 30.470716], [-96.104519, 30.470721], [-96.104341, 30.470551], [-96.104309, 30.469836], [-96.104436, 30.46982], [-96.104633, 30.470139], [-96.104988, 30.470226], [-96.105268, 30.469929], [-96.104995, 30.469666], [-96.105026, 30.469298], [-96.104855, 30.469287], [-96.104747, 30.469061], [-96.104931, 30.468869], [-96.105464, 30.468973], [-96.105648, 30.46883], [-96.105565, 30.468704], [-96.105667, 30.468418], [-96.105495, 30.468275], [-96.105907, 30.46717], [-96.105374, 30.466181], [-96.105742, 30.466049], [-96.105767, 30.465599], [-96.106249, 30.465445], [-96.106097, 30.465269], [-96.106148, 30.465126], [-96.107826, 30.465092], [-96.108032, 30.464691], [-96.10786, 30.464373], [-96.107626, 30.464312], [-96.10741, 30.464092], [-96.106978, 30.463373], [-96.106971, 30.462394], [-96.107155, 30.462273], [-96.107295, 30.462015], [-96.108075, 30.461751], [-96.108506, 30.461427], [-96.10869, 30.460778], [-96.109299, 30.46041], [-96.109559, 30.459767], [-96.110013, 30.459365], [-96.110345, 30.459101], [-96.110777, 30.459143], [-96.110827, 30.458925], [-96.110694, 30.458596], [-96.110789, 30.458354], [-96.110973, 30.458073], [-96.111195, 30.457947], [-96.111163, 30.45782], [-96.11129, 30.457854], [-96.111195, 30.457683], [-96.110947, 30.457551], [-96.110884, 30.45731], [-96.110668, 30.457381], [-96.110408, 30.457189], [-96.110224, 30.457282], [-96.11016, 30.457161], [-96.110509, 30.456782], [-96.110541, 30.456419], [-96.110452, 30.456194], [-96.110674, 30.455738], [-96.110635, 30.455556], [-96.110382, 30.455265], [-96.110515, 30.455106], [-96.110413, 30.454947], [-96.110844, 30.454226], [-96.110654, 30.454155], [-96.110165, 30.453364], [-96.109702, 30.453567], [-96.109702, 30.453804], [-96.109499, 30.453941], [-96.109245, 30.453826], [-96.109176, 30.453655], [-96.109188, 30.453408], [-96.109499, 30.452957], [-96.109213, 30.452606], [-96.109099, 30.451583], [-96.109511, 30.451331], [-96.109803, 30.451259], [-96.109891, 30.450704], [-96.109409, 30.450226], [-96.109326, 30.449874], [-96.109428, 30.449764], [-96.10984, 30.449693], [-96.109903, 30.449478], [-96.109611, 30.449143], [-96.108895, 30.44888], [-96.108622, 30.448665], [-96.108063, 30.448512], [-96.107879, 30.448215], [-96.107816, 30.447715], [-96.10793, 30.447413], [-96.10708, 30.446566], [-96.107409, 30.445868], [-96.107821, 30.44578], [-96.108075, 30.445967], [-96.108373, 30.44561], [-96.108513, 30.445181], [-96.108703, 30.444945], [-96.108713, 30.443807]], [[-95.990081, 30.74229], [-95.9894, 30.741065], [-95.989311, 30.740257], [-95.989374, 30.739999], [-95.989173, 30.739054], [-95.989271, 30.738735], [-95.988864, 30.738224], [-95.988883, 30.737669], [-95.988482, 30.737422], [-95.988628, 30.737208], [-95.988469, 30.736993], [-95.988417, 30.736373], [-95.987762, 30.735878], [-95.987603, 30.736005], [-95.987597, 30.736153], [-95.98745, 30.736082], [-95.987361, 30.735944], [-95.987507, 30.735697], [-95.987291, 30.735439], [-95.986845, 30.735329], [-95.986686, 30.735098], [-95.986107, 30.73489], [-95.985586, 30.734879], [-95.985465, 30.73506], [-95.98521, 30.735143], [-95.984962, 30.735], [-95.984733, 30.735083], [-95.984173, 30.735083], [-95.984148, 30.735226], [-95.984358, 30.735385], [-95.984282, 30.735517], [-95.984091, 30.73544], [-95.983124, 30.73549], [-95.98264, 30.735364], [-95.98229, 30.734913], [-95.982494, 30.734858], [-95.982627, 30.734924], [-95.983079, 30.734578], [-95.982729, 30.734446], [-95.982697, 30.734155], [-95.982512, 30.733902], [-95.98262, 30.733622], [-95.982569, 30.733523], [-95.982162, 30.733534], [-95.981991, 30.733897], [-95.981806, 30.733859], [-95.981863, 30.73354], [-95.981679, 30.733392], [-95.981647, 30.733139], [-95.981411, 30.732947], [-95.981157, 30.732875], [-95.981252, 30.732397], [-95.981188, 30.732238], [-95.981036, 30.732232], [-95.980737, 30.732485], [-95.980189, 30.732282], [-95.980011, 30.732084], [-95.980113, 30.731804], [-95.980266, 30.731848], [-95.980393, 30.731782], [-95.979973, 30.731139], [-95.98022, 30.730743], [-95.980169, 30.730645], [-95.980087, 30.730617], [-95.97996, 30.730749], [-95.979667, 30.73059], [-95.979527, 30.730837], [-95.979272, 30.730442], [-95.978999, 30.730337], [-95.978814, 30.730118], [-95.978242, 30.730129], [-95.977746, 30.730244], [-95.977924, 30.730327], [-95.977917, 30.730426], [-95.977561, 30.730486], [-95.977606, 30.730816], [-95.97739, 30.730794], [-95.977351, 30.730635], [-95.977116, 30.730646], [-95.977097, 30.730948], [-95.976843, 30.730937], [-95.976747, 30.73114], [-95.976315, 30.730915], [-95.976111, 30.731179], [-95.975208, 30.731784], [-95.975253, 30.732273], [-95.975126, 30.732317], [-95.975081, 30.732592], [-95.974452, 30.732554], [-95.974471, 30.733037], [-95.973281, 30.732801], [-95.973084, 30.73301], [-95.972906, 30.732878], [-95.972677, 30.7329], [-95.972531, 30.733049], [-95.972658, 30.733225], [-95.972512, 30.7334], [-95.972372, 30.733258], [-95.972104, 30.73328], [-95.972155, 30.733148], [-95.972066, 30.733087], [-95.971621, 30.733373], [-95.970998, 30.733088], [-95.971106, 30.732879], [-95.971042, 30.732791], [-95.969153, 30.732825], [-95.968523, 30.732946], [-95.968536, 30.733209], [-95.968148, 30.733391], [-95.968288, 30.733561], [-95.968116, 30.733776], [-95.967512, 30.733919], [-95.967104, 30.733677], [-95.966678, 30.733979], [-95.966278, 30.733947], [-95.965991, 30.734062], [-95.965737, 30.733996], [-95.965648, 30.733661], [-95.965463, 30.733524], [-95.964706, 30.733557], [-95.964706, 30.733359], [-95.964477, 30.73315], [-95.964242, 30.733205], [-95.963987, 30.733134], [-95.963542, 30.733326], [-95.963307, 30.733574], [-95.963192, 30.733585], [-95.963116, 30.733332], [-95.963001, 30.733508], [-95.962677, 30.733645], [-95.962893, 30.733766], [-95.962811, 30.733926], [-95.962429, 30.733827], [-95.962442, 30.733992], [-95.962594, 30.734036], [-95.962664, 30.734195], [-95.962804, 30.734068], [-95.963116, 30.73425], [-95.962741, 30.734404], [-95.962366, 30.734706], [-95.962315, 30.734805], [-95.962448, 30.734926], [-95.962372, 30.735047], [-95.962003, 30.734931], [-95.961959, 30.735129], [-95.961768, 30.735206], [-95.961481, 30.735014], [-95.961157, 30.735091], [-95.961023, 30.734981], [-95.960635, 30.735146], [-95.9604, 30.735025], [-95.960133, 30.735042], [-95.960145, 30.734882], [-95.960044, 30.734849], [-95.959846, 30.73508], [-95.959516, 30.735069], [-95.958988, 30.73535], [-95.958377, 30.735284], [-95.958091, 30.735449], [-95.95783, 30.735328], [-95.95748, 30.735378], [-95.957276, 30.735092], [-95.956335, 30.734955], [-95.956195, 30.734768], [-95.955832, 30.734746], [-95.955698, 30.734587], [-95.955578, 30.734686], [-95.955247, 30.734713], [-95.95484, 30.734455], [-95.954827, 30.734312], [-95.954598, 30.734301], [-95.954401, 30.734433], [-95.954362, 30.734213], [-95.954254, 30.734142], [-95.954127, 30.734164], [-95.954114, 30.734301], [-95.954013, 30.73434], [-95.953694, 30.734378], [-95.953491, 30.734246], [-95.953408, 30.734257], [-95.953408, 30.734384], [-95.953255, 30.734395], [-95.953135, 30.73412], [-95.952785, 30.733977], [-95.952638, 30.733818], [-95.952505, 30.733395], [-95.952288, 30.733224], [-95.952269, 30.732587], [-95.952161, 30.732543], [-95.952053, 30.73256], [-95.95211, 30.732741], [-95.951722, 30.732763], [-95.951627, 30.732983], [-95.951264, 30.732961], [-95.951156, 30.733104], [-95.95087, 30.733104], [-95.950736, 30.733225], [-95.950583, 30.733186], [-95.950539, 30.73295], [-95.950125, 30.733]]]}},
    {"type": "Feature", "properties": {"name": "Twisted Creek", "Type": "Creek or other stream"}, "geometry": {"type": "LineString", "coordinates": [[-95.961899, 30.811572], [-95.961739, 30.812204], [-95.961446, 30.812704], [-95.960619, 30.813743], [-95.960804, 30.814375], [-95.96067, 30.814579], [-95.960715, 30.815128], [-95.960874, 30.815529], [-95.960702, 30.815831], [-95.960715, 30.816315], [-95.960257, 30.81715], [-95.960053, 30.817255], [-95.959627, 30.817288], [-95.95934, 30.817129], [-95.95927, 30.817315], [-95.958907, 30.817211], [-95.958601, 30.817651], [-95.958455, 30.818222], [-95.958131, 30.818618], [-95.957889, 30.81864], [-95.957691, 30.818426], [-95.957373, 30.818475], [-95.957207, 30.818563], [-95.957067, 30.81897], [-95.956583, 30.818954], [-95.956367, 30.81908], [-95.956189, 30.819009], [-95.955915, 30.819113], [-95.955635, 30.8193], [-95.955737, 30.819718], [-95.955673, 30.819872], [-95.955444, 30.819888], [-95.955138, 30.819569], [-95.954884, 30.819558], [-95.954775, 30.820048], [-95.954476, 30.820405], [-95.954597, 30.820762], [-95.954394, 30.820971], [-95.954343, 30.821191], [-95.953706, 30.821883], [-95.953585, 30.822268], [-95.953464, 30.822372], [-95.95319, 30.822328], [-95.952968, 30.822477], [-95.952458, 30.82257], [-95.952299, 30.82268], [-95.952197, 30.823092], [-95.951936, 30.823213], [-95.951911, 30.823625], [-95.951605, 30.823576], [-95.950529, 30.824428], [-95.950077, 30.825258], [-95.948702, 30.82644], [-95.948015, 30.82722], [-95.948027, 30.827489], [-95.948257, 30.827429], [-95.948314, 30.827758], [-95.94855, 30.827857], [-95.948339, 30.827973], [-95.94818, 30.827879], [-95.947989, 30.828132], [-95.948193, 30.828286], [-95.948199, 30.828517], [-95.948397, 30.828572], [-95.948352, 30.828693], [-95.948091, 30.828825], [-95.947773, 30.828797], [-95.947646, 30.829039], [-95.94683, 30.828968], [-95.945945, 30.829424], [-95.945379, 30.829166], [-95.944971, 30.829429], [-95.944869, 30.829193], [-95.944392, 30.829193], [-95.944277, 30.828979], [-95.944111, 30.828913], [-95.944029, 30.829182], [-95.943691, 30.829375], [-95.943405, 30.829369], [-95.943322, 30.829622], [-95.943023, 30.829798], [-95.942851, 30.829419], [-95.942634, 30.82954], [-95.942545, 30.82949], [-95.942545, 30.829171], [-95.942653, 30.829001], [-95.942526, 30.828941], [-95.942156, 30.8291], [-95.941965, 30.829067], [-95.941883, 30.829276], [-95.941704, 30.829122], [-95.941379, 30.829375], [-95.941029, 30.829446], [-95.9401, 30.829375], [-95.939444, 30.829496], [-95.938794, 30.829227], [-95.938387, 30.829688], [-95.937833, 30.829529], [-95.937119, 30.829831], [-95.936871, 30.830463], [-95.936508, 30.830919], [-95.936444, 30.831403], [-95.937037, 30.832683], [-95.936814, 30.833085], [-95.936897, 30.833469], [-95.93682, 30.833876], [-95.936954, 30.834244], [-95.936776, 30.834634], [-95.936884, 30.835024], [-95.936719, 30.835294], [-95.937566, 30.836393], [-95.937585, 30.836876], [-95.938253, 30.838036], [-95.938546, 30.838332], [-95.938375, 30.838855], [-95.938629, 30.838827], [-95.938782, 30.839085], [-95.938693, 30.839481], [-95.938317, 30.839558], [-95.937942, 30.840053], [-95.937636, 30.841262], [-95.937413, 30.841531], [-95.937579, 30.841883], [-95.937254, 30.841899], [-95.93756, 30.842086], [-95.937878, 30.841861], [-95.937929, 30.841981], [-95.937776, 30.842212], [-95.937904, 30.842355], [-95.938088, 30.842333], [-95.93812, 30.842141], [-95.938267, 30.842119], [-95.938248, 30.842547], [-95.938904, 30.843212], [-95.939025, 30.843575], [-95.938923, 30.843789], [-95.93856, 30.843938], [-95.938229, 30.844273], [-95.938012, 30.8443], [-95.937483, 30.844806], [-95.938216, 30.845663], [-95.938458, 30.846532], [-95.938038, 30.850268], [-95.935627, 30.853618]]}},
    {"type": "Feature", "properties": {"name": "Walnut Creek", "Type": "Creek or other stream"}, "geometry": {"type": "LineString", "coordinates": [[-95.916851, 30.270356], [-95.916839, 30.270108], [-95.917016, 30.26957], [-95.916921, 30.269015], [-95.91701, 30.267481], [-95.918062, 30.265146], [-95.918284, 30.263849], [-95.918316, 30.262381], [-95.918418, 30.262056], [-95.918297, 30.259628], [-95.91812, 30.258166], [-95.917646, 30.256122], [-95.917323, 30.255456], [-95.917108, 30.254077], [-95.916228, 30.252142], [-95.915704, 30.249304], [-95.915597, 30.248167], [-95.915445, 30.24776], [-95.915489, 30.247265], [-95.914964, 30.246496], [-95.914647, 30.246265], [-95.914078, 30.246095], [-95.91397, 30.245974], [-95.914014, 30.245446], [-95.913609, 30.245144], [-95.913926, 30.244605], [-95.913299, 30.243962], [-95.913268, 30.24339], [-95.913496, 30.243176], [-95.91347, 30.24294], [-95.913312, 30.24267], [-95.912496, 30.242093], [-95.912426, 30.24195], [-95.912509, 30.240741], [-95.912218, 30.240346], [-95.912281, 30.239994], [-95.912041, 30.23879], [-95.911475, 30.238164]]}},
    {"type": "Feature", "properties": {"name": "West Fork San Jacinto River", "Type": "River"}, "geometry": {"type": "LineString", "coordinates": [[-95.844855, 30.653106], [-95.844589, 30.653689], [-95.844614, 30.654123], [-95.844373, 30.654365], [-95.844049, 30.655145], [-95.844113, 30.655596], [-95.843973, 30.655777], [-95.844017, 30.655948], [-95.84363, 30.656058], [-95.843757, 30.656382], [-95.84356, 30.656404], [-95.843503, 30.656503], [-95.843337, 30.656487], [-95.843032, 30.656685], [-95.84267, 30.656575], [-95.842193, 30.656855], [-95.842066, 30.657212], [-95.841863, 30.657383], [-95.841787, 30.657718], [-95.841526, 30.657894], [-95.841342, 30.658356], [-95.841405, 30.658735], [-95.841285, 30.659087], [-95.841456, 30.659136], [-95.841431, 30.659482], [-95.841603, 30.659559], [-95.841832, 30.659405], [-95.842041, 30.659504], [-95.841991, 30.660004], [-95.842156, 30.660257], [-95.841864, 30.660592], [-95.841902, 30.660829], [-95.841743, 30.660961], [-95.841763, 30.661779], [-95.84189, 30.66195], [-95.84264, 30.662169], [-95.842348, 30.662582], [-95.84196, 30.662807], [-95.84203, 30.663098], [-95.841903, 30.663582], [-95.841484, 30.664269], [-95.841522, 30.664731], [-95.841058, 30.664984], [-95.840842, 30.664912], [-95.840607, 30.665083], [-95.840072, 30.665011], [-95.840085, 30.665264], [-95.839653, 30.665248], [-95.839138, 30.665753], [-95.839055, 30.665578], [-95.838629, 30.665693], [-95.838865, 30.665776], [-95.838452, 30.666116], [-95.838433, 30.666424], [-95.838617, 30.666523], [-95.838998, 30.666485], [-95.839208, 30.666809], [-95.838751, 30.666924], [-95.838706, 30.667166], [-95.838395, 30.667194], [-95.838229, 30.667562], [-95.837975, 30.66771], [-95.838217, 30.667793], [-95.838096, 30.667985], [-95.838173, 30.668221], [-95.837925, 30.668216], [-95.837931, 30.668386], [-95.837505, 30.668716], [-95.837353, 30.669035], [-95.836946, 30.669178], [-95.836838, 30.669299], [-95.836939, 30.669728], [-95.837226, 30.669727], [-95.837296, 30.669799], [-95.837168, 30.670052], [-95.837238, 30.670134], [-95.837633, 30.670162], [-95.8379, 30.670348], [-95.838199, 30.670326], [-95.838129, 30.671261], [-95.83825, 30.671469], [-95.838167, 30.671519], [-95.838015, 30.671453], [-95.83743, 30.671799], [-95.837449, 30.672288], [-95.837265, 30.672701], [-95.836731, 30.672767], [-95.836826, 30.6733], [-95.83668, 30.673487], [-95.836515, 30.674097]]}},
    {"type": "Feature", "properties": {"name": "West Sandy Creek", "Type": "Creek or other stream"}, "geometry": {"type": "LineString", "coordinates": [[-95.83611, 30.650146], [-95.835707, 30.649162], [-95.835815, 30.648931], [-95.835573, 30.648525], [-95.834327, 30.647761], [-95.83427, 30.647563], [-95.833812, 30.647256], [-95.833392, 30.647061], [-95.833164, 30.647129], [-95.833227, 30.646876], [-95.833056, 30.646706], [-95.832606, 30.646774]]}},
    {"type": "Feature", "properties": {"name": "Wilson Branch", "Type": "Creek or other stream"}, "geometry": {"type": "MultiLineString", "coordinates": [[[-96.021691, 30.714753], [-96.021253, 30.714379], [-96.021012, 30.713131], [-96.020707, 30.712697], [-96.020662, 30.712312], [-96.020529, 30.712093], [-96.020154, 30.711746], [-96.020008, 30.711263], [-96.019168, 30.710685], [-96.018895, 30.710174], [-96.018596, 30.710009], [-96.018406, 30.709685], [-96.017897, 30.70963], [-96.017694, 30.709371], [-96.01777, 30.709113], [-96.0177, 30.70902], [-96.017281, 30.709063], [-96.017192, 30.708893], [-96.016956, 30.708827], [-96.017058, 30.708602], [-96.016619, 30.708371], [-96.016461, 30.707931]], [[-96.016461, 30.707931], [-96.016073, 30.707601], [-96.016289, 30.70703], [-96.015787, 30.707019], [-96.01559, 30.70687], [-96.015768, 30.706106], [-96.016055, 30.705606], [-96.015928, 30.705216], [-96.015324, 30.704694], [-96.01535, 30.704265], [-96.015204, 30.70354], [-96.014905, 30.703364], [-96.014625, 30.703485], [-96.014422, 30.703424], [-96.014333, 30.703248], [-96.014416, 30.703028], [-96.01411, 30.702951], [-96.014009, 30.702742], [-96.014174, 30.702209], [-96.013952, 30.701561], [-96.01415, 30.700341], [-96.013979, 30.700017], [-96.014093, 30.7], [-96.014207, 30.700187], [-96.014303, 30.700171], [-96.0145, 30.699764], [-96.01471, 30.699671], [-96.014157, 30.698945], [-96.014265, 30.698726], [-96.01417, 30.698401], [-96.014387, 30.69772], [-96.013706, 30.697626], [-96.013434, 30.695939], [-96.01318, 30.695472], [-96.012964, 30.695213], [-96.012544, 30.695191], [-96.012303, 30.694856], [-96.012436, 30.694642], [-96.012017, 30.694279], [-96.012138, 30.693933], [-96.011432, 30.693839], [-96.011471, 30.693328], [-96.01135, 30.69307], [-96.010949, 30.693102], [-96.010746, 30.692795], [-96.010975, 30.692284], [-96.010799, 30.689635], [-96.011257, 30.689525], [-96.011282, 30.689377], [-96.011212, 30.689206], [-96.011034, 30.689129], [-96.010379, 30.689277]]]}},
    {"type": "Feature", "properties": {"name": "Wren Branch", "Type": "Creek or other stream"}, "geometry": {"type": "LineString", "coordinates": [[-95.964162, 30.820482], [-95.964129, 30.820892], [-95.964308, 30.821474], [-95.964244, 30.821886], [-95.964429, 30.82232], [-95.96441, 30.822535], [-95.963596, 30.82403], [-95.963723, 30.824321], [-95.963819, 30.825458], [-95.964163, 30.825936], [-95.96417, 30.826563], [-95.964488, 30.827063], [-95.964475, 30.827503], [-95.964278, 30.82786], [-95.964329, 30.828168], [-95.964151, 30.828712], [-95.96426, 30.829256], [-95.963566, 30.829987], [-95.963477, 30.830234], [-95.963101, 30.830481], [-95.962827, 30.830487], [-95.962534, 30.830641], [-95.962445, 30.83085], [-95.962305, 30.830899], [-95.96221, 30.831295], [-95.962, 30.831482], [-95.962095, 30.831679], [-95.962064, 30.832344], [-95.961841, 30.832509], [-95.961873, 30.832713], [-95.961401, 30.83246], [-95.961261, 30.832476], [-95.960828, 30.832861], [-95.96044, 30.832966], [-95.960389, 30.833103], [-95.960631, 30.833361], [-95.960217, 30.833537], [-95.960351, 30.833708], [-95.960224, 30.833856], [-95.959746, 30.834005], [-95.959307, 30.833851], [-95.959262, 30.833983], [-95.959492, 30.834543], [-95.959313, 30.834664], [-95.958823, 30.834747], [-95.95846, 30.835467], [-95.957925, 30.836016], [-95.957505, 30.83633], [-95.956805, 30.836626], [-95.956754, 30.836769], [-95.956919, 30.836824], [-95.956913, 30.837022], [-95.956353, 30.837259], [-95.955767, 30.836868], [-95.954792, 30.837391], [-95.954238, 30.837396], [-95.953697, 30.837237], [-95.953302, 30.837374], [-95.953398, 30.83799], [-95.953334, 30.838726], [-95.953099, 30.83888], [-95.952647, 30.838897], [-95.95236, 30.839007], [-95.952615, 30.839551], [-95.952086, 30.839842], [-95.952309, 30.840221], [-95.952303, 30.841062], [-95.951361, 30.841535], [-95.951316, 30.842244], [-95.950533, 30.842975], [-95.950387, 30.843376], [-95.949718, 30.843612], [-95.949546, 30.844101], [-95.949126, 30.844228], [-95.949043, 30.844613], [-95.94919, 30.845124], [-95.949101, 30.845343], [-95.948566, 30.845354], [-95.947872, 30.845975], [-95.947547, 30.846547], [-95.947012, 30.846855], [-95.945986, 30.846597], [-95.945725, 30.846778], [-95.945541, 30.847514], [-95.945267, 30.847795], [-95.94521, 30.848059], [-95.944707, 30.848768], [-95.944522, 30.849218], [-95.944267, 30.849394], [-95.943796, 30.850202], [-95.944242, 30.851186], [-95.944408, 30.852109], [-95.944558, 30.852347]]}}
  ]
}
