{
  "type": "FeatureCollection",
  "features": [
    {"type": "Feature", "properties": {"name": "Water well", "description": "Recorded use: domestic", "Use": "Household", "Depth (feet)": 184.0, "Completed": 2001, "Work": "New Well", "State report number": "1475"}, "geometry": {"type": "Point", "coordinates": [-95.843611, 30.474722]}},
    {"type": "Feature", "properties": {"name": "Water well", "description": "Recorded use: domestic", "Use": "Household", "Depth (feet)": 340.0, "Completed": 2001, "Work": "New Well", "State report number": "2198"}, "geometry": {"type": "Point", "coordinates": [-95.834722, 30.359167]}},
    {"type": "Feature", "properties": {"name": "Water well", "description": "Recorded use: domestic", "Use": "Household", "Depth (feet)": 293.0, "Completed": 2001, "Work": "New Well", "State report number": "2591"}, "geometry": {"type": "Point", "coordinates": [-95.839445, 30.590556]}},
    {"type": "Feature", "properties": {"name": "Water well", "description": "Recorded use: domestic", "Use": "Household", "Depth (feet)": 375.0, "Completed": 2001, "Work": "New Well", "State report number": "3591"}, "geometry": {"type": "Point", "coordinates": [-95.875278, 30.828889]}},
    {"type": "Feature", "properties": {"name": "Water well", "description": "Recorded use: domestic", "Use": "Household", "Depth (feet)": 97.0, "Completed": 2001, "Work": "New Well", "State report number": "3738"}, "geometry": {"type": "Point", "coordinates": [-95.908889, 30.246667]}},
    {"type": "Feature", "properties": {"name": "Well or boring", "description": "Recorded use: monitor", "Use": "Monitoring, testing or other", "Depth (feet)": 23.0, "Completed": 2001, "Work": "New Well", "Plugged": "Yes", "State report number": "4555"}, "geometry": {"type": "Point", "coordinates": [-96.086945, 30.385278]}},
    {"type": "Feature", "properties": {"name": "Well or boring", "description": "Recorded use: environmental soil boring", "Use": "Monitoring, testing or other", "Depth (feet)": 22.0, "Completed": 2001, "Work": "New Well", "Plugged": "Yes", "State report number": "4556"}, "geometry": {"type": "Point", "coordinates": [-96.086945, 30.385278]}},
    {"type": "Feature", "properties": {"name": "Well or boring", "description": "Recorded use: environmental soil boring", "Use": "Monitoring, testing or other", "Depth (feet)": 22.0, "Completed": 2001, "Work": "New Well", "Plugged": "Yes", "State report number": "4557"}, "geometry": {"type": "Point", "coordinates": [-96.086945, 30.385278]}},
    {"type": "Feature", "properties": {"name": "Well or boring", "description": "Recorded use: environmental soil boring", "Use": "Monitoring, testing or other", "Depth (feet)": 22.0, "Completed": 2001, "Work": "New Well", "Plugged": "Yes", "State report number": "4558"}, "geometry": {"type": "Point", "coordinates": [-96.086945, 30.385278]}},
    {"type": "Feature", "properties": {"name": "Well or boring", "description": "Recorded use: monitor", "Use": "Monitoring, testing or other", "Depth (feet)": 20.0, "Completed": 2001, "Work": "New Well", "State report number": "4559"}, "geometry": {"type": "Point", "coordinates": [-96.086945, 30.385278]}},
    {"type": "Feature", "properties": {"name": "Water well", "description": "Recorded use: public supply", "Use": "Public water supply", "Depth (feet)": 900.0, "Completed": 2002, "Work": "New Well", "State report number": "5045"}, "geometry": {"type": "Point", "coordinates": [-95.957778, 30.336389]}},
    {"type": "Feature", "properties": {"name": "Water well", "description": "Recorded use: domestic", "Use": "Household", "Depth (feet)": 142.0, "Completed": 2002, "Work": "New Well", "State report number": "5688"}, "geometry": {"type": "Point", "coordinates": [-95.8175, 30.245834]}},
    {"type": "Feature", "properties": {"name": "Water well", "description": "Recorded use: domestic", "Use": "Household", "Depth (feet)": 398.0, "Completed": 2002, "Work": "New Well", "State report number": "6003"}, "geometry": {"type": "Point", "coordinates": [-95.986667, 30.393889]}},
    {"type": "Feature", "properties": {"name": "Water well", "description": "Recorded use: domestic", "Use": "Household", "Depth (feet)": 206.0, "Completed": 2002, "Work": "New Well", "State report number": "6005"}, "geometry": {"type": "Point", "coordinates": [-96.054167, 30.411112]}},
    {"type": "Feature", "properties": {"name": "Water well", "description": "Recorded use: domestic", "Use": "Household", "Depth (feet)": 142.0, "Completed": 2002, "Work": "New Well", "State report number": "6117"}, "geometry": {"type": "Point", "coordinates": [-95.8175, 30.245834]}},
    {"type": "Feature", "properties": {"name": "Well or boring", "description": "Recorded use: environmental soil boring", "Use": "Monitoring, testing or other", "Depth (feet)": 12.0, "Completed": 2002, "Work": "New Well", "Plugged": "Yes", "State report number": "6202"}, "geometry": {"type": "Point", "coordinates": [-96.100278, 30.5925]}},
    {"type": "Feature", "properties": {"name": "Well or boring", "description": "Recorded use: environmental soil boring", "Use": "Monitoring, testing or other", "Depth (feet)": 12.0, "Completed": 2002, "Work": "New Well", "Plugged": "Yes", "State report number": "6203"}, "geometry": {"type": "Point", "coordinates": [-96.100278, 30.5925]}},
    {"type": "Feature", "properties": {"name": "Well or boring", "description": "Recorded use: environmental soil boring", "Use": "Monitoring, testing or other", "Depth (feet)": 10.0, "Completed": 2002, "Work": "New Well", "Plugged": "Yes", "State report number": "6204"}, "geometry": {"type": "Point", "coordinates": [-96.100278, 30.5925]}},
    {"type": "Feature", "properties": {"name": "Water well", "description": "Recorded use: domestic", "Use": "Household", "Depth (feet)": 286.0, "Completed": 2002, "Work": "New Well", "State report number": "6632"}, "geometry": {"type": "Point", "coordinates": [-95.888334, 30.545]}},
    {"type": "Feature", "properties": {"name": "Water well", "description": "Recorded use: domestic", "Use": "Household", "Depth (feet)": 310.0, "Completed": 2002, "Work": "New Well", "State report number": "6969"}, "geometry": {"type": "Point", "coordinates": [-95.940556, 30.351112]}},
    {"type": "Feature", "properties": {"name": "Water well", "description": "Recorded use: domestic", "Use": "Household", "Depth (feet)": 312.0, "Completed": 2002, "Work": "New Well", "State report number": "7067"}, "geometry": {"type": "Point", "coordinates": [-96.093611, 30.354167]}},
    {"type": "Feature", "properties": {"name": "Water well", "description": "Recorded use: domestic", "Use": "Household", "Depth (feet)": 120.0, "Completed": 2002, "Work": "New Well", "State report number": "7075"}, "geometry": {"type": "Point", "coordinates": [-96.066667, 30.415278]}},
    {"type": "Feature", "properties": {"name": "Water well", "description": "Recorded use: domestic", "Use": "Household", "Depth (feet)": 301.0, "Completed": 2002, "Work": "New Well", "State report number": "7094"}, "geometry": {"type": "Point", "coordinates": [-96.026667, 30.311945]}},
    {"type": "Feature", "properties": {"name": "Water well", "description": "Recorded use: domestic", "Use": "Household", "Depth (feet)": 277.0, "Completed": 2002, "Work": "New Well", "State report number": "7125"}, "geometry": {"type": "Point", "coordinates": [-95.868333, 30.509167]}},
    {"type": "Feature", "properties": {"name": "Water well", "description": "Recorded use: domestic", "Use": "Household", "Depth (feet)": 244.0, "Completed": 2002, "Work": "New Well", "State report number": "7146"}, "geometry": {"type": "Point", "coordinates": [-95.903334, 30.435556]}},
    {"type": "Feature", "properties": {"name": "Water well", "description": "Recorded use: domestic", "Use": "Household", "Depth (feet)": 782.0, "Completed": 2002, "Work": "New Well", "State report number": "7257"}, "geometry": {"type": "Point", "coordinates": [-95.893611, 30.816112]}},
    {"type": "Feature", "properties": {"name": "Water well", "description": "Recorded use: domestic", "Use": "Household", "Depth (feet)": 142.0, "Completed": 2002, "Work": "New Well", "State report number": "7258"}, "geometry": {"type": "Point", "coordinates": [-96.065278, 30.356667]}},
    {"type": "Feature", "properties": {"name": "Water well", "description": "Recorded use: domestic", "Use": "Household", "Depth (feet)": 292.0, "Completed": 2002, "Work": "New Well", "State report number": "7267"}, "geometry": {"type": "Point", "coordinates": [-95.865834, 30.324444]}},
    {"type": "Feature", "properties": {"name": "Water well", "description": "Recorded use: domestic", "Use": "Household", "Depth (feet)": 288.0, "Completed": 2002, "Work": "New Well", "State report number": "7597"}, "geometry": {"type": "Point", "coordinates": [-95.981389, 30.279444]}},
    {"type": "Feature", "properties": {"name": "Water well", "description": "Recorded use: domestic", "Use": "Household", "Depth (feet)": 371.0, "Completed": 2002, "Work": "New Well", "State report number": "7602"}, "geometry": {"type": "Point", "coordinates": [-96.049167, 30.4975]}},
    {"type": "Feature", "properties": {"name": "Water well", "description": "Recorded use: domestic", "Use": "Household", "Depth (feet)": 152.0, "Completed": 2002, "Work": "New Well", "State report number": "7615"}, "geometry": {"type": "Point", "coordinates": [-96.012223, 30.553612]}},
    {"type": "Feature", "properties": {"name": "Water well", "description": "Recorded use: domestic", "Use": "Household", "Depth (feet)": 655.0, "Completed": 2002, "Work": "New Well", "State report number": "7616"}, "geometry": {"type": "Point", "coordinates": [-96.001945, 30.476389]}},
    {"type": "Feature", "properties": {"name": "Water well", "description": "Recorded use: domestic", "Use": "Household", "Depth (feet)": 345.0, "Completed": 2002, "Work": "New Well", "State report number": "7619"}, "geometry": {"type": "Point", "coordinates": [-95.893889, 30.834722]}},
    {"type": "Feature", "properties": {"name": "Water well", "description": "Recorded use: domestic", "Use": "Household", "Depth (feet)": 363.0, "Completed": 2002, "Work": "New Well", "State report number": "7643"}, "geometry": {"type": "Point", "coordinates": [-96.093929, 30.688005]}},
    {"type": "Feature", "properties": {"name": "Well or boring", "description": "Recorded use: monitor", "Use": "Monitoring, testing or other", "Depth (feet)": 28.0, "Completed": 2002, "Work": "New Well", "State report number": "7844"}, "geometry": {"type": "Point", "coordinates": [-95.950001, 30.775]}},
    {"type": "Feature", "properties": {"name": "Well or boring", "description": "Recorded use: monitor", "Use": "Monitoring, testing or other", "Depth (feet)": 25.0, "Completed": 2002, "Work": "New Well", "State report number": "7845"}, "geometry": {"type": "Point", "coordinates": [-95.950001, 30.775]}},
    {"type": "Feature", "properties": {"name": "Well or boring", "description": "Recorded use: monitor", "Use": "Monitoring, testing or other", "Depth (feet)": 25.0, "Completed": 2002, "Work": "New Well", "State report number": "7846"}, "geometry": {"type": "Point", "coordinates": [-95.950001, 30.775]}},
    {"type": "Feature", "properties": {"name": "Well or boring", "description": "Recorded use: monitor", "Use": "Monitoring, testing or other", "Depth (feet)": 25.0, "Completed": 2002, "Work": "New Well", "State report number": "7847"}, "geometry": {"type": "Point", "coordinates": [-95.950001, 30.775]}},
    {"type": "Feature", "properties": {"name": "Water well", "description": "Recorded use: domestic", "Use": "Household", "Depth (feet)": 86.0, "Completed": 2002, "Work": "New Well", "State report number": "7914"}, "geometry": {"type": "Point", "coordinates": [-95.916389, 30.254167]}},
    {"type": "Feature", "properties": {"name": "Water well", "description": "Recorded use: domestic", "Use": "Household", "Depth (feet)": 86.0, "Completed": 2002, "Work": "New Well", "State report number": "7915"}, "geometry": {"type": "Point", "coordinates": [-95.916389, 30.254167]}},
    {"type": "Feature", "properties": {"name": "Water well", "description": "Recorded use: domestic", "Use": "Household", "Depth (feet)": 403.0, "Completed": 2002, "Work": "New Well", "State report number": "7932"}, "geometry": {"type": "Point", "coordinates": [-95.940278, 30.664723]}},
    {"type": "Feature", "properties": {"name": "Water well", "description": "Recorded use: domestic", "Use": "Household", "Depth (feet)": 105.0, "Completed": 2002, "Work": "New Well", "State report number": "8247"}, "geometry": {"type": "Point", "coordinates": [-95.82, 30.247222]}},
    {"type": "Feature", "properties": {"name": "Water well", "description": "Recorded use: domestic", "Use": "Household", "Depth (feet)": 247.0, "Completed": 2002, "Work": "New Well", "State report number": "8250"}, "geometry": {"type": "Point", "coordinates": [-95.878611, 30.32]}},
    {"type": "Feature", "properties": {"name": "Water well", "description": "Recorded use: domestic", "Use": "Household", "Depth (feet)": 390.0, "Completed": 2002, "Work": "New Well", "State report number": "8253"}, "geometry": {"type": "Point", "coordinates": [-96.140834, 30.710001]}},
    {"type": "Feature", "properties": {"name": "Water well", "description": "Recorded use: domestic", "Use": "Household", "Depth (feet)": 350.0, "Completed": 2002, "Work": "New Well", "State report number": "8509"}, "geometry": {"type": "Point", "coordinates": [-95.855001, 30.680278]}},
    {"type": "Feature", "properties": {"name": "Water well", "description": "Recorded use: domestic", "Use": "Household", "Depth (feet)": 302.0, "Completed": 2002, "Work": "New Well", "State report number": "8510"}, "geometry": {"type": "Point", "coordinates": [-96.027778, 30.726389]}},
    {"type": "Feature", "properties": {"name": "Water well", "description": "Recorded use: domestic", "Use": "Household", "Depth (feet)": 280.0, "Completed": 2002, "Work": "New Well", "State report number": "8514"}, "geometry": {"type": "Point", "coordinates": [-95.8875, 30.380278]}},
    {"type": "Feature", "properties": {"name": "Water well", "description": "Recorded use: domestic", "Use": "Household", "Depth (feet)": 320.0, "Completed": 2002, "Work": "New Well", "State report number": "8516"}, "geometry": {"type": "Point", "coordinates": [-96.087778, 30.680555]}},
    {"type": "Feature", "properties": {"name": "Water well", "description": "Recorded use: domestic", "Use": "Household", "Depth (feet)": 249.0, "Completed": 2002, "Work": "New Well", "State report number": "8522"}, "geometry": {"type": "Point", "coordinates": [-95.874722, 30.375]}},
    {"type": "Feature", "properties": {"name": "Water well", "description": "Recorded use: irrigation", "Use": "Livestock or irrigation", "Depth (feet)": 602.0, "Completed": 2002, "Work": "New Well", "State report number": "8529"}, "geometry": {"type": "Point", "coordinates": [-96.036945, 30.485278]}},
    {"type": "Feature", "properties": {"name": "Water well", "description": "Recorded use: domestic", "Use": "Household", "Depth (feet)": 147.0, "Completed": 2002, "Work": "New Well", "State report number": "8918"}, "geometry": {"type": "Point", "coordinates": [-95.869722, 30.258056]}},
    {"type": "Feature", "properties": {"name": "Water well", "description": "Recorded use: domestic", "Use": "Household", "Depth (feet)": 130.0, "Completed": 2002, "Work": "New Well", "State report number": "9522"}, "geometry": {"type": "Point", "coordinates": [-95.876667, 30.262223]}},
    {"type": "Feature", "properties": {"name": "Water well", "description": "Recorded use: domestic", "Use": "Household", "Depth (feet)": 368.0, "Completed": 2002, "Work": "New Well", "State report number": "9589"}, "geometry": {"type": "Point", "coordinates": [-95.829444, 30.269722]}},
    {"type": "Feature", "properties": {"name": "Water well", "description": "Recorded use: domestic", "Use": "Household", "Depth (feet)": 138.0, "Completed": 2002, "Work": "New Well", "State report number": "9602"}, "geometry": {"type": "Point", "coordinates": [-96.067222, 30.355834]}},
    {"type": "Feature", "properties": {"name": "Water well", "description": "Recorded use: domestic", "Use": "Household", "Depth (feet)": 141.0, "Completed": 2002, "Work": "New Well", "State report number": "9603"}, "geometry": {"type": "Point", "coordinates": [-96.066944, 30.355834]}},
    {"type": "Feature", "properties": {"name": "Water well", "description": "Recorded use: domestic", "Use": "Household", "Depth (feet)": 130.0, "Completed": 2002, "Work": "New Well", "State report number": "9604"}, "geometry": {"type": "Point", "coordinates": [-96.115001, 30.813334]}},
    {"type": "Feature", "properties": {"name": "Water well", "description": "Recorded use: domestic", "Use": "Household", "Depth (feet)": 251.0, "Completed": 2002, "Work": "New Well", "State report number": "9746"}, "geometry": {"type": "Point", "coordinates": [-95.832222, 30.616112]}},
    {"type": "Feature", "properties": {"name": "Water well", "description": "Recorded use: domestic", "Use": "Household", "Depth (feet)": 252.0, "Completed": 2002, "Work": "New Well", "State report number": "9749"}, "geometry": {"type": "Point", "coordinates": [-95.960278, 30.504445]}},
    {"type": "Feature", "properties": {"name": "Water well", "description": "Recorded use: domestic", "Use": "Household", "Depth (feet)": 200.0, "Completed": 2002, "Work": "New Well", "State report number": "9751"}, "geometry": {"type": "Point", "coordinates": [-95.901389, 30.434445]}},
    {"type": "Feature", "properties": {"name": "Water well", "description": "Recorded use: domestic", "Use": "Household", "Depth (feet)": 150.0, "Completed": 2002, "Work": "New Well", "State report number": "10333"}, "geometry": {"type": "Point", "coordinates": [-95.874722, 30.381944]}},
    {"type": "Feature", "properties": {"name": "Water well", "description": "Recorded use: domestic", "Use": "Household", "Depth (feet)": 300.0, "Completed": 2002, "Work": "New Well", "State report number": "10339"}, "geometry": {"type": "Point", "coordinates": [-96.010556, 30.235278]}},
    {"type": "Feature", "properties": {"name": "Water well", "description": "Recorded use: industrial", "Use": "Industrial or drilling supply", "Depth (feet)": 460.0, "Completed": 2002, "Work": "New Well", "State report number": "10513"}, "geometry": {"type": "Point", "coordinates": [-95.830555, 30.259167]}},
    {"type": "Feature", "properties": {"name": "Water well", "description": "Recorded use: domestic", "Use": "Household", "Depth (feet)": 186.0, "Completed": 2002, "Work": "New Well", "State report number": "10520"}, "geometry": {"type": "Point", "coordinates": [-95.878055, 30.410001]}},
    {"type": "Feature", "properties": {"name": "Water well", "description": "Recorded use: domestic", "Use": "Household", "Depth (feet)": 180.0, "Completed": 2002, "Work": "New Well", "State report number": "10522"}, "geometry": {"type": "Point", "coordinates": [-95.878611, 30.402223]}},
    {"type": "Feature", "properties": {"name": "Water well", "description": "Recorded use: domestic", "Use": "Household", "Depth (feet)": 223.0, "Completed": 2002, "Work": "New Well", "State report number": "10912"}, "geometry": {"type": "Point", "coordinates": [-95.838889, 30.475]}},
    {"type": "Feature", "properties": {"name": "Water well", "description": "Recorded use: domestic", "Use": "Household", "Depth (feet)": 480.0, "Completed": 2002, "State report number": "11659"}, "geometry": {"type": "Point", "coordinates": [-95.865278, 30.590556]}},
    {"type": "Feature", "properties": {"name": "Water well", "description": "Recorded use: domestic", "Use": "Household", "Depth (feet)": 285.0, "Completed": 2002, "Work": "New Well", "State report number": "11667"}, "geometry": {"type": "Point", "coordinates": [-96.006112, 30.241667]}},
    {"type": "Feature", "properties": {"name": "Water well", "description": "Recorded use: domestic", "Use": "Household", "Depth (feet)": 472.0, "Completed": 2002, "Work": "New Well", "State report number": "11669"}, "geometry": {"type": "Point", "coordinates": [-95.833334, 30.602223]}},
    {"type": "Feature", "properties": {"name": "Water well", "description": "Recorded use: domestic", "Use": "Household", "Depth (feet)": 290.0, "Completed": 2002, "Work": "New Well", "State report number": "11671"}, "geometry": {"type": "Point", "coordinates": [-95.994167, 30.248056]}},
    {"type": "Feature", "properties": {"name": "Water well", "description": "Recorded use: domestic", "Use": "Household", "Depth (feet)": 374.0, "Completed": 2002, "Work": "New Well", "State report number": "11751"}, "geometry": {"type": "Point", "coordinates": [-96.0175, 30.318889]}},
    {"type": "Feature", "properties": {"name": "Water well", "description": "Recorded use: public supply", "Use": "Public water supply", "Depth (feet)": 755.0, "Completed": 2002, "Work": "New Well", "State report number": "12462"}, "geometry": {"type": "Point", "coordinates": [-96.074722, 30.754445]}},
    {"type": "Feature", "properties": {"name": "Water well", "description": "Recorded use: domestic", "Use": "Household", "Depth (feet)": 215.0, "Completed": 2002, "Work": "New Well", "State report number": "12585"}, "geometry": {"type": "Point", "coordinates": [-95.859445, 30.268889]}},
    {"type": "Feature", "properties": {"name": "Water well", "description": "Recorded use: domestic", "Use": "Household", "Depth (feet)": 370.0, "Completed": 2002, "Work": "New Well", "State report number": "12794"}, "geometry": {"type": "Point", "coordinates": [-95.965834, 30.427222]}},
    {"type": "Feature", "properties": {"name": "Water well", "description": "Recorded use: domestic", "Use": "Household", "Depth (feet)": 462.0, "Completed": 2002, "Work": "New Well", "State report number": "12795"}, "geometry": {"type": "Point", "coordinates": [-96.105834, 30.478889]}},
    {"type": "Feature", "properties": {"name": "Water well", "description": "Recorded use: domestic", "Use": "Household", "Depth (feet)": 705.0, "Completed": 2002, "Work": "New Well", "State report number": "12797"}, "geometry": {"type": "Point", "coordinates": [-96.053612, 30.458889]}},
    {"type": "Feature", "properties": {"name": "Water well", "description": "Recorded use: domestic", "Use": "Household", "Depth (feet)": 345.0, "Completed": 2002, "Work": "New Well", "State report number": "12805"}, "geometry": {"type": "Point", "coordinates": [-95.937222, 30.662501]}},
    {"type": "Feature", "properties": {"name": "Water well", "description": "Recorded use: domestic", "Use": "Household", "Depth (feet)": 402.0, "Completed": 2002, "Work": "New Well", "State report number": "13005"}, "geometry": {"type": "Point", "coordinates": [-95.905001, 30.255001]}},
    {"type": "Feature", "properties": {"name": "Water well", "description": "Recorded use: domestic", "Use": "Household", "Depth (feet)": 490.0, "Completed": 2002, "Work": "New Well", "State report number": "14933"}, "geometry": {"type": "Point", "coordinates": [-96.04, 30.493334]}},
    {"type": "Feature", "properties": {"name": "Water well", "description": "Recorded use: domestic", "Use": "Household", "Depth (feet)": 346.0, "Completed": 2002, "Work": "New Well", "State report number": "14940"}, "geometry": {"type": "Point", "coordinates": [-95.935, 30.588611]}},
    {"type": "Feature", "properties": {"name": "Water well", "description": "Recorded use: domestic", "Use": "Household", "Depth (feet)": 257.0, "Completed": 2003, "Work": "New Well", "State report number": "16478"}, "geometry": {"type": "Point", "coordinates": [-95.986111, 30.245834]}},
    {"type": "Feature", "properties": {"name": "Water well", "description": "Recorded use: domestic", "Use": "Household", "Depth (feet)": 285.0, "Completed": 2002, "Work": "New Well", "State report number": "17497"}, "geometry": {"type": "Point", "coordinates": [-96.014445, 30.308612]}},
    {"type": "Feature", "properties": {"name": "Water well", "description": "Recorded use: domestic", "Use": "Household", "Depth (feet)": 500.0, "Completed": 2002, "Work": "New Well", "State report number": "17511"}, "geometry": {"type": "Point", "coordinates": [-96.037778, 30.494445]}},
    {"type": "Feature", "properties": {"name": "Water well", "description": "Recorded use: domestic", "Use": "Household", "Depth (feet)": 395.0, "Completed": 2003, "Work": "New Well", "State report number": "17512"}, "geometry": {"type": "Point", "coordinates": [-96.055278, 30.716389]}},
    {"type": "Feature", "properties": {"name": "Water well", "description": "Recorded use: domestic", "Use": "Household", "Depth (feet)": 120.0, "Completed": 2003, "Work": "New Well", "State report number": "17516"}, "geometry": {"type": "Point", "coordinates": [-95.927778, 30.278889]}},
    {"type": "Feature", "properties": {"name": "Water well", "description": "Recorded use: domestic", "Use": "Household", "Depth (feet)": 268.0, "Completed": 2003, "Work": "New Well", "State report number": "18571"}, "geometry": {"type": "Point", "coordinates": [-95.838611, 30.324167]}},
    {"type": "Feature", "properties": {"name": "Water well", "description": "Recorded use: domestic", "Use": "Household", "Depth (feet)": 364.0, "Completed": 2003, "Work": "New Well", "State report number": "19624"}, "geometry": {"type": "Point", "coordinates": [-96.0875, 30.685278]}},
    {"type": "Feature", "properties": {"name": "Water well", "description": "Recorded use: domestic", "Use": "Household", "Depth (feet)": 347.0, "Completed": 2003, "Work": "New Well", "State report number": "19629"}, "geometry": {"type": "Point", "coordinates": [-95.831667, 30.358056]}},
    {"type": "Feature", "properties": {"name": "Water well", "description": "Recorded use: domestic", "Use": "Household", "Depth (feet)": 141.0, "Completed": 2003, "Work": "New Well", "State report number": "19630"}, "geometry": {"type": "Point", "coordinates": [-96.026389, 30.348889]}},
    {"type": "Feature", "properties": {"name": "Water well", "description": "Recorded use: domestic", "Use": "Household", "Depth (feet)": 301.0, "Completed": 2003, "Work": "New Well", "State report number": "19631"}, "geometry": {"type": "Point", "coordinates": [-95.854723, 30.460278]}},
    {"type": "Feature", "properties": {"name": "Water well", "description": "Recorded use: domestic", "Use": "Household", "Depth (feet)": 325.0, "Completed": 2003, "Work": "New Well", "State report number": "20122"}, "geometry": {"type": "Point", "coordinates": [-95.924167, 30.292778]}},
    {"type": "Feature", "properties": {"name": "Water well", "description": "Recorded use: domestic", "Use": "Household", "Depth (feet)": 120.0, "Completed": 2003, "Work": "New Well", "State report number": "20132"}, "geometry": {"type": "Point", "coordinates": [-95.928889, 30.255001]}},
    {"type": "Feature", "properties": {"name": "Water well", "description": "Recorded use: domestic", "Use": "Household", "Depth (feet)": 448.0, "Completed": 2003, "Work": "New Well", "State report number": "20304"}, "geometry": {"type": "Point", "coordinates": [-95.983334, 30.395556]}},
    {"type": "Feature", "properties": {"name": "Water well", "description": "Recorded use: domestic", "Use": "Household", "Depth (feet)": 361.0, "Completed": 2003, "Work": "New Well", "State report number": "20306"}, "geometry": {"type": "Point", "coordinates": [-96.093889, 30.67]}},
    {"type": "Feature", "properties": {"name": "Water well", "description": "Recorded use: domestic", "Use": "Household", "Depth (feet)": 349.0, "Completed": 2003, "Work": "New Well", "State report number": "20308"}, "geometry": {"type": "Point", "coordinates": [-96.087222, 30.683334]}},
    {"type": "Feature", "properties": {"name": "Water well", "description": "Recorded use: domestic", "Use": "Household", "Depth (feet)": 366.0, "Completed": 2003, "Work": "New Well", "State report number": "20309"}, "geometry": {"type": "Point", "coordinates": [-96.091389, 30.683611]}},
    {"type": "Feature", "properties": {"name": "Water well", "description": "Recorded use: domestic", "Use": "Household", "Depth (feet)": 260.0, "Completed": 2003, "Work": "New Well", "State report number": "20576"}, "geometry": {"type": "Point", "coordinates": [-95.876389, 30.309167]}},
    {"type": "Feature", "properties": {"name": "Water well", "description": "Recorded use: domestic", "Use": "Household", "Depth (feet)": 456.0, "Completed": 2003, "Work": "New Well", "State report number": "20743"}, "geometry": {"type": "Point", "coordinates": [-95.886945, 30.588056]}},
    {"type": "Feature", "properties": {"name": "Water well", "description": "Recorded use: domestic", "Use": "Household", "Depth (feet)": 75.0, "Completed": 2003, "Work": "New Well", "State report number": "20745"}, "geometry": {"type": "Point", "coordinates": [-96.055556, 30.345834]}},
    {"type": "Feature", "properties": {"name": "Water well", "description": "Recorded use: domestic", "Use": "Household", "Depth (feet)": 361.0, "Completed": 2003, "Work": "New Well", "State report number": "20752"}, "geometry": {"type": "Point", "coordinates": [-96.085, 30.688889]}},
    {"type": "Feature", "properties": {"name": "Water well", "description": "Recorded use: domestic", "Use": "Household", "Depth (feet)": 507.0, "Completed": 2003, "Work": "New Well", "State report number": "20862"}, "geometry": {"type": "Point", "coordinates": [-96.024167, 30.735]}},
    {"type": "Feature", "properties": {"name": "Water well", "description": "Recorded use: domestic", "Use": "Household", "Depth (feet)": 179.0, "Completed": 2003, "Work": "New Well", "State report number": "20864"}, "geometry": {"type": "Point", "coordinates": [-96.091389, 30.490278]}},
    {"type": "Feature", "properties": {"name": "Water well", "description": "Recorded use: domestic", "Use": "Household", "Depth (feet)": 215.0, "Completed": 2003, "Work": "New Well", "State report number": "20885"}, "geometry": {"type": "Point", "coordinates": [-95.936389, 30.6225]}},
    {"type": "Feature", "properties": {"name": "Water well", "description": "Recorded use: domestic", "Use": "Household", "Depth (feet)": 560.0, "Completed": 2003, "Work": "New Well", "State report number": "20891"}, "geometry": {"type": "Point", "coordinates": [-95.875278, 30.379167]}},
    {"type": "Feature", "properties": {"name": "Water well", "description": "Recorded use: domestic", "Use": "Household", "Depth (feet)": 640.0, "Completed": 2003, "Work": "New Well", "State report number": "20894"}, "geometry": {"type": "Point", "coordinates": [-96.101389, 30.5275]}},
    {"type": "Feature", "properties": {"name": "Water well", "description": "Recorded use: domestic", "Use": "Household", "Depth (feet)": 450.0, "Completed": 2003, "Work": "New Well", "State report number": "20903"}, "geometry": {"type": "Point", "coordinates": [-96.030833, 30.428055]}},
    {"type": "Feature", "properties": {"name": "Water well", "description": "Recorded use: domestic", "Use": "Household", "Depth (feet)": 440.0, "Completed": 2003, "Work": "New Well", "State report number": "20908"}, "geometry": {"type": "Point", "coordinates": [-96.112501, 30.516112]}},
    {"type": "Feature", "properties": {"name": "Water well", "description": "Recorded use: domestic", "Use": "Household", "Depth (feet)": 483.0, "Completed": 2003, "Work": "New Well", "State report number": "23104"}, "geometry": {"type": "Point", "coordinates": [-95.923055, 30.403612]}},
    {"type": "Feature", "properties": {"name": "Water well", "description": "Recorded use: domestic", "Use": "Household", "Depth (feet)": 498.0, "Completed": 2003, "Work": "New Well", "State report number": "23106"}, "geometry": {"type": "Point", "coordinates": [-96.04, 30.491667]}},
    {"type": "Feature", "properties": {"name": "Water well", "description": "Recorded use: domestic", "Use": "Household", "Depth (feet)": 150.0, "Completed": 2003, "Work": "New Well", "State report number": "23148"}, "geometry": {"type": "Point", "coordinates": [-95.919722, 30.281667]}},
    {"type": "Feature", "properties": {"name": "Water well", "description": "Recorded use: domestic", "Use": "Household", "Depth (feet)": 292.0, "Completed": 2003, "Work": "New Well", "State report number": "23169"}, "geometry": {"type": "Point", "coordinates": [-95.856112, 30.338889]}},
    {"type": "Feature", "properties": {"name": "Water well", "description": "Recorded use: domestic", "Use": "Household", "Depth (feet)": 288.0, "Completed": 2003, "Work": "New Well", "State report number": "23313"}, "geometry": {"type": "Point", "coordinates": [-95.934445, 30.376111]}},
    {"type": "Feature", "properties": {"name": "Water well", "description": "Recorded use: domestic", "Use": "Household", "Depth (feet)": 266.0, "Completed": 2003, "Work": "New Well", "State report number": "23320"}, "geometry": {"type": "Point", "coordinates": [-95.863612, 30.262778]}},
    {"type": "Feature", "properties": {"name": "Water well", "description": "Recorded use: domestic", "Use": "Household", "Depth (feet)": 386.0, "Completed": 2003, "Work": "New Well", "State report number": "23327"}, "geometry": {"type": "Point", "coordinates": [-95.951945, 30.677778]}},
    {"type": "Feature", "properties": {"name": "Water well", "description": "Recorded use: domestic", "Use": "Household", "Depth (feet)": 334.0, "Completed": 2003, "Work": "New Well", "State report number": "23328"}, "geometry": {"type": "Point", "coordinates": [-95.9175, 30.376667]}},
    {"type": "Feature", "properties": {"name": "Water well", "description": "Recorded use: domestic", "Use": "Household", "Depth (feet)": 278.0, "Completed": 2003, "Work": "New Well", "State report number": "23330"}, "geometry": {"type": "Point", "coordinates": [-95.827222, 30.511389]}},
    {"type": "Feature", "properties": {"name": "Water well", "description": "Recorded use: domestic", "Use": "Household", "Depth (feet)": 405.0, "Completed": 2003, "Work": "New Well", "State report number": "23332"}, "geometry": {"type": "Point", "coordinates": [-95.889722, 30.268055]}},
    {"type": "Feature", "properties": {"name": "Water well", "description": "Recorded use: domestic", "Use": "Household", "Depth (feet)": 92.0, "Completed": 2003, "Work": "New Well", "State report number": "23389"}, "geometry": {"type": "Point", "coordinates": [-95.928611, 30.293889]}},
    {"type": "Feature", "properties": {"name": "Water well", "description": "Recorded use: domestic", "Use": "Household", "Depth (feet)": 178.0, "Completed": 2003, "Work": "New Well", "State report number": "23617"}, "geometry": {"type": "Point", "coordinates": [-96.001945, 30.361112]}},
    {"type": "Feature", "properties": {"name": "Water well", "description": "Recorded use: domestic", "Use": "Household", "Depth (feet)": 115.0, "Completed": 2003, "Work": "New Well", "State report number": "23645"}, "geometry": {"type": "Point", "coordinates": [-95.874444, 30.255556]}},
    {"type": "Feature", "properties": {"name": "Water well", "description": "Recorded use: domestic", "Use": "Household", "Depth (feet)": 255.0, "Completed": 2003, "Work": "New Well", "State report number": "23809"}, "geometry": {"type": "Point", "coordinates": [-95.901667, 30.620833]}},
    {"type": "Feature", "properties": {"name": "Water well", "description": "Recorded use: domestic", "Use": "Household", "Depth (feet)": 565.0, "Completed": 2003, "Work": "New Well", "State report number": "24147"}, "geometry": {"type": "Point", "coordinates": [-95.908334, 30.786111]}},
    {"type": "Feature", "properties": {"name": "Water well", "description": "Recorded use: domestic", "Use": "Household", "Depth (feet)": 175.0, "Completed": 2003, "Work": "New Well", "State report number": "24377"}, "geometry": {"type": "Point", "coordinates": [-96.096111, 30.492778]}},
    {"type": "Feature", "properties": {"name": "Water well", "description": "Recorded use: domestic", "Use": "Household", "Depth (feet)": 198.0, "Completed": 2003, "Work": "New Well", "State report number": "24379"}, "geometry": {"type": "Point", "coordinates": [-95.877778, 30.501112]}},
    {"type": "Feature", "properties": {"name": "Water well", "description": "Recorded use: domestic", "Use": "Household", "Depth (feet)": 180.0, "Completed": 2003, "Work": "New Well", "State report number": "24383"}, "geometry": {"type": "Point", "coordinates": [-96.048056, 30.47]}},
    {"type": "Feature", "properties": {"name": "Water well", "description": "Recorded use: domestic", "Use": "Household", "Depth (feet)": 280.0, "Completed": 2003, "Work": "New Well", "State report number": "24695"}, "geometry": {"type": "Point", "coordinates": [-96.101389, 30.693611]}},
    {"type": "Feature", "properties": {"name": "Water well", "description": "Recorded use: domestic", "Use": "Household", "Depth (feet)": 715.0, "Completed": 2003, "Work": "New Well", "State report number": "24783"}, "geometry": {"type": "Point", "coordinates": [-96.051389, 30.457501]}},
    {"type": "Feature", "properties": {"name": "Water well", "description": "Recorded use: domestic", "Use": "Household", "Depth (feet)": 320.0, "Completed": 2003, "Work": "New Well", "State report number": "24795"}, "geometry": {"type": "Point", "coordinates": [-96.055834, 30.483334]}},
    {"type": "Feature", "properties": {"name": "Water well", "description": "Recorded use: domestic", "Use": "Household", "Depth (feet)": 335.0, "Completed": 2003, "Work": "New Well", "State report number": "25728"}, "geometry": {"type": "Point", "coordinates": [-95.990556, 30.517222]}},
    {"type": "Feature", "properties": {"name": "Water well", "description": "Recorded use: domestic", "Use": "Household", "Depth (feet)": 349.0, "Completed": 2003, "Work": "New Well", "State report number": "25903"}, "geometry": {"type": "Point", "coordinates": [-95.985, 30.299722]}},
    {"type": "Feature", "properties": {"name": "Water well", "description": "Recorded use: domestic", "Use": "Household", "Depth (feet)": 288.0, "Completed": 2003, "State report number": "25904"}, "geometry": {"type": "Point", "coordinates": [-96.035834, 30.310556]}},
    {"type": "Feature", "properties": {"name": "Water well", "description": "Recorded use: industrial", "Use": "Industrial or drilling supply", "Depth (feet)": 730.0, "Completed": 2003, "Work": "New Well", "State report number": "26447"}, "geometry": {"type": "Point", "coordinates": [-95.988056, 30.513056]}},
    {"type": "Feature", "properties": {"name": "Water well", "description": "Recorded use: domestic", "Use": "Household", "Depth (feet)": 330.0, "Completed": 2003, "Work": "New Well", "State report number": "26719"}, "geometry": {"type": "Point", "coordinates": [-95.944445, 30.423333]}},
    {"type": "Feature", "properties": {"name": "Water well", "description": "Recorded use: domestic", "Use": "Household", "Depth (feet)": 270.0, "Completed": 2003, "Work": "New Well", "State report number": "26721"}, "geometry": {"type": "Point", "coordinates": [-95.854445, 30.262223]}},
    {"type": "Feature", "properties": {"name": "Water well", "description": "Recorded use: irrigation", "Use": "Livestock or irrigation", "Depth (feet)": 840.0, "Completed": 2003, "Work": "New Well", "State report number": "27140"}, "geometry": {"type": "Point", "coordinates": [-96.048889, 30.408056]}},
    {"type": "Feature", "properties": {"name": "Water well", "description": "Recorded use: domestic", "Use": "Household", "Depth (feet)": 311.0, "Completed": 2003, "Work": "New Well", "State report number": "27241"}, "geometry": {"type": "Point", "coordinates": [-95.889445, 30.294167]}},
    {"type": "Feature", "properties": {"name": "Water well", "description": "Recorded use: domestic", "Use": "Household", "Depth (feet)": 748.0, "Completed": 2003, "State report number": "27472"}, "geometry": {"type": "Point", "coordinates": [-96.085834, 30.746667]}},
    {"type": "Feature", "properties": {"name": "Water well", "description": "Recorded use: domestic", "Use": "Household", "Depth (feet)": 401.0, "Completed": 2003, "Work": "New Well", "State report number": "27474"}, "geometry": {"type": "Point", "coordinates": [-95.864445, 30.351389]}},
    {"type": "Feature", "properties": {"name": "Water well", "description": "Recorded use: domestic", "Use": "Household", "Depth (feet)": 383.0, "Completed": 2003, "Work": "New Well", "State report number": "27475"}, "geometry": {"type": "Point", "coordinates": [-95.906667, 30.346945]}},
    {"type": "Feature", "properties": {"name": "Water well", "description": "Recorded use: domestic", "Use": "Household", "Depth (feet)": 232.0, "Completed": 2003, "Work": "New Well", "State report number": "27513"}, "geometry": {"type": "Point", "coordinates": [-95.821944, 30.369444]}},
    {"type": "Feature", "properties": {"name": "Water well", "description": "Recorded use: domestic", "Use": "Household", "Depth (feet)": 194.0, "Completed": 2003, "Work": "New Well", "State report number": "27514"}, "geometry": {"type": "Point", "coordinates": [-95.912778, 30.242222]}},
    {"type": "Feature", "properties": {"name": "Water well", "description": "Recorded use: domestic", "Use": "Household", "Depth (feet)": 235.0, "Completed": 2003, "Work": "New Well", "State report number": "28252"}, "geometry": {"type": "Point", "coordinates": [-96.094167, 30.774444]}},
    {"type": "Feature", "properties": {"name": "Water well", "description": "Recorded use: domestic", "Use": "Household", "Depth (feet)": 300.0, "Completed": 2003, "Work": "New Well", "State report number": "28264"}, "geometry": {"type": "Point", "coordinates": [-96.07, 30.419444]}},
    {"type": "Feature", "properties": {"name": "Water well", "description": "Recorded use: domestic", "Use": "Household", "Depth (feet)": 343.0, "Completed": 2003, "Work": "New Well", "State report number": "28268"}, "geometry": {"type": "Point", "coordinates": [-95.833611, 30.630555]}},
    {"type": "Feature", "properties": {"name": "Water well", "description": "Recorded use: domestic", "Use": "Household", "Depth (feet)": 255.0, "Completed": 2003, "Work": "New Well", "State report number": "28275"}, "geometry": {"type": "Point", "coordinates": [-95.878889, 30.255278]}},
    {"type": "Feature", "properties": {"name": "Water well", "description": "Recorded use: domestic", "Use": "Household", "Depth (feet)": 323.0, "Completed": 2003, "State report number": "28276"}, "geometry": {"type": "Point", "coordinates": [-95.834167, 30.281944]}},
    {"type": "Feature", "properties": {"name": "Water well", "description": "Recorded use: domestic", "Use": "Household", "Depth (feet)": 111.0, "Completed": 2003, "Work": "New Well", "State report number": "28498"}, "geometry": {"type": "Point", "coordinates": [-95.906112, 30.253056]}},
    {"type": "Feature", "properties": {"name": "Water well", "description": "Recorded use: domestic", "Use": "Household", "Depth (feet)": 180.0, "Completed": 2003, "Work": "New Well", "State report number": "29188"}, "geometry": {"type": "Point", "coordinates": [-95.896389, 30.271667]}},
    {"type": "Feature", "properties": {"name": "Water well", "description": "Recorded use: domestic", "Use": "Household", "Depth (feet)": 350.0, "Completed": 2003, "Work": "New Well", "State report number": "29189"}, "geometry": {"type": "Point", "coordinates": [-95.882778, 30.288056]}},
    {"type": "Feature", "properties": {"name": "Water well", "description": "Recorded use: domestic", "Use": "Household", "Depth (feet)": 340.0, "Completed": 2003, "Work": "New Well", "State report number": "30213"}, "geometry": {"type": "Point", "coordinates": [-96.085, 30.688889]}},
    {"type": "Feature", "properties": {"name": "Water well", "description": "Recorded use: domestic", "Use": "Household", "Depth (feet)": 288.0, "Completed": 2003, "Work": "New Well", "State report number": "30221"}, "geometry": {"type": "Point", "coordinates": [-95.920278, 30.39]}},
    {"type": "Feature", "properties": {"name": "Water well", "description": "Recorded use: domestic", "Use": "Household", "Depth (feet)": 240.0, "Completed": 2003, "Work": "New Well", "State report number": "31117"}, "geometry": {"type": "Point", "coordinates": [-95.846111, 30.681111]}},
    {"type": "Feature", "properties": {"name": "Water well", "description": "Recorded use: domestic", "Use": "Household", "Depth (feet)": 154.0, "Completed": 2003, "Work": "New Well", "State report number": "31120"}, "geometry": {"type": "Point", "coordinates": [-95.905556, 30.744722]}},
    {"type": "Feature", "properties": {"name": "Water well", "description": "Recorded use: domestic", "Use": "Household", "Depth (feet)": 220.0, "Completed": 2003, "Work": "New Well", "State report number": "31122"}, "geometry": {"type": "Point", "coordinates": [-95.9225, 30.453889]}},
    {"type": "Feature", "properties": {"name": "Water well", "description": "Recorded use: domestic", "Use": "Household", "Depth (feet)": 180.0, "Completed": 2003, "Work": "New Well", "State report number": "31181"}, "geometry": {"type": "Point", "coordinates": [-95.848611, 30.468333]}},
    {"type": "Feature", "properties": {"name": "Water well", "description": "Recorded use: domestic", "Use": "Household", "Depth (feet)": 381.0, "Completed": 2003, "Work": "New Well", "State report number": "31345"}, "geometry": {"type": "Point", "coordinates": [-95.923611, 30.305278]}},
    {"type": "Feature", "properties": {"name": "Water well", "description": "Recorded use: domestic", "Use": "Household", "Depth (feet)": 155.0, "Completed": 2004, "Work": "New Well", "State report number": "31736"}, "geometry": {"type": "Point", "coordinates": [-95.930833, 30.293056]}},
    {"type": "Feature", "properties": {"name": "Water well", "description": "Recorded use: domestic", "Use": "Household", "Depth (feet)": 290.0, "Completed": 2004, "Work": "New Well", "State report number": "31738"}, "geometry": {"type": "Point", "coordinates": [-95.951667, 30.492222]}},
    {"type": "Feature", "properties": {"name": "Water well", "description": "Recorded use: domestic", "Use": "Household", "Depth (feet)": 280.0, "Completed": 2004, "Work": "New Well", "State report number": "32341"}, "geometry": {"type": "Point", "coordinates": [-95.9175, 30.618055]}},
    {"type": "Feature", "properties": {"name": "Water well", "description": "Recorded use: domestic", "Use": "Household", "Depth (feet)": 519.0, "Completed": 2004, "Work": "New Well", "State report number": "32345"}, "geometry": {"type": "Point", "coordinates": [-96.033055, 30.429167]}},
    {"type": "Feature", "properties": {"name": "Water well", "description": "Recorded use: domestic", "Use": "Household", "Depth (feet)": 240.0, "Completed": 2004, "Work": "New Well", "State report number": "33798"}, "geometry": {"type": "Point", "coordinates": [-95.869167, 30.255278]}},
    {"type": "Feature", "properties": {"name": "Well or boring", "description": "Recorded use: monitor", "Use": "Monitoring, testing or other", "Depth (feet)": 20.0, "Completed": 2004, "Work": "New Well", "State report number": "34123"}, "geometry": {"type": "Point", "coordinates": [-96.087222, 30.387778]}},
    {"type": "Feature", "properties": {"name": "Well or boring", "description": "Recorded use: monitor", "Use": "Monitoring, testing or other", "Depth (feet)": 20.0, "Completed": 2004, "Work": "New Well", "State report number": "34125"}, "geometry": {"type": "Point", "coordinates": [-96.087222, 30.387778]}},
    {"type": "Feature", "properties": {"name": "Well or boring", "description": "Recorded use: monitor", "Use": "Monitoring, testing or other", "Depth (feet)": 20.0, "Completed": 2004, "Work": "New Well", "State report number": "34127"}, "geometry": {"type": "Point", "coordinates": [-96.087222, 30.387778]}},
    {"type": "Feature", "properties": {"name": "Water well", "description": "Recorded use: domestic", "Use": "Household", "Depth (feet)": 323.0, "Completed": 2004, "Work": "New Well", "State report number": "34543"}, "geometry": {"type": "Point", "coordinates": [-95.887222, 30.829444]}},
    {"type": "Feature", "properties": {"name": "Water well", "description": "Recorded use: domestic", "Use": "Household", "Depth (feet)": 211.0, "Completed": 2004, "Work": "New Well", "State report number": "34791"}, "geometry": {"type": "Point", "coordinates": [-96.033611, 30.300556]}},
    {"type": "Feature", "properties": {"name": "Water well", "description": "Recorded use: domestic", "Use": "Household", "Depth (feet)": 334.0, "Completed": 2004, "Work": "New Well", "State report number": "36915"}, "geometry": {"type": "Point", "coordinates": [-95.921667, 30.294445]}},
    {"type": "Feature", "properties": {"name": "Water well", "description": "Recorded use: domestic", "Use": "Household", "Depth (feet)": 255.0, "Completed": 2004, "Work": "New Well", "State report number": "36920"}, "geometry": {"type": "Point", "coordinates": [-95.89, 30.381111]}},
    {"type": "Feature", "properties": {"name": "Water well", "description": "Recorded use: domestic", "Use": "Household", "Depth (feet)": 340.0, "Completed": 2004, "Work": "New Well", "State report number": "36921"}, "geometry": {"type": "Point", "coordinates": [-95.898611, 30.383055]}},
    {"type": "Feature", "properties": {"name": "Water well", "description": "Recorded use: domestic", "Use": "Household", "Depth (feet)": 580.0, "Completed": 2004, "Work": "New Well", "State report number": "36924"}, "geometry": {"type": "Point", "coordinates": [-95.878611, 30.379167]}},
    {"type": "Feature", "properties": {"name": "Water well", "description": "Recorded use: domestic", "Use": "Household", "Depth (feet)": 220.0, "Completed": 2004, "Work": "New Well", "State report number": "37128"}, "geometry": {"type": "Point", "coordinates": [-95.855001, 30.571667]}},
    {"type": "Feature", "properties": {"name": "Water well", "description": "Recorded use: domestic", "Use": "Household", "Depth (feet)": 440.0, "Completed": 2004, "Work": "New Well", "State report number": "37130"}, "geometry": {"type": "Point", "coordinates": [-95.971667, 30.541111]}},
    {"type": "Feature", "properties": {"name": "Water well", "description": "Recorded use: domestic", "Use": "Household", "Depth (feet)": 220.0, "Completed": 2004, "Work": "New Well", "State report number": "37542"}, "geometry": {"type": "Point", "coordinates": [-95.861945, 30.261112]}},
    {"type": "Feature", "properties": {"name": "Water well", "description": "Recorded use: domestic", "Use": "Household", "Depth (feet)": 193.0, "Completed": 2004, "Work": "New Well", "State report number": "37728"}, "geometry": {"type": "Point", "coordinates": [-95.856667, 30.261389]}},
    {"type": "Feature", "properties": {"name": "Water well", "description": "Recorded use: domestic", "Use": "Household", "Depth (feet)": 683.0, "Completed": 2004, "Work": "New Well", "State report number": "37735"}, "geometry": {"type": "Point", "coordinates": [-95.996389, 30.442222]}},
    {"type": "Feature", "properties": {"name": "Water well", "description": "Recorded use: domestic", "Use": "Household", "Depth (feet)": 505.0, "Completed": 2004, "Work": "New Well", "State report number": "38074"}, "geometry": {"type": "Point", "coordinates": [-96.036389, 30.428611]}},
    {"type": "Feature", "properties": {"name": "Water well", "description": "Recorded use: domestic", "Use": "Household", "Depth (feet)": 100.0, "Completed": 2004, "Work": "New Well", "State report number": "40479"}, "geometry": {"type": "Point", "coordinates": [-95.879444, 30.583055]}},
    {"type": "Feature", "properties": {"name": "Water well", "description": "Recorded use: domestic", "Use": "Household", "Depth (feet)": 318.0, "Completed": 2004, "Work": "New Well", "State report number": "40809"}, "geometry": {"type": "Point", "coordinates": [-95.880555, 30.742222]}},
    {"type": "Feature", "properties": {"name": "Water well", "description": "Recorded use: domestic", "Use": "Household", "Depth (feet)": 330.0, "Completed": 2004, "Work": "New Well", "State report number": "40817"}, "geometry": {"type": "Point", "coordinates": [-96.095, 30.685834]}},
    {"type": "Feature", "properties": {"name": "Water well", "description": "Recorded use: domestic", "Use": "Household", "Depth (feet)": 335.0, "Completed": 2004, "Work": "New Well", "State report number": "40831"}, "geometry": {"type": "Point", "coordinates": [-95.936667, 30.6275]}},
    {"type": "Feature", "properties": {"name": "Water well", "description": "Recorded use: domestic", "Use": "Household", "Depth (feet)": 160.0, "Completed": 2004, "Work": "New Well", "State report number": "40840"}, "geometry": {"type": "Point", "coordinates": [-96.134445, 30.378333]}},
    {"type": "Feature", "properties": {"name": "Water well", "description": "Recorded use: domestic", "Use": "Household", "Depth (feet)": 540.0, "Completed": 2004, "Work": "New Well", "State report number": "41186"}, "geometry": {"type": "Point", "coordinates": [-95.944167, 30.469444]}},
    {"type": "Feature", "properties": {"name": "Water well", "description": "Recorded use: domestic", "Use": "Household", "Depth (feet)": 540.0, "Completed": 2004, "Work": "New Well", "State report number": "41194"}, "geometry": {"type": "Point", "coordinates": [-95.917778, 30.466389]}},
    {"type": "Feature", "properties": {"name": "Water well", "description": "Recorded use: domestic", "Use": "Household", "Depth (feet)": 510.0, "Completed": 2004, "Work": "New Well", "State report number": "41197"}, "geometry": {"type": "Point", "coordinates": [-96.044167, 30.499167]}},
    {"type": "Feature", "properties": {"name": "Water well", "description": "Recorded use: irrigation", "Use": "Livestock or irrigation", "Depth (feet)": 400.0, "Completed": 2004, "Work": "New Well", "State report number": "41207"}, "geometry": {"type": "Point", "coordinates": [-96.021389, 30.325833]}},
    {"type": "Feature", "properties": {"name": "Water well", "description": "Recorded use: domestic", "Use": "Household", "Depth (feet)": 110.0, "Completed": 2004, "Work": "New Well", "State report number": "42402"}, "geometry": {"type": "Point", "coordinates": [-95.908889, 30.251667]}},
    {"type": "Feature", "properties": {"name": "Water well", "description": "Recorded use: domestic", "Use": "Household", "Depth (feet)": 272.0, "Completed": 2004, "Work": "New Well", "State report number": "42962"}, "geometry": {"type": "Point", "coordinates": [-95.913612, 30.452223]}},
    {"type": "Feature", "properties": {"name": "Water well", "description": "Recorded use: domestic", "Use": "Household", "Depth (feet)": 267.0, "Completed": 2004, "Work": "New Well", "State report number": "42965"}, "geometry": {"type": "Point", "coordinates": [-95.856112, 30.264723]}},
    {"type": "Feature", "properties": {"name": "Water well", "description": "Recorded use: domestic", "Use": "Household", "Depth (feet)": 292.0, "Completed": 2004, "Work": "New Well", "State report number": "42972"}, "geometry": {"type": "Point", "coordinates": [-95.925, 30.389167]}},
    {"type": "Feature", "properties": {"name": "Water well", "description": "Recorded use: industrial", "Use": "Industrial or drilling supply", "Depth (feet)": 550.0, "Completed": 2004, "Work": "New Well", "State report number": "43064"}, "geometry": {"type": "Point", "coordinates": [-95.958889, 30.528889]}},
    {"type": "Feature", "properties": {"name": "Water well", "description": "Recorded use: domestic", "Use": "Household", "Depth (feet)": 340.0, "Completed": 2004, "Work": "New Well", "State report number": "43098"}, "geometry": {"type": "Point", "coordinates": [-95.864167, 30.285556]}},
    {"type": "Feature", "properties": {"name": "Water well", "description": "Recorded use: domestic", "Use": "Household", "Depth (feet)": 240.0, "Completed": 2004, "Work": "New Well", "State report number": "43100"}, "geometry": {"type": "Point", "coordinates": [-95.913612, 30.494167]}},
    {"type": "Feature", "properties": {"name": "Water well", "description": "Recorded use: domestic", "Use": "Household", "Depth (feet)": 393.0, "Completed": 2004, "Work": "New Well", "State report number": "43645"}, "geometry": {"type": "Point", "coordinates": [-95.920278, 30.2825]}},
    {"type": "Feature", "properties": {"name": "Water well", "description": "Recorded use: domestic", "Use": "Household", "Depth (feet)": 275.0, "Completed": 2004, "Work": "New Well", "State report number": "43682"}, "geometry": {"type": "Point", "coordinates": [-96.0875, 30.484722]}},
    {"type": "Feature", "properties": {"name": "Water well", "description": "Recorded use: domestic", "Use": "Household", "Depth (feet)": 293.0, "Completed": 2004, "Work": "New Well", "State report number": "43729"}, "geometry": {"type": "Point", "coordinates": [-95.951667, 30.509445]}},
    {"type": "Feature", "properties": {"name": "Water well", "description": "Recorded use: domestic", "Use": "Household", "Depth (feet)": 432.0, "Completed": 2004, "Work": "New Well", "State report number": "43731"}, "geometry": {"type": "Point", "coordinates": [-95.850001, 30.615001]}},
    {"type": "Feature", "properties": {"name": "Water well", "description": "Recorded use: domestic", "Use": "Household", "Depth (feet)": 193.0, "Completed": 2004, "Work": "New Well", "State report number": "43785"}, "geometry": {"type": "Point", "coordinates": [-95.925555, 30.294167]}},
    {"type": "Feature", "properties": {"name": "Water well", "description": "Recorded use: domestic", "Use": "Household", "Depth (feet)": 209.0, "Completed": 2004, "Work": "New Well", "State report number": "43828"}, "geometry": {"type": "Point", "coordinates": [-96.060001, 30.403056]}},
    {"type": "Feature", "properties": {"name": "Water well", "description": "Recorded use: domestic", "Use": "Household", "Depth (feet)": 492.0, "Completed": 2004, "Work": "New Well", "State report number": "43830"}, "geometry": {"type": "Point", "coordinates": [-96.061389, 30.404445]}},
    {"type": "Feature", "properties": {"name": "Water well", "description": "Recorded use: domestic", "Use": "Household", "Depth (feet)": 115.0, "Completed": 2003, "Work": "New Well", "State report number": "43872"}, "geometry": {"type": "Point", "coordinates": [-95.830278, 30.603612]}},
    {"type": "Feature", "properties": {"name": "Water well", "description": "Recorded use: industrial", "Use": "Industrial or drilling supply", "Depth (feet)": 450.0, "Completed": 2003, "Work": "New Well", "State report number": "43908"}, "geometry": {"type": "Point", "coordinates": [-95.918611, 30.503056]}},
    {"type": "Feature", "properties": {"name": "Water well", "description": "Recorded use: industrial", "Use": "Industrial or drilling supply", "Depth (feet)": 410.0, "Completed": 2003, "Work": "New Well", "State report number": "43921"}, "geometry": {"type": "Point", "coordinates": [-95.998056, 30.518889]}},
    {"type": "Feature", "properties": {"name": "Water well", "description": "Recorded use: industrial", "Use": "Industrial or drilling supply", "Depth (feet)": 490.0, "Completed": 2003, "Work": "New Well", "State report number": "43922"}, "geometry": {"type": "Point", "coordinates": [-96.007778, 30.583611]}},
    {"type": "Feature", "properties": {"name": "Water well", "description": "Recorded use: domestic", "Use": "Household", "Depth (feet)": 264.0, "Completed": 2004, "Work": "New Well", "State report number": "43988"}, "geometry": {"type": "Point", "coordinates": [-95.920833, 30.293611]}},
    {"type": "Feature", "properties": {"name": "Water well", "description": "Recorded use: domestic", "Use": "Household", "Depth (feet)": 374.0, "Completed": 2004, "Work": "New Well", "State report number": "43991"}, "geometry": {"type": "Point", "coordinates": [-96.056389, 30.299167]}},
    {"type": "Feature", "properties": {"name": "Water well", "description": "Recorded use: domestic", "Use": "Household", "Depth (feet)": 289.0, "Completed": 2004, "Work": "New Well", "State report number": "43994"}, "geometry": {"type": "Point", "coordinates": [-95.894167, 30.480555]}},
    {"type": "Feature", "properties": {"name": "Water well", "description": "Recorded use: domestic", "Use": "Household", "Depth (feet)": 288.0, "Completed": 2004, "Work": "New Well", "State report number": "43999"}, "geometry": {"type": "Point", "coordinates": [-95.894167, 30.480555]}},
    {"type": "Feature", "properties": {"name": "Water well", "description": "Recorded use: domestic", "Use": "Household", "Depth (feet)": 440.0, "Completed": 2004, "Work": "New Well", "State report number": "44007"}, "geometry": {"type": "Point", "coordinates": [-95.917222, 30.480278]}},
    {"type": "Feature", "properties": {"name": "Water well", "description": "Recorded use: domestic", "Use": "Household", "Depth (feet)": 330.0, "Completed": 2004, "Work": "New Well", "State report number": "44734"}, "geometry": {"type": "Point", "coordinates": [-95.863889, 30.288056]}},
    {"type": "Feature", "properties": {"name": "Water well", "description": "Recorded use: domestic", "Use": "Household", "Depth (feet)": 263.0, "Completed": 2004, "Work": "New Well", "State report number": "44760"}, "geometry": {"type": "Point", "coordinates": [-95.853334, 30.260278]}},
    {"type": "Feature", "properties": {"name": "Water well", "description": "Recorded use: domestic", "Use": "Household", "Depth (feet)": 370.0, "Completed": 2004, "Work": "New Well", "State report number": "44918"}, "geometry": {"type": "Point", "coordinates": [-95.863334, 30.330833]}},
    {"type": "Feature", "properties": {"name": "Water well", "description": "Recorded use: domestic", "Use": "Household", "Depth (feet)": 243.0, "Completed": 2004, "Work": "New Well", "State report number": "45069"}, "geometry": {"type": "Point", "coordinates": [-95.870555, 30.258612]}},
    {"type": "Feature", "properties": {"name": "Water well", "description": "Recorded use: domestic", "Use": "Household", "Depth (feet)": 385.0, "Completed": 2004, "Work": "New Well", "State report number": "45645"}, "geometry": {"type": "Point", "coordinates": [-95.948334, 30.815556]}},
    {"type": "Feature", "properties": {"name": "Water well", "description": "Recorded use: domestic", "Use": "Household", "Depth (feet)": 523.0, "Completed": 2004, "Work": "New Well", "Plugged": "Yes", "State report number": "45776"}, "geometry": {"type": "Point", "coordinates": [-96.084445, 30.411389]}},
    {"type": "Feature", "properties": {"name": "Water well", "description": "Recorded use: domestic", "Use": "Household", "Depth (feet)": 605.0, "Completed": 2004, "Work": "New Well", "State report number": "45856"}, "geometry": {"type": "Point", "coordinates": [-95.916667, 30.783055]}},
    {"type": "Feature", "properties": {"name": "Water well", "description": "Recorded use: domestic", "Use": "Household", "Depth (feet)": 625.0, "Completed": 2004, "Work": "New Well", "State report number": "45860"}, "geometry": {"type": "Point", "coordinates": [-96.036945, 30.428055]}},
    {"type": "Feature", "properties": {"name": "Water well", "description": "Recorded use: domestic", "Use": "Household", "Depth (feet)": 265.0, "Completed": 2004, "Work": "New Well", "State report number": "45864"}, "geometry": {"type": "Point", "coordinates": [-95.934445, 30.623889]}},
    {"type": "Feature", "properties": {"name": "Water well", "description": "Recorded use: domestic", "Use": "Household", "Depth (feet)": 464.0, "Completed": 2004, "Work": "New Well", "State report number": "45876"}, "geometry": {"type": "Point", "coordinates": [-95.858889, 30.603889]}},
    {"type": "Feature", "properties": {"name": "Water well", "description": "Recorded use: domestic", "Use": "Household", "Depth (feet)": 318.0, "Completed": 2003, "Work": "New Well", "State report number": "46322"}, "geometry": {"type": "Point", "coordinates": [-96.028611, 30.304445]}},
    {"type": "Feature", "properties": {"name": "Water well", "description": "Recorded use: domestic", "Use": "Household", "Depth (feet)": 380.0, "Completed": 2004, "Work": "New Well", "State report number": "46401"}, "geometry": {"type": "Point", "coordinates": [-95.878055, 30.305834]}},
    {"type": "Feature", "properties": {"name": "Water well", "description": "Recorded use: domestic", "Use": "Household", "Depth (feet)": 295.0, "Completed": 2004, "Work": "New Well", "State report number": "46403"}, "geometry": {"type": "Point", "coordinates": [-95.843611, 30.475]}},
    {"type": "Feature", "properties": {"name": "Water well", "description": "Recorded use: domestic", "Use": "Household", "Depth (feet)": 163.0, "Completed": 2004, "Work": "New Well", "State report number": "47226"}, "geometry": {"type": "Point", "coordinates": [-95.902501, 30.2975]}},
    {"type": "Feature", "properties": {"name": "Water well", "description": "Recorded use: irrigation", "Use": "Livestock or irrigation", "Depth (feet)": 880.0, "Completed": 2003, "Work": "New Well", "State report number": "47369"}, "geometry": {"type": "Point", "coordinates": [-96.036389, 30.413612]}},
    {"type": "Feature", "properties": {"name": "Water well", "description": "Recorded use: domestic", "Use": "Household", "Depth (feet)": 240.0, "Completed": 2004, "Work": "New Well", "State report number": "47716"}, "geometry": {"type": "Point", "coordinates": [-95.874722, 30.316389]}},
    {"type": "Feature", "properties": {"name": "Water well", "description": "Recorded use: domestic", "Use": "Household", "Depth (feet)": 282.0, "Completed": 2004, "Work": "New Well", "State report number": "49201"}, "geometry": {"type": "Point", "coordinates": [-96.046945, 30.290834]}},
    {"type": "Feature", "properties": {"name": "Water well", "description": "Recorded use: domestic", "Use": "Household", "Depth (feet)": 585.0, "Completed": 2004, "Work": "New Well", "State report number": "49235"}, "geometry": {"type": "Point", "coordinates": [-96.028889, 30.450834]}},
    {"type": "Feature", "properties": {"name": "Water well", "description": "Recorded use: domestic", "Use": "Household", "Depth (feet)": 259.0, "Completed": 2004, "Work": "New Well", "State report number": "49236"}, "geometry": {"type": "Point", "coordinates": [-95.875555, 30.316389]}},
    {"type": "Feature", "properties": {"name": "Water well", "description": "Recorded use: domestic", "Use": "Household", "Depth (feet)": 367.0, "Completed": 2004, "Work": "New Well", "State report number": "49237"}, "geometry": {"type": "Point", "coordinates": [-95.8725, 30.296667]}},
    {"type": "Feature", "properties": {"name": "Water well", "description": "Recorded use: domestic", "Use": "Household", "Depth (feet)": 268.0, "Completed": 2004, "Work": "New Well", "State report number": "49238"}, "geometry": {"type": "Point", "coordinates": [-95.853056, 30.263889]}},
    {"type": "Feature", "properties": {"name": "Water well", "description": "Recorded use: domestic", "Use": "Household", "Depth (feet)": 95.0, "Completed": 2004, "Work": "New Well", "State report number": "49239"}, "geometry": {"type": "Point", "coordinates": [-95.817778, 30.250556]}},
    {"type": "Feature", "properties": {"name": "Water well", "description": "Recorded use: domestic", "Use": "Household", "Depth (feet)": 381.0, "Completed": 2004, "Work": "New Well", "State report number": "49240"}, "geometry": {"type": "Point", "coordinates": [-96.043889, 30.499167]}},
    {"type": "Feature", "properties": {"name": "Water well", "description": "Recorded use: public supply", "Use": "Public water supply", "Depth (feet)": 536.0, "Completed": 2004, "Work": "New Well", "State report number": "49671"}, "geometry": {"type": "Point", "coordinates": [-96.028889, 30.441667]}},
    {"type": "Feature", "properties": {"name": "Water well", "description": "Recorded use: domestic", "Use": "Household", "Depth (feet)": 285.0, "Completed": 2004, "Work": "New Well", "State report number": "50549"}, "geometry": {"type": "Point", "coordinates": [-95.831944, 30.309167]}},
    {"type": "Feature", "properties": {"name": "Water well", "description": "Recorded use: domestic", "Use": "Household", "Depth (feet)": 120.0, "Completed": 2004, "Work": "New Well", "State report number": "50598"}, "geometry": {"type": "Point", "coordinates": [-95.868611, 30.256112]}},
    {"type": "Feature", "properties": {"name": "Water well", "description": "Recorded use: domestic", "Use": "Household", "Depth (feet)": 250.0, "Completed": 2004, "Work": "New Well", "State report number": "50603"}, "geometry": {"type": "Point", "coordinates": [-95.899722, 30.349167]}},
    {"type": "Feature", "properties": {"name": "Water well", "description": "Recorded use: domestic", "Use": "Household", "Depth (feet)": 380.0, "Completed": 2004, "Work": "New Well", "State report number": "50760"}, "geometry": {"type": "Point", "coordinates": [-95.935834, 30.270555]}},
    {"type": "Feature", "properties": {"name": "Water well", "description": "Recorded use: domestic", "Use": "Household", "Depth (feet)": 250.0, "Completed": 2004, "Work": "New Well", "State report number": "50764"}, "geometry": {"type": "Point", "coordinates": [-95.958334, 30.514167]}},
    {"type": "Feature", "properties": {"name": "Water well", "description": "Recorded use: domestic", "Use": "Household", "Depth (feet)": 172.0, "Completed": 2004, "Work": "New Well", "State report number": "50766"}, "geometry": {"type": "Point", "coordinates": [-96.0975, 30.4925]}},
    {"type": "Feature", "properties": {"name": "Water well", "description": "Recorded use: domestic", "Use": "Household", "Depth (feet)": 420.0, "Completed": 2004, "Work": "New Well", "State report number": "50865"}, "geometry": {"type": "Point", "coordinates": [-95.865834, 30.272778]}},
    {"type": "Feature", "properties": {"name": "Water well", "description": "Recorded use: industrial", "Use": "Industrial or drilling supply", "Depth (feet)": 340.0, "Completed": 2004, "Work": "New Well", "State report number": "51377"}, "geometry": {"type": "Point", "coordinates": [-96.138334, 30.788889]}},
    {"type": "Feature", "properties": {"name": "Water well", "description": "Recorded use: domestic", "Use": "Household", "Depth (feet)": 384.0, "Completed": 2004, "Work": "New Well", "State report number": "51705"}, "geometry": {"type": "Point", "coordinates": [-95.873333, 30.384445]}},
    {"type": "Feature", "properties": {"name": "Water well", "description": "Recorded use: domestic", "Use": "Household", "Depth (feet)": 317.0, "Completed": 2004, "Work": "New Well", "State report number": "51706"}, "geometry": {"type": "Point", "coordinates": [-95.893889, 30.421667]}},
    {"type": "Feature", "properties": {"name": "Water well", "description": "Recorded use: domestic", "Use": "Household", "Depth (feet)": 274.0, "Completed": 2004, "Work": "New Well", "State report number": "51707"}, "geometry": {"type": "Point", "coordinates": [-95.993334, 30.325]}},
    {"type": "Feature", "properties": {"name": "Water well", "description": "Recorded use: domestic", "Use": "Household", "Depth (feet)": 160.0, "Completed": 2004, "Work": "New Well", "State report number": "52079"}, "geometry": {"type": "Point", "coordinates": [-95.921111, 30.264167]}},
    {"type": "Feature", "properties": {"name": "Water well", "description": "Recorded use: domestic", "Use": "Household", "Depth (feet)": 225.0, "Completed": 2003, "Work": "New Well", "State report number": "53123"}, "geometry": {"type": "Point", "coordinates": [-96.028333, 30.449167]}},
    {"type": "Feature", "properties": {"name": "Water well", "description": "Recorded use: stock", "Use": "Livestock or irrigation", "Depth (feet)": 533.0, "Completed": 2004, "Work": "New Well", "State report number": "53191"}, "geometry": {"type": "Point", "coordinates": [-96.023055, 30.448611]}},
    {"type": "Feature", "properties": {"name": "Water well", "description": "Recorded use: domestic", "Use": "Household", "Depth (feet)": 120.0, "Completed": 2005, "Work": "New Well", "State report number": "54452"}, "geometry": {"type": "Point", "coordinates": [-95.919167, 30.548611]}},
    {"type": "Feature", "properties": {"name": "Water well", "description": "Recorded use: domestic", "Use": "Household", "Depth (feet)": 324.0, "Completed": 2005, "Work": "New Well", "State report number": "54680"}, "geometry": {"type": "Point", "coordinates": [-95.890556, 30.424167]}},
    {"type": "Feature", "properties": {"name": "Water well", "description": "Recorded use: domestic", "Use": "Household", "Depth (feet)": 152.0, "Completed": 2005, "Work": "New Well", "State report number": "54681"}, "geometry": {"type": "Point", "coordinates": [-96.072222, 30.3475]}},
    {"type": "Feature", "properties": {"name": "Water well", "description": "Recorded use: irrigation", "Use": "Livestock or irrigation", "Depth (feet)": 534.0, "Completed": 2005, "Work": "New Well", "State report number": "54719"}, "geometry": {"type": "Point", "coordinates": [-95.862501, 30.325555]}},
    {"type": "Feature", "properties": {"name": "Water well", "description": "Recorded use: domestic", "Use": "Household", "Depth (feet)": 412.0, "Completed": 2005, "Work": "New Well", "State report number": "54731"}, "geometry": {"type": "Point", "coordinates": [-95.980278, 30.537778]}},
    {"type": "Feature", "properties": {"name": "Water well", "description": "Recorded use: domestic", "Use": "Household", "Depth (feet)": 398.0, "Completed": 2005, "Work": "New Well", "State report number": "55231"}, "geometry": {"type": "Point", "coordinates": [-95.914723, 30.367778]}},
    {"type": "Feature", "properties": {"name": "Well or boring", "description": "Recorded use: monitor", "Use": "Monitoring, testing or other", "Depth (feet)": 18.0, "Completed": 2005, "Work": "New Well", "State report number": "55662"}, "geometry": {"type": "Point", "coordinates": [-95.950278, 30.775555]}},
    {"type": "Feature", "properties": {"name": "Well or boring", "description": "Recorded use: monitor", "Use": "Monitoring, testing or other", "Depth (feet)": 15.0, "Completed": 2005, "Work": "New Well", "State report number": "55663"}, "geometry": {"type": "Point", "coordinates": [-95.950278, 30.775555]}},
    {"type": "Feature", "properties": {"name": "Water well", "description": "Recorded use: domestic", "Use": "Household", "Depth (feet)": 272.0, "Completed": 2005, "Work": "New Well", "State report number": "56764"}, "geometry": {"type": "Point", "coordinates": [-95.842778, 30.461112]}},
    {"type": "Feature", "properties": {"name": "Well or boring", "description": "Recorded use: monitor", "Use": "Monitoring, testing or other", "Depth (feet)": 20.0, "Completed": 2005, "Work": "New Well", "State report number": "57114"}, "geometry": {"type": "Point", "coordinates": [-96.081667, 30.373055]}},
    {"type": "Feature", "properties": {"name": "Water well", "description": "Recorded use: domestic", "Use": "Household", "Depth (feet)": 257.0, "Completed": 2005, "Work": "New Well", "State report number": "57722"}, "geometry": {"type": "Point", "coordinates": [-95.846667, 30.400556]}},
    {"type": "Feature", "properties": {"name": "Water well", "description": "Recorded use: domestic", "Use": "Household", "Depth (feet)": 382.0, "Completed": 2005, "Work": "New Well", "State report number": "57724"}, "geometry": {"type": "Point", "coordinates": [-96.049445, 30.376111]}},
    {"type": "Feature", "properties": {"name": "Water well", "description": "Recorded use: domestic", "Use": "Household", "Depth (feet)": 187.0, "Completed": 2005, "Work": "New Well", "State report number": "59395"}, "geometry": {"type": "Point", "coordinates": [-95.861389, 30.266389]}},
    {"type": "Feature", "properties": {"name": "Water well", "description": "Recorded use: irrigation", "Use": "Livestock or irrigation", "Depth (feet)": 631.0, "Completed": 2005, "Work": "New Well", "State report number": "59505"}, "geometry": {"type": "Point", "coordinates": [-96.036389, 30.444722]}},
    {"type": "Feature", "properties": {"name": "Water well", "description": "Recorded use: domestic", "Use": "Household", "Depth (feet)": 210.0, "Completed": 2005, "Work": "New Well", "State report number": "59523"}, "geometry": {"type": "Point", "coordinates": [-95.898056, 30.557778]}},
    {"type": "Feature", "properties": {"name": "Water well", "description": "Recorded use: domestic", "Use": "Household", "Depth (feet)": 378.0, "Completed": 2005, "Work": "New Well", "State report number": "59533"}, "geometry": {"type": "Point", "coordinates": [-95.936111, 30.629167]}},
    {"type": "Feature", "properties": {"name": "Water well", "description": "Recorded use: domestic", "Use": "Household", "Depth (feet)": 410.0, "Completed": 2005, "Work": "New Well", "State report number": "59567"}, "geometry": {"type": "Point", "coordinates": [-96.040834, 30.43]}},
    {"type": "Feature", "properties": {"name": "Water well", "description": "Recorded use: domestic", "Use": "Household", "Depth (feet)": 235.0, "Completed": 2005, "Work": "New Well", "State report number": "59577"}, "geometry": {"type": "Point", "coordinates": [-95.991945, 30.597222]}},
    {"type": "Feature", "properties": {"name": "Water well", "description": "Recorded use: domestic", "Use": "Household", "Depth (feet)": 295.0, "Completed": 2005, "Work": "New Well", "State report number": "59618"}, "geometry": {"type": "Point", "coordinates": [-95.924444, 30.416112]}},
    {"type": "Feature", "properties": {"name": "Water well", "description": "Recorded use: domestic", "Use": "Household", "Depth (feet)": 361.0, "Completed": 2005, "Work": "New Well", "State report number": "59623"}, "geometry": {"type": "Point", "coordinates": [-95.919722, 30.463056]}},
    {"type": "Feature", "properties": {"name": "Water well", "description": "Recorded use: domestic", "Use": "Household", "Depth (feet)": 388.0, "Completed": 2005, "Work": "New Well", "State report number": "59631"}, "geometry": {"type": "Point", "coordinates": [-96.045556, 30.4975]}},
    {"type": "Feature", "properties": {"name": "Water well", "description": "Recorded use: domestic", "Use": "Household", "Depth (feet)": 355.0, "Completed": 2005, "Work": "New Well", "State report number": "59634"}, "geometry": {"type": "Point", "coordinates": [-95.885556, 30.388889]}},
    {"type": "Feature", "properties": {"name": "Water well", "description": "Recorded use: domestic", "Use": "Household", "Depth (feet)": 281.0, "Completed": 2005, "Work": "New Well", "State report number": "59645"}, "geometry": {"type": "Point", "coordinates": [-96.048056, 30.504723]}},
    {"type": "Feature", "properties": {"name": "Water well", "description": "Recorded use: rig supply", "Use": "Industrial or drilling supply", "Depth (feet)": 275.0, "Completed": 2005, "Work": "New Well", "State report number": "60397"}, "geometry": {"type": "Point", "coordinates": [-95.996111, 30.791945]}},
    {"type": "Feature", "properties": {"name": "Water well", "description": "Recorded use: domestic", "Use": "Household", "Depth (feet)": 210.0, "Completed": 2005, "Work": "New Well", "State report number": "61104"}, "geometry": {"type": "Point", "coordinates": [-95.905001, 30.691667]}},
    {"type": "Feature", "properties": {"name": "Water well", "description": "Recorded use: irrigation", "Use": "Livestock or irrigation", "Depth (feet)": 365.0, "Completed": 2005, "Work": "New Well", "State report number": "62228"}, "geometry": {"type": "Point", "coordinates": [-95.953612, 30.254723]}},
    {"type": "Feature", "properties": {"name": "Water well", "description": "Recorded use: irrigation", "Use": "Livestock or irrigation", "Depth (feet)": 385.0, "Completed": 2005, "Work": "New Well", "State report number": "62243"}, "geometry": {"type": "Point", "coordinates": [-95.952223, 30.257223]}},
    {"type": "Feature", "properties": {"name": "Water well", "description": "Recorded use: irrigation", "Use": "Livestock or irrigation", "Depth (feet)": 371.0, "Completed": 2005, "Work": "New Well", "State report number": "62250"}, "geometry": {"type": "Point", "coordinates": [-95.953612, 30.254445]}},
    {"type": "Feature", "properties": {"name": "Water well", "description": "Recorded use: domestic", "Use": "Household", "Depth (feet)": 505.0, "Completed": 2005, "Work": "New Well", "State report number": "62492"}, "geometry": {"type": "Point", "coordinates": [-95.998334, 30.357223]}},
    {"type": "Feature", "properties": {"name": "Water well", "description": "Recorded use: domestic", "Use": "Household", "Depth (feet)": 396.0, "Completed": 2005, "Work": "New Well", "State report number": "62508"}, "geometry": {"type": "Point", "coordinates": [-95.925833, 30.407778]}},
    {"type": "Feature", "properties": {"name": "Water well", "description": "Recorded use: domestic", "Use": "Household", "Depth (feet)": 781.0, "Completed": 2003, "Work": "New Well", "State report number": "62891"}, "geometry": {"type": "Point", "coordinates": [-95.913056, 30.852223]}},
    {"type": "Feature", "properties": {"name": "Water well", "description": "Recorded use: domestic", "Use": "Household", "Depth (feet)": 188.0, "Completed": 2005, "Work": "New Well", "State report number": "63180"}, "geometry": {"type": "Point", "coordinates": [-95.809445, 30.247778]}},
    {"type": "Feature", "properties": {"name": "Water well", "description": "Recorded use: domestic", "Use": "Household", "Depth (feet)": 130.0, "Completed": 2005, "Work": "New Well", "State report number": "63764"}, "geometry": {"type": "Point", "coordinates": [-95.836111, 30.272778]}},
    {"type": "Feature", "properties": {"name": "Water well", "description": "Recorded use: domestic", "Use": "Household", "Depth (feet)": 140.0, "Completed": 2005, "Work": "New Well", "State report number": "64985"}, "geometry": {"type": "Point", "coordinates": [-95.937222, 30.471389]}},
    {"type": "Feature", "properties": {"name": "Water well", "description": "Recorded use: domestic", "Use": "Household", "Depth (feet)": 250.0, "Completed": 2005, "Work": "New Well", "State report number": "65019"}, "geometry": {"type": "Point", "coordinates": [-95.844445, 30.488056]}},
    {"type": "Feature", "properties": {"name": "Water well", "description": "Recorded use: domestic", "Use": "Household", "Depth (feet)": 243.0, "Completed": 2005, "Work": "New Well", "State report number": "65024"}, "geometry": {"type": "Point", "coordinates": [-95.843056, 30.488334]}},
    {"type": "Feature", "properties": {"name": "Water well", "description": "Recorded use: domestic", "Use": "Household", "Depth (feet)": 250.0, "Completed": 2005, "Work": "New Well", "State report number": "65289"}, "geometry": {"type": "Point", "coordinates": [-96.058889, 30.318611]}},
    {"type": "Feature", "properties": {"name": "Water well", "description": "Recorded use: domestic", "Use": "Household", "Depth (feet)": 220.0, "Completed": 2005, "Work": "New Well", "State report number": "65314"}, "geometry": {"type": "Point", "coordinates": [-95.826944, 30.255834]}},
    {"type": "Feature", "properties": {"name": "Water well", "description": "Recorded use: domestic", "Use": "Household", "Depth (feet)": 247.0, "Completed": 2003, "Work": "New Well", "State report number": "65508"}, "geometry": {"type": "Point", "coordinates": [-96.071111, 30.494722]}},
    {"type": "Feature", "properties": {"name": "Water well", "description": "Recorded use: domestic", "Use": "Household", "Depth (feet)": 352.0, "Completed": 2005, "Work": "New Well", "State report number": "65511"}, "geometry": {"type": "Point", "coordinates": [-95.871389, 30.460278]}},
    {"type": "Feature", "properties": {"name": "Water well", "description": "Recorded use: domestic", "Use": "Household", "Depth (feet)": 115.0, "Completed": 2005, "Work": "New Well", "State report number": "65516"}, "geometry": {"type": "Point", "coordinates": [-96.0725, 30.334722]}},
    {"type": "Feature", "properties": {"name": "Water well", "description": "Recorded use: domestic", "Use": "Household", "Depth (feet)": 120.0, "Completed": 2005, "Work": "New Well", "State report number": "65528"}, "geometry": {"type": "Point", "coordinates": [-96.073333, 30.334722]}},
    {"type": "Feature", "properties": {"name": "Water well", "description": "Recorded use: domestic", "Use": "Household", "Depth (feet)": 332.0, "Completed": 2005, "Work": "New Well", "State report number": "65529"}, "geometry": {"type": "Point", "coordinates": [-95.846667, 30.485]}},
    {"type": "Feature", "properties": {"name": "Water well", "description": "Recorded use: domestic", "Use": "Household", "Depth (feet)": 405.0, "Completed": 2005, "Work": "New Well", "State report number": "65750"}, "geometry": {"type": "Point", "coordinates": [-95.922778, 30.259167]}},
    {"type": "Feature", "properties": {"name": "Water well", "description": "Recorded use: domestic", "Use": "Household", "Depth (feet)": 395.0, "Completed": 2005, "Work": "New Well", "State report number": "65818"}, "geometry": {"type": "Point", "coordinates": [-95.902501, 30.273333]}},
    {"type": "Feature", "properties": {"name": "Water well", "description": "Recorded use: domestic", "Use": "Household", "Depth (feet)": 328.0, "Completed": 2005, "Work": "New Well", "State report number": "66155"}, "geometry": {"type": "Point", "coordinates": [-95.881944, 30.280833]}},
    {"type": "Feature", "properties": {"name": "Water well", "description": "Recorded use: domestic", "Use": "Household", "Depth (feet)": 260.0, "Completed": 2005, "Work": "New Well", "State report number": "66257"}, "geometry": {"type": "Point", "coordinates": [-96.116667, 30.557501]}},
    {"type": "Feature", "properties": {"name": "Water well", "description": "Recorded use: domestic", "Use": "Household", "Depth (feet)": 403.0, "Completed": 2005, "Work": "New Well", "State report number": "66284"}, "geometry": {"type": "Point", "coordinates": [-96.0175, 30.402501]}},
    {"type": "Feature", "properties": {"name": "Water well", "description": "Recorded use: stock", "Use": "Livestock or irrigation", "Depth (feet)": 381.0, "Completed": 2005, "Work": "New Well", "State report number": "66288"}, "geometry": {"type": "Point", "coordinates": [-96.0275, 30.320555]}},
    {"type": "Feature", "properties": {"name": "Water well", "description": "Recorded use: domestic", "Use": "Household", "Depth (feet)": 292.0, "Completed": 2005, "Work": "New Well", "State report number": "66305"}, "geometry": {"type": "Point", "coordinates": [-95.916944, 30.379444]}},
    {"type": "Feature", "properties": {"name": "Water well", "description": "Recorded use: domestic", "Use": "Household", "Depth (feet)": 260.0, "Completed": 2005, "Work": "New Well", "State report number": "66417"}, "geometry": {"type": "Point", "coordinates": [-95.861945, 30.260278]}},
    {"type": "Feature", "properties": {"name": "Water well", "description": "Recorded use: domestic", "Use": "Household", "Depth (feet)": 495.0, "Completed": 2005, "Work": "New Well", "State report number": "67091"}, "geometry": {"type": "Point", "coordinates": [-95.835556, 30.605834]}},
    {"type": "Feature", "properties": {"name": "Water well", "description": "Recorded use: domestic", "Use": "Household", "Depth (feet)": 270.0, "Completed": 2004, "Work": "New Well", "State report number": "67199"}, "geometry": {"type": "Point", "coordinates": [-95.862223, 30.259445]}},
    {"type": "Feature", "properties": {"name": "Water well", "description": "Recorded use: domestic", "Use": "Household", "Depth (feet)": 367.0, "Completed": 2005, "Work": "Replacement", "State report number": "67394"}, "geometry": {"type": "Point", "coordinates": [-95.913334, 30.294722]}},
    {"type": "Feature", "properties": {"name": "Water well", "description": "Recorded use: domestic", "Use": "Household", "Depth (feet)": 329.0, "Completed": 2003, "Work": "New Well", "State report number": "68651"}, "geometry": {"type": "Point", "coordinates": [-95.890556, 30.675278]}},
    {"type": "Feature", "properties": {"name": "Water well", "description": "Recorded use: domestic", "Use": "Household", "Depth (feet)": 403.0, "Completed": 2005, "Work": "New Well", "State report number": "68789"}, "geometry": {"type": "Point", "coordinates": [-96.052778, 30.723889]}},
    {"type": "Feature", "properties": {"name": "Water well", "description": "Recorded use: domestic", "Use": "Household", "Depth (feet)": 154.0, "Completed": 2005, "Work": "New Well", "State report number": "68845"}, "geometry": {"type": "Point", "coordinates": [-95.902501, 30.255001]}},
    {"type": "Feature", "properties": {"name": "Water well", "description": "Recorded use: domestic", "Use": "Household", "Depth (feet)": 272.0, "Completed": 2005, "Work": "New Well", "State report number": "68863"}, "geometry": {"type": "Point", "coordinates": [-95.933055, 30.601389]}},
    {"type": "Feature", "properties": {"name": "Water well", "description": "Recorded use: domestic", "Use": "Household", "Depth (feet)": 504.0, "Completed": 2005, "Work": "New Well", "State report number": "68872"}, "geometry": {"type": "Point", "coordinates": [-95.875833, 30.39]}},
    {"type": "Feature", "properties": {"name": "Water well", "description": "Recorded use: domestic", "Use": "Household", "Depth (feet)": 252.0, "Completed": 2005, "Work": "New Well", "State report number": "68932"}, "geometry": {"type": "Point", "coordinates": [-96.088056, 30.5175]}},
    {"type": "Feature", "properties": {"name": "Water well", "description": "Recorded use: domestic", "Use": "Household", "Depth (feet)": 253.0, "Completed": 2005, "Work": "New Well", "State report number": "68982"}, "geometry": {"type": "Point", "coordinates": [-95.829167, 30.245556]}},
    {"type": "Feature", "properties": {"name": "Water well", "description": "Recorded use: domestic", "Use": "Household", "Depth (feet)": 280.0, "Completed": 2005, "Work": "New Well", "State report number": "68983"}, "geometry": {"type": "Point", "coordinates": [-95.900278, 30.459445]}},
    {"type": "Feature", "properties": {"name": "Water well", "description": "Recorded use: domestic", "Use": "Household", "Depth (feet)": 280.0, "Completed": 2005, "Work": "New Well", "State report number": "69457"}, "geometry": {"type": "Point", "coordinates": [-96.097778, 30.500001]}},
    {"type": "Feature", "properties": {"name": "Water well", "description": "Recorded use: domestic", "Use": "Household", "Depth (feet)": 305.0, "Completed": 2005, "Work": "New Well", "State report number": "69459"}, "geometry": {"type": "Point", "coordinates": [-95.984167, 30.323889]}},
    {"type": "Feature", "properties": {"name": "Water well", "description": "Recorded use: industrial", "Use": "Industrial or drilling supply", "Depth (feet)": 550.0, "Completed": 2004, "Work": "New Well", "State report number": "70633"}, "geometry": {"type": "Point", "coordinates": [-95.977778, 30.523889]}},
    {"type": "Feature", "properties": {"name": "Water well", "description": "Recorded use: industrial", "Use": "Industrial or drilling supply", "Depth (feet)": 370.0, "Completed": 2004, "Work": "New Well", "State report number": "70719"}, "geometry": {"type": "Point", "coordinates": [-95.9225, 30.461945]}},
    {"type": "Feature", "properties": {"name": "Water well", "description": "Recorded use: domestic", "Use": "Household", "Depth (feet)": 245.0, "Completed": 2005, "Work": "New Well", "State report number": "71288"}, "geometry": {"type": "Point", "coordinates": [-95.954167, 30.249445]}},
    {"type": "Feature", "properties": {"name": "Water well", "description": "Recorded use: stock", "Use": "Livestock or irrigation", "Depth (feet)": 482.0, "Completed": 2005, "Work": "New Well", "State report number": "72587"}, "geometry": {"type": "Point", "coordinates": [-96.053612, 30.799722]}},
    {"type": "Feature", "properties": {"name": "Water well", "description": "Recorded use: domestic", "Use": "Household", "Depth (feet)": 265.0, "Completed": 2005, "Work": "New Well", "State report number": "72596"}, "geometry": {"type": "Point", "coordinates": [-95.885278, 30.420278]}},
    {"type": "Feature", "properties": {"name": "Water well", "description": "Recorded use: domestic", "Use": "Household", "Depth (feet)": 209.0, "Completed": 2005, "Work": "New Well", "State report number": "73218"}, "geometry": {"type": "Point", "coordinates": [-96.089167, 30.486667]}},
    {"type": "Feature", "properties": {"name": "Water well", "description": "Recorded use: domestic", "Use": "Household", "Depth (feet)": 120.0, "Completed": 2005, "Work": "New Well", "State report number": "74026"}, "geometry": {"type": "Point", "coordinates": [-95.930555, 30.261112]}},
    {"type": "Feature", "properties": {"name": "Water well", "description": "Recorded use: domestic", "Use": "Household", "Depth (feet)": 372.0, "Completed": 2004, "Work": "New Well", "State report number": "74811"}, "geometry": {"type": "Point", "coordinates": [-95.908056, 30.321944]}},
    {"type": "Feature", "properties": {"name": "Water well", "description": "Recorded use: domestic", "Use": "Household", "Depth (feet)": 340.0, "Completed": 2006, "Work": "New Well", "State report number": "75208"}, "geometry": {"type": "Point", "coordinates": [-96.038889, 30.820555]}},
    {"type": "Feature", "properties": {"name": "Water well", "description": "Recorded use: domestic", "Use": "Household", "Depth (feet)": 146.0, "Completed": 2005, "Work": "New Well", "State report number": "75213"}, "geometry": {"type": "Point", "coordinates": [-95.92, 30.555834]}},
    {"type": "Feature", "properties": {"name": "Water well", "description": "Recorded use: domestic", "Use": "Household", "Depth (feet)": 334.0, "Completed": 2005, "Work": "New Well", "State report number": "75230"}, "geometry": {"type": "Point", "coordinates": [-96.097778, 30.360834]}},
    {"type": "Feature", "properties": {"name": "Water well", "description": "Recorded use: domestic", "Use": "Household", "Depth (feet)": 288.0, "Completed": 2006, "Work": "New Well", "State report number": "75234"}, "geometry": {"type": "Point", "coordinates": [-95.995834, 30.251389]}},
    {"type": "Feature", "properties": {"name": "Water well", "description": "Recorded use: domestic", "Use": "Household", "Depth (feet)": 298.0, "Completed": 2006, "Work": "New Well", "State report number": "75237"}, "geometry": {"type": "Point", "coordinates": [-96.112223, 30.546389]}},
    {"type": "Feature", "properties": {"name": "Water well", "description": "Recorded use: domestic", "Use": "Household", "Depth (feet)": 397.0, "Completed": 2006, "Work": "New Well", "State report number": "75419"}, "geometry": {"type": "Point", "coordinates": [-96.041389, 30.246389]}},
    {"type": "Feature", "properties": {"name": "Water well", "description": "Recorded use: domestic", "Use": "Household", "Depth (feet)": 360.0, "Completed": 2006, "Work": "New Well", "State report number": "76085"}, "geometry": {"type": "Point", "coordinates": [-96.033334, 30.766667]}},
    {"type": "Feature", "properties": {"name": "Water well", "description": "Recorded use: stock", "Use": "Livestock or irrigation", "Depth (feet)": 220.0, "Completed": 2005, "Work": "New Well", "State report number": "76115"}, "geometry": {"type": "Point", "coordinates": [-95.904167, 30.627778]}},
    {"type": "Feature", "properties": {"name": "Water well", "description": "Recorded use: domestic", "Use": "Household", "Depth (feet)": 370.0, "Completed": 2006, "Work": "New Well", "State report number": "76984"}, "geometry": {"type": "Point", "coordinates": [-95.918611, 30.289445]}},
    {"type": "Feature", "properties": {"name": "Water well", "description": "Recorded use: domestic", "Use": "Household", "Depth (feet)": 370.0, "Completed": 2006, "Work": "New Well", "State report number": "77118"}, "geometry": {"type": "Point", "coordinates": [-96.041389, 30.362778]}},
    {"type": "Feature", "properties": {"name": "Water well", "description": "Recorded use: domestic", "Use": "Household", "Depth (feet)": 256.0, "Completed": 2006, "Work": "New Well", "State report number": "77898"}, "geometry": {"type": "Point", "coordinates": [-95.860834, 30.246945]}},
    {"type": "Feature", "properties": {"name": "Water well", "description": "Recorded use: domestic", "Use": "Household", "Depth (feet)": 335.0, "Completed": 2006, "Work": "New Well", "State report number": "78427"}, "geometry": {"type": "Point", "coordinates": [-96.028611, 30.606112]}},
    {"type": "Feature", "properties": {"name": "Water well", "description": "Recorded use: domestic", "Use": "Household", "Depth (feet)": 367.0, "Completed": 2006, "Work": "New Well", "State report number": "78431"}, "geometry": {"type": "Point", "coordinates": [-95.844445, 30.473611]}},
    {"type": "Feature", "properties": {"name": "Water well", "description": "Recorded use: domestic", "Use": "Household", "Depth (feet)": 370.0, "Completed": 2006, "Work": "New Well", "State report number": "78451"}, "geometry": {"type": "Point", "coordinates": [-96.045278, 30.821944]}},
    {"type": "Feature", "properties": {"name": "Water well", "description": "Recorded use: domestic", "Use": "Household", "Depth (feet)": 328.0, "Completed": 2006, "Work": "New Well", "State report number": "78456"}, "geometry": {"type": "Point", "coordinates": [-95.924444, 30.456945]}},
    {"type": "Feature", "properties": {"name": "Water well", "description": "Recorded use: domestic", "Use": "Household", "Depth (feet)": 285.0, "Completed": 2006, "Work": "New Well", "State report number": "78459"}, "geometry": {"type": "Point", "coordinates": [-95.828333, 30.505556]}},
    {"type": "Feature", "properties": {"name": "Water well", "description": "Recorded use: domestic", "Use": "Household", "Depth (feet)": 384.0, "Completed": 2006, "Work": "New Well", "State report number": "78598"}, "geometry": {"type": "Point", "coordinates": [-95.936389, 30.298889]}},
    {"type": "Feature", "properties": {"name": "Water well", "description": "Recorded use: domestic", "Use": "Household", "Depth (feet)": 325.0, "Completed": 2006, "Work": "New Well", "State report number": "78715"}, "geometry": {"type": "Point", "coordinates": [-95.9825, 30.326667]}},
    {"type": "Feature", "properties": {"name": "Water well", "description": "Recorded use: domestic", "Use": "Household", "Depth (feet)": 183.0, "Completed": 2006, "Work": "New Well", "State report number": "78718"}, "geometry": {"type": "Point", "coordinates": [-96.061667, 30.354167]}},
    {"type": "Feature", "properties": {"name": "Water well", "description": "Recorded use: domestic", "Use": "Household", "Depth (feet)": 160.0, "Completed": 2006, "Work": "New Well", "State report number": "78735"}, "geometry": {"type": "Point", "coordinates": [-95.882222, 30.259167]}},
    {"type": "Feature", "properties": {"name": "Water well", "description": "Recorded use: domestic", "Use": "Household", "Depth (feet)": 568.0, "Completed": 2006, "Work": "New Well", "State report number": "78911"}, "geometry": {"type": "Point", "coordinates": [-95.978333, 30.357223]}},
    {"type": "Feature", "properties": {"name": "Water well", "description": "Recorded use: domestic", "Use": "Household", "Depth (feet)": 320.0, "Completed": 2006, "Work": "New Well", "State report number": "78931"}, "geometry": {"type": "Point", "coordinates": [-96.049722, 30.318333]}},
    {"type": "Feature", "properties": {"name": "Water well", "description": "Recorded use: domestic", "Use": "Household", "Depth (feet)": 280.0, "Completed": 2006, "Work": "New Well", "State report number": "78936"}, "geometry": {"type": "Point", "coordinates": [-96.046945, 30.815834]}},
    {"type": "Feature", "properties": {"name": "Water well", "description": "Recorded use: domestic", "Use": "Household", "Depth (feet)": 206.0, "Completed": 2006, "Work": "New Well", "State report number": "78949"}, "geometry": {"type": "Point", "coordinates": [-96.024722, 30.299445]}},
    {"type": "Feature", "properties": {"name": "Water well", "description": "Recorded use: domestic", "Use": "Household", "Depth (feet)": 100.0, "Completed": 2006, "Work": "New Well", "State report number": "79069"}, "geometry": {"type": "Point", "coordinates": [-95.870278, 30.260834]}},
    {"type": "Feature", "properties": {"name": "Water well", "description": "Recorded use: domestic", "Use": "Household", "Depth (feet)": 415.0, "Completed": 2006, "Work": "New Well", "State report number": "79221"}, "geometry": {"type": "Point", "coordinates": [-95.830555, 30.356945]}},
    {"type": "Feature", "properties": {"name": "Water well", "description": "Recorded use: domestic", "Use": "Household", "Depth (feet)": 245.0, "Completed": 2006, "Work": "New Well", "State report number": "79461"}, "geometry": {"type": "Point", "coordinates": [-95.845278, 30.485278]}},
    {"type": "Feature", "properties": {"name": "Water well", "description": "Recorded use: domestic", "Use": "Household", "Depth (feet)": 186.0, "Completed": 2006, "Work": "New Well", "State report number": "80053"}, "geometry": {"type": "Point", "coordinates": [-95.945834, 30.605001]}},
    {"type": "Feature", "properties": {"name": "Water well", "description": "Recorded use: domestic", "Use": "Household", "Depth (feet)": 185.0, "Completed": 2006, "Work": "New Well", "State report number": "80060"}, "geometry": {"type": "Point", "coordinates": [-95.913612, 30.600278]}},
    {"type": "Feature", "properties": {"name": "Water well", "description": "Recorded use: domestic", "Use": "Household", "Depth (feet)": 209.0, "Completed": 2006, "Work": "New Well", "State report number": "80846"}, "geometry": {"type": "Point", "coordinates": [-95.859445, 30.427778]}},
    {"type": "Feature", "properties": {"name": "Water well", "description": "Recorded use: domestic", "Use": "Household", "Depth (feet)": 301.0, "Completed": 2006, "Work": "New Well", "State report number": "80978"}, "geometry": {"type": "Point", "coordinates": [-95.901945, 30.434722]}},
    {"type": "Feature", "properties": {"name": "Water well", "description": "Recorded use: domestic", "Use": "Household", "Depth (feet)": 212.0, "Completed": 2006, "Work": "New Well", "State report number": "81154"}, "geometry": {"type": "Point", "coordinates": [-95.845278, 30.426944]}},
    {"type": "Feature", "properties": {"name": "Water well", "description": "Recorded use: domestic", "Use": "Household", "Depth (feet)": 232.0, "Completed": 2006, "Work": "New Well", "State report number": "81158"}, "geometry": {"type": "Point", "coordinates": [-95.878889, 30.423611]}},
    {"type": "Feature", "properties": {"name": "Water well", "description": "Recorded use: domestic", "Use": "Household", "Depth (feet)": 328.0, "Completed": 2006, "Work": "New Well", "State report number": "81170"}, "geometry": {"type": "Point", "coordinates": [-95.989445, 30.3325]}},
    {"type": "Feature", "properties": {"name": "Water well", "description": "Recorded use: domestic", "Use": "Household", "Depth (feet)": 485.0, "Completed": 2006, "Work": "New Well", "State report number": "81516"}, "geometry": {"type": "Point", "coordinates": [-95.836945, 30.268889]}},
    {"type": "Feature", "properties": {"name": "Water well", "description": "Recorded use: domestic", "Use": "Household", "Depth (feet)": 120.0, "Completed": 2006, "Work": "New Well", "State report number": "81519"}, "geometry": {"type": "Point", "coordinates": [-95.864445, 30.255278]}},
    {"type": "Feature", "properties": {"name": "Water well", "description": "Recorded use: domestic", "Use": "Household", "Depth (feet)": 359.0, "Completed": 2006, "Work": "New Well", "State report number": "81568"}, "geometry": {"type": "Point", "coordinates": [-95.985278, 30.335556]}},
    {"type": "Feature", "properties": {"name": "Water well", "description": "Recorded use: domestic", "Use": "Household", "Depth (feet)": 340.0, "Completed": 2006, "Work": "New Well", "State report number": "81872"}, "geometry": {"type": "Point", "coordinates": [-95.818055, 30.328889]}},
    {"type": "Feature", "properties": {"name": "Water well", "description": "Recorded use: domestic", "Use": "Household", "Depth (feet)": 190.0, "Completed": 2006, "Work": "New Well", "State report number": "81875"}, "geometry": {"type": "Point", "coordinates": [-96.019167, 30.312223]}},
    {"type": "Feature", "properties": {"name": "Water well", "description": "Recorded use: domestic", "Use": "Household", "Depth (feet)": 342.0, "Completed": 2006, "Work": "New Well", "State report number": "81894"}, "geometry": {"type": "Point", "coordinates": [-95.983889, 30.656112]}},
    {"type": "Feature", "properties": {"name": "Water well", "description": "Recorded use: domestic", "Use": "Household", "Depth (feet)": 160.0, "Completed": 2006, "Work": "New Well", "State report number": "82383"}, "geometry": {"type": "Point", "coordinates": [-95.868611, 30.2725]}},
    {"type": "Feature", "properties": {"name": "Water well", "description": "Recorded use: domestic", "Use": "Household", "Depth (feet)": 366.0, "Completed": 2006, "Work": "New Well", "State report number": "82838"}, "geometry": {"type": "Point", "coordinates": [-95.934167, 30.335834]}},
    {"type": "Feature", "properties": {"name": "Water well", "description": "Recorded use: domestic", "Use": "Household", "Depth (feet)": 240.0, "Completed": 2006, "Work": "New Well", "State report number": "83122"}, "geometry": {"type": "Point", "coordinates": [-96.036111, 30.479722]}},
    {"type": "Feature", "properties": {"name": "Water well", "description": "Recorded use: domestic", "Use": "Household", "Depth (feet)": 423.0, "Completed": 2006, "Work": "New Well", "State report number": "83535"}, "geometry": {"type": "Point", "coordinates": [-95.863334, 30.613334]}},
    {"type": "Feature", "properties": {"name": "Water well", "description": "Recorded use: domestic", "Use": "Household", "Depth (feet)": 383.0, "Completed": 2006, "Work": "New Well", "State report number": "83541"}, "geometry": {"type": "Point", "coordinates": [-96.0425, 30.288056]}},
    {"type": "Feature", "properties": {"name": "Water well", "description": "Recorded use: domestic", "Use": "Household", "Depth (feet)": 184.0, "Completed": 2006, "Work": "New Well", "State report number": "83548"}, "geometry": {"type": "Point", "coordinates": [-96.031667, 30.285]}},
    {"type": "Feature", "properties": {"name": "Water well", "description": "Recorded use: domestic", "Use": "Household", "Depth (feet)": 192.0, "Completed": 2006, "Work": "New Well", "State report number": "83561"}, "geometry": {"type": "Point", "coordinates": [-96.066667, 30.415278]}},
    {"type": "Feature", "properties": {"name": "Water well", "description": "Recorded use: domestic", "Use": "Household", "Depth (feet)": 266.0, "Completed": 2006, "Work": "New Well", "State report number": "83590"}, "geometry": {"type": "Point", "coordinates": [-95.820833, 30.351112]}},
    {"type": "Feature", "properties": {"name": "Water well", "description": "Recorded use: domestic", "Use": "Household", "Depth (feet)": 250.0, "Completed": 2006, "Work": "New Well", "State report number": "83668"}, "geometry": {"type": "Point", "coordinates": [-95.855001, 30.2425]}},
    {"type": "Feature", "properties": {"name": "Water well", "description": "Recorded use: domestic", "Use": "Household", "Depth (feet)": 310.0, "Completed": 2006, "Work": "New Well", "State report number": "83735"}, "geometry": {"type": "Point", "coordinates": [-95.981667, 30.328611]}},
    {"type": "Feature", "properties": {"name": "Water well", "description": "Recorded use: domestic", "Use": "Household", "Depth (feet)": 508.0, "Completed": 2006, "Work": "New Well", "State report number": "83806"}, "geometry": {"type": "Point", "coordinates": [-96.065834, 30.473611]}},
    {"type": "Feature", "properties": {"name": "Water well", "description": "Recorded use: domestic", "Use": "Household", "Depth (feet)": 420.0, "Completed": 2006, "Work": "New Well", "State report number": "85088"}, "geometry": {"type": "Point", "coordinates": [-95.862778, 30.271944]}},
    {"type": "Feature", "properties": {"name": "Water well", "description": "Recorded use: domestic", "Use": "Household", "Depth (feet)": 246.0, "Completed": 2006, "Work": "New Well", "State report number": "85777"}, "geometry": {"type": "Point", "coordinates": [-95.968333, 30.248056]}},
    {"type": "Feature", "properties": {"name": "Water well", "description": "Recorded use: domestic", "Use": "Household", "Depth (feet)": 142.0, "Completed": 2006, "Work": "New Well", "State report number": "85921"}, "geometry": {"type": "Point", "coordinates": [-95.881944, 30.283334]}},
    {"type": "Feature", "properties": {"name": "Water well", "description": "Recorded use: domestic", "Use": "Household", "Depth (feet)": 322.0, "Completed": 2006, "Work": "New Well", "State report number": "86407"}, "geometry": {"type": "Point", "coordinates": [-96.013334, 30.306667]}},
    {"type": "Feature", "properties": {"name": "Water well", "description": "Recorded use: domestic", "Use": "Household", "Depth (feet)": 230.0, "Completed": 2006, "Work": "New Well", "State report number": "86653"}, "geometry": {"type": "Point", "coordinates": [-95.845278, 30.272778]}},
    {"type": "Feature", "properties": {"name": "Water well", "description": "Recorded use: domestic", "Use": "Household", "Depth (feet)": 235.0, "Completed": 2006, "Work": "New Well", "State report number": "86724"}, "geometry": {"type": "Point", "coordinates": [-96.050001, 30.331111]}},
    {"type": "Feature", "properties": {"name": "Water well", "description": "Recorded use: domestic", "Use": "Household", "Depth (feet)": 235.0, "Completed": 2006, "Work": "New Well", "State report number": "86725"}, "geometry": {"type": "Point", "coordinates": [-96.050001, 30.331111]}},
    {"type": "Feature", "properties": {"name": "Water well", "description": "Recorded use: domestic", "Use": "Household", "Depth (feet)": 150.0, "Completed": 2006, "Work": "New Well", "State report number": "87021"}, "geometry": {"type": "Point", "coordinates": [-96.027778, 30.394167]}},
    {"type": "Feature", "properties": {"name": "Water well", "description": "Recorded use: domestic", "Use": "Household", "Depth (feet)": 265.0, "Completed": 2006, "Work": "New Well", "State report number": "87628"}, "geometry": {"type": "Point", "coordinates": [-95.865834, 30.249722]}},
    {"type": "Feature", "properties": {"name": "Water well", "description": "Recorded use: domestic", "Use": "Household", "Depth (feet)": 414.0, "Completed": 2006, "Work": "New Well", "State report number": "87695"}, "geometry": {"type": "Point", "coordinates": [-95.895556, 30.8275]}},
    {"type": "Feature", "properties": {"name": "Water well", "description": "Recorded use: domestic", "Use": "Household", "Depth (feet)": 456.0, "Completed": 2006, "Work": "New Well", "State report number": "87696"}, "geometry": {"type": "Point", "coordinates": [-96.098889, 30.7425]}},
    {"type": "Feature", "properties": {"name": "Water well", "description": "Recorded use: domestic", "Use": "Household", "Depth (feet)": 334.0, "Completed": 2006, "Work": "New Well", "State report number": "87697"}, "geometry": {"type": "Point", "coordinates": [-95.954723, 30.446111]}},
    {"type": "Feature", "properties": {"name": "Water well", "description": "Recorded use: domestic", "Use": "Household", "Depth (feet)": 312.0, "Completed": 2006, "Work": "New Well", "State report number": "87701"}, "geometry": {"type": "Point", "coordinates": [-95.906112, 30.680833]}},
    {"type": "Feature", "properties": {"name": "Water well", "description": "Recorded use: domestic", "Use": "Household", "Depth (feet)": 385.0, "Completed": 2006, "Work": "New Well", "State report number": "87705"}, "geometry": {"type": "Point", "coordinates": [-96.091389, 30.6875]}},
    {"type": "Feature", "properties": {"name": "Water well", "description": "Recorded use: domestic", "Use": "Household", "Depth (feet)": 334.0, "Completed": 2006, "Work": "New Well", "State report number": "87706"}, "geometry": {"type": "Point", "coordinates": [-96.085556, 30.691945]}},
    {"type": "Feature", "properties": {"name": "Water well", "description": "Recorded use: domestic", "Use": "Household", "Depth (feet)": 160.0, "Completed": 2006, "Work": "New Well", "State report number": "88451"}, "geometry": {"type": "Point", "coordinates": [-95.861112, 30.613334]}},
    {"type": "Feature", "properties": {"name": "Water well", "description": "Recorded use: domestic", "Use": "Household", "Depth (feet)": 474.0, "Completed": 2006, "Work": "New Well", "State report number": "88523"}, "geometry": {"type": "Point", "coordinates": [-95.997778, 30.434167]}},
    {"type": "Feature", "properties": {"name": "Water well", "description": "Recorded use: domestic", "Use": "Household", "Depth (feet)": 183.0, "Completed": 2006, "Work": "New Well", "State report number": "88525"}, "geometry": {"type": "Point", "coordinates": [-95.941945, 30.466944]}},
    {"type": "Feature", "properties": {"name": "Water well", "description": "Recorded use: domestic", "Use": "Household", "Depth (feet)": 811.0, "Completed": 2006, "Work": "New Well", "State report number": "89029"}, "geometry": {"type": "Point", "coordinates": [-95.980278, 30.506667]}},
    {"type": "Feature", "properties": {"name": "Water well", "description": "Recorded use: domestic", "Use": "Household", "Depth (feet)": 273.0, "Completed": 2006, "Work": "New Well", "State report number": "90730"}, "geometry": {"type": "Point", "coordinates": [-95.913056, 30.454167]}},
    {"type": "Feature", "properties": {"name": "Water well", "description": "Recorded use: domestic", "Use": "Household", "Depth (feet)": 105.0, "Completed": 2006, "Work": "New Well", "State report number": "90957"}, "geometry": {"type": "Point", "coordinates": [-95.811945, 30.251945]}},
    {"type": "Feature", "properties": {"name": "Water well", "description": "Recorded use: domestic", "Use": "Household", "Depth (feet)": 305.0, "Completed": 2005, "Work": "New Well", "State report number": "91564"}, "geometry": {"type": "Point", "coordinates": [-95.883334, 30.282778]}},
    {"type": "Feature", "properties": {"name": "Water well", "description": "Recorded use: domestic", "Use": "Household", "Depth (feet)": 340.0, "Completed": 2005, "Work": "New Well", "State report number": "91568"}, "geometry": {"type": "Point", "coordinates": [-95.891667, 30.284445]}},
    {"type": "Feature", "properties": {"name": "Water well", "description": "Recorded use: domestic", "Use": "Household", "Depth (feet)": 245.0, "Completed": 2006, "Work": "New Well", "State report number": "91713"}, "geometry": {"type": "Point", "coordinates": [-95.855001, 30.250834]}},
    {"type": "Feature", "properties": {"name": "Water well", "description": "Recorded use: domestic", "Use": "Household", "Depth (feet)": 257.0, "Completed": 2006, "Work": "New Well", "State report number": "92504"}, "geometry": {"type": "Point", "coordinates": [-95.877778, 30.684445]}},
    {"type": "Feature", "properties": {"name": "Water well", "description": "Recorded use: domestic", "Use": "Household", "Depth (feet)": 348.0, "Completed": 2006, "Work": "New Well", "State report number": "92511"}, "geometry": {"type": "Point", "coordinates": [-96.060834, 30.300556]}},
    {"type": "Feature", "properties": {"name": "Water well", "description": "Recorded use: domestic", "Use": "Household", "Depth (feet)": 320.0, "Completed": 2006, "Work": "New Well", "State report number": "92687"}, "geometry": {"type": "Point", "coordinates": [-96.011389, 30.325833]}},
    {"type": "Feature", "properties": {"name": "Water well", "description": "Recorded use: domestic", "Use": "Household", "Depth (feet)": 330.0, "Completed": 2006, "Work": "New Well", "State report number": "93052"}, "geometry": {"type": "Point", "coordinates": [-96.003889, 30.248611]}},
    {"type": "Feature", "properties": {"name": "Water well", "description": "Recorded use: domestic", "Use": "Household", "Depth (feet)": 464.0, "Completed": 2006, "Work": "New Well", "State report number": "93057"}, "geometry": {"type": "Point", "coordinates": [-95.910556, 30.53]}},
    {"type": "Feature", "properties": {"name": "Water well", "description": "Recorded use: domestic", "Use": "Household", "Depth (feet)": 305.0, "Completed": 2006, "Work": "New Well", "State report number": "93257"}, "geometry": {"type": "Point", "coordinates": [-95.986389, 30.327778]}},
    {"type": "Feature", "properties": {"name": "Water well", "description": "Recorded use: domestic", "Use": "Household", "Depth (feet)": 320.0, "Completed": 2006, "Work": "New Well", "State report number": "93261"}, "geometry": {"type": "Point", "coordinates": [-96.011389, 30.325833]}},
    {"type": "Feature", "properties": {"name": "Water well", "description": "Recorded use: domestic", "Use": "Household", "Depth (feet)": 302.0, "Completed": 2006, "Work": "New Well", "State report number": "93769"}, "geometry": {"type": "Point", "coordinates": [-95.916944, 30.463612]}},
    {"type": "Feature", "properties": {"name": "Water well", "description": "Recorded use: domestic", "Use": "Household", "Depth (feet)": 294.0, "Completed": 2006, "Work": "New Well", "State report number": "93798"}, "geometry": {"type": "Point", "coordinates": [-95.991667, 30.551389]}},
    {"type": "Feature", "properties": {"name": "Water well", "description": "Recorded use: domestic", "Use": "Household", "Depth (feet)": 380.0, "Completed": 2006, "Work": "New Well", "State report number": "93819"}, "geometry": {"type": "Point", "coordinates": [-95.991667, 30.551389]}},
    {"type": "Feature", "properties": {"name": "Well or boring", "description": "Recorded use: monitor", "Use": "Monitoring, testing or other", "Depth (feet)": 40.0, "Completed": 2006, "Work": "New Well", "State report number": "93825"}, "geometry": {"type": "Point", "coordinates": [-96.058612, 30.356667]}},
    {"type": "Feature", "properties": {"name": "Well or boring", "description": "Recorded use: environmental soil boring", "Use": "Monitoring, testing or other", "Depth (feet)": 20.0, "Completed": 2006, "Work": "New Well", "State report number": "93831"}, "geometry": {"type": "Point", "coordinates": [-96.058612, 30.356667]}},
    {"type": "Feature", "properties": {"name": "Well or boring", "description": "Recorded use: environmental soil boring", "Use": "Monitoring, testing or other", "Depth (feet)": 20.0, "Completed": 2006, "Work": "New Well", "State report number": "93832"}, "geometry": {"type": "Point", "coordinates": [-96.058612, 30.356667]}},
    {"type": "Feature", "properties": {"name": "Well or boring", "description": "Recorded use: environmental soil boring", "Use": "Monitoring, testing or other", "Depth (feet)": 10.0, "Completed": 2006, "Work": "New Well", "State report number": "93833"}, "geometry": {"type": "Point", "coordinates": [-96.058612, 30.356667]}},
    {"type": "Feature", "properties": {"name": "Water well", "description": "Recorded use: domestic", "Use": "Household", "Depth (feet)": 270.0, "Completed": 2006, "Work": "New Well", "State report number": "94035"}, "geometry": {"type": "Point", "coordinates": [-96.005278, 30.240556]}},
    {"type": "Feature", "properties": {"name": "Water well", "description": "Recorded use: domestic", "Use": "Household", "Depth (feet)": 200.0, "Completed": 2006, "Work": "New Well", "State report number": "94235"}, "geometry": {"type": "Point", "coordinates": [-95.912778, 30.2775]}},
    {"type": "Feature", "properties": {"name": "Water well", "description": "Recorded use: domestic", "Use": "Household", "Depth (feet)": 270.0, "Completed": 2006, "Work": "New Well", "State report number": "94494"}, "geometry": {"type": "Point", "coordinates": [-95.869444, 30.247778]}},
    {"type": "Feature", "properties": {"name": "Water well", "description": "Recorded use: domestic", "Use": "Household", "Depth (feet)": 320.0, "Completed": 2006, "Work": "New Well", "State report number": "94821"}, "geometry": {"type": "Point", "coordinates": [-95.952778, 30.488611]}},
    {"type": "Feature", "properties": {"name": "Water well", "description": "Recorded use: domestic", "Use": "Household", "Depth (feet)": 280.0, "Completed": 2006, "Work": "New Well", "State report number": "95406"}, "geometry": {"type": "Point", "coordinates": [-95.825, 30.249445]}},
    {"type": "Feature", "properties": {"name": "Water well", "description": "Recorded use: domestic", "Use": "Household", "Depth (feet)": 298.0, "Completed": 2006, "Work": "New Well", "State report number": "95479"}, "geometry": {"type": "Point", "coordinates": [-96.056112, 30.395]}},
    {"type": "Feature", "properties": {"name": "Water well", "description": "Recorded use: domestic", "Use": "Household", "Depth (feet)": 252.0, "Completed": 2006, "Work": "New Well", "State report number": "95487"}, "geometry": {"type": "Point", "coordinates": [-95.999167, 30.438056]}},
    {"type": "Feature", "properties": {"name": "Water well", "description": "Recorded use: domestic", "Use": "Household", "Depth (feet)": 260.0, "Completed": 2006, "Work": "New Well", "State report number": "95516"}, "geometry": {"type": "Point", "coordinates": [-95.971944, 30.337222]}},
    {"type": "Feature", "properties": {"name": "Water well", "description": "Recorded use: irrigation", "Use": "Livestock or irrigation", "Depth (feet)": 85.0, "Completed": 2006, "Work": "New Well", "State report number": "95601"}, "geometry": {"type": "Point", "coordinates": [-95.998611, 30.446945]}},
    {"type": "Feature", "properties": {"name": "Water well", "description": "Recorded use: domestic", "Use": "Household", "Depth (feet)": 300.0, "Completed": 2006, "Work": "New Well", "State report number": "96919"}, "geometry": {"type": "Point", "coordinates": [-95.933334, 30.626389]}},
    {"type": "Feature", "properties": {"name": "Water well", "description": "Recorded use: domestic", "Use": "Household", "Depth (feet)": 173.0, "Completed": 2006, "Work": "New Well", "State report number": "96925"}, "geometry": {"type": "Point", "coordinates": [-95.912778, 30.295834]}},
    {"type": "Feature", "properties": {"name": "Water well", "description": "Recorded use: domestic", "Use": "Household", "Depth (feet)": 320.0, "Completed": 2003, "Work": "New Well", "State report number": "97423"}, "geometry": {"type": "Point", "coordinates": [-96.0875, 30.7925]}},
    {"type": "Feature", "properties": {"name": "Water well", "description": "Recorded use: domestic", "Use": "Household", "Depth (feet)": 330.0, "Completed": 2006, "Work": "New Well", "State report number": "97564"}, "geometry": {"type": "Point", "coordinates": [-95.965556, 30.333611]}},
    {"type": "Feature", "properties": {"name": "Water well", "description": "Recorded use: domestic", "Use": "Household", "Depth (feet)": 165.0, "Completed": 2006, "Work": "New Well", "State report number": "97727"}, "geometry": {"type": "Point", "coordinates": [-95.819167, 30.256667]}},
    {"type": "Feature", "properties": {"name": "Water well", "description": "Recorded use: domestic", "Use": "Household", "Depth (feet)": 252.0, "Completed": 2006, "Work": "New Well", "State report number": "97731"}, "geometry": {"type": "Point", "coordinates": [-95.861667, 30.249722]}},
    {"type": "Feature", "properties": {"name": "Water well", "description": "Recorded use: domestic", "Use": "Household", "Depth (feet)": 312.0, "Completed": 2006, "Work": "New Well", "State report number": "98015"}, "geometry": {"type": "Point", "coordinates": [-95.899445, 30.312501]}},
    {"type": "Feature", "properties": {"name": "Water well", "description": "Recorded use: domestic", "Use": "Household", "Depth (feet)": 248.0, "Completed": 2006, "Work": "New Well", "State report number": "98020"}, "geometry": {"type": "Point", "coordinates": [-95.848611, 30.271389]}},
    {"type": "Feature", "properties": {"name": "Water well", "description": "Recorded use: domestic", "Use": "Household", "Depth (feet)": 156.0, "Completed": 2006, "Work": "New Well", "State report number": "98292"}, "geometry": {"type": "Point", "coordinates": [-95.920555, 30.551945]}},
    {"type": "Feature", "properties": {"name": "Water well", "description": "Recorded use: domestic", "Use": "Household", "Depth (feet)": 95.0, "Completed": 2006, "Work": "New Well", "State report number": "98506"}, "geometry": {"type": "Point", "coordinates": [-95.910834, 30.297222]}},
    {"type": "Feature", "properties": {"name": "Water well", "description": "Recorded use: domestic", "Use": "Household", "Depth (feet)": 230.0, "Completed": 2006, "Work": "New Well", "State report number": "98846"}, "geometry": {"type": "Point", "coordinates": [-95.839445, 30.463056]}},
    {"type": "Feature", "properties": {"name": "Well or boring", "description": "Recorded use: monitor", "Use": "Monitoring, testing or other", "Depth (feet)": 25.0, "Completed": 2006, "Work": "New Well", "State report number": "98965"}, "geometry": {"type": "Point", "coordinates": [-95.943889, 30.584167]}},
    {"type": "Feature", "properties": {"name": "Well or boring", "description": "Recorded use: monitor", "Use": "Monitoring, testing or other", "Depth (feet)": 25.0, "Completed": 2006, "Work": "New Well", "State report number": "98966"}, "geometry": {"type": "Point", "coordinates": [-95.944167, 30.585]}},
    {"type": "Feature", "properties": {"name": "Well or boring", "description": "Recorded use: monitor", "Use": "Monitoring, testing or other", "Depth (feet)": 25.0, "Completed": 2006, "Work": "New Well", "Plugged": "Yes", "State report number": "98969"}, "geometry": {"type": "Point", "coordinates": [-95.944167, 30.585]}},
    {"type": "Feature", "properties": {"name": "Well or boring", "description": "Recorded use: monitor", "Use": "Monitoring, testing or other", "Depth (feet)": 25.0, "Completed": 2006, "Work": "New Well", "State report number": "98970"}, "geometry": {"type": "Point", "coordinates": [-95.944167, 30.585]}},
    {"type": "Feature", "properties": {"name": "Well or boring", "description": "Recorded use: monitor", "Use": "Monitoring, testing or other", "Depth (feet)": 25.0, "Completed": 2006, "Work": "New Well", "State report number": "98971"}, "geometry": {"type": "Point", "coordinates": [-95.944445, 30.584445]}},
    {"type": "Feature", "properties": {"name": "Well or boring", "description": "Recorded use: monitor", "Use": "Monitoring, testing or other", "Depth (feet)": 25.0, "Completed": 2006, "Work": "New Well", "State report number": "98973"}, "geometry": {"type": "Point", "coordinates": [-95.943889, 30.585278]}},
    {"type": "Feature", "properties": {"name": "Water well", "description": "Recorded use: domestic", "Use": "Household", "Depth (feet)": 210.0, "Completed": 2006, "Work": "New Well", "Plugged": "Yes", "State report number": "99023"}, "geometry": {"type": "Point", "coordinates": [-95.860556, 30.427778]}},
    {"type": "Feature", "properties": {"name": "Water well", "description": "Recorded use: domestic", "Use": "Household", "Depth (feet)": 294.0, "Completed": 2004, "Work": "New Well", "State report number": "100345"}, "geometry": {"type": "Point", "coordinates": [-95.883334, 30.843611]}},
    {"type": "Feature", "properties": {"name": "Water well", "description": "Recorded use: domestic", "Use": "Household", "Depth (feet)": 250.0, "Completed": 2006, "Work": "New Well", "State report number": "100682"}, "geometry": {"type": "Point", "coordinates": [-95.867222, 30.254167]}},
    {"type": "Feature", "properties": {"name": "Water well", "description": "Recorded use: domestic", "Use": "Household", "Depth (feet)": 330.0, "Completed": 2006, "Work": "New Well", "State report number": "100696"}, "geometry": {"type": "Point", "coordinates": [-95.906667, 30.603889]}},
    {"type": "Feature", "properties": {"name": "Water well", "description": "Recorded use: domestic", "Use": "Household", "Depth (feet)": 410.0, "Completed": 2006, "Work": "New Well", "State report number": "100990"}, "geometry": {"type": "Point", "coordinates": [-95.929444, 30.258056]}},
    {"type": "Feature", "properties": {"name": "Water well", "description": "Recorded use: domestic", "Use": "Household", "Depth (feet)": 191.0, "Completed": 2006, "Work": "New Well", "State report number": "101299"}, "geometry": {"type": "Point", "coordinates": [-95.956389, 30.602778]}},
    {"type": "Feature", "properties": {"name": "Water well", "description": "Recorded use: domestic", "Use": "Household", "Depth (feet)": 698.0, "Completed": 2006, "Work": "New Well", "State report number": "101349"}, "geometry": {"type": "Point", "coordinates": [-96.108889, 30.346667]}},
    {"type": "Feature", "properties": {"name": "Well or boring", "description": "Recorded use: monitor", "Use": "Monitoring, testing or other", "Depth (feet)": 70.0, "Completed": 2006, "Work": "Replacement", "State report number": "101418"}, "geometry": {"type": "Point", "coordinates": [-96.101112, 30.409167]}},
    {"type": "Feature", "properties": {"name": "Well or boring", "description": "Recorded use: monitor", "Use": "Monitoring, testing or other", "Depth (feet)": 97.0, "Completed": 2006, "Work": "Replacement", "State report number": "101419"}, "geometry": {"type": "Point", "coordinates": [-96.103612, 30.408612]}},
    {"type": "Feature", "properties": {"name": "Well or boring", "description": "Recorded use: monitor", "Use": "Monitoring, testing or other", "Depth (feet)": 97.0, "Completed": 2006, "Work": "Replacement", "State report number": "101420"}, "geometry": {"type": "Point", "coordinates": [-96.104167, 30.408889]}},
    {"type": "Feature", "properties": {"name": "Water well", "description": "Recorded use: domestic", "Use": "Household", "Depth (feet)": 155.0, "Completed": 2006, "Work": "New Well", "State report number": "102537"}, "geometry": {"type": "Point", "coordinates": [-95.897222, 30.278055]}},
    {"type": "Feature", "properties": {"name": "Water well", "description": "Recorded use: domestic", "Use": "Household", "Depth (feet)": 425.0, "Completed": 2006, "Work": "New Well", "State report number": "102997"}, "geometry": {"type": "Point", "coordinates": [-95.945, 30.313889]}},
    {"type": "Feature", "properties": {"name": "Water well", "description": "Recorded use: domestic", "Use": "Household", "Depth (feet)": 295.0, "Completed": 2007, "Work": "New Well", "State report number": "103347"}, "geometry": {"type": "Point", "coordinates": [-95.862501, 30.286111]}},
    {"type": "Feature", "properties": {"name": "Water well", "description": "Recorded use: domestic", "Use": "Household", "Depth (feet)": 200.0, "Completed": 2007, "Work": "New Well", "State report number": "104118"}, "geometry": {"type": "Point", "coordinates": [-95.912778, 30.274167]}},
    {"type": "Feature", "properties": {"name": "Water well", "description": "Recorded use: domestic", "Use": "Household", "Depth (feet)": 219.0, "Completed": 2007, "Work": "New Well", "State report number": "104672"}, "geometry": {"type": "Point", "coordinates": [-95.989167, 30.338611]}},
    {"type": "Feature", "properties": {"name": "Water well", "description": "Recorded use: domestic", "Use": "Household", "Depth (feet)": 364.0, "Completed": 2007, "Work": "New Well", "State report number": "104674"}, "geometry": {"type": "Point", "coordinates": [-95.970278, 30.328055]}},
    {"type": "Feature", "properties": {"name": "Water well", "description": "Recorded use: domestic", "Use": "Household", "Depth (feet)": 263.0, "Completed": 2007, "Work": "New Well", "State report number": "104677"}, "geometry": {"type": "Point", "coordinates": [-95.956945, 30.490556]}},
    {"type": "Feature", "properties": {"name": "Water well", "description": "Recorded use: industrial", "Use": "Industrial or drilling supply", "Depth (feet)": 400.0, "Completed": 2003, "Work": "New Well", "State report number": "105068"}, "geometry": {"type": "Point", "coordinates": [-96.000278, 30.834722]}},
    {"type": "Feature", "properties": {"name": "Water well", "description": "Recorded use: domestic", "Use": "Household", "Depth (feet)": 244.0, "Completed": 2006, "Work": "New Well", "State report number": "105166"}, "geometry": {"type": "Point", "coordinates": [-95.969167, 30.247222]}},
    {"type": "Feature", "properties": {"name": "Water well", "description": "Recorded use: domestic", "Use": "Household", "Depth (feet)": 120.0, "Completed": 2006, "Work": "New Well", "State report number": "105168"}, "geometry": {"type": "Point", "coordinates": [-95.905278, 30.252223]}},
    {"type": "Feature", "properties": {"name": "Water well", "description": "Recorded use: domestic", "Use": "Household", "Depth (feet)": 89.0, "Completed": 2005, "Work": "New Well", "State report number": "105188"}, "geometry": {"type": "Point", "coordinates": [-95.908612, 30.254167]}},
    {"type": "Feature", "properties": {"name": "Water well", "description": "Recorded use: domestic", "Use": "Household", "Depth (feet)": 374.0, "Completed": 2005, "Work": "New Well", "State report number": "105192"}, "geometry": {"type": "Point", "coordinates": [-95.902223, 30.273611]}},
    {"type": "Feature", "properties": {"name": "Water well", "description": "Recorded use: domestic", "Use": "Household", "Depth (feet)": 305.0, "Completed": 2007, "Work": "New Well", "State report number": "105259"}, "geometry": {"type": "Point", "coordinates": [-95.985556, 30.316112]}},
    {"type": "Feature", "properties": {"name": "Water well", "description": "Recorded use: domestic", "Use": "Household", "Depth (feet)": 327.0, "Completed": 2007, "Work": "New Well", "State report number": "105260"}, "geometry": {"type": "Point", "coordinates": [-95.923333, 30.376389]}},
    {"type": "Feature", "properties": {"name": "Water well", "description": "Recorded use: domestic", "Use": "Household", "Depth (feet)": 260.0, "Completed": 2007, "Work": "New Well", "State report number": "105534"}, "geometry": {"type": "Point", "coordinates": [-95.980278, 30.336667]}},
    {"type": "Feature", "properties": {"name": "Water well", "description": "Recorded use: domestic", "Use": "Household", "Depth (feet)": 420.0, "Completed": 2007, "Work": "New Well", "State report number": "105921"}, "geometry": {"type": "Point", "coordinates": [-96.001389, 30.473055]}},
    {"type": "Feature", "properties": {"name": "Water well", "description": "Recorded use: domestic", "Use": "Household", "Depth (feet)": 95.0, "Completed": 2007, "Work": "New Well", "State report number": "106014"}, "geometry": {"type": "Point", "coordinates": [-95.913612, 30.246667]}},
    {"type": "Feature", "properties": {"name": "Water well", "description": "Recorded use: domestic", "Use": "Household", "Depth (feet)": 359.0, "Completed": 2005, "Work": "New Well", "State report number": "106339"}, "geometry": {"type": "Point", "coordinates": [-95.919722, 30.310834]}},
    {"type": "Feature", "properties": {"name": "Water well", "description": "Recorded use: domestic", "Use": "Household", "Depth (feet)": 306.0, "Completed": 2004, "Work": "New Well", "State report number": "106539"}, "geometry": {"type": "Point", "coordinates": [-96.070278, 30.420278]}},
    {"type": "Feature", "properties": {"name": "Water well", "description": "Recorded use: domestic", "Use": "Household", "Depth (feet)": 357.0, "Completed": 2007, "Work": "New Well", "State report number": "106955"}, "geometry": {"type": "Point", "coordinates": [-95.869722, 30.464723]}},
    {"type": "Feature", "properties": {"name": "Water well", "description": "Recorded use: domestic", "Use": "Household", "Depth (feet)": 287.0, "Completed": 2007, "Work": "New Well", "State report number": "106960"}, "geometry": {"type": "Point", "coordinates": [-95.908334, 30.468333]}},
    {"type": "Feature", "properties": {"name": "Water well", "description": "Recorded use: domestic", "Use": "Household", "Depth (feet)": 291.0, "Completed": 2007, "Work": "New Well", "State report number": "107141"}, "geometry": {"type": "Point", "coordinates": [-95.836111, 30.589445]}},
    {"type": "Feature", "properties": {"name": "Water well", "description": "Recorded use: domestic", "Use": "Household", "Depth (feet)": 526.0, "Completed": 2007, "Work": "New Well", "State report number": "107147"}, "geometry": {"type": "Point", "coordinates": [-95.87, 30.798056]}},
    {"type": "Feature", "properties": {"name": "Water well", "description": "Recorded use: domestic", "Use": "Household", "Depth (feet)": 266.0, "Completed": 2004, "Work": "New Well", "State report number": "107236"}, "geometry": {"type": "Point", "coordinates": [-96.048889, 30.504167]}},
    {"type": "Feature", "properties": {"name": "Water well", "description": "Recorded use: domestic", "Use": "Household", "Depth (feet)": 376.0, "Completed": 2007, "Work": "New Well", "State report number": "107245"}, "geometry": {"type": "Point", "coordinates": [-95.876944, 30.737778]}},
    {"type": "Feature", "properties": {"name": "Water well", "description": "Recorded use: domestic", "Use": "Household", "Depth (feet)": 295.0, "Completed": 2007, "Work": "New Well", "State report number": "107612"}, "geometry": {"type": "Point", "coordinates": [-95.853056, 30.562501]}},
    {"type": "Feature", "properties": {"name": "Water well", "description": "Recorded use: domestic", "Use": "Household", "Depth (feet)": 241.0, "Completed": 2003, "Work": "New Well", "State report number": "107646"}, "geometry": {"type": "Point", "coordinates": [-96.051389, 30.473333]}},
    {"type": "Feature", "properties": {"name": "Water well", "description": "Recorded use: domestic", "Use": "Household", "Depth (feet)": 219.0, "Completed": 2003, "Work": "New Well", "State report number": "108289"}, "geometry": {"type": "Point", "coordinates": [-95.815834, 30.254445]}},
    {"type": "Feature", "properties": {"name": "Water well", "description": "Recorded use: domestic", "Use": "Household", "Depth (feet)": 294.0, "Completed": 2007, "Work": "New Well", "State report number": "108401"}, "geometry": {"type": "Point", "coordinates": [-95.858889, 30.29]}},
    {"type": "Feature", "properties": {"name": "Water well", "description": "Recorded use: domestic", "Use": "Household", "Depth (feet)": 137.0, "Completed": 2007, "Work": "New Well", "State report number": "108818"}, "geometry": {"type": "Point", "coordinates": [-95.924444, 30.288056]}},
    {"type": "Feature", "properties": {"name": "Water well", "description": "Recorded use: domestic", "Use": "Household", "Depth (feet)": 345.0, "Completed": 2007, "Work": "New Well", "State report number": "108989"}, "geometry": {"type": "Point", "coordinates": [-95.816667, 30.328889]}},
    {"type": "Feature", "properties": {"name": "Water well", "description": "Recorded use: domestic", "Use": "Household", "Depth (feet)": 410.0, "Completed": 2002, "Work": "New Well", "State report number": "109165"}, "geometry": {"type": "Point", "coordinates": [-95.89, 30.271111]}},
    {"type": "Feature", "properties": {"name": "Water well", "description": "Recorded use: domestic", "Use": "Household", "Depth (feet)": 378.0, "Completed": 2007, "Work": "New Well", "State report number": "109648"}, "geometry": {"type": "Point", "coordinates": [-95.956945, 30.476944]}},
    {"type": "Feature", "properties": {"name": "Water well", "description": "Recorded use: domestic", "Use": "Household", "Depth (feet)": 342.0, "Completed": 2007, "Work": "New Well", "State report number": "109657"}, "geometry": {"type": "Point", "coordinates": [-96.094722, 30.394722]}},
    {"type": "Feature", "properties": {"name": "Water well", "description": "Recorded use: domestic", "Use": "Household", "Depth (feet)": 250.0, "Completed": 2007, "Work": "New Well", "State report number": "109879"}, "geometry": {"type": "Point", "coordinates": [-95.864445, 30.253056]}},
    {"type": "Feature", "properties": {"name": "Water well", "description": "Recorded use: domestic", "Use": "Household", "Depth (feet)": 231.0, "Completed": 2007, "Work": "New Well", "State report number": "109980"}, "geometry": {"type": "Point", "coordinates": [-95.8925, 30.421389]}},
    {"type": "Feature", "properties": {"name": "Water well", "description": "Recorded use: domestic", "Use": "Household", "Depth (feet)": 150.0, "Completed": 2007, "Work": "New Well", "State report number": "110953"}, "geometry": {"type": "Point", "coordinates": [-95.8975, 30.250001]}},
    {"type": "Feature", "properties": {"name": "Water well", "description": "Recorded use: domestic", "Use": "Household", "Depth (feet)": 388.0, "Completed": 2007, "Work": "New Well", "State report number": "111092"}, "geometry": {"type": "Point", "coordinates": [-96.056112, 30.559167]}},
    {"type": "Feature", "properties": {"name": "Water well", "description": "Recorded use: domestic", "Use": "Household", "Depth (feet)": 235.0, "Completed": 2002, "Work": "New Well", "State report number": "111272"}, "geometry": {"type": "Point", "coordinates": [-95.865278, 30.264723]}},
    {"type": "Feature", "properties": {"name": "Water well", "description": "Recorded use: domestic", "Use": "Household", "Depth (feet)": 435.0, "Completed": 2007, "Work": "New Well", "State report number": "113059"}, "geometry": {"type": "Point", "coordinates": [-95.990834, 30.555834]}},
    {"type": "Feature", "properties": {"name": "Water well", "description": "Recorded use: domestic", "Use": "Household", "Depth (feet)": 245.0, "Completed": 2007, "Work": "New Well", "State report number": "113064"}, "geometry": {"type": "Point", "coordinates": [-96.056112, 30.559167]}},
    {"type": "Feature", "properties": {"name": "Water well", "description": "Recorded use: domestic", "Use": "Household", "Depth (feet)": 329.0, "Completed": 2007, "Work": "New Well", "State report number": "113068"}, "geometry": {"type": "Point", "coordinates": [-96.099445, 30.598889]}},
    {"type": "Feature", "properties": {"name": "Water well", "description": "Recorded use: domestic", "Use": "Household", "Depth (feet)": 330.0, "Completed": 2007, "Work": "New Well", "State report number": "113070"}, "geometry": {"type": "Point", "coordinates": [-96.058056, 30.578055]}},
    {"type": "Feature", "properties": {"name": "Water well", "description": "Recorded use: public supply", "Use": "Public water supply", "Depth (feet)": 465.0, "Completed": 2007, "Work": "New Well", "State report number": "113079"}, "geometry": {"type": "Point", "coordinates": [-95.929722, 30.781944]}},
    {"type": "Feature", "properties": {"name": "Water well", "description": "Recorded use: domestic", "Use": "Household", "Depth (feet)": 218.0, "Completed": 2007, "Work": "New Well", "State report number": "113379"}, "geometry": {"type": "Point", "coordinates": [-96.044722, 30.591945]}},
    {"type": "Feature", "properties": {"name": "Well or boring", "description": "Recorded use: monitor", "Use": "Monitoring, testing or other", "Depth (feet)": 40.0, "Completed": 2007, "Work": "New Well", "State report number": "114476"}, "geometry": {"type": "Point", "coordinates": [-96.058612, 30.356667]}},
    {"type": "Feature", "properties": {"name": "Well or boring", "description": "Recorded use: monitor", "Use": "Monitoring, testing or other", "Depth (feet)": 38.0, "Completed": 2007, "Work": "New Well", "State report number": "114477"}, "geometry": {"type": "Point", "coordinates": [-96.058612, 30.356667]}},
    {"type": "Feature", "properties": {"name": "Well or boring", "description": "Recorded use: monitor", "Use": "Monitoring, testing or other", "Depth (feet)": 45.0, "Completed": 2007, "Work": "New Well", "State report number": "114478"}, "geometry": {"type": "Point", "coordinates": [-96.058612, 30.356667]}},
    {"type": "Feature", "properties": {"name": "Well or boring", "description": "Recorded use: monitor", "Use": "Monitoring, testing or other", "Depth (feet)": 30.0, "Completed": 2007, "Work": "New Well", "State report number": "114480"}, "geometry": {"type": "Point", "coordinates": [-96.058612, 30.356667]}},
    {"type": "Feature", "properties": {"name": "Water well", "description": "Recorded use: domestic", "Use": "Household", "Depth (feet)": 375.0, "Completed": 2007, "Work": "New Well", "State report number": "114484"}, "geometry": {"type": "Point", "coordinates": [-95.8425, 30.379722]}},
    {"type": "Feature", "properties": {"name": "Water well", "description": "Recorded use: domestic", "Use": "Household", "Depth (feet)": 355.0, "Completed": 2007, "Work": "New Well", "State report number": "115185"}, "geometry": {"type": "Point", "coordinates": [-95.937222, 30.498334]}},
    {"type": "Feature", "properties": {"name": "Water well", "description": "Recorded use: domestic", "Use": "Household", "Depth (feet)": 330.0, "Completed": 2007, "Work": "New Well", "State report number": "115541"}, "geometry": {"type": "Point", "coordinates": [-96.129444, 30.713056]}},
    {"type": "Feature", "properties": {"name": "Water well", "description": "Recorded use: domestic", "Use": "Household", "Depth (feet)": 330.0, "Completed": 2007, "Work": "New Well", "State report number": "115560"}, "geometry": {"type": "Point", "coordinates": [-96.137778, 30.571111]}},
    {"type": "Feature", "properties": {"name": "Water well", "description": "Recorded use: domestic", "Use": "Household", "Depth (feet)": 115.0, "Completed": 2001, "Work": "New Well", "State report number": "115750"}, "geometry": {"type": "Point", "coordinates": [-95.974444, 30.424444]}},
    {"type": "Feature", "properties": {"name": "Water well", "description": "Recorded use: domestic", "Use": "Household", "Depth (feet)": 65.0, "Completed": 1999, "Work": "New Well", "State report number": "115977"}, "geometry": {"type": "Point", "coordinates": [-95.968055, 30.344167]}},
    {"type": "Feature", "properties": {"name": "Water well", "description": "Recorded use: domestic", "Use": "Household", "Depth (feet)": 169.0, "Completed": 2000, "Work": "New Well", "State report number": "116068"}, "geometry": {"type": "Point", "coordinates": [-95.993334, 30.397222]}},
    {"type": "Feature", "properties": {"name": "Water well", "description": "Recorded use: domestic", "Use": "Household", "Depth (feet)": 290.0, "Completed": 2005, "Work": "New Well", "State report number": "116403"}, "geometry": {"type": "Point", "coordinates": [-96.119722, 30.799167]}},
    {"type": "Feature", "properties": {"name": "Water well", "description": "Recorded use: domestic", "Use": "Household", "Depth (feet)": 889.0, "Completed": 2007, "Work": "New Well", "State report number": "116504"}, "geometry": {"type": "Point", "coordinates": [-96.048889, 30.3225]}},
    {"type": "Feature", "properties": {"name": "Water well", "description": "Recorded use: domestic", "Use": "Household", "Depth (feet)": 615.0, "Completed": 2007, "Work": "New Well", "State report number": "117197"}, "geometry": {"type": "Point", "coordinates": [-96.066667, 30.466667]}},
    {"type": "Feature", "properties": {"name": "Water well", "description": "Recorded use: domestic", "Use": "Household", "Depth (feet)": 200.0, "Completed": 2007, "Work": "New Well", "State report number": "117207"}, "geometry": {"type": "Point", "coordinates": [-95.998889, 30.416667]}},
    {"type": "Feature", "properties": {"name": "Water well", "description": "Recorded use: domestic", "Use": "Household", "Depth (feet)": 173.0, "Completed": 2007, "Work": "New Well", "State report number": "117396"}, "geometry": {"type": "Point", "coordinates": [-95.968889, 30.500556]}},
    {"type": "Feature", "properties": {"name": "Water well", "description": "Recorded use: domestic", "Use": "Household", "Depth (feet)": 210.0, "Completed": 2007, "Work": "New Well", "State report number": "118165"}, "geometry": {"type": "Point", "coordinates": [-95.916112, 30.242222]}},
    {"type": "Feature", "properties": {"name": "Water well", "description": "Recorded use: domestic", "Use": "Household", "Depth (feet)": 210.0, "Completed": 2004, "Work": "New Well", "State report number": "118220"}, "geometry": {"type": "Point", "coordinates": [-96.098889, 30.470555]}},
    {"type": "Feature", "properties": {"name": "Water well", "description": "Recorded use: domestic", "Use": "Household", "Depth (feet)": 260.0, "Completed": 2007, "Work": "New Well", "State report number": "118232"}, "geometry": {"type": "Point", "coordinates": [-95.861667, 30.251945]}},
    {"type": "Feature", "properties": {"name": "Water well", "description": "Recorded use: domestic", "Use": "Household", "Depth (feet)": 235.0, "Completed": 2004, "Work": "New Well", "State report number": "118508"}, "geometry": {"type": "Point", "coordinates": [-95.898056, 30.778055]}},
    {"type": "Feature", "properties": {"name": "Water well", "description": "Recorded use: domestic", "Use": "Household", "Depth (feet)": 182.0, "Completed": 2007, "Work": "New Well", "State report number": "118585"}, "geometry": {"type": "Point", "coordinates": [-96.029722, 30.488889]}},
    {"type": "Feature", "properties": {"name": "Water well", "description": "Recorded use: domestic", "Use": "Household", "Depth (feet)": 387.0, "Completed": 2007, "Work": "New Well", "State report number": "118587"}, "geometry": {"type": "Point", "coordinates": [-95.913889, 30.505556]}},
    {"type": "Feature", "properties": {"name": "Water well", "description": "Recorded use: domestic", "Use": "Household", "Depth (feet)": 280.0, "Completed": 2007, "Work": "New Well", "State report number": "118973"}, "geometry": {"type": "Point", "coordinates": [-95.862223, 30.253056]}},
    {"type": "Feature", "properties": {"name": "Water well", "description": "Recorded use: domestic", "Use": "Household", "Depth (feet)": 143.0, "Completed": 2000, "Work": "New Well", "State report number": "119007"}, "geometry": {"type": "Point", "coordinates": [-95.994167, 30.47]}},
    {"type": "Feature", "properties": {"name": "Water well", "description": "Recorded use: domestic", "Use": "Household", "Depth (feet)": 260.0, "Completed": 2007, "Work": "New Well", "State report number": "119190"}, "geometry": {"type": "Point", "coordinates": [-95.867222, 30.250278]}},
    {"type": "Feature", "properties": {"name": "Water well", "description": "Recorded use: domestic", "Use": "Household", "Depth (feet)": 294.0, "Completed": 2007, "Work": "New Well", "State report number": "119690"}, "geometry": {"type": "Point", "coordinates": [-95.919444, 30.264445]}},
    {"type": "Feature", "properties": {"name": "Water well", "description": "Recorded use: domestic", "Use": "Household", "Depth (feet)": 497.0, "Completed": 2007, "Work": "New Well", "State report number": "119697"}, "geometry": {"type": "Point", "coordinates": [-96.051667, 30.476667]}},
    {"type": "Feature", "properties": {"name": "Water well", "description": "Recorded use: domestic", "Use": "Household", "Depth (feet)": 228.0, "Completed": 2007, "Work": "New Well", "State report number": "119706"}, "geometry": {"type": "Point", "coordinates": [-95.858056, 30.656112]}},
    {"type": "Feature", "properties": {"name": "Water well", "description": "Recorded use: domestic", "Use": "Household", "Depth (feet)": 244.0, "Completed": 2007, "Work": "New Well", "State report number": "119721"}, "geometry": {"type": "Point", "coordinates": [-96.001112, 30.248334]}},
    {"type": "Feature", "properties": {"name": "Water well", "description": "Recorded use: domestic", "Use": "Household", "Depth (feet)": 360.0, "Completed": 2007, "Work": "New Well", "State report number": "120272"}, "geometry": {"type": "Point", "coordinates": [-95.826944, 30.269722]}},
    {"type": "Feature", "properties": {"name": "Water well", "description": "Recorded use: domestic", "Use": "Household", "Depth (feet)": 210.0, "Completed": 1999, "Work": "New Well", "State report number": "121083"}, "geometry": {"type": "Point", "coordinates": [-95.988611, 30.434722]}},
    {"type": "Feature", "properties": {"name": "Water well", "description": "Recorded use: domestic", "Use": "Household", "Depth (feet)": 338.0, "Completed": 1999, "Work": "New Well", "State report number": "121161"}, "geometry": {"type": "Point", "coordinates": [-95.99, 30.490834]}},
    {"type": "Feature", "properties": {"name": "Water well", "description": "Recorded use: domestic", "Use": "Household", "Depth (feet)": 326.0, "Completed": 2004, "Work": "New Well", "State report number": "121378"}, "geometry": {"type": "Point", "coordinates": [-95.981667, 30.324722]}},
    {"type": "Feature", "properties": {"name": "Water well", "description": "Recorded use: stock", "Use": "Livestock or irrigation", "Depth (feet)": 242.0, "Completed": 2007, "Work": "New Well", "State report number": "121994"}, "geometry": {"type": "Point", "coordinates": [-96.122222, 30.380278]}},
    {"type": "Feature", "properties": {"name": "Water well", "description": "Recorded use: domestic", "Use": "Household", "Depth (feet)": 380.0, "Completed": 2007, "Work": "New Well", "State report number": "121999"}, "geometry": {"type": "Point", "coordinates": [-95.859723, 30.284722]}},
    {"type": "Feature", "properties": {"name": "Water well", "description": "Recorded use: domestic", "Use": "Household", "Depth (feet)": 330.0, "Completed": 2007, "Work": "New Well", "State report number": "122070"}, "geometry": {"type": "Point", "coordinates": [-95.866944, 30.332222]}},
    {"type": "Feature", "properties": {"name": "Water well", "description": "Recorded use: domestic", "Use": "Household", "Depth (feet)": 180.0, "Completed": 2007, "Work": "New Well", "State report number": "122813"}, "geometry": {"type": "Point", "coordinates": [-96.003334, 30.4325]}},
    {"type": "Feature", "properties": {"name": "Water well", "description": "Recorded use: domestic", "Use": "Household", "Depth (feet)": 151.0, "Completed": 2007, "Work": "New Well", "State report number": "122814"}, "geometry": {"type": "Point", "coordinates": [-95.900834, 30.251389]}},
    {"type": "Feature", "properties": {"name": "Water well", "description": "Recorded use: domestic", "Use": "Household", "Depth (feet)": 280.0, "Completed": 2007, "Work": "New Well", "State report number": "123125"}, "geometry": {"type": "Point", "coordinates": [-96.005278, 30.306389]}},
    {"type": "Feature", "properties": {"name": "Water well", "description": "Recorded use: domestic", "Use": "Household", "Depth (feet)": 260.0, "Completed": 2007, "Work": "New Well", "State report number": "123168"}, "geometry": {"type": "Point", "coordinates": [-95.861667, 30.401945]}},
    {"type": "Feature", "properties": {"name": "Water well", "description": "Recorded use: domestic", "Use": "Household", "Depth (feet)": 270.0, "Completed": 2007, "Work": "New Well", "State report number": "123169"}, "geometry": {"type": "Point", "coordinates": [-95.889445, 30.311112]}},
    {"type": "Feature", "properties": {"name": "Water well", "description": "Recorded use: domestic", "Use": "Household", "Depth (feet)": 347.0, "Completed": 2007, "Work": "New Well", "State report number": "123171"}, "geometry": {"type": "Point", "coordinates": [-95.952778, 30.441111]}},
    {"type": "Feature", "properties": {"name": "Water well", "description": "Recorded use: domestic", "Use": "Household", "Depth (feet)": 220.0, "Completed": 2007, "Work": "New Well", "State report number": "123717"}, "geometry": {"type": "Point", "coordinates": [-95.849167, 30.373611]}},
    {"type": "Feature", "properties": {"name": "Water well", "description": "Recorded use: industrial", "Use": "Industrial or drilling supply", "Depth (feet)": 570.0, "Completed": 2005, "Work": "New Well", "State report number": "123800"}, "geometry": {"type": "Point", "coordinates": [-95.938611, 30.5375]}},
    {"type": "Feature", "properties": {"name": "Water well", "description": "Recorded use: industrial", "Use": "Industrial or drilling supply", "Depth (feet)": 350.0, "Completed": 2005, "Work": "New Well", "State report number": "123955"}, "geometry": {"type": "Point", "coordinates": [-95.911112, 30.463056]}},
    {"type": "Feature", "properties": {"name": "Water well", "description": "Recorded use: domestic", "Use": "Household", "Depth (feet)": 568.0, "Completed": 2007, "Work": "New Well", "State report number": "124445"}, "geometry": {"type": "Point", "coordinates": [-96.029722, 30.488889]}},
    {"type": "Feature", "properties": {"name": "Water well", "description": "Recorded use: domestic", "Use": "Household", "Depth (feet)": 250.0, "Completed": 2007, "Work": "New Well", "State report number": "125106"}, "geometry": {"type": "Point", "coordinates": [-95.996111, 30.429722]}},
    {"type": "Feature", "properties": {"name": "Water well", "description": "Recorded use: domestic", "Use": "Household", "Depth (feet)": 250.0, "Completed": 2007, "Work": "New Well", "State report number": "125110"}, "geometry": {"type": "Point", "coordinates": [-95.996389, 30.430555]}},
    {"type": "Feature", "properties": {"name": "Water well", "description": "Recorded use: domestic", "Use": "Household", "Depth (feet)": 260.0, "Completed": 2007, "Work": "New Well", "State report number": "125168"}, "geometry": {"type": "Point", "coordinates": [-95.996945, 30.431389]}},
    {"type": "Feature", "properties": {"name": "Water well", "description": "Recorded use: domestic", "Use": "Household", "Depth (feet)": 200.0, "Completed": 2007, "Work": "New Well", "State report number": "125187"}, "geometry": {"type": "Point", "coordinates": [-95.870278, 30.396945]}},
    {"type": "Feature", "properties": {"name": "Water well", "description": "Recorded use: domestic", "Use": "Household", "Depth (feet)": 193.0, "Completed": 2007, "Work": "New Well", "State report number": "126574"}, "geometry": {"type": "Point", "coordinates": [-96.054723, 30.411945]}},
    {"type": "Feature", "properties": {"name": "Water well", "description": "Recorded use: domestic", "Use": "Household", "Depth (feet)": 265.0, "Completed": 2007, "Work": "New Well", "State report number": "126588"}, "geometry": {"type": "Point", "coordinates": [-95.950278, 30.516389]}},
    {"type": "Feature", "properties": {"name": "Water well", "description": "Recorded use: domestic", "Use": "Household", "Depth (feet)": 230.0, "Completed": 2007, "Work": "New Well", "State report number": "126609"}, "geometry": {"type": "Point", "coordinates": [-96.061112, 30.316944]}},
    {"type": "Feature", "properties": {"name": "Water well", "description": "Recorded use: domestic", "Use": "Household", "Depth (feet)": 334.0, "Completed": 2007, "Work": "New Well", "State report number": "126616"}, "geometry": {"type": "Point", "coordinates": [-96.066112, 30.508334]}},
    {"type": "Feature", "properties": {"name": "Water well", "description": "Recorded use: domestic", "Use": "Household", "Depth (feet)": 183.0, "Completed": 2007, "Work": "New Well", "State report number": "126657"}, "geometry": {"type": "Point", "coordinates": [-96.050278, 30.348334]}},
    {"type": "Feature", "properties": {"name": "Water well", "description": "Recorded use: domestic", "Use": "Household", "Depth (feet)": 327.0, "Completed": 2007, "Work": "New Well", "State report number": "126665"}, "geometry": {"type": "Point", "coordinates": [-96.028333, 30.503612]}},
    {"type": "Feature", "properties": {"name": "Water well", "description": "Recorded use: domestic", "Use": "Household", "Depth (feet)": 310.0, "Completed": 2007, "Work": "New Well", "State report number": "127443"}, "geometry": {"type": "Point", "coordinates": [-95.974167, 30.440556]}},
    {"type": "Feature", "properties": {"name": "Water well", "description": "Recorded use: domestic", "Use": "Household", "Depth (feet)": 150.0, "Completed": 2007, "Work": "New Well", "State report number": "128223"}, "geometry": {"type": "Point", "coordinates": [-96.066667, 30.411389]}},
    {"type": "Feature", "properties": {"name": "Water well", "description": "Recorded use: domestic", "Use": "Household", "Depth (feet)": 560.0, "Completed": 2007, "Work": "New Well", "State report number": "128588"}, "geometry": {"type": "Point", "coordinates": [-95.887778, 30.560834]}},
    {"type": "Feature", "properties": {"name": "Water well", "description": "Recorded use: domestic", "Use": "Household", "Depth (feet)": 455.0, "Completed": 2007, "Work": "New Well", "State report number": "128594"}, "geometry": {"type": "Point", "coordinates": [-95.893334, 30.570278]}},
    {"type": "Feature", "properties": {"name": "Water well", "description": "Recorded use: domestic", "Use": "Household", "Depth (feet)": 260.0, "Completed": 2007, "Work": "New Well", "State report number": "128596"}, "geometry": {"type": "Point", "coordinates": [-95.959167, 30.504445]}},
    {"type": "Feature", "properties": {"name": "Water well", "description": "Recorded use: domestic", "Use": "Household", "Depth (feet)": 442.0, "Completed": 2007, "Work": "New Well", "State report number": "128598"}, "geometry": {"type": "Point", "coordinates": [-95.880278, 30.586667]}},
    {"type": "Feature", "properties": {"name": "Water well", "description": "Recorded use: domestic", "Use": "Household", "Depth (feet)": 190.0, "Completed": 2007, "Work": "New Well", "State report number": "128704"}, "geometry": {"type": "Point", "coordinates": [-95.862223, 30.422222]}},
    {"type": "Feature", "properties": {"name": "Water well", "description": "Recorded use: domestic", "Use": "Household", "Depth (feet)": 155.0, "Completed": 2007, "Work": "New Well", "State report number": "128842"}, "geometry": {"type": "Point", "coordinates": [-95.858612, 30.268333]}},
    {"type": "Feature", "properties": {"name": "Water well", "description": "Recorded use: domestic", "Use": "Household", "Depth (feet)": 366.0, "Completed": 2005, "Work": "New Well", "State report number": "129069"}, "geometry": {"type": "Point", "coordinates": [-95.944167, 30.281667]}},
    {"type": "Feature", "properties": {"name": "Water well", "description": "Recorded use: domestic", "Use": "Household", "Depth (feet)": 294.0, "Completed": 2007, "Work": "New Well", "State report number": "129425"}, "geometry": {"type": "Point", "coordinates": [-95.974167, 30.780833]}},
    {"type": "Feature", "properties": {"name": "Water well", "description": "Recorded use: domestic", "Use": "Household", "Depth (feet)": 380.0, "Completed": 2007, "Work": "New Well", "State report number": "129476"}, "geometry": {"type": "Point", "coordinates": [-95.886111, 30.32]}},
    {"type": "Feature", "properties": {"name": "Water well", "description": "Recorded use: domestic", "Use": "Household", "Depth (feet)": 272.0, "Completed": 2007, "Work": "New Well", "State report number": "130016"}, "geometry": {"type": "Point", "coordinates": [-96.044167, 30.295278]}},
    {"type": "Feature", "properties": {"name": "Water well", "description": "Recorded use: domestic", "Use": "Household", "Depth (feet)": 355.0, "Completed": 2007, "Work": "New Well", "State report number": "130128"}, "geometry": {"type": "Point", "coordinates": [-96.048889, 30.3225]}},
    {"type": "Feature", "properties": {"name": "Water well", "description": "Recorded use: domestic", "Use": "Household", "Depth (feet)": 208.0, "Completed": 2007, "Work": "New Well", "State report number": "130132"}, "geometry": {"type": "Point", "coordinates": [-96.119167, 30.381111]}},
    {"type": "Feature", "properties": {"name": "Water well", "description": "Recorded use: domestic", "Use": "Household", "Depth (feet)": 396.0, "Completed": 2007, "Work": "New Well", "State report number": "130134"}, "geometry": {"type": "Point", "coordinates": [-95.824444, 30.444167]}},
    {"type": "Feature", "properties": {"name": "Water well", "description": "Recorded use: domestic", "Use": "Household", "Depth (feet)": 415.0, "Completed": 2007, "Work": "New Well", "State report number": "130163"}, "geometry": {"type": "Point", "coordinates": [-95.824444, 30.452223]}},
    {"type": "Feature", "properties": {"name": "Water well", "description": "Recorded use: domestic", "Use": "Household", "Depth (feet)": 308.0, "Completed": 2005, "Work": "New Well", "State report number": "130932"}, "geometry": {"type": "Point", "coordinates": [-95.923889, 30.398611]}},
    {"type": "Feature", "properties": {"name": "Water well", "description": "Recorded use: domestic", "Use": "Household", "Depth (feet)": 297.0, "Completed": 2007, "Work": "New Well", "State report number": "131251"}, "geometry": {"type": "Point", "coordinates": [-96.076111, 30.425]}},
    {"type": "Feature", "properties": {"name": "Water well", "description": "Recorded use: domestic", "Use": "Household", "Depth (feet)": 189.0, "Completed": 2008, "Work": "New Well", "State report number": "131663"}, "geometry": {"type": "Point", "coordinates": [-96.041667, 30.255556]}},
    {"type": "Feature", "properties": {"name": "Water well", "description": "Recorded use: domestic", "Use": "Household", "Depth (feet)": 272.0, "Completed": 2008, "Work": "New Well", "State report number": "131707"}, "geometry": {"type": "Point", "coordinates": [-96.020278, 30.308612]}},
    {"type": "Feature", "properties": {"name": "Water well", "description": "Recorded use: domestic", "Use": "Household", "Depth (feet)": 540.0, "Completed": 2008, "Work": "New Well", "State report number": "132537"}, "geometry": {"type": "Point", "coordinates": [-96.039722, 30.465001]}},
    {"type": "Feature", "properties": {"name": "Water well", "description": "Recorded use: domestic", "Use": "Household", "Depth (feet)": 425.0, "Completed": 2008, "Work": "New Well", "State report number": "134575"}, "geometry": {"type": "Point", "coordinates": [-96.040834, 30.507501]}},
    {"type": "Feature", "properties": {"name": "Water well", "description": "Recorded use: stock", "Use": "Livestock or irrigation", "Depth (feet)": 362.0, "Completed": 2008, "Work": "New Well", "State report number": "135597"}, "geometry": {"type": "Point", "coordinates": [-95.858334, 30.565834]}},
    {"type": "Feature", "properties": {"name": "Water well", "description": "Recorded use: domestic", "Use": "Household", "Depth (feet)": 390.0, "Completed": 2008, "Work": "New Well", "State report number": "135947"}, "geometry": {"type": "Point", "coordinates": [-95.853056, 30.451945]}},
    {"type": "Feature", "properties": {"name": "Water well", "description": "Recorded use: stock", "Use": "Livestock or irrigation", "Depth (feet)": 199.0, "Completed": 2008, "Work": "New Well", "State report number": "136152"}, "geometry": {"type": "Point", "coordinates": [-96.066112, 30.519444]}},
    {"type": "Feature", "properties": {"name": "Water well", "description": "Recorded use: domestic", "Use": "Household", "Depth (feet)": 390.0, "Completed": 2008, "Work": "New Well", "State report number": "136502"}, "geometry": {"type": "Point", "coordinates": [-95.865834, 30.284722]}},
    {"type": "Feature", "properties": {"name": "Water well", "description": "Recorded use: domestic", "Use": "Household", "Depth (feet)": 120.0, "Completed": 2008, "Work": "New Well", "State report number": "137600"}, "geometry": {"type": "Point", "coordinates": [-95.828611, 30.260001]}},
    {"type": "Feature", "properties": {"name": "Water well", "description": "Recorded use: domestic", "Use": "Household", "Depth (feet)": 780.0, "Completed": 2008, "Work": "New Well", "State report number": "137661"}, "geometry": {"type": "Point", "coordinates": [-95.948611, 30.463056]}},
    {"type": "Feature", "properties": {"name": "Water well", "description": "Recorded use: industrial", "Use": "Industrial or drilling supply", "Depth (feet)": 510.0, "Completed": 2007, "Work": "New Well", "State report number": "138132"}, "geometry": {"type": "Point", "coordinates": [-95.881389, 30.468889]}},
    {"type": "Feature", "properties": {"name": "Water well", "description": "Recorded use: industrial", "Use": "Industrial or drilling supply", "Depth (feet)": 270.0, "Completed": 2007, "Work": "New Well", "State report number": "138285"}, "geometry": {"type": "Point", "coordinates": [-95.853056, 30.543611]}},
    {"type": "Feature", "properties": {"name": "Water well", "description": "Recorded use: industrial", "Use": "Industrial or drilling supply", "Depth (feet)": 430.0, "Completed": 2007, "Work": "New Well", "State report number": "139138"}, "geometry": {"type": "Point", "coordinates": [-95.848611, 30.471944]}},
    {"type": "Feature", "properties": {"name": "Water well", "description": "Recorded use: domestic", "Use": "Household", "Depth (feet)": 330.0, "Completed": 2008, "Work": "New Well", "State report number": "139421"}, "geometry": {"type": "Point", "coordinates": [-95.931111, 30.2875]}},
    {"type": "Feature", "properties": {"name": "Water well", "description": "Recorded use: domestic", "Use": "Household", "Depth (feet)": 332.0, "Completed": 2008, "Work": "New Well", "State report number": "140292"}, "geometry": {"type": "Point", "coordinates": [-95.860278, 30.275278]}},
    {"type": "Feature", "properties": {"name": "Water well", "description": "Recorded use: domestic", "Use": "Household", "Depth (feet)": 360.0, "Completed": 2008, "Work": "New Well", "State report number": "140406"}, "geometry": {"type": "Point", "coordinates": [-96.041667, 30.560278]}},
    {"type": "Feature", "properties": {"name": "Water well", "description": "Recorded use: industrial", "Use": "Industrial or drilling supply", "Depth (feet)": 430.0, "Completed": 2007, "Work": "New Well", "State report number": "140508"}, "geometry": {"type": "Point", "coordinates": [-95.898334, 30.548334]}},
    {"type": "Feature", "properties": {"name": "Water well", "description": "Recorded use: domestic", "Use": "Household", "Depth (feet)": 260.0, "Completed": 2008, "Work": "Replacement", "State report number": "140818"}, "geometry": {"type": "Point", "coordinates": [-95.914445, 30.595556]}},
    {"type": "Feature", "properties": {"name": "Water well", "description": "Recorded use: industrial", "Use": "Industrial or drilling supply", "Depth (feet)": 230.0, "Completed": 2008, "Work": "New Well", "State report number": "141322"}, "geometry": {"type": "Point", "coordinates": [-95.883611, 30.552778]}},
    {"type": "Feature", "properties": {"name": "Water well", "description": "Recorded use: industrial", "Use": "Industrial or drilling supply", "Depth (feet)": 450.0, "Completed": 2007, "Work": "New Well", "State report number": "141362"}, "geometry": {"type": "Point", "coordinates": [-95.843889, 30.490834]}},
    {"type": "Feature", "properties": {"name": "Water well", "description": "Recorded use: industrial", "Use": "Industrial or drilling supply", "Depth (feet)": 450.0, "Completed": 2007, "Work": "New Well", "State report number": "141373"}, "geometry": {"type": "Point", "coordinates": [-95.858889, 30.566112]}},
    {"type": "Feature", "properties": {"name": "Water well", "description": "Recorded use: domestic", "Use": "Household", "Depth (feet)": 70.0, "Completed": 2007, "Work": "New Well", "State report number": "141558"}, "geometry": {"type": "Point", "coordinates": [-96.058334, 30.3475]}},
    {"type": "Feature", "properties": {"name": "Water well", "description": "Recorded use: domestic", "Use": "Household", "Depth (feet)": 58.0, "Completed": 2007, "Work": "New Well", "State report number": "141561"}, "geometry": {"type": "Point", "coordinates": [-96.058612, 30.346667]}},
    {"type": "Feature", "properties": {"name": "Water well", "description": "Recorded use: domestic", "Use": "Household", "Depth (feet)": 94.0, "Completed": 2007, "Work": "New Well", "State report number": "141566"}, "geometry": {"type": "Point", "coordinates": [-96.056112, 30.360001]}},
    {"type": "Feature", "properties": {"name": "Water well", "description": "Recorded use: public supply", "Use": "Public water supply", "Depth (feet)": 346.0, "Completed": 2008, "Work": "New Well", "State report number": "141579"}, "geometry": {"type": "Point", "coordinates": [-96.078889, 30.363056]}},
    {"type": "Feature", "properties": {"name": "Water well", "description": "Recorded use: domestic", "Use": "Household", "Depth (feet)": 69.0, "Completed": 2008, "Work": "New Well", "State report number": "141593"}, "geometry": {"type": "Point", "coordinates": [-96.055001, 30.346389]}},
    {"type": "Feature", "properties": {"name": "Water well", "description": "Recorded use: industrial", "Use": "Industrial or drilling supply", "Depth (feet)": 450.0, "Completed": 2007, "Work": "New Well", "State report number": "141666"}, "geometry": {"type": "Point", "coordinates": [-95.901667, 30.472778]}},
    {"type": "Feature", "properties": {"name": "Water well", "description": "Recorded use: public supply", "Use": "Public water supply", "Depth (feet)": 346.0, "Completed": 2008, "Work": "New Well", "State report number": "141803"}, "geometry": {"type": "Point", "coordinates": [-96.078889, 30.363056]}},
    {"type": "Feature", "properties": {"name": "Water well", "description": "Recorded use: domestic", "Use": "Household", "Depth (feet)": 303.0, "Completed": 2008, "Work": "New Well", "State report number": "141818"}, "geometry": {"type": "Point", "coordinates": [-96.116389, 30.821111]}},
    {"type": "Feature", "properties": {"name": "Water well", "description": "Recorded use: domestic", "Use": "Household", "Depth (feet)": 304.0, "Completed": 2008, "Work": "New Well", "State report number": "141924"}, "geometry": {"type": "Point", "coordinates": [-96.068333, 30.416112]}},
    {"type": "Feature", "properties": {"name": "Water well", "description": "Recorded use: domestic", "Use": "Household", "Depth (feet)": 130.0, "Completed": 2008, "Work": "New Well", "State report number": "142735"}, "geometry": {"type": "Point", "coordinates": [-95.916112, 30.293334]}},
    {"type": "Feature", "properties": {"name": "Water well", "description": "Recorded use: domestic", "Use": "Household", "Depth (feet)": 490.0, "Completed": 2008, "Work": "New Well", "State report number": "142736"}, "geometry": {"type": "Point", "coordinates": [-96.0425, 30.464445]}},
    {"type": "Feature", "properties": {"name": "Water well", "description": "Recorded use: domestic", "Use": "Household", "Depth (feet)": 300.0, "Completed": 2008, "Work": "New Well", "State report number": "142737"}, "geometry": {"type": "Point", "coordinates": [-95.914445, 30.318333]}},
    {"type": "Feature", "properties": {"name": "Water well", "description": "Recorded use: domestic", "Use": "Household", "Depth (feet)": 500.0, "Completed": 2008, "Work": "New Well", "State report number": "142742"}, "geometry": {"type": "Point", "coordinates": [-96.050834, 30.477222]}},
    {"type": "Feature", "properties": {"name": "Water well", "description": "Recorded use: domestic", "Use": "Household", "Depth (feet)": 150.0, "Completed": 2004, "Work": "New Well", "State report number": "142874"}, "geometry": {"type": "Point", "coordinates": [-96.004723, 30.564445]}},
    {"type": "Feature", "properties": {"name": "Water well", "description": "Recorded use: domestic", "Use": "Household", "Depth (feet)": 150.0, "Completed": 2004, "Work": "New Well", "State report number": "142877"}, "geometry": {"type": "Point", "coordinates": [-96.055834, 30.283611]}},
    {"type": "Feature", "properties": {"name": "Water well", "description": "Recorded use: domestic", "Use": "Household", "Depth (feet)": 170.0, "Completed": 2004, "Work": "New Well", "State report number": "142949"}, "geometry": {"type": "Point", "coordinates": [-96.082778, 30.496389]}},
    {"type": "Feature", "properties": {"name": "Water well", "description": "Recorded use: domestic", "Use": "Household", "Depth (feet)": 270.0, "Completed": 2004, "Work": "New Well", "State report number": "142967"}, "geometry": {"type": "Point", "coordinates": [-96.003056, 30.301945]}},
    {"type": "Feature", "properties": {"name": "Water well", "description": "Recorded use: domestic", "Use": "Household", "Depth (feet)": 120.0, "Completed": 2008, "Work": "New Well", "State report number": "143136"}, "geometry": {"type": "Point", "coordinates": [-95.867778, 30.253612]}},
    {"type": "Feature", "properties": {"name": "Water well", "description": "Recorded use: domestic", "Use": "Household", "Depth (feet)": 314.0, "Completed": 2008, "Work": "New Well", "State report number": "143701"}, "geometry": {"type": "Point", "coordinates": [-95.895834, 30.311112]}},
    {"type": "Feature", "properties": {"name": "Water well", "description": "Recorded use: domestic", "Use": "Household", "Depth (feet)": 260.0, "Completed": 2008, "Work": "New Well", "State report number": "143975"}, "geometry": {"type": "Point", "coordinates": [-95.851945, 30.244722]}},
    {"type": "Feature", "properties": {"name": "Water well", "description": "Recorded use: stock", "Use": "Livestock or irrigation", "Depth (feet)": 354.0, "Completed": 2008, "Work": "New Well", "State report number": "144191"}, "geometry": {"type": "Point", "coordinates": [-96.0725, 30.371111]}},
    {"type": "Feature", "properties": {"name": "Water well", "description": "Recorded use: domestic", "Use": "Household", "Depth (feet)": 349.0, "Completed": 2008, "Work": "New Well", "State report number": "144212"}, "geometry": {"type": "Point", "coordinates": [-96.101389, 30.386389]}},
    {"type": "Feature", "properties": {"name": "Water well", "description": "Recorded use: domestic", "Use": "Household", "Depth (feet)": 220.0, "Completed": 2008, "Work": "New Well", "State report number": "144217"}, "geometry": {"type": "Point", "coordinates": [-95.835556, 30.408056]}},
    {"type": "Feature", "properties": {"name": "Water well", "description": "Recorded use: domestic", "Use": "Household", "Depth (feet)": 421.0, "Completed": 2008, "Work": "New Well", "State report number": "145246"}, "geometry": {"type": "Point", "coordinates": [-95.903889, 30.253889]}},
    {"type": "Feature", "properties": {"name": "Water well", "description": "Recorded use: domestic", "Use": "Household", "Depth (feet)": 320.0, "Completed": 2008, "Work": "New Well", "State report number": "145247"}, "geometry": {"type": "Point", "coordinates": [-95.900556, 30.702778]}},
    {"type": "Feature", "properties": {"name": "Water well", "description": "Recorded use: stock", "Use": "Livestock or irrigation", "Depth (feet)": 308.0, "Completed": 2008, "Work": "New Well", "State report number": "145248"}, "geometry": {"type": "Point", "coordinates": [-95.832778, 30.405001]}},
    {"type": "Feature", "properties": {"name": "Water well", "description": "Recorded use: domestic", "Use": "Household", "Depth (feet)": 263.0, "Completed": 2008, "Work": "New Well", "State report number": "145705"}, "geometry": {"type": "Point", "coordinates": [-95.914167, 30.703334]}},
    {"type": "Feature", "properties": {"name": "Water well", "description": "Recorded use: domestic", "Use": "Household", "Depth (feet)": 190.0, "Completed": 2008, "Work": "New Well", "State report number": "145706"}, "geometry": {"type": "Point", "coordinates": [-96.040278, 30.374444]}},
    {"type": "Feature", "properties": {"name": "Water well", "description": "Recorded use: domestic", "Use": "Household", "Depth (feet)": 348.0, "Completed": 2008, "Work": "New Well", "State report number": "146380"}, "geometry": {"type": "Point", "coordinates": [-95.921111, 30.376389]}},
    {"type": "Feature", "properties": {"name": "Water well", "description": "Recorded use: stock", "Use": "Livestock or irrigation", "Depth (feet)": 185.0, "Completed": 2008, "Work": "New Well", "State report number": "146413"}, "geometry": {"type": "Point", "coordinates": [-95.916667, 30.366667]}},
    {"type": "Feature", "properties": {"name": "Water well", "description": "Recorded use: domestic", "Use": "Household", "Depth (feet)": 345.0, "Completed": 2008, "Work": "New Well", "State report number": "146417"}, "geometry": {"type": "Point", "coordinates": [-95.920278, 30.382222]}},
    {"type": "Feature", "properties": {"name": "Well or boring", "description": "Recorded use: environmental soil boring", "Use": "Monitoring, testing or other", "Depth (feet)": 8.0, "Completed": 2008, "Work": "New Well", "Plugged": "Yes", "State report number": "146566"}, "geometry": {"type": "Point", "coordinates": [-96.118333, 30.476944]}},
    {"type": "Feature", "properties": {"name": "Well or boring", "description": "Recorded use: environmental soil boring", "Use": "Monitoring, testing or other", "Depth (feet)": 20.0, "Completed": 2008, "Work": "New Well", "Plugged": "Yes", "State report number": "146567"}, "geometry": {"type": "Point", "coordinates": [-96.118333, 30.476944]}},
    {"type": "Feature", "properties": {"name": "Water well", "description": "Recorded use: domestic", "Use": "Household", "Depth (feet)": 405.0, "Completed": 2008, "Work": "New Well", "State report number": "146772"}, "geometry": {"type": "Point", "coordinates": [-96.061667, 30.516667]}},
    {"type": "Feature", "properties": {"name": "Water well", "description": "Recorded use: domestic", "Use": "Household", "Depth (feet)": 235.0, "Completed": 2008, "Work": "New Well", "State report number": "146793"}, "geometry": {"type": "Point", "coordinates": [-95.948056, 30.468055]}},
    {"type": "Feature", "properties": {"name": "Water well", "description": "Recorded use: domestic", "Use": "Household", "Depth (feet)": 275.0, "Completed": 2008, "Work": "New Well", "State report number": "146978"}, "geometry": {"type": "Point", "coordinates": [-95.914167, 30.703334]}},
    {"type": "Feature", "properties": {"name": "Water well", "description": "Recorded use: domestic", "Use": "Household", "Depth (feet)": 360.0, "Completed": 2008, "Work": "New Well", "State report number": "147187"}, "geometry": {"type": "Point", "coordinates": [-95.929167, 30.412778]}},
    {"type": "Feature", "properties": {"name": "Water well", "description": "Recorded use: domestic", "Use": "Household", "Depth (feet)": 369.0, "Completed": 2008, "Work": "New Well", "State report number": "147267"}, "geometry": {"type": "Point", "coordinates": [-95.8475, 30.325278]}},
    {"type": "Feature", "properties": {"name": "Water well", "description": "Recorded use: domestic", "Use": "Household", "Depth (feet)": 155.0, "Completed": 2008, "Work": "New Well", "State report number": "147272"}, "geometry": {"type": "Point", "coordinates": [-95.992778, 30.353612]}},
    {"type": "Feature", "properties": {"name": "Water well", "description": "Recorded use: domestic", "Use": "Household", "Depth (feet)": 140.0, "Completed": 2008, "Work": "New Well", "State report number": "147512"}, "geometry": {"type": "Point", "coordinates": [-96.095834, 30.495278]}},
    {"type": "Feature", "properties": {"name": "Water well", "description": "Recorded use: irrigation", "Use": "Livestock or irrigation", "Depth (feet)": 455.0, "Completed": 2008, "Work": "New Well", "State report number": "148236"}, "geometry": {"type": "Point", "coordinates": [-95.913889, 30.493611]}},
    {"type": "Feature", "properties": {"name": "Water well", "description": "Recorded use: domestic", "Use": "Household", "Depth (feet)": 520.0, "Completed": 2008, "Work": "New Well", "State report number": "148239"}, "geometry": {"type": "Point", "coordinates": [-96.028611, 30.368055]}},
    {"type": "Feature", "properties": {"name": "Well or boring", "description": "Recorded use: environmental soil boring", "Use": "Monitoring, testing or other", "Depth (feet)": 8.0, "Completed": 2006, "Work": "New Well", "Plugged": "Yes", "State report number": "148475"}, "geometry": {"type": "Point", "coordinates": [-96.114167, 30.480833]}},
    {"type": "Feature", "properties": {"name": "Well or boring", "description": "Recorded use: environmental soil boring", "Use": "Monitoring, testing or other", "Depth (feet)": 8.0, "Completed": 2006, "Work": "New Well", "Plugged": "Yes", "State report number": "148477"}, "geometry": {"type": "Point", "coordinates": [-96.114167, 30.480833]}},
    {"type": "Feature", "properties": {"name": "Well or boring", "description": "Recorded use: environmental soil boring", "Use": "Monitoring, testing or other", "Depth (feet)": 8.0, "Completed": 2006, "Work": "New Well", "Plugged": "Yes", "State report number": "148478"}, "geometry": {"type": "Point", "coordinates": [-96.114167, 30.480833]}},
    {"type": "Feature", "properties": {"name": "Well or boring", "description": "Recorded use: environmental soil boring", "Use": "Monitoring, testing or other", "Depth (feet)": 8.0, "Completed": 2006, "Work": "New Well", "Plugged": "Yes", "State report number": "148479"}, "geometry": {"type": "Point", "coordinates": [-96.114167, 30.480833]}},
    {"type": "Feature", "properties": {"name": "Well or boring", "description": "Recorded use: monitor", "Use": "Monitoring, testing or other", "Depth (feet)": 44.0, "Completed": 2006, "Work": "New Well", "Plugged": "Yes", "State report number": "148481"}, "geometry": {"type": "Point", "coordinates": [-96.114167, 30.480833]}},
    {"type": "Feature", "properties": {"name": "Water well", "description": "Recorded use: irrigation", "Use": "Livestock or irrigation", "Depth (feet)": 294.0, "Completed": 2008, "Work": "New Well", "State report number": "148583"}, "geometry": {"type": "Point", "coordinates": [-96.107223, 30.381944]}},
    {"type": "Feature", "properties": {"name": "Water well", "description": "Recorded use: irrigation", "Use": "Livestock or irrigation", "Depth (feet)": 238.0, "Completed": 2008, "Work": "New Well", "State report number": "148872"}, "geometry": {"type": "Point", "coordinates": [-96.111389, 30.380833]}},
    {"type": "Feature", "properties": {"name": "Water well", "description": "Recorded use: irrigation", "Use": "Livestock or irrigation", "Depth (feet)": 467.0, "Completed": 2008, "Work": "New Well", "State report number": "148893"}, "geometry": {"type": "Point", "coordinates": [-96.111945, 30.393056]}},
    {"type": "Feature", "properties": {"name": "Water well", "description": "Recorded use: irrigation", "Use": "Livestock or irrigation", "Depth (feet)": 243.0, "Completed": 2008, "Work": "New Well", "State report number": "148998"}, "geometry": {"type": "Point", "coordinates": [-95.858334, 30.510001]}},
    {"type": "Feature", "properties": {"name": "Water well", "description": "Recorded use: industrial", "Use": "Industrial or drilling supply", "Depth (feet)": 350.0, "Completed": 2005, "Work": "New Well", "State report number": "149571"}, "geometry": {"type": "Point", "coordinates": [-95.878889, 30.481667]}},
    {"type": "Feature", "properties": {"name": "Water well", "description": "Recorded use: domestic", "Use": "Household", "Depth (feet)": 460.0, "Completed": 2008, "Work": "New Well", "State report number": "149636"}, "geometry": {"type": "Point", "coordinates": [-96.050001, 30.461945]}},
    {"type": "Feature", "properties": {"name": "Water well", "description": "Recorded use: industrial", "Use": "Industrial or drilling supply", "Depth (feet)": 490.0, "Completed": 2005, "Work": "New Well", "State report number": "149638"}, "geometry": {"type": "Point", "coordinates": [-95.916667, 30.484445]}},
    {"type": "Feature", "properties": {"name": "Water well", "description": "Recorded use: domestic", "Use": "Household", "Depth (feet)": 480.0, "Completed": 2008, "Work": "New Well", "State report number": "149640"}, "geometry": {"type": "Point", "coordinates": [-96.041389, 30.465278]}},
    {"type": "Feature", "properties": {"name": "Water well", "description": "Recorded use: domestic", "Use": "Household", "Depth (feet)": 440.0, "Completed": 2008, "Work": "New Well", "State report number": "149643"}, "geometry": {"type": "Point", "coordinates": [-96.042778, 30.466112]}},
    {"type": "Feature", "properties": {"name": "Water well", "description": "Recorded use: domestic", "Use": "Household", "Depth (feet)": 300.0, "Completed": 2008, "Work": "New Well", "State report number": "149653"}, "geometry": {"type": "Point", "coordinates": [-96.154445, 30.638334]}},
    {"type": "Feature", "properties": {"name": "Water well", "description": "Recorded use: domestic", "Use": "Household", "Depth (feet)": 400.0, "Completed": 2005, "Work": "New Well", "State report number": "150673"}, "geometry": {"type": "Point", "coordinates": [-95.929167, 30.260001]}},
    {"type": "Feature", "properties": {"name": "Water well", "description": "Recorded use: domestic", "Use": "Household", "Depth (feet)": 250.0, "Completed": 2005, "Work": "New Well", "State report number": "150872"}, "geometry": {"type": "Point", "coordinates": [-95.982778, 30.335834]}},
    {"type": "Feature", "properties": {"name": "Water well", "description": "Recorded use: domestic", "Use": "Household", "Depth (feet)": 305.0, "Completed": 2005, "Work": "New Well", "State report number": "150877"}, "geometry": {"type": "Point", "coordinates": [-96.125555, 30.3725]}},
    {"type": "Feature", "properties": {"name": "Water well", "description": "Recorded use: domestic", "Use": "Household", "Depth (feet)": 322.0, "Completed": 2005, "Work": "New Well", "Plugged": "Yes", "State report number": "150883"}, "geometry": {"type": "Point", "coordinates": [-96.054723, 30.406112]}},
    {"type": "Feature", "properties": {"name": "Water well", "description": "Recorded use: domestic", "Use": "Household", "Depth (feet)": 410.0, "Completed": 2008, "Work": "New Well", "State report number": "150984"}, "geometry": {"type": "Point", "coordinates": [-96.044722, 30.306667]}},
    {"type": "Feature", "properties": {"name": "Water well", "description": "Recorded use: domestic", "Use": "Household", "Depth (feet)": 372.0, "Completed": 2008, "Work": "New Well", "State report number": "151303"}, "geometry": {"type": "Point", "coordinates": [-95.952501, 30.430833]}},
    {"type": "Feature", "properties": {"name": "Water well", "description": "Recorded use: domestic", "Use": "Household", "Depth (feet)": 154.0, "Completed": 2008, "Work": "New Well", "State report number": "151310"}, "geometry": {"type": "Point", "coordinates": [-96.076389, 30.338889]}},
    {"type": "Feature", "properties": {"name": "Water well", "description": "Recorded use: domestic", "Use": "Household", "Depth (feet)": 300.0, "Completed": 2008, "Work": "New Well", "State report number": "151534"}, "geometry": {"type": "Point", "coordinates": [-95.835, 30.593889]}},
    {"type": "Feature", "properties": {"name": "Water well", "description": "Recorded use: domestic", "Use": "Household", "Depth (feet)": 180.0, "Completed": 2008, "Work": "New Well", "State report number": "151640"}, "geometry": {"type": "Point", "coordinates": [-96.058612, 30.415834]}},
    {"type": "Feature", "properties": {"name": "Water well", "description": "Recorded use: domestic", "Use": "Household", "Depth (feet)": 353.0, "Completed": 2005, "Work": "New Well", "State report number": "151831"}, "geometry": {"type": "Point", "coordinates": [-95.965556, 30.786389]}},
    {"type": "Feature", "properties": {"name": "Water well", "description": "Recorded use: domestic", "Use": "Household", "Depth (feet)": 409.0, "Completed": 2008, "Work": "New Well", "State report number": "152358"}, "geometry": {"type": "Point", "coordinates": [-96.055278, 30.363889]}},
    {"type": "Feature", "properties": {"name": "Water well", "description": "Recorded use: domestic", "Use": "Household", "Depth (feet)": 124.0, "Completed": 2008, "Work": "New Well", "State report number": "153418"}, "geometry": {"type": "Point", "coordinates": [-95.923333, 30.303056]}},
    {"type": "Feature", "properties": {"name": "Water well", "description": "Recorded use: public supply", "Use": "Public water supply", "Depth (feet)": 145.0, "Completed": 2008, "Work": "New Well", "Plugged": "Yes", "State report number": "154629"}, "geometry": {"type": "Point", "coordinates": [-96.071667, 30.342222]}},
    {"type": "Feature", "properties": {"name": "Water well", "description": "Recorded use: domestic", "Use": "Household", "Depth (feet)": 111.0, "Completed": 2008, "Work": "New Well", "State report number": "154733"}, "geometry": {"type": "Point", "coordinates": [-95.914167, 30.562501]}},
    {"type": "Feature", "properties": {"name": "Water well", "description": "Recorded use: industrial", "Use": "Industrial or drilling supply", "Depth (feet)": 270.0, "Completed": 2005, "Work": "New Well", "State report number": "154746"}, "geometry": {"type": "Point", "coordinates": [-95.926944, 30.530833]}},
    {"type": "Feature", "properties": {"name": "Water well", "description": "Recorded use: domestic", "Use": "Household", "Depth (feet)": 175.0, "Completed": 2005, "Work": "New Well", "State report number": "154867"}, "geometry": {"type": "Point", "coordinates": [-95.876944, 30.661389]}},
    {"type": "Feature", "properties": {"name": "Water well", "description": "Recorded use: domestic", "Use": "Household", "Depth (feet)": 305.0, "Completed": 2008, "Work": "New Well", "State report number": "155766"}, "geometry": {"type": "Point", "coordinates": [-96.039445, 30.389722]}},
    {"type": "Feature", "properties": {"name": "Water well", "description": "Recorded use: domestic", "Use": "Household", "Depth (feet)": 234.0, "Completed": 2008, "Work": "New Well", "State report number": "155778"}, "geometry": {"type": "Point", "coordinates": [-95.855556, 30.566667]}},
    {"type": "Feature", "properties": {"name": "Water well", "description": "Recorded use: domestic", "Use": "Household", "Depth (feet)": 185.0, "Completed": 2008, "Work": "New Well", "State report number": "155812"}, "geometry": {"type": "Point", "coordinates": [-96.012223, 30.561945]}},
    {"type": "Feature", "properties": {"name": "Water well", "description": "Recorded use: domestic", "Use": "Household", "Depth (feet)": 253.0, "Completed": 2008, "Work": "New Well", "State report number": "156036"}, "geometry": {"type": "Point", "coordinates": [-95.839445, 30.268611]}},
    {"type": "Feature", "properties": {"name": "Water well", "description": "Recorded use: domestic", "Use": "Household", "Depth (feet)": 450.0, "Completed": 2008, "Work": "New Well", "State report number": "156149"}, "geometry": {"type": "Point", "coordinates": [-96.027222, 30.742778]}},
    {"type": "Feature", "properties": {"name": "Water well", "description": "Recorded use: public supply", "Use": "Public water supply", "Depth (feet)": 500.0, "Completed": 2008, "Work": "New Well", "Plugged": "Yes", "State report number": "156487"}, "geometry": {"type": "Point", "coordinates": [-95.903612, 30.245]}},
    {"type": "Feature", "properties": {"name": "Well or boring", "description": "Recorded use: closed-loop geothermal", "Use": "Monitoring, testing or other", "Depth (feet)": 255.0, "Completed": 2008, "Work": "New Well", "State report number": "156491"}, "geometry": {"type": "Point", "coordinates": [-95.980555, 30.337222]}},
    {"type": "Feature", "properties": {"name": "Water well", "description": "Recorded use: domestic", "Use": "Household", "Depth (feet)": 378.0, "Completed": 2008, "Work": "New Well", "State report number": "157020"}, "geometry": {"type": "Point", "coordinates": [-95.925278, 30.298611]}},
    {"type": "Feature", "properties": {"name": "Water well", "description": "Recorded use: rig supply", "Use": "Industrial or drilling supply", "Depth (feet)": 200.0, "Completed": 2005, "Work": "New Well", "State report number": "157063"}, "geometry": {"type": "Point", "coordinates": [-96.003056, 30.267222]}},
    {"type": "Feature", "properties": {"name": "Water well", "description": "Recorded use: rig supply", "Use": "Industrial or drilling supply", "Depth (feet)": 360.0, "Completed": 2005, "Work": "New Well", "State report number": "157066"}, "geometry": {"type": "Point", "coordinates": [-95.878889, 30.362223]}},
    {"type": "Feature", "properties": {"name": "Water well", "description": "Recorded use: rig supply", "Use": "Industrial or drilling supply", "Depth (feet)": 200.0, "Completed": 2005, "Work": "New Well", "State report number": "157073"}, "geometry": {"type": "Point", "coordinates": [-95.971944, 30.300001]}},
    {"type": "Feature", "properties": {"name": "Water well", "description": "Recorded use: domestic", "Use": "Household", "Depth (feet)": 380.0, "Completed": 2008, "Work": "New Well", "State report number": "157154"}, "geometry": {"type": "Point", "coordinates": [-95.862778, 30.284167]}},
    {"type": "Feature", "properties": {"name": "Water well", "description": "Recorded use: industrial", "Use": "Industrial or drilling supply", "Depth (feet)": 290.0, "Completed": 2005, "Work": "New Well", "State report number": "157487"}, "geometry": {"type": "Point", "coordinates": [-95.848056, 30.526944]}},
    {"type": "Feature", "properties": {"name": "Water well", "description": "Recorded use: domestic", "Use": "Household", "Depth (feet)": 370.0, "Completed": 2008, "Work": "New Well", "State report number": "158639"}, "geometry": {"type": "Point", "coordinates": [-95.866944, 30.285]}},
    {"type": "Feature", "properties": {"name": "Water well", "description": "Recorded use: domestic", "Use": "Household", "Depth (feet)": 175.0, "Completed": 2008, "Work": "New Well", "State report number": "158650"}, "geometry": {"type": "Point", "coordinates": [-95.980833, 30.665556]}},
    {"type": "Feature", "properties": {"name": "Water well", "description": "Recorded use: rig supply", "Use": "Industrial or drilling supply", "Depth (feet)": 260.0, "Completed": 2008, "Work": "New Well", "State report number": "159170"}, "geometry": {"type": "Point", "coordinates": [-95.933889, 30.429722]}},
    {"type": "Feature", "properties": {"name": "Water well", "description": "Recorded use: rig supply", "Use": "Industrial or drilling supply", "Depth (feet)": 260.0, "Completed": 2008, "Work": "New Well", "State report number": "159171"}, "geometry": {"type": "Point", "coordinates": [-95.933889, 30.429722]}},
    {"type": "Feature", "properties": {"name": "Water well", "description": "Recorded use: domestic", "Use": "Household", "Depth (feet)": 408.0, "Completed": 2008, "Work": "New Well", "State report number": "159302"}, "geometry": {"type": "Point", "coordinates": [-95.849167, 30.261112]}},
    {"type": "Feature", "properties": {"name": "Water well", "description": "Recorded use: industrial", "Use": "Industrial or drilling supply", "Depth (feet)": 350.0, "Completed": 2006, "Work": "New Well", "State report number": "159383"}, "geometry": {"type": "Point", "coordinates": [-95.831111, 30.501945]}},
    {"type": "Feature", "properties": {"name": "Water well", "description": "Recorded use: domestic", "Use": "Household", "Depth (feet)": 366.0, "Completed": 2008, "Work": "New Well", "State report number": "159871"}, "geometry": {"type": "Point", "coordinates": [-96.026667, 30.393611]}},
    {"type": "Feature", "properties": {"name": "Water well", "description": "Recorded use: domestic", "Use": "Household", "Depth (feet)": 196.0, "Completed": 2003, "Work": "New Well", "State report number": "159901"}, "geometry": {"type": "Point", "coordinates": [-95.826389, 30.341667]}},
    {"type": "Feature", "properties": {"name": "Water well", "description": "Recorded use: domestic", "Use": "Household", "Depth (feet)": 346.0, "Completed": 2008, "Work": "New Well", "State report number": "160229"}, "geometry": {"type": "Point", "coordinates": [-95.900001, 30.832222]}},
    {"type": "Feature", "properties": {"name": "Water well", "description": "Recorded use: domestic", "Use": "Household", "Depth (feet)": 289.0, "Completed": 2008, "Work": "New Well", "State report number": "160268"}, "geometry": {"type": "Point", "coordinates": [-96.022222, 30.818889]}},
    {"type": "Feature", "properties": {"name": "Water well", "description": "Recorded use: domestic", "Use": "Household", "Depth (feet)": 224.0, "Completed": 2008, "Work": "New Well", "State report number": "160390"}, "geometry": {"type": "Point", "coordinates": [-95.856112, 30.432222]}},
    {"type": "Feature", "properties": {"name": "Water well", "description": "Recorded use: industrial", "Use": "Industrial or drilling supply", "Depth (feet)": 310.0, "Completed": 2005, "Work": "New Well", "State report number": "160397"}, "geometry": {"type": "Point", "coordinates": [-95.850278, 30.483334]}},
    {"type": "Feature", "properties": {"name": "Water well", "description": "Recorded use: industrial", "Use": "Industrial or drilling supply", "Depth (feet)": 280.0, "Completed": 2005, "Work": "New Well", "State report number": "160478"}, "geometry": {"type": "Point", "coordinates": [-95.8675, 30.526667]}},
    {"type": "Feature", "properties": {"name": "Water well", "description": "Recorded use: industrial", "Use": "Industrial or drilling supply", "Depth (feet)": 320.0, "Completed": 2005, "Work": "New Well", "State report number": "160482"}, "geometry": {"type": "Point", "coordinates": [-95.877778, 30.4425]}},
    {"type": "Feature", "properties": {"name": "Well or boring", "description": "Recorded use: test well", "Use": "Monitoring, testing or other", "Depth (feet)": 430.0, "Completed": 2005, "Work": "New Well", "Plugged": "Yes", "State report number": "160534"}, "geometry": {"type": "Point", "coordinates": [-95.937222, 30.555001]}},
    {"type": "Feature", "properties": {"name": "Water well", "description": "Recorded use: domestic", "Use": "Household", "Depth (feet)": 230.0, "Completed": 2008, "Work": "New Well", "State report number": "161402"}, "geometry": {"type": "Point", "coordinates": [-95.872778, 30.260001]}},
    {"type": "Feature", "properties": {"name": "Water well", "description": "Recorded use: domestic", "Use": "Household", "Depth (feet)": 460.0, "Completed": 2005, "Work": "New Well", "State report number": "162087"}, "geometry": {"type": "Point", "coordinates": [-95.879167, 30.591111]}},
    {"type": "Feature", "properties": {"name": "Water well", "description": "Recorded use: domestic", "Use": "Household", "Depth (feet)": 470.0, "Completed": 2005, "Work": "New Well", "State report number": "162311"}, "geometry": {"type": "Point", "coordinates": [-95.883334, 30.255001]}},
    {"type": "Feature", "properties": {"name": "Water well", "description": "Recorded use: stock", "Use": "Livestock or irrigation", "Depth (feet)": 485.0, "Completed": 2007, "Work": "New Well", "State report number": "163039"}, "geometry": {"type": "Point", "coordinates": [-95.909723, 30.414167]}},
    {"type": "Feature", "properties": {"name": "Water well", "description": "Recorded use: domestic", "Use": "Household", "Depth (feet)": 257.0, "Completed": 2008, "Work": "New Well", "State report number": "163125"}, "geometry": {"type": "Point", "coordinates": [-95.993611, 30.596667]}},
    {"type": "Feature", "properties": {"name": "Water well", "description": "Recorded use: domestic", "Use": "Household", "Depth (feet)": 221.0, "Completed": 2008, "Work": "New Well", "State report number": "163198"}, "geometry": {"type": "Point", "coordinates": [-95.895834, 30.636667]}},
    {"type": "Feature", "properties": {"name": "Water well", "description": "Recorded use: domestic", "Use": "Household", "Depth (feet)": 210.0, "Completed": 2007, "Work": "New Well", "State report number": "163379"}, "geometry": {"type": "Point", "coordinates": [-95.921667, 30.533611]}},
    {"type": "Feature", "properties": {"name": "Water well", "description": "Recorded use: domestic", "Use": "Household", "Depth (feet)": 271.0, "Completed": 2008, "Work": "New Well", "State report number": "163537"}, "geometry": {"type": "Point", "coordinates": [-95.888889, 30.493056]}},
    {"type": "Feature", "properties": {"name": "Water well", "description": "Recorded use: domestic", "Use": "Household", "Depth (feet)": 284.0, "Completed": 2008, "Work": "New Well", "State report number": "163662"}, "geometry": {"type": "Point", "coordinates": [-95.900001, 30.434445]}},
    {"type": "Feature", "properties": {"name": "Water well", "description": "Recorded use: domestic", "Use": "Household", "Depth (feet)": 290.0, "Completed": 2008, "Work": "New Well", "State report number": "163882"}, "geometry": {"type": "Point", "coordinates": [-95.873611, 30.336667]}},
    {"type": "Feature", "properties": {"name": "Water well", "description": "Recorded use: domestic", "Use": "Household", "Depth (feet)": 384.0, "Completed": 2008, "Work": "New Well", "State report number": "165226"}, "geometry": {"type": "Point", "coordinates": [-95.961945, 30.560278]}},
    {"type": "Feature", "properties": {"name": "Water well", "description": "Recorded use: domestic", "Use": "Household", "Depth (feet)": 320.0, "Completed": 2009, "Work": "New Well", "State report number": "165898"}, "geometry": {"type": "Point", "coordinates": [-96.012223, 30.801945]}},
    {"type": "Feature", "properties": {"name": "Water well", "description": "Recorded use: domestic", "Use": "Household", "Depth (feet)": 160.0, "Completed": 2006, "Work": "New Well", "State report number": "166345"}, "geometry": {"type": "Point", "coordinates": [-96.103612, 30.808612]}},
    {"type": "Feature", "properties": {"name": "Water well", "description": "Recorded use: domestic", "Use": "Household", "Depth (feet)": 347.0, "Completed": 2009, "Work": "New Well", "State report number": "166675"}, "geometry": {"type": "Point", "coordinates": [-96.005278, 30.285]}},
    {"type": "Feature", "properties": {"name": "Water well", "description": "Recorded use: industrial", "Use": "Industrial or drilling supply", "Depth (feet)": 490.0, "Completed": 2004, "Work": "New Well", "State report number": "166886"}, "geometry": {"type": "Point", "coordinates": [-95.997222, 30.507223]}},
    {"type": "Feature", "properties": {"name": "Water well", "description": "Recorded use: domestic", "Use": "Household", "Depth (feet)": 163.0, "Completed": 2009, "Work": "New Well", "State report number": "167776"}, "geometry": {"type": "Point", "coordinates": [-96.04, 30.366667]}},
    {"type": "Feature", "properties": {"name": "Water well", "description": "Recorded use: industrial", "Use": "Industrial or drilling supply", "Depth (feet)": 330.0, "Completed": 2004, "Work": "New Well", "State report number": "168346"}, "geometry": {"type": "Point", "coordinates": [-95.946945, 30.434167]}},
    {"type": "Feature", "properties": {"name": "Water well", "description": "Recorded use: industrial", "Use": "Industrial or drilling supply", "Depth (feet)": 490.0, "Completed": 2004, "Work": "New Well", "State report number": "168380"}, "geometry": {"type": "Point", "coordinates": [-95.969444, 30.462223]}},
    {"type": "Feature", "properties": {"name": "Water well", "description": "Recorded use: industrial", "Use": "Industrial or drilling supply", "Depth (feet)": 490.0, "Completed": 2004, "Work": "New Well", "State report number": "168383"}, "geometry": {"type": "Point", "coordinates": [-95.927222, 30.476944]}},
    {"type": "Feature", "properties": {"name": "Water well", "description": "Recorded use: public supply", "Use": "Public water supply", "Depth (feet)": 302.0, "Completed": 2008, "Work": "New Well", "State report number": "168810"}, "geometry": {"type": "Point", "coordinates": [-96.052501, 30.407501]}},
    {"type": "Feature", "properties": {"name": "Water well", "description": "Recorded use: domestic", "Use": "Household", "Depth (feet)": 130.0, "Completed": 2008, "Work": "New Well", "State report number": "168846"}, "geometry": {"type": "Point", "coordinates": [-95.891389, 30.270555]}},
    {"type": "Feature", "properties": {"name": "Water well", "description": "Recorded use: domestic", "Use": "Household", "Depth (feet)": 270.0, "Completed": 2008, "Work": "New Well", "State report number": "168848"}, "geometry": {"type": "Point", "coordinates": [-95.948334, 30.575]}},
    {"type": "Feature", "properties": {"name": "Water well", "description": "Recorded use: domestic", "Use": "Household", "Depth (feet)": 390.0, "Completed": 2008, "Work": "New Well", "State report number": "168852"}, "geometry": {"type": "Point", "coordinates": [-95.894445, 30.564723]}},
    {"type": "Feature", "properties": {"name": "Water well", "description": "Recorded use: domestic", "Use": "Household", "Depth (feet)": 332.0, "Completed": 2009, "Work": "New Well", "State report number": "169111"}, "geometry": {"type": "Point", "coordinates": [-95.939722, 30.397222]}},
    {"type": "Feature", "properties": {"name": "Water well", "description": "Recorded use: domestic", "Use": "Household", "Depth (feet)": 543.0, "Completed": 2009, "Work": "New Well", "State report number": "169662"}, "geometry": {"type": "Point", "coordinates": [-96.035, 30.3675]}},
    {"type": "Feature", "properties": {"name": "Water well", "description": "Recorded use: irrigation", "Use": "Livestock or irrigation", "Depth (feet)": 320.0, "Completed": 2009, "Work": "Replacement", "State report number": "170839"}, "geometry": {"type": "Point", "coordinates": [-95.890278, 30.319167]}},
    {"type": "Feature", "properties": {"name": "Water well", "description": "Recorded use: domestic", "Use": "Household", "Depth (feet)": 322.0, "Completed": 2009, "Work": "New Well", "State report number": "170896"}, "geometry": {"type": "Point", "coordinates": [-95.914445, 30.287778]}},
    {"type": "Feature", "properties": {"name": "Water well", "description": "Recorded use: domestic", "Use": "Household", "Depth (feet)": 250.0, "Completed": 2009, "Work": "New Well", "State report number": "171122"}, "geometry": {"type": "Point", "coordinates": [-95.818611, 30.248334]}},
    {"type": "Feature", "properties": {"name": "Water well", "description": "Recorded use: domestic", "Use": "Household", "Depth (feet)": 176.0, "Completed": 2005, "Work": "New Well", "State report number": "172503"}, "geometry": {"type": "Point", "coordinates": [-96.007501, 30.436389]}},
    {"type": "Feature", "properties": {"name": "Water well", "description": "Recorded use: irrigation", "Use": "Livestock or irrigation", "Depth (feet)": 560.0, "Completed": 2009, "Work": "New Well", "State report number": "173379"}, "geometry": {"type": "Point", "coordinates": [-96.115278, 30.389167]}},
    {"type": "Feature", "properties": {"name": "Water well", "description": "Recorded use: domestic", "Use": "Household", "Depth (feet)": 271.0, "Completed": 2009, "Work": "New Well", "State report number": "173396"}, "geometry": {"type": "Point", "coordinates": [-95.875278, 30.593611]}},
    {"type": "Feature", "properties": {"name": "Water well", "description": "Recorded use: irrigation", "Use": "Livestock or irrigation", "Depth (feet)": 558.0, "Completed": 2009, "Work": "New Well", "State report number": "174085"}, "geometry": {"type": "Point", "coordinates": [-96.108889, 30.383611]}},
    {"type": "Feature", "properties": {"name": "Water well", "description": "Recorded use: domestic", "Use": "Household", "Depth (feet)": 190.0, "Completed": 2009, "Work": "New Well", "State report number": "174089"}, "geometry": {"type": "Point", "coordinates": [-96.005834, 30.356112]}},
    {"type": "Feature", "properties": {"name": "Water well", "description": "Recorded use: irrigation", "Use": "Livestock or irrigation", "Depth (feet)": 455.0, "Completed": 2009, "Work": "New Well", "State report number": "174109"}, "geometry": {"type": "Point", "coordinates": [-96.114167, 30.392778]}},
    {"type": "Feature", "properties": {"name": "Water well", "description": "Recorded use: domestic", "Use": "Household", "Depth (feet)": 500.0, "Completed": 2004, "Work": "New Well", "State report number": "174289"}, "geometry": {"type": "Point", "coordinates": [-95.932778, 30.336111]}},
    {"type": "Feature", "properties": {"name": "Water well", "description": "Recorded use: domestic", "Use": "Household", "Depth (feet)": 150.0, "Completed": 2004, "Work": "New Well", "State report number": "175156"}, "geometry": {"type": "Point", "coordinates": [-95.849722, 30.741667]}},
    {"type": "Feature", "properties": {"name": "Water well", "description": "Recorded use: industrial", "Use": "Industrial or drilling supply", "Depth (feet)": 230.0, "Completed": 2006, "Work": "New Well", "State report number": "175738"}, "geometry": {"type": "Point", "coordinates": [-95.864723, 30.545556]}},
    {"type": "Feature", "properties": {"name": "Water well", "description": "Recorded use: domestic", "Use": "Household", "Depth (feet)": 313.0, "Completed": 2009, "Work": "New Well", "State report number": "176190"}, "geometry": {"type": "Point", "coordinates": [-95.9325, 30.363889]}},
    {"type": "Feature", "properties": {"name": "Water well", "description": "Recorded use: industrial", "Use": "Industrial or drilling supply", "Depth (feet)": 470.0, "Completed": 2009, "Work": "New Well", "State report number": "176502"}, "geometry": {"type": "Point", "coordinates": [-95.976111, 30.633889]}},
    {"type": "Feature", "properties": {"name": "Water well", "description": "Recorded use: domestic", "Use": "Household", "Depth (feet)": 389.0, "Completed": 2009, "Work": "New Well", "State report number": "176833"}, "geometry": {"type": "Point", "coordinates": [-95.891111, 30.539445]}},
    {"type": "Feature", "properties": {"name": "Water well", "description": "Recorded use: domestic", "Use": "Household", "Depth (feet)": 230.0, "Completed": 2009, "Work": "New Well", "State report number": "177146"}, "geometry": {"type": "Point", "coordinates": [-95.821111, 30.259445]}},
    {"type": "Feature", "properties": {"name": "Water well", "description": "Recorded use: domestic", "Use": "Household", "Depth (feet)": 284.0, "Completed": 2009, "Work": "New Well", "State report number": "177996"}, "geometry": {"type": "Point", "coordinates": [-95.885, 30.386111]}},
    {"type": "Feature", "properties": {"name": "Water well", "description": "Recorded use: domestic", "Use": "Household", "Depth (feet)": 390.0, "Completed": 2009, "Work": "New Well", "State report number": "178538"}, "geometry": {"type": "Point", "coordinates": [-96.035278, 30.488889]}},
    {"type": "Feature", "properties": {"name": "Water well", "description": "Recorded use: domestic", "Use": "Household", "Depth (feet)": 267.0, "Completed": 2009, "Work": "New Well", "State report number": "178681"}, "geometry": {"type": "Point", "coordinates": [-96.050834, 30.361389]}},
    {"type": "Feature", "properties": {"name": "Water well", "description": "Recorded use: domestic", "Use": "Household", "Depth (feet)": 338.0, "Completed": 2009, "Work": "New Well", "State report number": "178878"}, "geometry": {"type": "Point", "coordinates": [-95.896111, 30.32]}},
    {"type": "Feature", "properties": {"name": "Water well", "description": "Recorded use: rig supply", "Use": "Industrial or drilling supply", "Depth (feet)": 260.0, "Completed": 2004, "Work": "New Well", "State report number": "178931"}, "geometry": {"type": "Point", "coordinates": [-95.991111, 30.823333]}},
    {"type": "Feature", "properties": {"name": "Water well", "description": "Recorded use: irrigation", "Use": "Livestock or irrigation", "Depth (feet)": 320.0, "Completed": 2009, "Work": "New Well", "State report number": "179284"}, "geometry": {"type": "Point", "coordinates": [-96.153056, 30.596389]}},
    {"type": "Feature", "properties": {"name": "Water well", "description": "Recorded use: domestic", "Use": "Household", "Depth (feet)": 325.0, "Completed": 2009, "Work": "New Well", "State report number": "179323"}, "geometry": {"type": "Point", "coordinates": [-95.893611, 30.322778]}},
    {"type": "Feature", "properties": {"name": "Water well", "description": "Recorded use: domestic", "Use": "Household", "Depth (feet)": 133.0, "Completed": 2005, "Work": "Replacement", "State report number": "180344"}, "geometry": {"type": "Point", "coordinates": [-95.869722, 30.635278]}},
    {"type": "Feature", "properties": {"name": "Water well", "description": "Recorded use: domestic", "Use": "Household", "Depth (feet)": 547.0, "Completed": 2004, "Work": "New Well", "State report number": "180826"}, "geometry": {"type": "Point", "coordinates": [-96.065278, 30.668611]}},
    {"type": "Feature", "properties": {"name": "Water well", "description": "Recorded use: domestic", "Use": "Household", "Depth (feet)": 390.0, "Completed": 2009, "Work": "New Well", "State report number": "182294"}, "geometry": {"type": "Point", "coordinates": [-95.874722, 30.829444]}},
    {"type": "Feature", "properties": {"name": "Water well", "description": "Recorded use: domestic", "Use": "Household", "Depth (feet)": 355.0, "Completed": 2009, "Work": "New Well", "Plugged": "Yes", "State report number": "183002"}, "geometry": {"type": "Point", "coordinates": [-96.088056, 30.356667]}},
    {"type": "Feature", "properties": {"name": "Water well", "description": "Recorded use: domestic", "Use": "Household", "Depth (feet)": 290.0, "Completed": 2004, "Work": "New Well", "State report number": "183286"}, "geometry": {"type": "Point", "coordinates": [-95.874722, 30.585834]}},
    {"type": "Feature", "properties": {"name": "Water well", "description": "Recorded use: domestic", "Use": "Household", "Depth (feet)": 297.0, "Completed": 2008, "Work": "New Well", "State report number": "183650"}, "geometry": {"type": "Point", "coordinates": [-95.825278, 30.481944]}},
    {"type": "Feature", "properties": {"name": "Water well", "description": "Recorded use: domestic", "Use": "Household", "Depth (feet)": 244.0, "Completed": 2006, "Work": "New Well", "State report number": "183938"}, "geometry": {"type": "Point", "coordinates": [-95.969167, 30.247222]}},
    {"type": "Feature", "properties": {"name": "Water well", "description": "Recorded use: domestic", "Use": "Household", "Depth (feet)": 120.0, "Completed": 2006, "Work": "New Well", "State report number": "183940"}, "geometry": {"type": "Point", "coordinates": [-95.905278, 30.252223]}},
    {"type": "Feature", "properties": {"name": "Water well", "description": "Recorded use: domestic", "Use": "Household", "Depth (feet)": 345.0, "Completed": 2004, "Work": "New Well", "State report number": "184114"}, "geometry": {"type": "Point", "coordinates": [-95.980278, 30.775278]}},
    {"type": "Feature", "properties": {"name": "Water well", "description": "Recorded use: domestic", "Use": "Household", "Depth (feet)": 390.0, "Completed": 2004, "Work": "New Well", "State report number": "184117"}, "geometry": {"type": "Point", "coordinates": [-95.980278, 30.775278]}},
    {"type": "Feature", "properties": {"name": "Water well", "description": "Recorded use: domestic", "Use": "Household", "Depth (feet)": 334.0, "Completed": 2004, "Work": "New Well", "State report number": "184121"}, "geometry": {"type": "Point", "coordinates": [-96.051667, 30.787222]}},
    {"type": "Feature", "properties": {"name": "Water well", "description": "Recorded use: domestic", "Use": "Household", "Depth (feet)": 375.0, "Completed": 2006, "Work": "New Well", "State report number": "184555"}, "geometry": {"type": "Point", "coordinates": [-95.858334, 30.273055]}},
    {"type": "Feature", "properties": {"name": "Water well", "description": "Recorded use: domestic", "Use": "Household", "Depth (feet)": 257.0, "Completed": 2006, "Work": "New Well", "State report number": "184592"}, "geometry": {"type": "Point", "coordinates": [-95.903612, 30.464167]}},
    {"type": "Feature", "properties": {"name": "Water well", "description": "Recorded use: domestic", "Use": "Household", "Depth (feet)": 368.0, "Completed": 2009, "Work": "New Well", "State report number": "184702"}, "geometry": {"type": "Point", "coordinates": [-95.830555, 30.271111]}},
    {"type": "Feature", "properties": {"name": "Water well", "description": "Recorded use: domestic", "Use": "Household", "Depth (feet)": 346.0, "Completed": 2006, "Work": "New Well", "State report number": "185014"}, "geometry": {"type": "Point", "coordinates": [-95.910001, 30.704445]}},
    {"type": "Feature", "properties": {"name": "Water well", "description": "Recorded use: domestic", "Use": "Household", "Depth (feet)": 474.0, "Completed": 2009, "Work": "New Well", "State report number": "185917"}, "geometry": {"type": "Point", "coordinates": [-95.880278, 30.263612]}},
    {"type": "Feature", "properties": {"name": "Well or boring", "description": "Recorded use: closed-loop geothermal", "Use": "Monitoring, testing or other", "Depth (feet)": 300.0, "Completed": 2009, "Work": "New Well", "State report number": "186093"}, "geometry": {"type": "Point", "coordinates": [-95.976667, 30.665556]}},
    {"type": "Feature", "properties": {"name": "Water well", "description": "Recorded use: domestic", "Use": "Household", "Depth (feet)": 213.0, "Completed": 2004, "Work": "New Well", "State report number": "187046"}, "geometry": {"type": "Point", "coordinates": [-95.868611, 30.600556]}},
    {"type": "Feature", "properties": {"name": "Water well", "description": "Recorded use: domestic", "Use": "Household", "Depth (feet)": 200.0, "Completed": 2009, "Work": "New Well", "State report number": "187296"}, "geometry": {"type": "Point", "coordinates": [-95.840556, 30.3675]}},
    {"type": "Feature", "properties": {"name": "Water well", "description": "Recorded use: domestic", "Use": "Household", "Depth (feet)": 459.0, "Completed": 2009, "Work": "New Well", "State report number": "187485"}, "geometry": {"type": "Point", "coordinates": [-95.910834, 30.493056]}},
    {"type": "Feature", "properties": {"name": "Water well", "description": "Recorded use: domestic", "Use": "Household", "Depth (feet)": 225.0, "Completed": 2004, "Work": "New Well", "State report number": "188053"}, "geometry": {"type": "Point", "coordinates": [-95.825, 30.546945]}},
    {"type": "Feature", "properties": {"name": "Water well", "description": "Recorded use: rig supply", "Use": "Industrial or drilling supply", "Depth (feet)": 350.0, "Completed": 2009, "Work": "New Well", "State report number": "188259"}, "geometry": {"type": "Point", "coordinates": [-95.905001, 30.504445]}},
    {"type": "Feature", "properties": {"name": "Water well", "description": "Recorded use: domestic", "Use": "Household", "Depth (feet)": 212.0, "Completed": 2009, "Work": "New Well", "State report number": "188553"}, "geometry": {"type": "Point", "coordinates": [-96.007778, 30.559723]}},
    {"type": "Feature", "properties": {"name": "Water well", "description": "Recorded use: irrigation", "Use": "Livestock or irrigation", "Depth (feet)": 410.0, "Completed": 2009, "Work": "New Well", "State report number": "188601"}, "geometry": {"type": "Point", "coordinates": [-96.121472, 30.377472]}},
    {"type": "Feature", "properties": {"name": "Water well", "description": "Recorded use: domestic", "Use": "Household", "Depth (feet)": 112.0, "Completed": 2009, "Work": "New Well", "State report number": "188759"}, "geometry": {"type": "Point", "coordinates": [-95.959445, 30.598334]}},
    {"type": "Feature", "properties": {"name": "Water well", "description": "Recorded use: domestic", "Use": "Household", "Depth (feet)": 172.0, "Completed": 2009, "Work": "New Well", "State report number": "188760"}, "geometry": {"type": "Point", "coordinates": [-95.84, 30.555278]}},
    {"type": "Feature", "properties": {"name": "Water well", "description": "Recorded use: domestic", "Use": "Household", "Depth (feet)": 232.0, "Completed": 2009, "Work": "New Well", "State report number": "188778"}, "geometry": {"type": "Point", "coordinates": [-95.843056, 30.488056]}},
    {"type": "Feature", "properties": {"name": "Water well", "description": "Recorded use: domestic", "Use": "Household", "Depth (feet)": 320.0, "Completed": 2009, "Work": "New Well", "State report number": "188886"}, "geometry": {"type": "Point", "coordinates": [-95.87, 30.469444]}},
    {"type": "Feature", "properties": {"name": "Water well", "description": "Recorded use: industrial", "Use": "Industrial or drilling supply", "Depth (feet)": 450.0, "Completed": 2006, "Work": "New Well", "State report number": "189527"}, "geometry": {"type": "Point", "coordinates": [-95.896945, 30.537222]}},
    {"type": "Feature", "properties": {"name": "Water well", "description": "Recorded use: domestic", "Use": "Household", "Depth (feet)": 380.0, "Completed": 2009, "Work": "New Well", "State report number": "189591"}, "geometry": {"type": "Point", "coordinates": [-95.921389, 30.256945]}},
    {"type": "Feature", "properties": {"name": "Water well", "description": "Recorded use: domestic", "Use": "Household", "Depth (feet)": 260.0, "Completed": 2009, "Work": "New Well", "State report number": "189592"}, "geometry": {"type": "Point", "coordinates": [-95.852223, 30.248056]}},
    {"type": "Feature", "properties": {"name": "Water well", "description": "Recorded use: domestic", "Use": "Household", "Depth (feet)": 565.0, "Completed": 2009, "Work": "New Well", "State report number": "189951"}, "geometry": {"type": "Point", "coordinates": [-96.024444, 30.434167]}},
    {"type": "Feature", "properties": {"name": "Water well", "description": "Recorded use: domestic", "Use": "Household", "Depth (feet)": 269.0, "Completed": 2009, "Work": "New Well", "State report number": "190126"}, "geometry": {"type": "Point", "coordinates": [-95.856112, 30.257223]}},
    {"type": "Feature", "properties": {"name": "Water well", "description": "Recorded use: domestic", "Use": "Household", "Depth (feet)": 400.0, "Completed": 2007, "Work": "New Well", "State report number": "190340"}, "geometry": {"type": "Point", "coordinates": [-96.035556, 30.735834]}},
    {"type": "Feature", "properties": {"name": "Water well", "description": "Recorded use: domestic", "Use": "Household", "Depth (feet)": 267.0, "Completed": 2009, "Work": "New Well", "State report number": "190675"}, "geometry": {"type": "Point", "coordinates": [-96.018611, 30.310001]}},
    {"type": "Feature", "properties": {"name": "Water well", "description": "Recorded use: domestic", "Use": "Household", "Depth (feet)": 355.0, "Completed": 2009, "Work": "New Well", "State report number": "190677"}, "geometry": {"type": "Point", "coordinates": [-95.991111, 30.333611]}},
    {"type": "Feature", "properties": {"name": "Water well", "description": "Recorded use: domestic", "Use": "Household", "Depth (feet)": 207.0, "Completed": 2009, "Work": "New Well", "State report number": "191142"}, "geometry": {"type": "Point", "coordinates": [-95.8475, 30.424722]}},
    {"type": "Feature", "properties": {"name": "Water well", "description": "Recorded use: domestic", "Use": "Household", "Depth (feet)": 452.0, "Completed": 2003, "Work": "New Well", "State report number": "191702"}, "geometry": {"type": "Point", "coordinates": [-96.051945, 30.371389]}},
    {"type": "Feature", "properties": {"name": "Water well", "description": "Recorded use: domestic", "Use": "Household", "Depth (feet)": 360.0, "Completed": 2009, "Work": "New Well", "State report number": "191719"}, "geometry": {"type": "Point", "coordinates": [-95.857778, 30.271389]}},
    {"type": "Feature", "properties": {"name": "Water well", "description": "Recorded use: industrial", "Use": "Industrial or drilling supply", "Depth (feet)": 330.0, "Completed": 2007, "Work": "New Well", "State report number": "191946"}, "geometry": {"type": "Point", "coordinates": [-95.868611, 30.561945]}},
    {"type": "Feature", "properties": {"name": "Water well", "description": "Recorded use: stock", "Use": "Livestock or irrigation", "Depth (feet)": 240.0, "Completed": 2009, "Work": "New Well", "State report number": "192538"}, "geometry": {"type": "Point", "coordinates": [-95.920278, 30.432778]}},
    {"type": "Feature", "properties": {"name": "Water well", "description": "Recorded use: stock", "Use": "Livestock or irrigation", "Depth (feet)": 240.0, "Completed": 2009, "Work": "New Well", "State report number": "192546"}, "geometry": {"type": "Point", "coordinates": [-95.912501, 30.431667]}},
    {"type": "Feature", "properties": {"name": "Water well", "description": "Recorded use: domestic", "Use": "Household", "Depth (feet)": 220.0, "Completed": 2009, "Work": "New Well", "State report number": "192791"}, "geometry": {"type": "Point", "coordinates": [-95.822222, 30.540834]}},
    {"type": "Feature", "properties": {"name": "Water well", "description": "Recorded use: stock", "Use": "Livestock or irrigation", "Depth (feet)": 340.0, "Completed": 2009, "Work": "New Well", "State report number": "192796"}, "geometry": {"type": "Point", "coordinates": [-96.043611, 30.550278]}},
    {"type": "Feature", "properties": {"name": "Water well", "description": "Recorded use: stock", "Use": "Livestock or irrigation", "Depth (feet)": 365.0, "Completed": 2009, "Work": "New Well", "State report number": "193156"}, "geometry": {"type": "Point", "coordinates": [-96.106389, 30.654445]}},
    {"type": "Feature", "properties": {"name": "Water well", "description": "Recorded use: stock", "Use": "Livestock or irrigation", "Depth (feet)": 220.0, "Completed": 2009, "Work": "New Well", "State report number": "193231"}, "geometry": {"type": "Point", "coordinates": [-96.066112, 30.79]}},
    {"type": "Feature", "properties": {"name": "Well or boring", "description": "Recorded use: closed-loop geothermal", "Use": "Monitoring, testing or other", "Depth (feet)": 250.0, "Completed": 2009, "Work": "New Well", "State report number": "193557"}, "geometry": {"type": "Point", "coordinates": [-96.148334, 30.593611]}},
    {"type": "Feature", "properties": {"name": "Water well", "description": "Recorded use: domestic", "Use": "Household", "Depth (feet)": 160.0, "Completed": 2009, "Work": "New Well", "State report number": "194160"}, "geometry": {"type": "Point", "coordinates": [-96.001112, 30.471944]}},
    {"type": "Feature", "properties": {"name": "Water well", "description": "Recorded use: domestic", "Use": "Household", "Depth (feet)": 410.0, "Completed": 2009, "Work": "New Well", "State report number": "194295"}, "geometry": {"type": "Point", "coordinates": [-96.138334, 30.7275]}},
    {"type": "Feature", "properties": {"name": "Water well", "description": "Recorded use: industrial", "Use": "Industrial or drilling supply", "Depth (feet)": 492.0, "Completed": 2009, "Work": "New Well", "State report number": "194320"}, "geometry": {"type": "Point", "coordinates": [-95.892778, 30.666667]}},
    {"type": "Feature", "properties": {"name": "Water well", "description": "Recorded use: domestic", "Use": "Household", "Depth (feet)": 320.0, "Completed": 2009, "Work": "New Well", "State report number": "194334"}, "geometry": {"type": "Point", "coordinates": [-95.915001, 30.580278]}},
    {"type": "Feature", "properties": {"name": "Water well", "description": "Recorded use: domestic", "Use": "Household", "Depth (feet)": 410.0, "Completed": 2009, "Work": "New Well", "State report number": "194433"}, "geometry": {"type": "Point", "coordinates": [-95.842222, 30.471667]}},
    {"type": "Feature", "properties": {"name": "Water well", "description": "Recorded use: domestic", "Use": "Household", "Depth (feet)": 293.0, "Completed": 2009, "Work": "New Well", "State report number": "194630"}, "geometry": {"type": "Point", "coordinates": [-95.844722, 30.590278]}},
    {"type": "Feature", "properties": {"name": "Water well", "description": "Recorded use: domestic", "Use": "Household", "Depth (feet)": 330.0, "Completed": 2009, "Work": "New Well", "State report number": "194718"}, "geometry": {"type": "Point", "coordinates": [-95.838611, 30.483055]}},
    {"type": "Feature", "properties": {"name": "Water well", "description": "Recorded use: domestic", "Use": "Household", "Depth (feet)": 398.0, "Completed": 2009, "Work": "New Well", "State report number": "194719"}, "geometry": {"type": "Point", "coordinates": [-95.835, 30.480278]}},
    {"type": "Feature", "properties": {"name": "Water well", "description": "Recorded use: domestic", "Use": "Household", "Depth (feet)": 240.0, "Completed": 2009, "Work": "New Well", "State report number": "195086"}, "geometry": {"type": "Point", "coordinates": [-95.915001, 30.580278]}},
    {"type": "Feature", "properties": {"name": "Water well", "description": "Recorded use: domestic", "Use": "Household", "Depth (feet)": 240.0, "Completed": 2009, "Work": "New Well", "State report number": "195092"}, "geometry": {"type": "Point", "coordinates": [-95.915001, 30.580278]}},
    {"type": "Feature", "properties": {"name": "Water well", "description": "Recorded use: domestic", "Use": "Household", "Depth (feet)": 320.0, "Completed": 2009, "Work": "New Well", "State report number": "195108"}, "geometry": {"type": "Point", "coordinates": [-95.941945, 30.801389]}},
    {"type": "Feature", "properties": {"name": "Water well", "description": "Recorded use: domestic", "Use": "Household", "Depth (feet)": 225.0, "Completed": 2007, "Work": "New Well", "State report number": "195871"}, "geometry": {"type": "Point", "coordinates": [-95.848889, 30.714167]}},
    {"type": "Feature", "properties": {"name": "Water well", "description": "Recorded use: domestic", "Use": "Household", "Depth (feet)": 102.0, "Completed": 2009, "Work": "New Well", "State report number": "196078"}, "geometry": {"type": "Point", "coordinates": [-96.079722, 30.374444]}},
    {"type": "Feature", "properties": {"name": "Water well", "description": "Recorded use: domestic", "Use": "Household", "Depth (feet)": 126.0, "Completed": 2009, "Work": "New Well", "State report number": "196125"}, "geometry": {"type": "Point", "coordinates": [-95.905834, 30.257223]}},
    {"type": "Feature", "properties": {"name": "Well or boring", "description": "Recorded use: monitor", "Use": "Monitoring, testing or other", "Depth (feet)": 35.0, "Completed": 2009, "Work": "New Well", "State report number": "196418"}, "geometry": {"type": "Point", "coordinates": [-96.0675, 30.385]}},
    {"type": "Feature", "properties": {"name": "Water well", "description": "Recorded use: irrigation", "Use": "Livestock or irrigation", "Depth (feet)": 165.0, "Completed": 2009, "Work": "New Well", "State report number": "196587"}, "geometry": {"type": "Point", "coordinates": [-95.998334, 30.623611]}},
    {"type": "Feature", "properties": {"name": "Water well", "description": "Recorded use: irrigation", "Use": "Livestock or irrigation", "Depth (feet)": 165.0, "Completed": 2009, "Work": "New Well", "State report number": "196588"}, "geometry": {"type": "Point", "coordinates": [-95.998334, 30.623611]}},
    {"type": "Feature", "properties": {"name": "Water well", "description": "Recorded use: irrigation", "Use": "Livestock or irrigation", "Depth (feet)": 170.0, "Completed": 2009, "Work": "New Well", "State report number": "196589"}, "geometry": {"type": "Point", "coordinates": [-95.998334, 30.623611]}},
    {"type": "Feature", "properties": {"name": "Water well", "description": "Recorded use: irrigation", "Use": "Livestock or irrigation", "Depth (feet)": 240.0, "Completed": 2009, "Work": "New Well", "State report number": "196590"}, "geometry": {"type": "Point", "coordinates": [-95.976389, 30.607501]}},
    {"type": "Feature", "properties": {"name": "Water well", "description": "Recorded use: domestic", "Use": "Household", "Depth (feet)": 223.0, "Completed": 2009, "Work": "New Well", "State report number": "196776"}, "geometry": {"type": "Point", "coordinates": [-95.8875, 30.682778]}},
    {"type": "Feature", "properties": {"name": "Water well", "description": "Recorded use: domestic", "Use": "Household", "Depth (feet)": 160.0, "Completed": 2009, "Work": "New Well", "State report number": "197250"}, "geometry": {"type": "Point", "coordinates": [-95.853056, 30.281667]}},
    {"type": "Feature", "properties": {"name": "Water well", "description": "Recorded use: domestic", "Use": "Household", "Depth (feet)": 397.0, "Completed": 2009, "Work": "New Well", "State report number": "198184"}, "geometry": {"type": "Point", "coordinates": [-96.143889, 30.730833]}},
    {"type": "Feature", "properties": {"name": "Water well", "description": "Recorded use: domestic", "Use": "Household", "Depth (feet)": 360.0, "Completed": 2006, "Work": "New Well", "State report number": "198222"}, "geometry": {"type": "Point", "coordinates": [-96.09, 30.684167]}},
    {"type": "Feature", "properties": {"name": "Water well", "description": "Recorded use: domestic", "Use": "Household", "Depth (feet)": 245.0, "Completed": 2009, "Work": "New Well", "State report number": "198423"}, "geometry": {"type": "Point", "coordinates": [-95.84, 30.266944]}},
    {"type": "Feature", "properties": {"name": "Water well", "description": "Recorded use: domestic", "Use": "Household", "Depth (feet)": 220.0, "Completed": 2009, "Work": "New Well", "State report number": "198980"}, "geometry": {"type": "Point", "coordinates": [-96.005556, 30.337778]}},
    {"type": "Feature", "properties": {"name": "Water well", "description": "Recorded use: domestic", "Use": "Household", "Depth (feet)": 240.0, "Completed": 2005, "Work": "Replacement", "State report number": "199018"}, "geometry": {"type": "Point", "coordinates": [-95.858334, 30.650278]}},
    {"type": "Feature", "properties": {"name": "Water well", "description": "Recorded use: domestic", "Use": "Household", "Depth (feet)": 168.0, "Completed": 2009, "Work": "New Well", "State report number": "199227"}, "geometry": {"type": "Point", "coordinates": [-95.9175, 30.285834]}},
    {"type": "Feature", "properties": {"name": "Water well", "description": "Recorded use: domestic", "Use": "Household", "Depth (feet)": 573.0, "Completed": 2009, "Work": "New Well", "State report number": "199318"}, "geometry": {"type": "Point", "coordinates": [-96.076389, 30.534167]}},
    {"type": "Feature", "properties": {"name": "Water well", "description": "Recorded use: domestic", "Use": "Household", "Depth (feet)": 500.0, "Completed": 2009, "Work": "New Well", "State report number": "200610"}, "geometry": {"type": "Point", "coordinates": [-96.050278, 30.461112]}},
    {"type": "Feature", "properties": {"name": "Water well", "description": "Recorded use: irrigation", "Use": "Livestock or irrigation", "Depth (feet)": 863.0, "Completed": 2005, "Work": "New Well", "State report number": "201143"}, "geometry": {"type": "Point", "coordinates": [-96.036389, 30.413612]}},
    {"type": "Feature", "properties": {"name": "Water well", "description": "Recorded use: domestic", "Use": "Household", "Depth (feet)": 140.0, "Completed": 2009, "Work": "New Well", "State report number": "201495"}, "geometry": {"type": "Point", "coordinates": [-96.022222, 30.368333]}},
    {"type": "Feature", "properties": {"name": "Water well", "description": "Recorded use: domestic", "Use": "Household", "Depth (feet)": 320.0, "Completed": 2009, "Work": "New Well", "State report number": "201934"}, "geometry": {"type": "Point", "coordinates": [-96.093889, 30.688056]}},
    {"type": "Feature", "properties": {"name": "Water well", "description": "Recorded use: domestic", "Use": "Household", "Depth (feet)": 210.0, "Completed": 2009, "Work": "New Well", "State report number": "201937"}, "geometry": {"type": "Point", "coordinates": [-95.980833, 30.344722]}},
    {"type": "Feature", "properties": {"name": "Water well", "description": "Recorded use: domestic", "Use": "Household", "Depth (feet)": 280.0, "Completed": 2009, "Work": "New Well", "State report number": "201949"}, "geometry": {"type": "Point", "coordinates": [-96.011112, 30.3175]}},
    {"type": "Feature", "properties": {"name": "Water well", "description": "Recorded use: domestic", "Use": "Household", "Depth (feet)": 300.0, "Completed": 2009, "Work": "New Well", "State report number": "201954"}, "geometry": {"type": "Point", "coordinates": [-95.867222, 30.304167]}},
    {"type": "Feature", "properties": {"name": "Water well", "description": "Recorded use: domestic", "Use": "Household", "Depth (feet)": 300.0, "Completed": 2009, "Work": "New Well", "State report number": "202294"}, "geometry": {"type": "Point", "coordinates": [-96.071667, 30.77]}},
    {"type": "Feature", "properties": {"name": "Water well", "description": "Recorded use: industrial", "Use": "Industrial or drilling supply", "Depth (feet)": 530.0, "Completed": 2009, "Work": "New Well", "State report number": "202607"}, "geometry": {"type": "Point", "coordinates": [-96.129722, 30.560556]}},
    {"type": "Feature", "properties": {"name": "Water well", "description": "Recorded use: domestic", "Use": "Household", "Depth (feet)": 300.0, "Completed": 2009, "Work": "New Well", "State report number": "202799"}, "geometry": {"type": "Point", "coordinates": [-95.970278, 30.247778]}},
    {"type": "Feature", "properties": {"name": "Water well", "description": "Recorded use: stock", "Use": "Livestock or irrigation", "Depth (feet)": 225.0, "Completed": 2009, "Work": "New Well", "State report number": "202930"}, "geometry": {"type": "Point", "coordinates": [-96.052778, 30.331667]}},
    {"type": "Feature", "properties": {"name": "Water well", "description": "Recorded use: industrial", "Use": "Industrial or drilling supply", "Depth (feet)": 370.0, "Completed": 2007, "Work": "New Well", "State report number": "203666"}, "geometry": {"type": "Point", "coordinates": [-95.871389, 30.464723]}},
    {"type": "Feature", "properties": {"name": "Water well", "description": "Recorded use: domestic", "Use": "Household", "Depth (feet)": 360.0, "Completed": 2009, "Work": "New Well", "State report number": "204184"}, "geometry": {"type": "Point", "coordinates": [-95.861945, 30.28]}},
    {"type": "Feature", "properties": {"name": "Water well", "description": "Recorded use: domestic", "Use": "Household", "Depth (feet)": 250.0, "Completed": 2010, "Work": "New Well", "State report number": "204639"}, "geometry": {"type": "Point", "coordinates": [-95.850556, 30.244722]}},
    {"type": "Feature", "properties": {"name": "Water well", "description": "Recorded use: domestic", "Use": "Household", "Depth (feet)": 420.0, "Completed": 2010, "Work": "New Well", "State report number": "204872"}, "geometry": {"type": "Point", "coordinates": [-96.024167, 30.445278]}},
    {"type": "Feature", "properties": {"name": "Water well", "description": "Recorded use: domestic", "Use": "Household", "Depth (feet)": 340.0, "Completed": 2010, "Work": "New Well", "State report number": "206207"}, "geometry": {"type": "Point", "coordinates": [-95.896945, 30.313334]}},
    {"type": "Feature", "properties": {"name": "Water well", "description": "Recorded use: domestic", "Use": "Household", "Depth (feet)": 220.0, "Completed": 2009, "Work": "New Well", "State report number": "206251"}, "geometry": {"type": "Point", "coordinates": [-96.0925, 30.355278]}},
    {"type": "Feature", "properties": {"name": "Water well", "description": "Recorded use: domestic", "Use": "Household", "Depth (feet)": 240.0, "Completed": 2010, "Work": "Replacement", "State report number": "206821"}, "geometry": {"type": "Point", "coordinates": [-95.857501, 30.257501]}},
    {"type": "Feature", "properties": {"name": "Water well", "description": "Recorded use: domestic", "Use": "Household", "Depth (feet)": 335.0, "Completed": 2010, "Work": "New Well", "State report number": "206931"}, "geometry": {"type": "Point", "coordinates": [-95.806667, 30.248611]}},
    {"type": "Feature", "properties": {"name": "Water well", "description": "Recorded use: domestic", "Use": "Household", "Depth (feet)": 330.0, "Completed": 2008, "Work": "New Well", "State report number": "207234"}, "geometry": {"type": "Point", "coordinates": [-95.862501, 30.645278]}},
    {"type": "Feature", "properties": {"name": "Water well", "description": "Recorded use: domestic", "Use": "Household", "Depth (feet)": 201.0, "Completed": 2008, "Work": "New Well", "State report number": "207235"}, "geometry": {"type": "Point", "coordinates": [-95.965001, 30.715834]}},
    {"type": "Feature", "properties": {"name": "Water well", "description": "Recorded use: domestic", "Use": "Household", "Depth (feet)": 481.0, "Completed": 2007, "Work": "New Well", "State report number": "207257"}, "geometry": {"type": "Point", "coordinates": [-96.110556, 30.7925]}},
    {"type": "Feature", "properties": {"name": "Water well", "description": "Recorded use: domestic", "Use": "Household", "Depth (feet)": 586.0, "Completed": 2008, "Work": "New Well", "Plugged": "Yes", "State report number": "207271"}, "geometry": {"type": "Point", "coordinates": [-95.965001, 30.715834]}},
    {"type": "Feature", "properties": {"name": "Water well", "description": "Recorded use: domestic", "Use": "Household", "Depth (feet)": 346.0, "Completed": 2008, "Work": "New Well", "Plugged": "Yes", "State report number": "207273"}, "geometry": {"type": "Point", "coordinates": [-95.965001, 30.715834]}},
    {"type": "Feature", "properties": {"name": "Water well", "description": "Recorded use: domestic", "Use": "Household", "Depth (feet)": 365.0, "Completed": 2006, "Work": "New Well", "State report number": "207370"}, "geometry": {"type": "Point", "coordinates": [-95.947222, 30.822222]}},
    {"type": "Feature", "properties": {"name": "Water well", "description": "Recorded use: domestic", "Use": "Household", "Depth (feet)": 280.0, "Completed": 2010, "Work": "New Well", "State report number": "207979"}, "geometry": {"type": "Point", "coordinates": [-95.825, 30.248334]}},
    {"type": "Feature", "properties": {"name": "Water well", "description": "Recorded use: domestic", "Use": "Household", "Depth (feet)": 220.0, "Completed": 2010, "Work": "New Well", "State report number": "208398"}, "geometry": {"type": "Point", "coordinates": [-96.068333, 30.523333]}},
    {"type": "Feature", "properties": {"name": "Water well", "description": "Recorded use: domestic", "Use": "Household", "Depth (feet)": 266.0, "Completed": 2010, "Work": "New Well", "State report number": "208726"}, "geometry": {"type": "Point", "coordinates": [-95.909167, 30.67]}},
    {"type": "Feature", "properties": {"name": "Water well", "description": "Recorded use: stock", "Use": "Livestock or irrigation", "Depth (feet)": 260.0, "Completed": 2010, "Work": "New Well", "State report number": "208955"}, "geometry": {"type": "Point", "coordinates": [-96.005556, 30.678889]}},
    {"type": "Feature", "properties": {"name": "Water well", "description": "Recorded use: domestic", "Use": "Household", "Depth (feet)": 360.0, "Completed": 2010, "Work": "New Well", "State report number": "209119"}, "geometry": {"type": "Point", "coordinates": [-95.951667, 30.565278]}},
    {"type": "Feature", "properties": {"name": "Water well", "description": "Recorded use: irrigation", "Use": "Livestock or irrigation", "Depth (feet)": 75.0, "Completed": 2008, "Work": "New Well", "State report number": "209136"}, "geometry": {"type": "Point", "coordinates": [-96.141111, 30.331111]}},
    {"type": "Feature", "properties": {"name": "Water well", "description": "Recorded use: irrigation", "Use": "Livestock or irrigation", "Depth (feet)": 80.0, "Completed": 2008, "Work": "New Well", "State report number": "209138"}, "geometry": {"type": "Point", "coordinates": [-96.1475, 30.328611]}},
    {"type": "Feature", "properties": {"name": "Water well", "description": "Recorded use: industrial", "Use": "Industrial or drilling supply", "Depth (feet)": 70.0, "Completed": 2008, "Work": "New Well", "State report number": "209145"}, "geometry": {"type": "Point", "coordinates": [-96.1375, 30.326667]}},
    {"type": "Feature", "properties": {"name": "Water well", "description": "Recorded use: stock", "Use": "Livestock or irrigation", "Depth (feet)": 360.0, "Completed": 2010, "Work": "New Well", "State report number": "209844"}, "geometry": {"type": "Point", "coordinates": [-95.988334, 30.295278]}},
    {"type": "Feature", "properties": {"name": "Water well", "description": "Recorded use: domestic", "Use": "Household", "Depth (feet)": 240.0, "Completed": 2004, "Work": "New Well", "State report number": "210026"}, "geometry": {"type": "Point", "coordinates": [-96.009167, 30.400834]}},
    {"type": "Feature", "properties": {"name": "Water well", "description": "Recorded use: domestic", "Use": "Household", "Depth (feet)": 236.0, "Completed": 2005, "Work": "New Well", "State report number": "210032"}, "geometry": {"type": "Point", "coordinates": [-96.061667, 30.396667]}},
    {"type": "Feature", "properties": {"name": "Water well", "description": "Recorded use: domestic", "Use": "Household", "Depth (feet)": 260.0, "Completed": 2010, "Work": "New Well", "State report number": "210085"}, "geometry": {"type": "Point", "coordinates": [-95.830278, 30.495556]}},
    {"type": "Feature", "properties": {"name": "Water well", "description": "Recorded use: domestic", "Use": "Household", "Depth (feet)": 300.0, "Completed": 2010, "Work": "New Well", "State report number": "210128"}, "geometry": {"type": "Point", "coordinates": [-95.8825, 30.843889]}},
    {"type": "Feature", "properties": {"name": "Well or boring", "description": "Recorded use: monitor", "Use": "Monitoring, testing or other", "Depth (feet)": 30.0, "Completed": 2010, "Work": "New Well", "Plugged": "Yes", "State report number": "210213"}, "geometry": {"type": "Point", "coordinates": [-96.092778, 30.403889]}},
    {"type": "Feature", "properties": {"name": "Well or boring", "description": "Recorded use: monitor", "Use": "Monitoring, testing or other", "Depth (feet)": 25.0, "Completed": 2010, "Work": "New Well", "Plugged": "Yes", "State report number": "210214"}, "geometry": {"type": "Point", "coordinates": [-96.092778, 30.403889]}},
    {"type": "Feature", "properties": {"name": "Well or boring", "description": "Recorded use: monitor", "Use": "Monitoring, testing or other", "Depth (feet)": 30.0, "Completed": 2010, "Work": "New Well", "Plugged": "Yes", "State report number": "210215"}, "geometry": {"type": "Point", "coordinates": [-96.092778, 30.403889]}},
    {"type": "Feature", "properties": {"name": "Well or boring", "description": "Recorded use: monitor", "Use": "Monitoring, testing or other", "Depth (feet)": 30.0, "Completed": 2010, "Work": "New Well", "Plugged": "Yes", "State report number": "210216"}, "geometry": {"type": "Point", "coordinates": [-96.092778, 30.403889]}},
    {"type": "Feature", "properties": {"name": "Well or boring", "description": "Recorded use: monitor", "Use": "Monitoring, testing or other", "Depth (feet)": 31.0, "Completed": 2010, "Work": "New Well", "Plugged": "Yes", "State report number": "210217"}, "geometry": {"type": "Point", "coordinates": [-96.092778, 30.403889]}},
    {"type": "Feature", "properties": {"name": "Water well", "description": "Recorded use: domestic", "Use": "Household", "Depth (feet)": 160.0, "Completed": 2005, "Work": "New Well", "State report number": "210391"}, "geometry": {"type": "Point", "coordinates": [-95.9275, 30.257223]}},
    {"type": "Feature", "properties": {"name": "Water well", "description": "Recorded use: rig supply", "Use": "Industrial or drilling supply", "Depth (feet)": 230.0, "Completed": 2010, "Work": "New Well", "State report number": "210578"}, "geometry": {"type": "Point", "coordinates": [-95.893056, 30.505001]}},
    {"type": "Feature", "properties": {"name": "Water well", "description": "Recorded use: domestic", "Use": "Household", "Depth (feet)": 120.0, "Completed": 2010, "Work": "New Well", "State report number": "210705"}, "geometry": {"type": "Point", "coordinates": [-96.093334, 30.501389]}},
    {"type": "Feature", "properties": {"name": "Water well", "description": "Recorded use: domestic", "Use": "Household", "Depth (feet)": 500.0, "Completed": 2010, "Work": "New Well", "State report number": "210949"}, "geometry": {"type": "Point", "coordinates": [-95.960278, 30.262223]}},
    {"type": "Feature", "properties": {"name": "Water well", "description": "Recorded use: domestic", "Use": "Household", "Depth (feet)": 220.0, "Completed": 2004, "Work": "New Well", "State report number": "211657"}, "geometry": {"type": "Point", "coordinates": [-95.829444, 30.564445]}},
    {"type": "Feature", "properties": {"name": "Water well", "description": "Recorded use: domestic", "Use": "Household", "Depth (feet)": 323.0, "Completed": 2010, "Work": "New Well", "State report number": "211730"}, "geometry": {"type": "Point", "coordinates": [-96.088611, 30.689167]}},
    {"type": "Feature", "properties": {"name": "Water well", "description": "Recorded use: domestic", "Use": "Household", "Depth (feet)": 160.0, "Completed": 2010, "Work": "New Well", "State report number": "211899"}, "geometry": {"type": "Point", "coordinates": [-96.078055, 30.504723]}},
    {"type": "Feature", "properties": {"name": "Water well", "description": "Recorded use: domestic", "Use": "Household", "Depth (feet)": 360.0, "Completed": 2010, "Work": "New Well", "State report number": "211906"}, "geometry": {"type": "Point", "coordinates": [-95.9425, 30.799167]}},
    {"type": "Feature", "properties": {"name": "Water well", "description": "Recorded use: industrial", "Use": "Industrial or drilling supply", "Depth (feet)": 270.0, "Completed": 2005, "Work": "New Well", "State report number": "211952"}, "geometry": {"type": "Point", "coordinates": [-95.869444, 30.502501]}},
    {"type": "Feature", "properties": {"name": "Water well", "description": "Recorded use: domestic", "Use": "Household", "Depth (feet)": 327.0, "Completed": 2010, "Work": "New Well", "State report number": "212254"}, "geometry": {"type": "Point", "coordinates": [-96.002778, 30.449445]}},
    {"type": "Feature", "properties": {"name": "Water well", "description": "Recorded use: domestic", "Use": "Household", "Depth (feet)": 532.0, "Completed": 2010, "Work": "New Well", "State report number": "212509"}, "geometry": {"type": "Point", "coordinates": [-96.018889, 30.471111]}},
    {"type": "Feature", "properties": {"name": "Water well", "description": "Recorded use: domestic", "Use": "Household", "Depth (feet)": 180.0, "Completed": 2010, "Work": "New Well", "State report number": "212794"}, "geometry": {"type": "Point", "coordinates": [-95.878889, 30.262778]}},
    {"type": "Feature", "properties": {"name": "Water well", "description": "Recorded use: domestic", "Use": "Household", "Depth (feet)": 142.0, "Completed": 2010, "Work": "New Well", "State report number": "213134"}, "geometry": {"type": "Point", "coordinates": [-96.010834, 30.443889]}},
    {"type": "Feature", "properties": {"name": "Water well", "description": "Recorded use: industrial", "Use": "Industrial or drilling supply", "Depth (feet)": 430.0, "Completed": 2010, "Work": "New Well", "State report number": "213307"}, "geometry": {"type": "Point", "coordinates": [-96.088056, 30.818611]}},
    {"type": "Feature", "properties": {"name": "Water well", "description": "Recorded use: domestic", "Use": "Household", "Depth (feet)": 410.0, "Completed": 2010, "Work": "New Well", "State report number": "213404"}, "geometry": {"type": "Point", "coordinates": [-95.875555, 30.275]}},
    {"type": "Feature", "properties": {"name": "Water well", "description": "Recorded use: domestic", "Use": "Household", "Depth (feet)": 100.0, "Completed": 2010, "Work": "New Well", "State report number": "213710"}, "geometry": {"type": "Point", "coordinates": [-96.060278, 30.3475]}},
    {"type": "Feature", "properties": {"name": "Water well", "description": "Recorded use: stock", "Use": "Livestock or irrigation", "Depth (feet)": 440.0, "Completed": 2010, "Work": "New Well", "State report number": "214060"}, "geometry": {"type": "Point", "coordinates": [-96.106667, 30.810834]}},
    {"type": "Feature", "properties": {"name": "Water well", "description": "Recorded use: domestic", "Use": "Household", "Depth (feet)": 515.0, "Completed": 2009, "Work": "New Well", "State report number": "214543"}, "geometry": {"type": "Point", "coordinates": [-96.104723, 30.772222]}},
    {"type": "Feature", "properties": {"name": "Water well", "description": "Recorded use: domestic", "Use": "Household", "Depth (feet)": 240.0, "Completed": 2010, "Work": "New Well", "State report number": "214812"}, "geometry": {"type": "Point", "coordinates": [-95.953056, 30.6725]}},
    {"type": "Feature", "properties": {"name": "Water well", "description": "Recorded use: domestic", "Use": "Household", "Depth (feet)": 400.0, "Completed": 2010, "Work": "New Well", "State report number": "214822"}, "geometry": {"type": "Point", "coordinates": [-95.99, 30.514167]}},
    {"type": "Feature", "properties": {"name": "Water well", "description": "Recorded use: stock", "Use": "Livestock or irrigation", "Depth (feet)": 160.0, "Completed": 2010, "Work": "New Well", "State report number": "216497"}, "geometry": {"type": "Point", "coordinates": [-95.997778, 30.553612]}},
    {"type": "Feature", "properties": {"name": "Water well", "description": "Recorded use: irrigation", "Use": "Livestock or irrigation", "Depth (feet)": 390.0, "Completed": 2006, "Work": "New Well", "State report number": "216823"}, "geometry": {"type": "Point", "coordinates": [-96.022222, 30.425555]}},
    {"type": "Feature", "properties": {"name": "Water well", "description": "Recorded use: industrial", "Use": "Industrial or drilling supply", "Depth (feet)": 250.0, "Completed": 2006, "Work": "New Well", "State report number": "217047"}, "geometry": {"type": "Point", "coordinates": [-95.874722, 30.537222]}},
    {"type": "Feature", "properties": {"name": "Water well", "description": "Recorded use: domestic", "Use": "Household", "Depth (feet)": 466.0, "Completed": 2010, "Work": "New Well", "State report number": "217560"}, "geometry": {"type": "Point", "coordinates": [-96.032222, 30.369167]}},
    {"type": "Feature", "properties": {"name": "Water well", "description": "Recorded use: domestic", "Use": "Household", "Depth (feet)": 198.0, "Completed": 2009, "Work": "New Well", "State report number": "217699"}, "geometry": {"type": "Point", "coordinates": [-95.987778, 30.490834]}},
    {"type": "Feature", "properties": {"name": "Water well", "description": "Recorded use: rig supply", "Use": "Industrial or drilling supply", "Depth (feet)": 260.0, "Completed": 2006, "Work": "New Well", "State report number": "217733"}, "geometry": {"type": "Point", "coordinates": [-96.061945, 30.5375]}},
    {"type": "Feature", "properties": {"name": "Water well", "description": "Recorded use: rig supply", "Use": "Industrial or drilling supply", "Depth (feet)": 240.0, "Completed": 2010, "Work": "New Well", "State report number": "217739"}, "geometry": {"type": "Point", "coordinates": [-95.935278, 30.355556]}},
    {"type": "Feature", "properties": {"name": "Water well", "description": "Recorded use: domestic", "Use": "Household", "Depth (feet)": 260.0, "Completed": 2010, "Work": "New Well", "State report number": "218231"}, "geometry": {"type": "Point", "coordinates": [-95.961945, 30.376389]}},
    {"type": "Feature", "properties": {"name": "Water well", "description": "Recorded use: public supply", "Use": "Public water supply", "Depth (feet)": 280.0, "Completed": 2010, "Work": "New Well", "State report number": "218563"}, "geometry": {"type": "Point", "coordinates": [-95.823055, 30.245834]}},
    {"type": "Feature", "properties": {"name": "Water well", "description": "Recorded use: domestic", "Use": "Household", "Depth (feet)": 260.0, "Completed": 2005, "Work": "New Well", "State report number": "218820"}, "geometry": {"type": "Point", "coordinates": [-95.857501, 30.244722]}},
    {"type": "Feature", "properties": {"name": "Water well", "description": "Recorded use: domestic", "Use": "Household", "Depth (feet)": 300.0, "Completed": 2010, "Work": "New Well", "State report number": "219242"}, "geometry": {"type": "Point", "coordinates": [-95.883055, 30.841945]}},
    {"type": "Feature", "properties": {"name": "Water well", "description": "Recorded use: domestic", "Use": "Household", "Depth (feet)": 680.0, "Completed": 2010, "Work": "New Well", "State report number": "219620"}, "geometry": {"type": "Point", "coordinates": [-95.856389, 30.763889]}},
    {"type": "Feature", "properties": {"name": "Water well", "description": "Recorded use: domestic", "Use": "Household", "Depth (feet)": 260.0, "Completed": 2010, "Work": "New Well", "State report number": "221062"}, "geometry": {"type": "Point", "coordinates": [-96.120278, 30.733611]}},
    {"type": "Feature", "properties": {"name": "Water well", "description": "Recorded use: domestic", "Use": "Household", "Depth (feet)": 450.0, "Completed": 2010, "Work": "New Well", "State report number": "221068"}, "geometry": {"type": "Point", "coordinates": [-95.892222, 30.812223]}},
    {"type": "Feature", "properties": {"name": "Water well", "description": "Recorded use: domestic", "Use": "Household", "Depth (feet)": 382.0, "Completed": 2009, "Work": "New Well", "State report number": "221447"}, "geometry": {"type": "Point", "coordinates": [-95.919722, 30.265278]}},
    {"type": "Feature", "properties": {"name": "Water well", "description": "Recorded use: domestic", "Use": "Household", "Depth (feet)": 330.0, "Completed": 2009, "Work": "New Well", "State report number": "221731"}, "geometry": {"type": "Point", "coordinates": [-95.893611, 30.485278]}},
    {"type": "Feature", "properties": {"name": "Water well", "description": "Recorded use: domestic", "Use": "Household", "Depth (feet)": 246.0, "Completed": 2007, "Work": "New Well", "State report number": "221878"}, "geometry": {"type": "Point", "coordinates": [-95.868055, 30.249167]}},
    {"type": "Feature", "properties": {"name": "Water well", "description": "Recorded use: domestic", "Use": "Household", "Depth (feet)": 313.0, "Completed": 2010, "Work": "New Well", "State report number": "222012"}, "geometry": {"type": "Point", "coordinates": [-96.0775, 30.819167]}},
    {"type": "Feature", "properties": {"name": "Water well", "description": "Recorded use: stock", "Use": "Livestock or irrigation", "Depth (feet)": 320.0, "Completed": 2010, "Work": "New Well", "State report number": "222036"}, "geometry": {"type": "Point", "coordinates": [-95.948334, 30.500834]}},
    {"type": "Feature", "properties": {"name": "Water well", "description": "Recorded use: domestic", "Use": "Household", "Depth (feet)": 304.0, "Completed": 2010, "Work": "New Well", "State report number": "222973"}, "geometry": {"type": "Point", "coordinates": [-96.083611, 30.690556]}},
    {"type": "Feature", "properties": {"name": "Water well", "description": "Recorded use: industrial", "Use": "Industrial or drilling supply", "Depth (feet)": 370.0, "Completed": 2010, "Work": "New Well", "State report number": "223023"}, "geometry": {"type": "Point", "coordinates": [-95.898611, 30.452223]}},
    {"type": "Feature", "properties": {"name": "Water well", "description": "Recorded use: domestic", "Use": "Household", "Depth (feet)": 107.0, "Completed": 2010, "Work": "New Well", "State report number": "223496"}, "geometry": {"type": "Point", "coordinates": [-96.071389, 30.363056]}},
    {"type": "Feature", "properties": {"name": "Water well", "description": "Recorded use: domestic", "Use": "Household", "Depth (feet)": 317.0, "Completed": 2009, "Work": "New Well", "State report number": "224201"}, "geometry": {"type": "Point", "coordinates": [-95.896667, 30.311389]}},
    {"type": "Feature", "properties": {"name": "Water well", "description": "Recorded use: domestic", "Use": "Household", "Depth (feet)": 571.0, "Completed": 2010, "Work": "New Well", "State report number": "224354"}, "geometry": {"type": "Point", "coordinates": [-96.096111, 30.783334]}},
    {"type": "Feature", "properties": {"name": "Water well", "description": "Recorded use: domestic", "Use": "Household", "Depth (feet)": 240.0, "Completed": 2010, "Work": "New Well", "State report number": "224536"}, "geometry": {"type": "Point", "coordinates": [-95.952501, 30.585]}},
    {"type": "Feature", "properties": {"name": "Water well", "description": "Recorded use: domestic", "Use": "Household", "Depth (feet)": 330.0, "Completed": 2010, "Work": "New Well", "State report number": "225689"}, "geometry": {"type": "Point", "coordinates": [-95.821389, 30.411112]}},
    {"type": "Feature", "properties": {"name": "Water well", "description": "Recorded use: industrial", "Use": "Industrial or drilling supply", "Depth (feet)": 390.0, "Completed": 2010, "Work": "New Well", "State report number": "225778"}, "geometry": {"type": "Point", "coordinates": [-96.125, 30.802223]}},
    {"type": "Feature", "properties": {"name": "Water well", "description": "Recorded use: industrial", "Use": "Industrial or drilling supply", "Depth (feet)": 350.0, "Completed": 2010, "Work": "New Well", "State report number": "227214"}, "geometry": {"type": "Point", "coordinates": [-96.131944, 30.818889]}},
    {"type": "Feature", "properties": {"name": "Water well", "description": "Recorded use: domestic", "Use": "Household", "Depth (feet)": 182.0, "Completed": 2010, "Work": "New Well", "State report number": "227375"}, "geometry": {"type": "Point", "coordinates": [-95.888889, 30.270833]}},
    {"type": "Feature", "properties": {"name": "Water well", "description": "Recorded use: domestic", "Use": "Household", "Depth (feet)": 220.0, "Completed": 2010, "Work": "New Well", "State report number": "227687"}, "geometry": {"type": "Point", "coordinates": [-95.914167, 30.275]}},
    {"type": "Feature", "properties": {"name": "Well or boring", "description": "Recorded use: closed-loop geothermal", "Use": "Monitoring, testing or other", "Depth (feet)": 250.0, "Completed": 2010, "Work": "New Well", "State report number": "227750"}, "geometry": {"type": "Point", "coordinates": [-95.913334, 30.325]}},
    {"type": "Feature", "properties": {"name": "Water well", "description": "Recorded use: domestic", "Use": "Household", "Depth (feet)": 283.0, "Completed": 2010, "Work": "New Well", "State report number": "227804"}, "geometry": {"type": "Point", "coordinates": [-96.098056, 30.718611]}},
    {"type": "Feature", "properties": {"name": "Water well", "description": "Recorded use: domestic", "Use": "Household", "Depth (feet)": 353.0, "Completed": 2010, "Work": "New Well", "State report number": "227866"}, "geometry": {"type": "Point", "coordinates": [-95.830833, 30.476111]}},
    {"type": "Feature", "properties": {"name": "Water well", "description": "Recorded use: domestic", "Use": "Household", "Depth (feet)": 395.0, "Completed": 2010, "Work": "New Well", "State report number": "228444"}, "geometry": {"type": "Point", "coordinates": [-95.916112, 30.423055]}},
    {"type": "Feature", "properties": {"name": "Water well", "description": "Recorded use: domestic", "Use": "Household", "Depth (feet)": 218.0, "Completed": 2010, "Work": "New Well", "State report number": "228999"}, "geometry": {"type": "Point", "coordinates": [-96.002501, 30.565556]}},
    {"type": "Feature", "properties": {"name": "Water well", "description": "Recorded use: domestic", "Use": "Household", "Depth (feet)": 210.0, "Completed": 2010, "Work": "New Well", "State report number": "229007"}, "geometry": {"type": "Point", "coordinates": [-96.002223, 30.565001]}},
    {"type": "Feature", "properties": {"name": "Water well", "description": "Recorded use: domestic", "Use": "Household", "Depth (feet)": 210.0, "Completed": 2010, "Work": "New Well", "State report number": "229048"}, "geometry": {"type": "Point", "coordinates": [-95.847222, 30.423333]}},
    {"type": "Feature", "properties": {"name": "Water well", "description": "Recorded use: domestic", "Use": "Household", "Depth (feet)": 420.0, "Completed": 2009, "Work": "New Well", "State report number": "229307"}, "geometry": {"type": "Point", "coordinates": [-96.025555, 30.384445]}},
    {"type": "Feature", "properties": {"name": "Water well", "description": "Recorded use: domestic", "Use": "Household", "Depth (feet)": 175.0, "Completed": 2010, "Work": "New Well", "State report number": "230345"}, "geometry": {"type": "Point", "coordinates": [-95.844722, 30.295278]}},
    {"type": "Feature", "properties": {"name": "Water well", "description": "Recorded use: domestic", "Use": "Household", "Depth (feet)": 580.0, "Completed": 2008, "Work": "New Well", "State report number": "231584"}, "geometry": {"type": "Point", "coordinates": [-96.060556, 30.820278]}},
    {"type": "Feature", "properties": {"name": "Well or boring", "description": "Recorded use: environmental soil boring", "Use": "Monitoring, testing or other", "Depth (feet)": 16.0, "Completed": 2010, "Work": "New Well", "State report number": "231759"}, "geometry": {"type": "Point", "coordinates": [-96.042222, 30.595278]}},
    {"type": "Feature", "properties": {"name": "Well or boring", "description": "Recorded use: environmental soil boring", "Use": "Monitoring, testing or other", "Depth (feet)": 16.0, "Completed": 2010, "Work": "New Well", "State report number": "231760"}, "geometry": {"type": "Point", "coordinates": [-96.042222, 30.595278]}},
    {"type": "Feature", "properties": {"name": "Well or boring", "description": "Recorded use: environmental soil boring", "Use": "Monitoring, testing or other", "Depth (feet)": 16.0, "Completed": 2010, "Work": "New Well", "State report number": "231761"}, "geometry": {"type": "Point", "coordinates": [-96.042222, 30.595278]}},
    {"type": "Feature", "properties": {"name": "Well or boring", "description": "Recorded use: environmental soil boring", "Use": "Monitoring, testing or other", "Depth (feet)": 16.0, "Completed": 2010, "Work": "New Well", "State report number": "231762"}, "geometry": {"type": "Point", "coordinates": [-96.042222, 30.595278]}},
    {"type": "Feature", "properties": {"name": "Water well", "description": "Recorded use: domestic", "Use": "Household", "Depth (feet)": 210.0, "Completed": 2010, "Work": "New Well", "State report number": "231853"}, "geometry": {"type": "Point", "coordinates": [-95.850278, 30.417222]}},
    {"type": "Feature", "properties": {"name": "Water well", "description": "Recorded use: domestic", "Use": "Household", "Depth (feet)": 400.0, "Completed": 2010, "Work": "New Well", "State report number": "231875"}, "geometry": {"type": "Point", "coordinates": [-96.025555, 30.391389]}},
    {"type": "Feature", "properties": {"name": "Water well", "description": "Recorded use: domestic", "Use": "Household", "Depth (feet)": 337.0, "Completed": 2010, "Work": "New Well", "State report number": "231883"}, "geometry": {"type": "Point", "coordinates": [-96.100556, 30.706945]}},
    {"type": "Feature", "properties": {"name": "Water well", "description": "Recorded use: domestic", "Use": "Household", "Depth (feet)": 200.0, "Completed": 2010, "Work": "New Well", "State report number": "231892"}, "geometry": {"type": "Point", "coordinates": [-95.868611, 30.660001]}},
    {"type": "Feature", "properties": {"name": "Water well", "description": "Recorded use: domestic", "Use": "Household", "Depth (feet)": 160.0, "Completed": 2010, "Work": "New Well", "State report number": "232275"}, "geometry": {"type": "Point", "coordinates": [-96.038889, 30.397778]}},
    {"type": "Feature", "properties": {"name": "Water well", "description": "Recorded use: domestic", "Use": "Household", "Depth (feet)": 257.0, "Completed": 2010, "Work": "New Well", "State report number": "232869"}, "geometry": {"type": "Point", "coordinates": [-95.888889, 30.270833]}},
    {"type": "Feature", "properties": {"name": "Water well", "description": "Recorded use: domestic", "Use": "Household", "Depth (feet)": 260.0, "Completed": 2010, "Work": "New Well", "State report number": "233433"}, "geometry": {"type": "Point", "coordinates": [-96.056112, 30.318055]}},
    {"type": "Feature", "properties": {"name": "Water well", "description": "Recorded use: domestic", "Use": "Household", "Depth (feet)": 230.0, "Completed": 2010, "Work": "New Well", "State report number": "233521"}, "geometry": {"type": "Point", "coordinates": [-95.858612, 30.583055]}},
    {"type": "Feature", "properties": {"name": "Water well", "description": "Recorded use: domestic", "Use": "Household", "Depth (feet)": 309.0, "Completed": 2010, "Work": "New Well", "State report number": "233782"}, "geometry": {"type": "Point", "coordinates": [-96.005556, 30.324722]}},
    {"type": "Feature", "properties": {"name": "Water well", "description": "Recorded use: domestic", "Use": "Household", "Depth (feet)": 220.0, "Completed": 2010, "Work": "New Well", "State report number": "233794"}, "geometry": {"type": "Point", "coordinates": [-95.905001, 30.281111]}},
    {"type": "Feature", "properties": {"name": "Water well", "description": "Recorded use: domestic", "Use": "Household", "Depth (feet)": 405.0, "Completed": 2010, "Work": "New Well", "State report number": "234216"}, "geometry": {"type": "Point", "coordinates": [-95.893056, 30.277778]}},
    {"type": "Feature", "properties": {"name": "Water well", "description": "Recorded use: domestic", "Use": "Household", "Depth (feet)": 405.0, "Completed": 2010, "Work": "New Well", "State report number": "234218"}, "geometry": {"type": "Point", "coordinates": [-95.892778, 30.277778]}},
    {"type": "Feature", "properties": {"name": "Water well", "description": "Recorded use: domestic", "Use": "Household", "Depth (feet)": 407.0, "Completed": 2010, "Work": "New Well", "State report number": "235347"}, "geometry": {"type": "Point", "coordinates": [-95.938889, 30.335556]}},
    {"type": "Feature", "properties": {"name": "Water well", "description": "Recorded use: domestic", "Use": "Household", "Depth (feet)": 360.0, "Completed": 2010, "Work": "New Well", "State report number": "235982"}, "geometry": {"type": "Point", "coordinates": [-95.963056, 30.554445]}},
    {"type": "Feature", "properties": {"name": "Water well", "description": "Recorded use: stock", "Use": "Livestock or irrigation", "Depth (feet)": 300.0, "Completed": 2010, "Work": "New Well", "State report number": "235987"}, "geometry": {"type": "Point", "coordinates": [-95.954167, 30.566944]}},
    {"type": "Feature", "properties": {"name": "Water well", "description": "Recorded use: domestic", "Use": "Household", "Depth (feet)": 400.0, "Completed": 2010, "Work": "New Well", "State report number": "236775"}, "geometry": {"type": "Point", "coordinates": [-96.045834, 30.695834]}},
    {"type": "Feature", "properties": {"name": "Water well", "description": "Recorded use: industrial", "Use": "Industrial or drilling supply", "Depth (feet)": 374.0, "Completed": 2010, "Work": "New Well", "State report number": "236941"}, "geometry": {"type": "Point", "coordinates": [-95.966667, 30.649445]}},
    {"type": "Feature", "properties": {"name": "Water well", "description": "Recorded use: domestic", "Use": "Household", "Depth (feet)": 180.0, "Completed": 2010, "Work": "New Well", "State report number": "237232"}, "geometry": {"type": "Point", "coordinates": [-95.844722, 30.295278]}},
    {"type": "Feature", "properties": {"name": "Water well", "description": "Recorded use: domestic", "Use": "Household", "Depth (feet)": 540.0, "Completed": 2010, "Work": "New Well", "State report number": "237315"}, "geometry": {"type": "Point", "coordinates": [-95.860834, 30.323889]}},
    {"type": "Feature", "properties": {"name": "Water well", "description": "Recorded use: domestic", "Use": "Household", "Depth (feet)": 260.0, "Completed": 2010, "Work": "New Well", "State report number": "238162"}, "geometry": {"type": "Point", "coordinates": [-95.848334, 30.691945]}},
    {"type": "Feature", "properties": {"name": "Water well", "description": "Recorded use: domestic", "Use": "Household", "Depth (feet)": 380.0, "Completed": 2010, "Work": "New Well", "State report number": "238177"}, "geometry": {"type": "Point", "coordinates": [-96.095, 30.816112]}},
    {"type": "Feature", "properties": {"name": "Water well", "description": "Recorded use: domestic", "Use": "Household", "Depth (feet)": 200.0, "Completed": 2010, "Work": "New Well", "State report number": "238179"}, "geometry": {"type": "Point", "coordinates": [-95.961945, 30.559723]}},
    {"type": "Feature", "properties": {"name": "Well or boring", "description": "Recorded use: monitor", "Use": "Monitoring, testing or other", "Depth (feet)": 30.0, "Completed": 2010, "Work": "New Well", "Plugged": "Yes", "State report number": "238522"}, "geometry": {"type": "Point", "coordinates": [-96.096111, 30.398611]}},
    {"type": "Feature", "properties": {"name": "Well or boring", "description": "Recorded use: monitor", "Use": "Monitoring, testing or other", "Depth (feet)": 25.0, "Completed": 2010, "Work": "New Well", "Plugged": "Yes", "State report number": "238524"}, "geometry": {"type": "Point", "coordinates": [-96.096111, 30.398611]}},
    {"type": "Feature", "properties": {"name": "Well or boring", "description": "Recorded use: monitor", "Use": "Monitoring, testing or other", "Depth (feet)": 18.0, "Completed": 2010, "Work": "New Well", "Plugged": "Yes", "State report number": "238527"}, "geometry": {"type": "Point", "coordinates": [-96.096111, 30.398611]}},
    {"type": "Feature", "properties": {"name": "Well or boring", "description": "Recorded use: monitor", "Use": "Monitoring, testing or other", "Depth (feet)": 30.0, "Completed": 2010, "Work": "New Well", "Plugged": "Yes", "State report number": "238528"}, "geometry": {"type": "Point", "coordinates": [-96.096111, 30.398611]}},
    {"type": "Feature", "properties": {"name": "Well or boring", "description": "Recorded use: monitor", "Use": "Monitoring, testing or other", "Depth (feet)": 25.0, "Completed": 2010, "Work": "New Well", "Plugged": "Yes", "State report number": "238529"}, "geometry": {"type": "Point", "coordinates": [-96.096111, 30.398611]}},
    {"type": "Feature", "properties": {"name": "Water well", "description": "Recorded use: domestic", "Use": "Household", "Depth (feet)": 80.0, "Completed": 2010, "Work": "New Well", "State report number": "238944"}, "geometry": {"type": "Point", "coordinates": [-96.062223, 30.345278]}},
    {"type": "Feature", "properties": {"name": "Water well", "description": "Recorded use: domestic", "Use": "Household", "Depth (feet)": 85.0, "Completed": 2010, "Work": "New Well", "State report number": "239010"}, "geometry": {"type": "Point", "coordinates": [-96.066112, 30.363889]}},
    {"type": "Feature", "properties": {"name": "Water well", "description": "Recorded use: domestic", "Use": "Household", "Depth (feet)": 360.0, "Completed": 2010, "Work": "New Well", "State report number": "239806"}, "geometry": {"type": "Point", "coordinates": [-95.871667, 30.838334]}},
    {"type": "Feature", "properties": {"name": "Water well", "description": "Recorded use: domestic", "Use": "Household", "Depth (feet)": 293.0, "Completed": 2011, "Work": "New Well", "State report number": "241312"}, "geometry": {"type": "Point", "coordinates": [-96.084722, 30.391389]}},
    {"type": "Feature", "properties": {"name": "Water well", "description": "Recorded use: domestic", "Use": "Household", "Depth (feet)": 184.0, "Completed": 2011, "Work": "New Well", "State report number": "241731"}, "geometry": {"type": "Point", "coordinates": [-95.914445, 30.278333]}},
    {"type": "Feature", "properties": {"name": "Water well", "description": "Recorded use: domestic", "Use": "Household", "Depth (feet)": 194.0, "Completed": 2011, "Work": "New Well", "State report number": "241732"}, "geometry": {"type": "Point", "coordinates": [-95.913334, 30.274167]}},
    {"type": "Feature", "properties": {"name": "Water well", "description": "Recorded use: domestic", "Use": "Household", "Depth (feet)": 198.0, "Completed": 2011, "Work": "New Well", "State report number": "242083"}, "geometry": {"type": "Point", "coordinates": [-95.844722, 30.295278]}},
    {"type": "Feature", "properties": {"name": "Water well", "description": "Recorded use: domestic", "Use": "Household", "Depth (feet)": 151.0, "Completed": 2009, "Work": "New Well", "State report number": "242300"}, "geometry": {"type": "Point", "coordinates": [-95.870555, 30.6925]}},
    {"type": "Feature", "properties": {"name": "Well or boring", "description": "Recorded use: test well", "Use": "Monitoring, testing or other", "Depth (feet)": 2116.0, "Completed": 2008, "Work": "New Well", "State report number": "242321"}, "geometry": {"type": "Point", "coordinates": [-96.019167, 30.666944]}},
    {"type": "Feature", "properties": {"name": "Water well", "description": "Recorded use: domestic", "Use": "Household", "Depth (feet)": 382.0, "Completed": 2004, "Work": "New Well", "State report number": "242454"}, "geometry": {"type": "Point", "coordinates": [-95.858334, 30.698334]}},
    {"type": "Feature", "properties": {"name": "Water well", "description": "Recorded use: domestic", "Use": "Household", "Depth (feet)": 297.0, "Completed": 2008, "Work": "New Well", "State report number": "242458"}, "geometry": {"type": "Point", "coordinates": [-95.941945, 30.6775]}},
    {"type": "Feature", "properties": {"name": "Water well", "description": "Recorded use: domestic", "Use": "Household", "Depth (feet)": 178.0, "Completed": 2008, "Work": "New Well", "State report number": "242463"}, "geometry": {"type": "Point", "coordinates": [-96.018889, 30.666667]}},
    {"type": "Feature", "properties": {"name": "Water well", "description": "Recorded use: domestic", "Use": "Household", "Depth (feet)": 380.0, "Completed": 2011, "Work": "New Well", "State report number": "242729"}, "geometry": {"type": "Point", "coordinates": [-95.896111, 30.655278]}},
    {"type": "Feature", "properties": {"name": "Water well", "description": "Recorded use: stock", "Use": "Livestock or irrigation", "Depth (feet)": 200.0, "Completed": 2010, "Work": "New Well", "State report number": "242855"}, "geometry": {"type": "Point", "coordinates": [-96.102778, 30.458612]}},
    {"type": "Feature", "properties": {"name": "Water well", "description": "Recorded use: domestic", "Use": "Household", "Depth (feet)": 188.0, "Completed": 2011, "Work": "New Well", "State report number": "242881"}, "geometry": {"type": "Point", "coordinates": [-95.908889, 30.265556]}},
    {"type": "Feature", "properties": {"name": "Water well", "description": "Recorded use: domestic", "Use": "Household", "Depth (feet)": 136.0, "Completed": 2010, "Work": "New Well", "State report number": "243624"}, "geometry": {"type": "Point", "coordinates": [-96.064445, 30.461389]}},
    {"type": "Feature", "properties": {"name": "Water well", "description": "Recorded use: industrial", "Use": "Industrial or drilling supply", "Depth (feet)": 510.0, "Completed": 2009, "Work": "New Well", "State report number": "243894"}, "geometry": {"type": "Point", "coordinates": [-96.034167, 30.606667]}},
    {"type": "Feature", "properties": {"name": "Water well", "description": "Recorded use: domestic", "Use": "Household", "Depth (feet)": 264.0, "Completed": 2011, "Work": "Replacement", "State report number": "243977"}, "geometry": {"type": "Point", "coordinates": [-95.838611, 30.378611]}},
    {"type": "Feature", "properties": {"name": "Water well", "description": "Recorded use: industrial", "Use": "Industrial or drilling supply", "Depth (feet)": 450.0, "Completed": 2009, "Work": "New Well", "State report number": "244195"}, "geometry": {"type": "Point", "coordinates": [-95.8275, 30.581667]}},
    {"type": "Feature", "properties": {"name": "Water well", "description": "Recorded use: irrigation", "Use": "Livestock or irrigation", "Depth (feet)": 500.0, "Completed": 2008, "Work": "New Well", "State report number": "244498"}, "geometry": {"type": "Point", "coordinates": [-95.984445, 30.299445]}},
    {"type": "Feature", "properties": {"name": "Water well", "description": "Recorded use: irrigation", "Use": "Livestock or irrigation", "Depth (feet)": 420.0, "Completed": 2008, "Work": "New Well", "State report number": "244519"}, "geometry": {"type": "Point", "coordinates": [-95.808334, 30.333611]}},
    {"type": "Feature", "properties": {"name": "Water well", "description": "Recorded use: industrial", "Use": "Industrial or drilling supply", "Depth (feet)": 500.0, "Completed": 2008, "Work": "New Well", "State report number": "244537"}, "geometry": {"type": "Point", "coordinates": [-96.148611, 30.821111]}},
    {"type": "Feature", "properties": {"name": "Water well", "description": "Recorded use: industrial", "Use": "Industrial or drilling supply", "Depth (feet)": 440.0, "Completed": 2008, "Work": "New Well", "State report number": "244562"}, "geometry": {"type": "Point", "coordinates": [-95.955001, 30.468889]}},
    {"type": "Feature", "properties": {"name": "Water well", "description": "Recorded use: industrial", "Use": "Industrial or drilling supply", "Depth (feet)": 290.0, "Completed": 2008, "Work": "New Well", "State report number": "244739"}, "geometry": {"type": "Point", "coordinates": [-95.851389, 30.567222]}},
    {"type": "Feature", "properties": {"name": "Water well", "description": "Recorded use: industrial", "Use": "Industrial or drilling supply", "Depth (feet)": 310.0, "Completed": 2008, "Work": "New Well", "State report number": "244740"}, "geometry": {"type": "Point", "coordinates": [-95.827222, 30.560556]}},
    {"type": "Feature", "properties": {"name": "Water well", "description": "Recorded use: domestic", "Use": "Household", "Depth (feet)": 168.0, "Completed": 2011, "Work": "New Well", "State report number": "245124"}, "geometry": {"type": "Point", "coordinates": [-95.887222, 30.269722]}},
    {"type": "Feature", "properties": {"name": "Water well", "description": "Recorded use: industrial", "Use": "Industrial or drilling supply", "Depth (feet)": 710.0, "Completed": 2008, "Work": "New Well", "State report number": "245144"}, "geometry": {"type": "Point", "coordinates": [-96.010001, 30.645834]}},
    {"type": "Feature", "properties": {"name": "Water well", "description": "Recorded use: industrial", "Use": "Industrial or drilling supply", "Depth (feet)": 350.0, "Completed": 2008, "Work": "New Well", "State report number": "245147"}, "geometry": {"type": "Point", "coordinates": [-96.153056, 30.571667]}},
    {"type": "Feature", "properties": {"name": "Water well", "description": "Recorded use: industrial", "Use": "Industrial or drilling supply", "Depth (feet)": 410.0, "Completed": 2008, "Work": "New Well", "State report number": "245150"}, "geometry": {"type": "Point", "coordinates": [-95.830278, 30.487222]}},
    {"type": "Feature", "properties": {"name": "Water well", "description": "Recorded use: domestic", "Use": "Household", "Depth (feet)": 282.0, "Completed": 2011, "Work": "New Well", "State report number": "245647"}, "geometry": {"type": "Point", "coordinates": [-95.819167, 30.481667]}},
    {"type": "Feature", "properties": {"name": "Water well", "description": "Recorded use: domestic", "Use": "Household", "Depth (feet)": 290.0, "Completed": 2011, "Work": "New Well", "State report number": "246391"}, "geometry": {"type": "Point", "coordinates": [-95.941389, 30.613334]}},
    {"type": "Feature", "properties": {"name": "Water well", "description": "Recorded use: domestic", "Use": "Household", "Depth (feet)": 325.0, "Completed": 2011, "Work": "New Well", "State report number": "246608"}, "geometry": {"type": "Point", "coordinates": [-95.868055, 30.288334]}},
    {"type": "Feature", "properties": {"name": "Water well", "description": "Recorded use: domestic", "Use": "Household", "Depth (feet)": 330.0, "Completed": 2011, "Work": "New Well", "State report number": "247651"}, "geometry": {"type": "Point", "coordinates": [-95.954167, 30.562223]}},
    {"type": "Feature", "properties": {"name": "Water well", "description": "Recorded use: domestic", "Use": "Household", "Depth (feet)": 520.0, "Completed": 2011, "Work": "New Well", "State report number": "247660"}, "geometry": {"type": "Point", "coordinates": [-96.108612, 30.746667]}},
    {"type": "Feature", "properties": {"name": "Water well", "description": "Recorded use: domestic", "Use": "Household", "Depth (feet)": 415.0, "Completed": 2011, "Work": "New Well", "State report number": "248142"}, "geometry": {"type": "Point", "coordinates": [-95.875833, 30.274444]}},
    {"type": "Feature", "properties": {"name": "Water well", "description": "Recorded use: domestic", "Use": "Household", "Depth (feet)": 410.0, "Completed": 2011, "Work": "Replacement", "State report number": "248149"}, "geometry": {"type": "Point", "coordinates": [-95.875555, 30.275]}},
    {"type": "Feature", "properties": {"name": "Well or boring", "description": "Recorded use: monitor", "Use": "Monitoring, testing or other", "Depth (feet)": 25.0, "Completed": 2011, "Work": "Reconditioning", "Plugged": "Yes", "State report number": "248273"}, "geometry": {"type": "Point", "coordinates": [-95.943334, 30.584722]}},
    {"type": "Feature", "properties": {"name": "Water well", "description": "Recorded use: domestic", "Use": "Household", "Depth (feet)": 345.0, "Completed": 2011, "Work": "New Well", "State report number": "248854"}, "geometry": {"type": "Point", "coordinates": [-96.000278, 30.409723]}},
    {"type": "Feature", "properties": {"name": "Water well", "description": "Recorded use: domestic", "Use": "Household", "Depth (feet)": 250.0, "Completed": 2011, "Work": "New Well", "State report number": "249323"}, "geometry": {"type": "Point", "coordinates": [-95.855834, 30.248889]}},
    {"type": "Feature", "properties": {"name": "Water well", "description": "Recorded use: domestic", "Use": "Household", "Depth (feet)": 340.0, "Completed": 2011, "Work": "New Well", "State report number": "249406"}, "geometry": {"type": "Point", "coordinates": [-95.853889, 30.480833]}},
    {"type": "Feature", "properties": {"name": "Water well", "description": "Recorded use: stock", "Use": "Livestock or irrigation", "Depth (feet)": 397.0, "Completed": 2011, "Work": "New Well", "State report number": "249408"}, "geometry": {"type": "Point", "coordinates": [-95.917778, 30.812223]}},
    {"type": "Feature", "properties": {"name": "Water well", "description": "Recorded use: stock", "Use": "Livestock or irrigation", "Depth (feet)": 300.0, "Completed": 2011, "Work": "New Well", "State report number": "249417"}, "geometry": {"type": "Point", "coordinates": [-96.130833, 30.788889]}},
    {"type": "Feature", "properties": {"name": "Water well", "description": "Recorded use: domestic", "Use": "Household", "Depth (feet)": 340.0, "Completed": 2011, "Work": "New Well", "State report number": "249602"}, "geometry": {"type": "Point", "coordinates": [-95.951667, 30.557778]}},
    {"type": "Feature", "properties": {"name": "Water well", "description": "Recorded use: domestic", "Use": "Household", "Depth (feet)": 282.0, "Completed": 2011, "Work": "New Well", "State report number": "249633"}, "geometry": {"type": "Point", "coordinates": [-95.966389, 30.525833]}},
    {"type": "Feature", "properties": {"name": "Water well", "description": "Recorded use: domestic", "Use": "Household", "Depth (feet)": 365.0, "Completed": 2011, "Work": "New Well", "State report number": "250609"}, "geometry": {"type": "Point", "coordinates": [-95.911112, 30.335834]}},
    {"type": "Feature", "properties": {"name": "Water well", "description": "Recorded use: domestic", "Use": "Household", "Depth (feet)": 260.0, "Completed": 2011, "Work": "New Well", "State report number": "250665"}, "geometry": {"type": "Point", "coordinates": [-95.869722, 30.425278]}},
    {"type": "Feature", "properties": {"name": "Water well", "description": "Recorded use: domestic", "Use": "Household", "Depth (feet)": 85.0, "Completed": 2011, "Work": "New Well", "State report number": "250666"}, "geometry": {"type": "Point", "coordinates": [-95.924722, 30.290278]}},
    {"type": "Feature", "properties": {"name": "Water well", "description": "Recorded use: domestic", "Use": "Household", "Depth (feet)": 265.0, "Completed": 2011, "Work": "New Well", "State report number": "250719"}, "geometry": {"type": "Point", "coordinates": [-95.829167, 30.250001]}},
    {"type": "Feature", "properties": {"name": "Well or boring", "description": "Recorded use: monitor", "Use": "Monitoring, testing or other", "Depth (feet)": 32.0, "Completed": 2010, "Work": "New Well", "State report number": "251058"}, "geometry": {"type": "Point", "coordinates": [-96.142778, 30.593611]}},
    {"type": "Feature", "properties": {"name": "Well or boring", "description": "Recorded use: monitor", "Use": "Monitoring, testing or other", "Depth (feet)": 65.0, "Completed": 2010, "Work": "New Well", "State report number": "251063"}, "geometry": {"type": "Point", "coordinates": [-96.142778, 30.593611]}},
    {"type": "Feature", "properties": {"name": "Well or boring", "description": "Recorded use: monitor", "Use": "Monitoring, testing or other", "Depth (feet)": 39.0, "Completed": 2010, "Work": "New Well", "State report number": "251064"}, "geometry": {"type": "Point", "coordinates": [-96.141945, 30.594722]}},
    {"type": "Feature", "properties": {"name": "Well or boring", "description": "Recorded use: monitor", "Use": "Monitoring, testing or other", "Depth (feet)": 70.0, "Completed": 2010, "Work": "New Well", "State report number": "251068"}, "geometry": {"type": "Point", "coordinates": [-96.141945, 30.594722]}},
    {"type": "Feature", "properties": {"name": "Well or boring", "description": "Recorded use: monitor", "Use": "Monitoring, testing or other", "Depth (feet)": 49.0, "Completed": 2010, "Work": "New Well", "State report number": "251071"}, "geometry": {"type": "Point", "coordinates": [-96.141667, 30.596111]}},
    {"type": "Feature", "properties": {"name": "Well or boring", "description": "Recorded use: monitor", "Use": "Monitoring, testing or other", "Depth (feet)": 79.0, "Completed": 2010, "Work": "New Well", "State report number": "251075"}, "geometry": {"type": "Point", "coordinates": [-96.141667, 30.596111]}},
    {"type": "Feature", "properties": {"name": "Well or boring", "description": "Recorded use: monitor", "Use": "Monitoring, testing or other", "Depth (feet)": 44.0, "Completed": 2010, "Work": "New Well", "State report number": "251076"}, "geometry": {"type": "Point", "coordinates": [-96.141945, 30.597778]}},
    {"type": "Feature", "properties": {"name": "Well or boring", "description": "Recorded use: monitor", "Use": "Monitoring, testing or other", "Depth (feet)": 84.0, "Completed": 2010, "Work": "New Well", "State report number": "251078"}, "geometry": {"type": "Point", "coordinates": [-96.141945, 30.597778]}},
    {"type": "Feature", "properties": {"name": "Well or boring", "description": "Recorded use: monitor", "Use": "Monitoring, testing or other", "Depth (feet)": 34.0, "Completed": 2010, "Work": "New Well", "State report number": "251080"}, "geometry": {"type": "Point", "coordinates": [-96.142222, 30.599445]}},
    {"type": "Feature", "properties": {"name": "Well or boring", "description": "Recorded use: monitor", "Use": "Monitoring, testing or other", "Depth (feet)": 69.0, "Completed": 2010, "Work": "New Well", "State report number": "251088"}, "geometry": {"type": "Point", "coordinates": [-96.142222, 30.599167]}},
    {"type": "Feature", "properties": {"name": "Well or boring", "description": "Recorded use: monitor", "Use": "Monitoring, testing or other", "Depth (feet)": 35.0, "Completed": 2010, "Work": "New Well", "State report number": "251091"}, "geometry": {"type": "Point", "coordinates": [-96.142222, 30.600834]}},
    {"type": "Feature", "properties": {"name": "Water well", "description": "Recorded use: domestic", "Use": "Household", "Depth (feet)": 245.0, "Completed": 2011, "Work": "New Well", "State report number": "251093"}, "geometry": {"type": "Point", "coordinates": [-95.834722, 30.250278]}},
    {"type": "Feature", "properties": {"name": "Well or boring", "description": "Recorded use: monitor", "Use": "Monitoring, testing or other", "Depth (feet)": 70.0, "Completed": 2010, "Work": "New Well", "State report number": "251099"}, "geometry": {"type": "Point", "coordinates": [-96.142222, 30.600834]}},
    {"type": "Feature", "properties": {"name": "Well or boring", "description": "Recorded use: monitor", "Use": "Monitoring, testing or other", "Depth (feet)": 35.0, "Completed": 2010, "Work": "New Well", "State report number": "251101"}, "geometry": {"type": "Point", "coordinates": [-96.143611, 30.602223]}},
    {"type": "Feature", "properties": {"name": "Well or boring", "description": "Recorded use: monitor", "Use": "Monitoring, testing or other", "Depth (feet)": 80.0, "Completed": 2010, "Work": "New Well", "State report number": "251107"}, "geometry": {"type": "Point", "coordinates": [-96.143611, 30.602223]}},
    {"type": "Feature", "properties": {"name": "Well or boring", "description": "Recorded use: monitor", "Use": "Monitoring, testing or other", "Depth (feet)": 38.0, "Completed": 2010, "Work": "New Well", "State report number": "251110"}, "geometry": {"type": "Point", "coordinates": [-96.145278, 30.601945]}},
    {"type": "Feature", "properties": {"name": "Well or boring", "description": "Recorded use: monitor", "Use": "Monitoring, testing or other", "Depth (feet)": 75.0, "Completed": 2010, "Work": "New Well", "State report number": "251112"}, "geometry": {"type": "Point", "coordinates": [-96.145278, 30.601945]}},
    {"type": "Feature", "properties": {"name": "Well or boring", "description": "Recorded use: monitor", "Use": "Monitoring, testing or other", "Depth (feet)": 39.0, "Completed": 2010, "Work": "New Well", "State report number": "251114"}, "geometry": {"type": "Point", "coordinates": [-96.146667, 30.601112]}},
    {"type": "Feature", "properties": {"name": "Well or boring", "description": "Recorded use: monitor", "Use": "Monitoring, testing or other", "Depth (feet)": 65.0, "Completed": 2010, "Work": "New Well", "State report number": "251115"}, "geometry": {"type": "Point", "coordinates": [-96.146667, 30.601112]}},
    {"type": "Feature", "properties": {"name": "Well or boring", "description": "Recorded use: monitor", "Use": "Monitoring, testing or other", "Depth (feet)": 39.0, "Completed": 2010, "Work": "New Well", "State report number": "251119"}, "geometry": {"type": "Point", "coordinates": [-96.148334, 30.600556]}},
    {"type": "Feature", "properties": {"name": "Well or boring", "description": "Recorded use: monitor", "Use": "Monitoring, testing or other", "Depth (feet)": 65.0, "Completed": 2010, "Work": "New Well", "State report number": "251123"}, "geometry": {"type": "Point", "coordinates": [-96.148334, 30.600556]}},
    {"type": "Feature", "properties": {"name": "Well or boring", "description": "Recorded use: monitor", "Use": "Monitoring, testing or other", "Depth (feet)": 35.0, "Completed": 2010, "Work": "New Well", "State report number": "251127"}, "geometry": {"type": "Point", "coordinates": [-96.150001, 30.599445]}},
    {"type": "Feature", "properties": {"name": "Well or boring", "description": "Recorded use: monitor", "Use": "Monitoring, testing or other", "Depth (feet)": 65.0, "Completed": 2010, "Work": "New Well", "State report number": "251130"}, "geometry": {"type": "Point", "coordinates": [-96.166667, 30.599445]}},
    {"type": "Feature", "properties": {"name": "Well or boring", "description": "Recorded use: monitor", "Use": "Monitoring, testing or other", "Depth (feet)": 34.0, "Completed": 2010, "Work": "New Well", "State report number": "251134"}, "geometry": {"type": "Point", "coordinates": [-96.151389, 30.598611]}},
    {"type": "Feature", "properties": {"name": "Well or boring", "description": "Recorded use: monitor", "Use": "Monitoring, testing or other", "Depth (feet)": 55.0, "Completed": 2010, "Work": "New Well", "State report number": "251138"}, "geometry": {"type": "Point", "coordinates": [-96.151389, 30.598611]}},
    {"type": "Feature", "properties": {"name": "Well or boring", "description": "Recorded use: monitor", "Use": "Monitoring, testing or other", "Depth (feet)": 34.0, "Completed": 2010, "Work": "New Well", "State report number": "251142"}, "geometry": {"type": "Point", "coordinates": [-96.152223, 30.597222]}},
    {"type": "Feature", "properties": {"name": "Well or boring", "description": "Recorded use: monitor", "Use": "Monitoring, testing or other", "Depth (feet)": 55.0, "Completed": 2010, "Work": "New Well", "State report number": "251144"}, "geometry": {"type": "Point", "coordinates": [-96.152223, 30.597222]}},
    {"type": "Feature", "properties": {"name": "Well or boring", "description": "Recorded use: monitor", "Use": "Monitoring, testing or other", "Depth (feet)": 35.0, "Completed": 2010, "Work": "New Well", "State report number": "251148"}, "geometry": {"type": "Point", "coordinates": [-96.151667, 30.595834]}},
    {"type": "Feature", "properties": {"name": "Well or boring", "description": "Recorded use: monitor", "Use": "Monitoring, testing or other", "Depth (feet)": 55.0, "Completed": 2010, "Work": "New Well", "State report number": "251150"}, "geometry": {"type": "Point", "coordinates": [-96.151667, 30.595834]}},
    {"type": "Feature", "properties": {"name": "Well or boring", "description": "Recorded use: monitor", "Use": "Monitoring, testing or other", "Depth (feet)": 39.0, "Completed": 2010, "Work": "New Well", "State report number": "251154"}, "geometry": {"type": "Point", "coordinates": [-96.150001, 30.595278]}},
    {"type": "Feature", "properties": {"name": "Well or boring", "description": "Recorded use: monitor", "Use": "Monitoring, testing or other", "Depth (feet)": 60.0, "Completed": 2010, "Work": "New Well", "State report number": "251157"}, "geometry": {"type": "Point", "coordinates": [-96.150001, 30.595278]}},
    {"type": "Feature", "properties": {"name": "Well or boring", "description": "Recorded use: monitor", "Use": "Monitoring, testing or other", "Depth (feet)": 39.0, "Completed": 2010, "Work": "New Well", "State report number": "251162"}, "geometry": {"type": "Point", "coordinates": [-96.148334, 30.594445]}},
    {"type": "Feature", "properties": {"name": "Well or boring", "description": "Recorded use: monitor", "Use": "Monitoring, testing or other", "Depth (feet)": 71.0, "Completed": 2010, "Work": "New Well", "State report number": "251163"}, "geometry": {"type": "Point", "coordinates": [-96.148334, 30.594722]}},
    {"type": "Feature", "properties": {"name": "Well or boring", "description": "Recorded use: monitor", "Use": "Monitoring, testing or other", "Depth (feet)": 36.0, "Completed": 2010, "Work": "New Well", "State report number": "251165"}, "geometry": {"type": "Point", "coordinates": [-96.146667, 30.593889]}},
    {"type": "Feature", "properties": {"name": "Well or boring", "description": "Recorded use: monitor", "Use": "Monitoring, testing or other", "Depth (feet)": 74.0, "Completed": 2010, "Work": "New Well", "State report number": "251170"}, "geometry": {"type": "Point", "coordinates": [-96.146667, 30.593889]}},
    {"type": "Feature", "properties": {"name": "Well or boring", "description": "Recorded use: monitor", "Use": "Monitoring, testing or other", "Depth (feet)": 35.0, "Completed": 2010, "Work": "New Well", "State report number": "251171"}, "geometry": {"type": "Point", "coordinates": [-96.144722, 30.593334]}},
    {"type": "Feature", "properties": {"name": "Well or boring", "description": "Recorded use: monitor", "Use": "Monitoring, testing or other", "Depth (feet)": 65.0, "Completed": 2010, "Work": "New Well", "State report number": "251173"}, "geometry": {"type": "Point", "coordinates": [-96.145, 30.593334]}},
    {"type": "Feature", "properties": {"name": "Water well", "description": "Recorded use: domestic", "Use": "Household", "Depth (feet)": 260.0, "Completed": 2011, "Work": "New Well", "State report number": "251192"}, "geometry": {"type": "Point", "coordinates": [-95.905001, 30.449445]}},
    {"type": "Feature", "properties": {"name": "Water well", "description": "Recorded use: domestic", "Use": "Household", "Depth (feet)": 255.0, "Completed": 2011, "Work": "New Well", "State report number": "251566"}, "geometry": {"type": "Point", "coordinates": [-96.083055, 30.475833]}},
    {"type": "Feature", "properties": {"name": "Water well", "description": "Recorded use: domestic", "Use": "Household", "Depth (feet)": 220.0, "Completed": 2011, "Work": "New Well", "State report number": "252272"}, "geometry": {"type": "Point", "coordinates": [-96.033055, 30.283889]}},
    {"type": "Feature", "properties": {"name": "Water well", "description": "Recorded use: domestic", "Use": "Household", "Depth (feet)": 268.0, "Completed": 2011, "Work": "New Well", "State report number": "252597"}, "geometry": {"type": "Point", "coordinates": [-95.864445, 30.248611]}},
    {"type": "Feature", "properties": {"name": "Water well", "description": "Recorded use: domestic", "Use": "Household", "Depth (feet)": 263.0, "Completed": 2011, "Work": "New Well", "State report number": "252602"}, "geometry": {"type": "Point", "coordinates": [-95.861667, 30.246111]}},
    {"type": "Feature", "properties": {"name": "Well or boring", "description": "Recorded use: monitor", "Use": "Monitoring, testing or other", "Depth (feet)": 20.0, "Completed": 2011, "Work": "New Well", "State report number": "252756"}, "geometry": {"type": "Point", "coordinates": [-96.0875, 30.3875]}},
    {"type": "Feature", "properties": {"name": "Water well", "description": "Recorded use: domestic", "Use": "Household", "Depth (feet)": 310.0, "Completed": 2011, "Work": "New Well", "State report number": "253265"}, "geometry": {"type": "Point", "coordinates": [-95.935278, 30.625278]}},
    {"type": "Feature", "properties": {"name": "Water well", "description": "Recorded use: stock", "Use": "Livestock or irrigation", "Depth (feet)": 244.0, "Completed": 2011, "Work": "New Well", "State report number": "253758"}, "geometry": {"type": "Point", "coordinates": [-95.927778, 30.84]}},
    {"type": "Feature", "properties": {"name": "Water well", "description": "Recorded use: rig supply", "Use": "Industrial or drilling supply", "Depth (feet)": 330.0, "Completed": 2006, "Work": "New Well", "State report number": "254034"}, "geometry": {"type": "Point", "coordinates": [-95.825278, 30.519722]}},
    {"type": "Feature", "properties": {"name": "Water well", "description": "Recorded use: domestic", "Use": "Household", "Depth (feet)": 300.0, "Completed": 2011, "Work": "New Well", "State report number": "254264"}, "geometry": {"type": "Point", "coordinates": [-96.040556, 30.260001]}},
    {"type": "Feature", "properties": {"name": "Water well", "description": "Recorded use: domestic", "Use": "Household", "Depth (feet)": 240.0, "Completed": 2011, "Work": "New Well", "State report number": "254266"}, "geometry": {"type": "Point", "coordinates": [-96.001112, 30.283334]}},
    {"type": "Feature", "properties": {"name": "Water well", "description": "Recorded use: domestic", "Use": "Household", "Depth (feet)": 260.0, "Completed": 2011, "Work": "New Well", "State report number": "254267"}, "geometry": {"type": "Point", "coordinates": [-95.977222, 30.292222]}},
    {"type": "Feature", "properties": {"name": "Water well", "description": "Recorded use: stock", "Use": "Livestock or irrigation", "Depth (feet)": 370.0, "Completed": 2011, "Work": "New Well", "State report number": "254453"}, "geometry": {"type": "Point", "coordinates": [-96.010556, 30.464167]}},
    {"type": "Feature", "properties": {"name": "Water well", "description": "Recorded use: rig supply", "Use": "Industrial or drilling supply", "Depth (feet)": 530.0, "Completed": 2005, "Work": "New Well", "State report number": "254578"}, "geometry": {"type": "Point", "coordinates": [-95.910556, 30.5325]}},
    {"type": "Feature", "properties": {"name": "Well or boring", "description": "Recorded use: monitor", "Use": "Monitoring, testing or other", "Depth (feet)": 33.0, "Completed": 2011, "Work": "New Well", "State report number": "254598"}, "geometry": {"type": "Point", "coordinates": [-96.095556, 30.397778]}},
    {"type": "Feature", "properties": {"name": "Well or boring", "description": "Recorded use: closed-loop geothermal", "Use": "Monitoring, testing or other", "Depth (feet)": 250.0, "Completed": 2011, "Work": "New Well", "State report number": "255237"}, "geometry": {"type": "Point", "coordinates": [-95.878889, 30.393334]}},
    {"type": "Feature", "properties": {"name": "Water well", "description": "Recorded use: domestic", "Use": "Household", "Depth (feet)": 260.0, "Completed": 2011, "Work": "New Well", "State report number": "255249"}, "geometry": {"type": "Point", "coordinates": [-96.100556, 30.738611]}},
    {"type": "Feature", "properties": {"name": "Water well", "description": "Recorded use: domestic", "Use": "Household", "Depth (feet)": 340.0, "Completed": 2011, "Work": "New Well", "State report number": "255255"}, "geometry": {"type": "Point", "coordinates": [-96.017222, 30.785556]}},
    {"type": "Feature", "properties": {"name": "Water well", "description": "Recorded use: irrigation", "Use": "Livestock or irrigation", "Depth (feet)": 432.0, "Completed": 2011, "Work": "New Well", "State report number": "255636"}, "geometry": {"type": "Point", "coordinates": [-96.071389, 30.766389]}},
    {"type": "Feature", "properties": {"name": "Water well", "description": "Recorded use: domestic", "Use": "Household", "Depth (feet)": 240.0, "Completed": 2011, "Work": "New Well", "State report number": "255673"}, "geometry": {"type": "Point", "coordinates": [-96.041945, 30.308612]}},
    {"type": "Feature", "properties": {"name": "Water well", "description": "Recorded use: domestic", "Use": "Household", "Depth (feet)": 330.0, "Completed": 2011, "Work": "New Well", "State report number": "256479"}, "geometry": {"type": "Point", "coordinates": [-95.9675, 30.321111]}},
    {"type": "Feature", "properties": {"name": "Water well", "description": "Recorded use: domestic", "Use": "Household", "Depth (feet)": 300.0, "Completed": 2011, "Work": "New Well", "State report number": "256520"}, "geometry": {"type": "Point", "coordinates": [-96.016667, 30.604167]}},
    {"type": "Feature", "properties": {"name": "Water well", "description": "Recorded use: irrigation", "Use": "Livestock or irrigation", "Depth (feet)": 380.0, "Completed": 2011, "Work": "New Well", "State report number": "256593"}, "geometry": {"type": "Point", "coordinates": [-95.845278, 30.316112]}},
    {"type": "Feature", "properties": {"name": "Water well", "description": "Recorded use: domestic", "Use": "Household", "Depth (feet)": 283.0, "Completed": 2011, "Work": "Replacement", "State report number": "256691"}, "geometry": {"type": "Point", "coordinates": [-95.859723, 30.260001]}},
    {"type": "Feature", "properties": {"name": "Water well", "description": "Recorded use: domestic", "Use": "Household", "Depth (feet)": 250.0, "Completed": 2011, "Work": "Replacement", "State report number": "256938"}, "geometry": {"type": "Point", "coordinates": [-95.832778, 30.302223]}},
    {"type": "Feature", "properties": {"name": "Water well", "description": "Recorded use: domestic", "Use": "Household", "Depth (feet)": 262.0, "Completed": 2011, "Work": "New Well", "State report number": "258427"}, "geometry": {"type": "Point", "coordinates": [-95.821111, 30.255001]}},
    {"type": "Feature", "properties": {"name": "Water well", "description": "Recorded use: domestic", "Use": "Household", "Depth (feet)": 190.0, "Completed": 2011, "Work": "New Well", "State report number": "258518"}, "geometry": {"type": "Point", "coordinates": [-95.843889, 30.69]}},
    {"type": "Feature", "properties": {"name": "Water well", "description": "Recorded use: domestic", "Use": "Household", "Depth (feet)": 260.0, "Completed": 2011, "Work": "New Well", "State report number": "259305"}, "geometry": {"type": "Point", "coordinates": [-96.115834, 30.618333]}},
    {"type": "Feature", "properties": {"name": "Water well", "description": "Recorded use: stock", "Use": "Livestock or irrigation", "Depth (feet)": 400.0, "Completed": 2011, "Work": "New Well", "State report number": "259457"}, "geometry": {"type": "Point", "coordinates": [-96.051945, 30.371389]}},
    {"type": "Feature", "properties": {"name": "Water well", "description": "Recorded use: domestic", "Use": "Household", "Depth (feet)": 360.0, "Completed": 2011, "Work": "New Well", "State report number": "259470"}, "geometry": {"type": "Point", "coordinates": [-95.985556, 30.514723]}},
    {"type": "Feature", "properties": {"name": "Water well", "description": "Recorded use: domestic", "Use": "Household", "Depth (feet)": 340.0, "Completed": 2011, "Work": "New Well", "State report number": "259489"}, "geometry": {"type": "Point", "coordinates": [-95.950834, 30.562223]}},
    {"type": "Feature", "properties": {"name": "Water well", "description": "Recorded use: stock", "Use": "Livestock or irrigation", "Depth (feet)": 180.0, "Completed": 2011, "Work": "New Well", "State report number": "259524"}, "geometry": {"type": "Point", "coordinates": [-95.843889, 30.560556]}},
    {"type": "Feature", "properties": {"name": "Water well", "description": "Recorded use: domestic", "Use": "Household", "Depth (feet)": 400.0, "Completed": 2011, "Work": "New Well", "State report number": "259544"}, "geometry": {"type": "Point", "coordinates": [-95.983611, 30.827778]}},
    {"type": "Feature", "properties": {"name": "Water well", "description": "Recorded use: domestic", "Use": "Household", "Depth (feet)": 380.0, "Completed": 2011, "Work": "New Well", "State report number": "259560"}, "geometry": {"type": "Point", "coordinates": [-95.896667, 30.381111]}},
    {"type": "Feature", "properties": {"name": "Water well", "description": "Recorded use: stock", "Use": "Livestock or irrigation", "Depth (feet)": 240.0, "Completed": 2011, "Work": "New Well", "State report number": "259649"}, "geometry": {"type": "Point", "coordinates": [-96.002223, 30.309445]}},
    {"type": "Feature", "properties": {"name": "Water well", "description": "Recorded use: stock", "Use": "Livestock or irrigation", "Depth (feet)": 180.0, "Completed": 2011, "Work": "New Well", "State report number": "259805"}, "geometry": {"type": "Point", "coordinates": [-96.087778, 30.4925]}},
    {"type": "Feature", "properties": {"name": "Water well", "description": "Recorded use: stock", "Use": "Livestock or irrigation", "Depth (feet)": 240.0, "Completed": 2011, "Work": "New Well", "State report number": "259815"}, "geometry": {"type": "Point", "coordinates": [-95.928333, 30.611112]}},
    {"type": "Feature", "properties": {"name": "Water well", "description": "Recorded use: domestic", "Use": "Household", "Depth (feet)": 260.0, "Completed": 2011, "Work": "New Well", "State report number": "259821"}, "geometry": {"type": "Point", "coordinates": [-95.907223, 30.432778]}},
    {"type": "Feature", "properties": {"name": "Water well", "description": "Recorded use: stock", "Use": "Livestock or irrigation", "Depth (feet)": 360.0, "Completed": 2011, "Work": "New Well", "State report number": "259845"}, "geometry": {"type": "Point", "coordinates": [-96.032222, 30.546389]}},
    {"type": "Feature", "properties": {"name": "Water well", "description": "Recorded use: stock", "Use": "Livestock or irrigation", "Depth (feet)": 240.0, "Completed": 2011, "Work": "New Well", "State report number": "259847"}, "geometry": {"type": "Point", "coordinates": [-95.949167, 30.379722]}},
    {"type": "Feature", "properties": {"name": "Water well", "description": "Recorded use: domestic", "Use": "Household", "Depth (feet)": 245.0, "Completed": 2011, "Work": "New Well", "State report number": "260127"}, "geometry": {"type": "Point", "coordinates": [-95.887778, 30.474722]}},
    {"type": "Feature", "properties": {"name": "Water well", "description": "Recorded use: domestic", "Use": "Household", "Depth (feet)": 245.0, "Completed": 2011, "Work": "New Well", "State report number": "260137"}, "geometry": {"type": "Point", "coordinates": [-95.929444, 30.407501]}},
    {"type": "Feature", "properties": {"name": "Water well", "description": "Recorded use: domestic", "Use": "Household", "Depth (feet)": 206.0, "Completed": 2011, "Work": "New Well", "State report number": "260251"}, "geometry": {"type": "Point", "coordinates": [-95.887778, 30.266667]}},
    {"type": "Feature", "properties": {"name": "Water well", "description": "Recorded use: domestic", "Use": "Household", "Depth (feet)": 240.0, "Completed": 2011, "Work": "New Well", "State report number": "260336"}, "geometry": {"type": "Point", "coordinates": [-95.989722, 30.305556]}},
    {"type": "Feature", "properties": {"name": "Water well", "description": "Recorded use: domestic", "Use": "Household", "Depth (feet)": 325.0, "Completed": 2011, "Work": "New Well", "State report number": "260437"}, "geometry": {"type": "Point", "coordinates": [-96.095278, 30.351667]}},
    {"type": "Feature", "properties": {"name": "Water well", "description": "Recorded use: domestic", "Use": "Household", "Depth (feet)": 264.0, "Completed": 2011, "Work": "New Well", "State report number": "260850"}, "geometry": {"type": "Point", "coordinates": [-95.844722, 30.295278]}},
    {"type": "Feature", "properties": {"name": "Water well", "description": "Recorded use: irrigation", "Use": "Livestock or irrigation", "Depth (feet)": 415.0, "Completed": 2011, "Work": "New Well", "State report number": "261338"}, "geometry": {"type": "Point", "coordinates": [-95.823889, 30.263612]}},
    {"type": "Feature", "properties": {"name": "Water well", "description": "Recorded use: domestic", "Use": "Household", "Depth (feet)": 320.0, "Completed": 2011, "Work": "New Well", "State report number": "263924"}, "geometry": {"type": "Point", "coordinates": [-95.993889, 30.248056]}},
    {"type": "Feature", "properties": {"name": "Water well", "description": "Recorded use: domestic", "Use": "Household", "Depth (feet)": 220.0, "Completed": 2011, "Work": "New Well", "State report number": "263925"}, "geometry": {"type": "Point", "coordinates": [-96.023611, 30.400001]}},
    {"type": "Feature", "properties": {"name": "Water well", "description": "Recorded use: domestic", "Use": "Household", "Depth (feet)": 240.0, "Completed": 2011, "Work": "New Well", "State report number": "263941"}, "geometry": {"type": "Point", "coordinates": [-95.863889, 30.403334]}},
    {"type": "Feature", "properties": {"name": "Water well", "description": "Recorded use: domestic", "Use": "Household", "Depth (feet)": 280.0, "Completed": 2011, "Work": "New Well", "State report number": "264415"}, "geometry": {"type": "Point", "coordinates": [-95.992778, 30.687778]}},
    {"type": "Feature", "properties": {"name": "Water well", "description": "Recorded use: stock", "Use": "Livestock or irrigation", "Depth (feet)": 414.0, "Completed": 2011, "Work": "New Well", "State report number": "264509"}, "geometry": {"type": "Point", "coordinates": [-95.993334, 30.585]}},
    {"type": "Feature", "properties": {"name": "Water well", "description": "Recorded use: domestic", "Use": "Household", "Depth (feet)": 762.0, "Completed": 2011, "Work": "New Well", "State report number": "264945"}, "geometry": {"type": "Point", "coordinates": [-96.027778, 30.450556]}},
    {"type": "Feature", "properties": {"name": "Water well", "description": "Recorded use: domestic", "Use": "Household", "Depth (feet)": 460.0, "Completed": 2011, "Work": "New Well", "State report number": "265781"}, "geometry": {"type": "Point", "coordinates": [-95.965278, 30.436667]}},
    {"type": "Feature", "properties": {"name": "Water well", "description": "Recorded use: domestic", "Use": "Household", "Depth (feet)": 285.0, "Completed": 2011, "Work": "New Well", "State report number": "265785"}, "geometry": {"type": "Point", "coordinates": [-95.933611, 30.499167]}},
    {"type": "Feature", "properties": {"name": "Water well", "description": "Recorded use: domestic", "Use": "Household", "Depth (feet)": 374.0, "Completed": 2011, "Work": "New Well", "State report number": "266246"}, "geometry": {"type": "Point", "coordinates": [-96.004445, 30.582222]}},
    {"type": "Feature", "properties": {"name": "Water well", "description": "Recorded use: domestic", "Use": "Household", "Depth (feet)": 260.0, "Completed": 2011, "Work": "New Well", "State report number": "266341"}, "geometry": {"type": "Point", "coordinates": [-95.907223, 30.432778]}},
    {"type": "Feature", "properties": {"name": "Water well", "description": "Recorded use: domestic", "Use": "Household", "Depth (feet)": 340.0, "Completed": 2011, "Work": "New Well", "State report number": "266351"}, "geometry": {"type": "Point", "coordinates": [-96.027222, 30.388611]}},
    {"type": "Feature", "properties": {"name": "Water well", "description": "Recorded use: domestic", "Use": "Household", "Depth (feet)": 380.0, "Completed": 2011, "Work": "New Well", "State report number": "266357"}, "geometry": {"type": "Point", "coordinates": [-95.9925, 30.409167]}},
    {"type": "Feature", "properties": {"name": "Water well", "description": "Recorded use: domestic", "Use": "Household", "Depth (feet)": 395.0, "Completed": 2011, "Work": "New Well", "State report number": "266467"}, "geometry": {"type": "Point", "coordinates": [-95.961667, 30.326944]}},
    {"type": "Feature", "properties": {"name": "Water well", "description": "Recorded use: domestic", "Use": "Household", "Depth (feet)": 380.0, "Completed": 2011, "Work": "New Well", "State report number": "267096"}, "geometry": {"type": "Point", "coordinates": [-95.936111, 30.582778]}},
    {"type": "Feature", "properties": {"name": "Water well", "description": "Recorded use: industrial", "Use": "Industrial or drilling supply", "Depth (feet)": 430.0, "Completed": 2011, "Work": "New Well", "State report number": "267459"}, "geometry": {"type": "Point", "coordinates": [-95.888611, 30.312223]}},
    {"type": "Feature", "properties": {"name": "Water well", "description": "Recorded use: industrial", "Use": "Industrial or drilling supply", "Depth (feet)": 450.0, "Completed": 2011, "Work": "New Well", "State report number": "267463"}, "geometry": {"type": "Point", "coordinates": [-95.8925, 30.322222]}},
    {"type": "Feature", "properties": {"name": "Water well", "description": "Recorded use: domestic", "Use": "Household", "Depth (feet)": 408.0, "Completed": 2011, "Work": "New Well", "State report number": "267558"}, "geometry": {"type": "Point", "coordinates": [-96.062778, 30.421944]}},
    {"type": "Feature", "properties": {"name": "Water well", "description": "Recorded use: stock", "Use": "Livestock or irrigation", "Depth (feet)": 240.0, "Completed": 2011, "Work": "New Well", "State report number": "267564"}, "geometry": {"type": "Point", "coordinates": [-95.951945, 30.454723]}},
    {"type": "Feature", "properties": {"name": "Water well", "description": "Recorded use: domestic", "Use": "Household", "Depth (feet)": 120.0, "Completed": 2011, "Work": "Replacement", "State report number": "267588"}, "geometry": {"type": "Point", "coordinates": [-96.013612, 30.464445]}},
    {"type": "Feature", "properties": {"name": "Water well", "description": "Recorded use: domestic", "Use": "Household", "Depth (feet)": 376.0, "Completed": 2011, "Work": "New Well", "State report number": "267833"}, "geometry": {"type": "Point", "coordinates": [-96.013612, 30.464445]}},
    {"type": "Feature", "properties": {"name": "Water well", "description": "Recorded use: domestic", "Use": "Household", "Depth (feet)": 300.0, "Completed": 2011, "Work": "Replacement", "State report number": "267854"}, "geometry": {"type": "Point", "coordinates": [-95.876111, 30.465001]}},
    {"type": "Feature", "properties": {"name": "Water well", "description": "Recorded use: domestic", "Use": "Household", "Depth (feet)": 168.0, "Completed": 2011, "Work": "New Well", "State report number": "267872"}, "geometry": {"type": "Point", "coordinates": [-95.899445, 30.286667]}},
    {"type": "Feature", "properties": {"name": "Water well", "description": "Recorded use: domestic", "Use": "Household", "Depth (feet)": 248.0, "Completed": 2011, "Work": "New Well", "State report number": "267879"}, "geometry": {"type": "Point", "coordinates": [-95.817778, 30.251945]}},
    {"type": "Feature", "properties": {"name": "Water well", "description": "Recorded use: domestic", "Use": "Household", "Depth (feet)": 340.0, "Completed": 2011, "Work": "New Well", "State report number": "268314"}, "geometry": {"type": "Point", "coordinates": [-96.010001, 30.618889]}},
    {"type": "Feature", "properties": {"name": "Water well", "description": "Recorded use: domestic", "Use": "Household", "Depth (feet)": 254.0, "Completed": 2011, "Work": "New Well", "State report number": "268635"}, "geometry": {"type": "Point", "coordinates": [-95.964167, 30.490556]}},
    {"type": "Feature", "properties": {"name": "Well or boring", "description": "Recorded use: monitor", "Use": "Monitoring, testing or other", "Depth (feet)": 25.0, "Completed": 2011, "Work": "New Well", "Plugged": "Yes", "State report number": "269311"}, "geometry": {"type": "Point", "coordinates": [-95.943334, 30.584722]}},
    {"type": "Feature", "properties": {"name": "Well or boring", "description": "Recorded use: environmental soil boring", "Use": "Monitoring, testing or other", "Depth (feet)": 20.0, "Completed": 2011, "Work": "New Well", "Plugged": "Yes", "State report number": "270240"}, "geometry": {"type": "Point", "coordinates": [-96.086667, 30.386945]}},
    {"type": "Feature", "properties": {"name": "Well or boring", "description": "Recorded use: environmental soil boring", "Use": "Monitoring, testing or other", "Depth (feet)": 20.0, "Completed": 2011, "Work": "New Well", "Plugged": "Yes", "State report number": "270241"}, "geometry": {"type": "Point", "coordinates": [-96.086667, 30.386945]}},
    {"type": "Feature", "properties": {"name": "Well or boring", "description": "Recorded use: environmental soil boring", "Use": "Monitoring, testing or other", "Depth (feet)": 20.0, "Completed": 2011, "Work": "New Well", "Plugged": "Yes", "State report number": "270242"}, "geometry": {"type": "Point", "coordinates": [-96.086667, 30.386945]}},
    {"type": "Feature", "properties": {"name": "Well or boring", "description": "Recorded use: environmental soil boring", "Use": "Monitoring, testing or other", "Depth (feet)": 20.0, "Completed": 2011, "Work": "New Well", "Plugged": "Yes", "State report number": "270243"}, "geometry": {"type": "Point", "coordinates": [-96.086667, 30.386945]}},
    {"type": "Feature", "properties": {"name": "Well or boring", "description": "Recorded use: environmental soil boring", "Use": "Monitoring, testing or other", "Depth (feet)": 8.0, "Completed": 2011, "Work": "New Well", "Plugged": "Yes", "State report number": "270244"}, "geometry": {"type": "Point", "coordinates": [-96.086667, 30.386945]}},
    {"type": "Feature", "properties": {"name": "Water well", "description": "Recorded use: domestic", "Use": "Household", "Depth (feet)": 380.0, "Completed": 2011, "Work": "Replacement", "State report number": "270291"}, "geometry": {"type": "Point", "coordinates": [-95.896667, 30.467222]}},
    {"type": "Feature", "properties": {"name": "Water well", "description": "Recorded use: domestic", "Use": "Household", "Depth (feet)": 300.0, "Completed": 2011, "Work": "Replacement", "State report number": "270299"}, "geometry": {"type": "Point", "coordinates": [-95.949445, 30.249445]}},
    {"type": "Feature", "properties": {"name": "Water well", "description": "Recorded use: stock", "Use": "Livestock or irrigation", "Depth (feet)": 398.0, "Completed": 2011, "Work": "New Well", "State report number": "270718"}, "geometry": {"type": "Point", "coordinates": [-95.900001, 30.781111]}},
    {"type": "Feature", "properties": {"name": "Water well", "description": "Recorded use: domestic", "Use": "Household", "Depth (feet)": 282.0, "Completed": 2011, "Work": "New Well", "State report number": "270736"}, "geometry": {"type": "Point", "coordinates": [-96.010278, 30.590834]}},
    {"type": "Feature", "properties": {"name": "Water well", "description": "Recorded use: domestic", "Use": "Household", "Depth (feet)": 235.0, "Completed": 2011, "Work": "New Well", "State report number": "271318"}, "geometry": {"type": "Point", "coordinates": [-95.904167, 30.248611]}},
    {"type": "Feature", "properties": {"name": "Water well", "description": "Recorded use: domestic", "Use": "Household", "Depth (feet)": 305.0, "Completed": 2011, "Work": "New Well", "State report number": "271528"}, "geometry": {"type": "Point", "coordinates": [-95.894445, 30.241111]}},
    {"type": "Feature", "properties": {"name": "Water well", "description": "Recorded use: domestic", "Use": "Household", "Depth (feet)": 284.0, "Completed": 2011, "Work": "New Well", "State report number": "271709"}, "geometry": {"type": "Point", "coordinates": [-95.899722, 30.4975]}},
    {"type": "Feature", "properties": {"name": "Water well", "description": "Recorded use: stock", "Use": "Livestock or irrigation", "Depth (feet)": 255.0, "Completed": 2011, "Work": "New Well", "State report number": "271712"}, "geometry": {"type": "Point", "coordinates": [-96.091945, 30.448889]}},
    {"type": "Feature", "properties": {"name": "Water well", "description": "Recorded use: domestic", "Use": "Household", "Depth (feet)": 445.0, "Completed": 2011, "Work": "Replacement", "State report number": "272191"}, "geometry": {"type": "Point", "coordinates": [-95.869722, 30.350834]}},
    {"type": "Feature", "properties": {"name": "Water well", "description": "Recorded use: stock", "Use": "Livestock or irrigation", "Depth (feet)": 395.0, "Completed": 2011, "Work": "New Well", "State report number": "272219"}, "geometry": {"type": "Point", "coordinates": [-95.894167, 30.565001]}},
    {"type": "Feature", "properties": {"name": "Well or boring", "description": "Recorded use: closed-loop geothermal", "Use": "Monitoring, testing or other", "Depth (feet)": 300.0, "Completed": 2011, "Work": "New Well", "State report number": "272220"}, "geometry": {"type": "Point", "coordinates": [-95.894722, 30.565001]}},
    {"type": "Feature", "properties": {"name": "Water well", "description": "Recorded use: domestic", "Use": "Household", "Depth (feet)": 440.0, "Completed": 2011, "Work": "New Well", "State report number": "272371"}, "geometry": {"type": "Point", "coordinates": [-95.911389, 30.331944]}},
    {"type": "Feature", "properties": {"name": "Water well", "description": "Recorded use: rig supply", "Use": "Industrial or drilling supply", "Depth (feet)": 300.0, "Completed": 2011, "Work": "New Well", "State report number": "272424"}, "geometry": {"type": "Point", "coordinates": [-96.133334, 30.736945]}},
    {"type": "Feature", "properties": {"name": "Water well", "description": "Recorded use: rig supply", "Use": "Industrial or drilling supply", "Depth (feet)": 330.0, "Completed": 2011, "Work": "New Well", "State report number": "273003"}, "geometry": {"type": "Point", "coordinates": [-96.077778, 30.7875]}},
    {"type": "Feature", "properties": {"name": "Water well", "description": "Recorded use: domestic", "Use": "Household", "Depth (feet)": 160.0, "Completed": 2011, "Work": "New Well", "State report number": "273177"}, "geometry": {"type": "Point", "coordinates": [-96.101389, 30.333334]}},
    {"type": "Feature", "properties": {"name": "Water well", "description": "Recorded use: domestic", "Use": "Household", "Depth (feet)": 400.0, "Completed": 2011, "Work": "New Well", "Plugged": "Yes", "State report number": "273710"}, "geometry": {"type": "Point", "coordinates": [-96.0375, 30.489445]}},
    {"type": "Feature", "properties": {"name": "Water well", "description": "Recorded use: domestic", "Use": "Household", "Depth (feet)": 640.0, "Completed": 2011, "Work": "New Well", "State report number": "273711"}, "geometry": {"type": "Point", "coordinates": [-96.0375, 30.489445]}},
    {"type": "Feature", "properties": {"name": "Water well", "description": "Recorded use: domestic", "Use": "Household", "Depth (feet)": 315.0, "Completed": 2011, "Work": "New Well", "State report number": "273761"}, "geometry": {"type": "Point", "coordinates": [-96.097222, 30.354445]}},
    {"type": "Feature", "properties": {"name": "Water well", "description": "Recorded use: domestic", "Use": "Household", "Depth (feet)": 425.0, "Completed": 2011, "Work": "Replacement", "State report number": "274183"}, "geometry": {"type": "Point", "coordinates": [-95.941945, 30.249167]}},
    {"type": "Feature", "properties": {"name": "Water well", "description": "Recorded use: irrigation", "Use": "Livestock or irrigation", "Depth (feet)": 280.0, "Completed": 2011, "Work": "New Well", "State report number": "274187"}, "geometry": {"type": "Point", "coordinates": [-95.820555, 30.267222]}},
    {"type": "Feature", "properties": {"name": "Water well", "description": "Recorded use: irrigation", "Use": "Livestock or irrigation", "Depth (feet)": 415.0, "Completed": 2011, "Work": "New Well", "State report number": "274198"}, "geometry": {"type": "Point", "coordinates": [-95.815834, 30.258889]}},
    {"type": "Feature", "properties": {"name": "Water well", "description": "Recorded use: stock", "Use": "Livestock or irrigation", "Depth (feet)": 410.0, "Completed": 2011, "Work": "New Well", "State report number": "274956"}, "geometry": {"type": "Point", "coordinates": [-96.049722, 30.478055]}},
    {"type": "Feature", "properties": {"name": "Water well", "description": "Recorded use: stock", "Use": "Livestock or irrigation", "Depth (feet)": 405.0, "Completed": 2011, "Work": "New Well", "State report number": "274957"}, "geometry": {"type": "Point", "coordinates": [-96.035556, 30.448334]}},
    {"type": "Feature", "properties": {"name": "Water well", "description": "Recorded use: domestic", "Use": "Household", "Depth (feet)": 364.0, "Completed": 2011, "Work": "New Well", "State report number": "274958"}, "geometry": {"type": "Point", "coordinates": [-96.049722, 30.478055]}},
    {"type": "Feature", "properties": {"name": "Water well", "description": "Recorded use: domestic", "Use": "Household", "Depth (feet)": 283.0, "Completed": 2011, "Work": "New Well", "State report number": "274961"}, "geometry": {"type": "Point", "coordinates": [-95.926389, 30.614445]}},
    {"type": "Feature", "properties": {"name": "Water well", "description": "Recorded use: domestic", "Use": "Household", "Depth (feet)": 284.0, "Completed": 2011, "Work": "New Well", "State report number": "274962"}, "geometry": {"type": "Point", "coordinates": [-95.925, 30.613334]}},
    {"type": "Feature", "properties": {"name": "Well or boring", "description": "Recorded use: monitor", "Use": "Monitoring, testing or other", "Depth (feet)": 25.0, "Completed": 2011, "Work": "New Well", "State report number": "275506"}, "geometry": {"type": "Point", "coordinates": [-96.069444, 30.775833]}},
    {"type": "Feature", "properties": {"name": "Water well", "description": "Recorded use: irrigation", "Use": "Livestock or irrigation", "Depth (feet)": 1172.0, "Completed": 2012, "Work": "New Well", "State report number": "275557"}, "geometry": {"type": "Point", "coordinates": [-96.048611, 30.4375]}},
    {"type": "Feature", "properties": {"name": "Water well", "description": "Recorded use: domestic", "Use": "Household", "Depth (feet)": 320.0, "Completed": 2011, "Work": "New Well", "State report number": "275728"}, "geometry": {"type": "Point", "coordinates": [-96.081111, 30.389722]}},
    {"type": "Feature", "properties": {"name": "Water well", "description": "Recorded use: domestic", "Use": "Household", "Depth (feet)": 280.0, "Completed": 2012, "Work": "New Well", "State report number": "276046"}, "geometry": {"type": "Point", "coordinates": [-96.035556, 30.423611]}},
    {"type": "Feature", "properties": {"name": "Water well", "description": "Recorded use: domestic", "Use": "Household", "Depth (feet)": 212.0, "Completed": 2012, "Work": "New Well", "State report number": "276049"}, "geometry": {"type": "Point", "coordinates": [-95.925555, 30.408612]}},
    {"type": "Feature", "properties": {"name": "Well or boring", "description": "Recorded use: monitor", "Use": "Monitoring, testing or other", "Depth (feet)": 20.0, "Completed": 2012, "Work": "New Well", "State report number": "276869"}, "geometry": {"type": "Point", "coordinates": [-96.087778, 30.387778]}},
    {"type": "Feature", "properties": {"name": "Water well", "description": "Recorded use: domestic", "Use": "Household", "Depth (feet)": 550.0, "Completed": 2012, "Work": "New Well", "State report number": "278142"}, "geometry": {"type": "Point", "coordinates": [-96.102778, 30.739167]}},
    {"type": "Feature", "properties": {"name": "Water well", "description": "Recorded use: domestic", "Use": "Household", "Depth (feet)": 364.0, "Completed": 2011, "Work": "New Well", "State report number": "278175"}, "geometry": {"type": "Point", "coordinates": [-96.012223, 30.463889]}},
    {"type": "Feature", "properties": {"name": "Water well", "description": "Recorded use: irrigation", "Use": "Livestock or irrigation", "Depth (feet)": 450.0, "Completed": 2011, "Work": "New Well", "State report number": "278180"}, "geometry": {"type": "Point", "coordinates": [-95.984722, 30.395556]}},
    {"type": "Feature", "properties": {"name": "Water well", "description": "Recorded use: domestic", "Use": "Household", "Depth (feet)": 495.0, "Completed": 2012, "Work": "Replacement", "State report number": "279154"}, "geometry": {"type": "Point", "coordinates": [-95.851945, 30.248056]}},
    {"type": "Feature", "properties": {"name": "Water well", "description": "Recorded use: domestic", "Use": "Household", "Depth (feet)": 185.0, "Completed": 2012, "Work": "New Well", "State report number": "279626"}, "geometry": {"type": "Point", "coordinates": [-95.896667, 30.305001]}},
    {"type": "Feature", "properties": {"name": "Water well", "description": "Recorded use: domestic", "Use": "Household", "Depth (feet)": 368.0, "Completed": 2012, "Work": "New Well", "State report number": "280804"}, "geometry": {"type": "Point", "coordinates": [-95.953334, 30.688334]}},
    {"type": "Feature", "properties": {"name": "Water well", "description": "Recorded use: domestic", "Use": "Household", "Depth (feet)": 500.0, "Completed": 2012, "Work": "New Well", "State report number": "280806"}, "geometry": {"type": "Point", "coordinates": [-95.961389, 30.589445]}},
    {"type": "Feature", "properties": {"name": "Water well", "description": "Recorded use: domestic", "Use": "Household", "Depth (feet)": 320.0, "Completed": 2012, "Work": "New Well", "State report number": "280807"}, "geometry": {"type": "Point", "coordinates": [-95.965834, 30.431667]}},
    {"type": "Feature", "properties": {"name": "Water well", "description": "Recorded use: domestic", "Use": "Household", "Depth (feet)": 225.0, "Completed": 2012, "Work": "New Well", "State report number": "280809"}, "geometry": {"type": "Point", "coordinates": [-96.032778, 30.385]}},
    {"type": "Feature", "properties": {"name": "Water well", "description": "Recorded use: stock", "Use": "Livestock or irrigation", "Depth (feet)": 358.0, "Completed": 2012, "Work": "New Well", "State report number": "280813"}, "geometry": {"type": "Point", "coordinates": [-96.099722, 30.523611]}},
    {"type": "Feature", "properties": {"name": "Water well", "description": "Recorded use: stock", "Use": "Livestock or irrigation", "Depth (feet)": 310.0, "Completed": 2012, "Work": "New Well", "State report number": "280817"}, "geometry": {"type": "Point", "coordinates": [-95.893334, 30.464445]}},
    {"type": "Feature", "properties": {"name": "Water well", "description": "Recorded use: domestic", "Use": "Household", "Depth (feet)": 315.0, "Completed": 2012, "Work": "Replacement", "State report number": "280821"}, "geometry": {"type": "Point", "coordinates": [-95.908612, 30.463889]}},
    {"type": "Feature", "properties": {"name": "Water well", "description": "Recorded use: domestic", "Use": "Household", "Depth (feet)": 307.0, "Completed": 2012, "Work": "Replacement", "State report number": "280824"}, "geometry": {"type": "Point", "coordinates": [-95.954723, 30.585278]}},
    {"type": "Feature", "properties": {"name": "Water well", "description": "Recorded use: domestic", "Use": "Household", "Depth (feet)": 410.0, "Completed": 2012, "Work": "New Well", "State report number": "280825"}, "geometry": {"type": "Point", "coordinates": [-95.949167, 30.263334]}},
    {"type": "Feature", "properties": {"name": "Water well", "description": "Recorded use: stock", "Use": "Livestock or irrigation", "Depth (feet)": 437.0, "Completed": 2012, "Work": "New Well", "State report number": "280828"}, "geometry": {"type": "Point", "coordinates": [-95.907778, 30.295834]}},
    {"type": "Feature", "properties": {"name": "Water well", "description": "Recorded use: stock", "Use": "Livestock or irrigation", "Depth (feet)": 260.0, "Completed": 2012, "Work": "New Well", "State report number": "281498"}, "geometry": {"type": "Point", "coordinates": [-95.888889, 30.493889]}},
    {"type": "Feature", "properties": {"name": "Water well", "description": "Recorded use: domestic", "Use": "Household", "Depth (feet)": 422.0, "Completed": 2012, "Work": "New Well", "State report number": "281499"}, "geometry": {"type": "Point", "coordinates": [-96.0475, 30.463889]}},
    {"type": "Feature", "properties": {"name": "Water well", "description": "Recorded use: domestic", "Use": "Household", "Depth (feet)": 320.0, "Completed": 2012, "Work": "New Well", "State report number": "281500"}, "geometry": {"type": "Point", "coordinates": [-96.100556, 30.406667]}},
    {"type": "Feature", "properties": {"name": "Water well", "description": "Recorded use: domestic", "Use": "Household", "Depth (feet)": 280.0, "Completed": 2012, "Work": "Replacement", "State report number": "281501"}, "geometry": {"type": "Point", "coordinates": [-95.857223, 30.302223]}},
    {"type": "Feature", "properties": {"name": "Water well", "description": "Recorded use: domestic", "Use": "Household", "Depth (feet)": 320.0, "Completed": 2012, "Work": "New Well", "State report number": "281505"}, "geometry": {"type": "Point", "coordinates": [-96.100556, 30.406667]}},
    {"type": "Feature", "properties": {"name": "Water well", "description": "Recorded use: domestic", "Use": "Household", "Depth (feet)": 522.0, "Completed": 2012, "Work": "Reconditioning", "State report number": "281508"}, "geometry": {"type": "Point", "coordinates": [-96.050278, 30.754167]}},
    {"type": "Feature", "properties": {"name": "Well or boring", "description": "Recorded use: closed-loop geothermal", "Use": "Monitoring, testing or other", "Depth (feet)": 300.0, "Completed": 2012, "Work": "New Well", "State report number": "281960"}, "geometry": {"type": "Point", "coordinates": [-95.896945, 30.320833]}},
    {"type": "Feature", "properties": {"name": "Water well", "description": "Recorded use: domestic", "Use": "Household", "Depth (feet)": 400.0, "Completed": 2012, "Work": "New Well", "State report number": "282162"}, "geometry": {"type": "Point", "coordinates": [-96.093334, 30.820833]}},
    {"type": "Feature", "properties": {"name": "Water well", "description": "Recorded use: stock", "Use": "Livestock or irrigation", "Depth (feet)": 340.0, "Completed": 2012, "Work": "New Well", "State report number": "282172"}, "geometry": {"type": "Point", "coordinates": [-96.048056, 30.601945]}},
    {"type": "Feature", "properties": {"name": "Well or boring", "description": "Recorded use: monitor", "Use": "Monitoring, testing or other", "Depth (feet)": 20.0, "Completed": 2012, "Work": "New Well", "Plugged": "Yes", "State report number": "282904"}, "geometry": {"type": "Point", "coordinates": [-95.888889, 30.612501]}},
    {"type": "Feature", "properties": {"name": "Water well", "description": "Recorded use: rig supply", "Use": "Industrial or drilling supply", "Depth (feet)": 580.0, "Completed": 2012, "Work": "New Well", "State report number": "283429"}, "geometry": {"type": "Point", "coordinates": [-96.100001, 30.783334]}},
    {"type": "Feature", "properties": {"name": "Water well", "description": "Recorded use: domestic", "Use": "Household", "Depth (feet)": 340.0, "Completed": 2012, "Work": "New Well", "State report number": "284638"}, "geometry": {"type": "Point", "coordinates": [-96.066944, 30.415834]}},
    {"type": "Feature", "properties": {"name": "Water well", "description": "Recorded use: domestic", "Use": "Household", "Depth (feet)": 500.0, "Completed": 2012, "Work": "New Well", "State report number": "284791"}, "geometry": {"type": "Point", "coordinates": [-95.856112, 30.286389]}},
    {"type": "Feature", "properties": {"name": "Water well", "description": "Recorded use: domestic", "Use": "Household", "Depth (feet)": 418.0, "Completed": 2012, "Work": "New Well", "State report number": "284797"}, "geometry": {"type": "Point", "coordinates": [-95.910834, 30.450834]}},
    {"type": "Feature", "properties": {"name": "Water well", "description": "Recorded use: rig supply", "Use": "Industrial or drilling supply", "Depth (feet)": 320.0, "Completed": 2012, "Work": "New Well", "State report number": "285762"}, "geometry": {"type": "Point", "coordinates": [-95.910278, 30.841389]}},
    {"type": "Feature", "properties": {"name": "Water well", "description": "Recorded use: domestic", "Use": "Household", "Depth (feet)": 165.0, "Completed": 2012, "Work": "New Well", "State report number": "286432"}, "geometry": {"type": "Point", "coordinates": [-95.903612, 30.299722]}},
    {"type": "Feature", "properties": {"name": "Water well", "description": "Recorded use: rig supply", "Use": "Industrial or drilling supply", "Depth (feet)": 560.0, "Completed": 2012, "Work": "New Well", "State report number": "286637"}, "geometry": {"type": "Point", "coordinates": [-96.140834, 30.752223]}},
    {"type": "Feature", "properties": {"name": "Water well", "description": "Recorded use: domestic", "Use": "Household", "Depth (feet)": 410.0, "Completed": 2012, "Work": "New Well", "State report number": "286754"}, "geometry": {"type": "Point", "coordinates": [-96.096111, 30.783889]}},
    {"type": "Feature", "properties": {"name": "Water well", "description": "Recorded use: rig supply", "Use": "Industrial or drilling supply", "Depth (feet)": 280.0, "Completed": 2012, "Work": "New Well", "State report number": "287799"}, "geometry": {"type": "Point", "coordinates": [-96.057223, 30.798056]}},
    {"type": "Feature", "properties": {"name": "Water well", "description": "Recorded use: rig supply", "Use": "Industrial or drilling supply", "Depth (feet)": 300.0, "Completed": 2012, "Work": "New Well", "State report number": "287805"}, "geometry": {"type": "Point", "coordinates": [-96.057223, 30.798056]}},
    {"type": "Feature", "properties": {"name": "Well or boring", "description": "Recorded use: environmental soil boring", "Use": "Monitoring, testing or other", "Depth (feet)": 15.0, "Completed": 2012, "Work": "New Well", "Plugged": "Yes", "State report number": "288912"}, "geometry": {"type": "Point", "coordinates": [-96.086945, 30.387778]}},
    {"type": "Feature", "properties": {"name": "Well or boring", "description": "Recorded use: environmental soil boring", "Use": "Monitoring, testing or other", "Depth (feet)": 15.0, "Completed": 2012, "Work": "New Well", "Plugged": "Yes", "State report number": "288914"}, "geometry": {"type": "Point", "coordinates": [-96.086945, 30.387778]}},
    {"type": "Feature", "properties": {"name": "Water well", "description": "Recorded use: stock", "Use": "Livestock or irrigation", "Depth (feet)": 425.0, "Completed": 2012, "Work": "New Well", "State report number": "288980"}, "geometry": {"type": "Point", "coordinates": [-96.045, 30.696389]}},
    {"type": "Feature", "properties": {"name": "Water well", "description": "Recorded use: domestic", "Use": "Household", "Depth (feet)": 245.0, "Completed": 2012, "Work": "New Well", "State report number": "289603"}, "geometry": {"type": "Point", "coordinates": [-95.818889, 30.251667]}},
    {"type": "Feature", "properties": {"name": "Water well", "description": "Recorded use: rig supply", "Use": "Industrial or drilling supply", "Depth (feet)": 195.0, "Completed": 2012, "Work": "New Well", "State report number": "289909"}, "geometry": {"type": "Point", "coordinates": [-95.896667, 30.7475]}},
    {"type": "Feature", "properties": {"name": "Water well", "description": "Recorded use: domestic", "Use": "Household", "Depth (feet)": 165.0, "Completed": 2012, "Work": "New Well", "State report number": "289914"}, "geometry": {"type": "Point", "coordinates": [-95.878055, 30.262778]}},
    {"type": "Feature", "properties": {"name": "Water well", "description": "Recorded use: rig supply", "Use": "Industrial or drilling supply", "Depth (feet)": 340.0, "Completed": 2012, "Work": "New Well", "State report number": "290359"}, "geometry": {"type": "Point", "coordinates": [-96.047222, 30.750001]}},
    {"type": "Feature", "properties": {"name": "Water well", "description": "Recorded use: stock", "Use": "Livestock or irrigation", "Depth (feet)": 330.0, "Completed": 2012, "Work": "New Well", "State report number": "290382"}, "geometry": {"type": "Point", "coordinates": [-95.913889, 30.755834]}},
    {"type": "Feature", "properties": {"name": "Water well", "description": "Recorded use: rig supply", "Use": "Industrial or drilling supply", "Depth (feet)": 420.0, "Completed": 2012, "Work": "New Well", "State report number": "290887"}, "geometry": {"type": "Point", "coordinates": [-96.04, 30.768889]}},
    {"type": "Feature", "properties": {"name": "Well or boring", "description": "Recorded use: monitor", "Use": "Monitoring, testing or other", "Depth (feet)": 80.0, "Completed": 2012, "Work": "New Well", "State report number": "290939"}, "geometry": {"type": "Point", "coordinates": [-96.093334, 30.408056]}},
    {"type": "Feature", "properties": {"name": "Well or boring", "description": "Recorded use: monitor", "Use": "Monitoring, testing or other", "Depth (feet)": 150.0, "Completed": 2012, "Work": "New Well", "State report number": "290940"}, "geometry": {"type": "Point", "coordinates": [-96.093334, 30.407778]}},
    {"type": "Feature", "properties": {"name": "Well or boring", "description": "Recorded use: monitor", "Use": "Monitoring, testing or other", "Depth (feet)": 80.0, "Completed": 2012, "Work": "New Well", "State report number": "290942"}, "geometry": {"type": "Point", "coordinates": [-96.094167, 30.406667]}},
    {"type": "Feature", "properties": {"name": "Well or boring", "description": "Recorded use: monitor", "Use": "Monitoring, testing or other", "Depth (feet)": 70.0, "Completed": 2012, "Work": "New Well", "State report number": "290950"}, "geometry": {"type": "Point", "coordinates": [-96.095556, 30.406112]}},
    {"type": "Feature", "properties": {"name": "Well or boring", "description": "Recorded use: monitor", "Use": "Monitoring, testing or other", "Depth (feet)": 130.0, "Completed": 2012, "Work": "New Well", "State report number": "290951"}, "geometry": {"type": "Point", "coordinates": [-96.095556, 30.406112]}},
    {"type": "Feature", "properties": {"name": "Well or boring", "description": "Recorded use: environmental soil boring", "Use": "Monitoring, testing or other", "Depth (feet)": 80.0, "Completed": 2012, "Work": "New Well", "Plugged": "Yes", "State report number": "290957"}, "geometry": {"type": "Point", "coordinates": [-96.095834, 30.406112]}},
    {"type": "Feature", "properties": {"name": "Well or boring", "description": "Recorded use: environmental soil boring", "Use": "Monitoring, testing or other", "Depth (feet)": 70.0, "Completed": 2012, "Work": "New Well", "Plugged": "Yes", "State report number": "290958"}, "geometry": {"type": "Point", "coordinates": [-96.095278, 30.406389]}},
    {"type": "Feature", "properties": {"name": "Well or boring", "description": "Recorded use: environmental soil boring", "Use": "Monitoring, testing or other", "Depth (feet)": 75.0, "Completed": 2012, "Work": "New Well", "Plugged": "Yes", "State report number": "290962"}, "geometry": {"type": "Point", "coordinates": [-96.095, 30.406389]}},
    {"type": "Feature", "properties": {"name": "Well or boring", "description": "Recorded use: environmental soil boring", "Use": "Monitoring, testing or other", "Depth (feet)": 65.0, "Completed": 2012, "Work": "New Well", "Plugged": "Yes", "State report number": "290965"}, "geometry": {"type": "Point", "coordinates": [-96.094445, 30.406667]}},
    {"type": "Feature", "properties": {"name": "Well or boring", "description": "Recorded use: environmental soil boring", "Use": "Monitoring, testing or other", "Depth (feet)": 150.0, "Completed": 2012, "Work": "New Well", "Plugged": "Yes", "State report number": "290967"}, "geometry": {"type": "Point", "coordinates": [-96.094167, 30.406667]}},
    {"type": "Feature", "properties": {"name": "Water well", "description": "Recorded use: domestic", "Use": "Household", "Depth (feet)": 452.0, "Completed": 2012, "Work": "New Well", "State report number": "291098"}, "geometry": {"type": "Point", "coordinates": [-95.856667, 30.295834]}},
    {"type": "Feature", "properties": {"name": "Water well", "description": "Recorded use: rig supply", "Use": "Industrial or drilling supply", "Depth (feet)": 160.0, "Completed": 2012, "Work": "New Well", "State report number": "291277"}, "geometry": {"type": "Point", "coordinates": [-95.897778, 30.748611]}},
    {"type": "Feature", "properties": {"name": "Water well", "description": "Recorded use: domestic", "Use": "Household", "Depth (feet)": 365.0, "Completed": 2012, "Work": "Replacement", "State report number": "291540"}, "geometry": {"type": "Point", "coordinates": [-95.923055, 30.302778]}},
    {"type": "Feature", "properties": {"name": "Water well", "description": "Recorded use: domestic", "Use": "Household", "Depth (feet)": 300.0, "Completed": 2012, "Work": "New Well", "State report number": "291566"}, "geometry": {"type": "Point", "coordinates": [-95.939722, 30.286667]}},
    {"type": "Feature", "properties": {"name": "Water well", "description": "Recorded use: domestic", "Use": "Household", "Depth (feet)": 300.0, "Completed": 2012, "Work": "New Well", "State report number": "291570"}, "geometry": {"type": "Point", "coordinates": [-95.945, 30.294722]}},
    {"type": "Feature", "properties": {"name": "Water well", "description": "Recorded use: fracking supply", "Use": "Industrial or drilling supply", "Depth (feet)": 550.0, "Completed": 2012, "Work": "New Well", "State report number": "291580"}, "geometry": {"type": "Point", "coordinates": [-96.045556, 30.750278]}},
    {"type": "Feature", "properties": {"name": "Water well", "description": "Recorded use: fracking supply", "Use": "Industrial or drilling supply", "Depth (feet)": 480.0, "Completed": 2012, "Work": "New Well", "State report number": "291594"}, "geometry": {"type": "Point", "coordinates": [-95.905556, 30.839722]}},
    {"type": "Feature", "properties": {"name": "Water well", "description": "Recorded use: fracking supply", "Use": "Industrial or drilling supply", "Depth (feet)": 600.0, "Completed": 2012, "Work": "New Well", "State report number": "292335"}, "geometry": {"type": "Point", "coordinates": [-95.898056, 30.753334]}},
    {"type": "Feature", "properties": {"name": "Water well", "description": "Recorded use: fracking supply", "Use": "Industrial or drilling supply", "Depth (feet)": 600.0, "Completed": 2012, "Work": "New Well", "State report number": "292728"}, "geometry": {"type": "Point", "coordinates": [-95.900834, 30.750834]}},
    {"type": "Feature", "properties": {"name": "Water well", "description": "Recorded use: irrigation", "Use": "Livestock or irrigation", "Depth (feet)": 260.0, "Completed": 2012, "Work": "New Well", "State report number": "293107"}, "geometry": {"type": "Point", "coordinates": [-96.044722, 30.247222]}},
    {"type": "Feature", "properties": {"name": "Water well", "description": "Recorded use: domestic", "Use": "Household", "Depth (feet)": 400.0, "Completed": 2012, "Work": "New Well", "State report number": "293117"}, "geometry": {"type": "Point", "coordinates": [-95.928889, 30.788334]}},
    {"type": "Feature", "properties": {"name": "Water well", "description": "Recorded use: domestic", "Use": "Household", "Depth (feet)": 130.0, "Completed": 2012, "Work": "New Well", "State report number": "293120"}, "geometry": {"type": "Point", "coordinates": [-95.875555, 30.631111]}},
    {"type": "Feature", "properties": {"name": "Water well", "description": "Recorded use: irrigation", "Use": "Livestock or irrigation", "Depth (feet)": 320.0, "Completed": 2012, "Work": "New Well", "State report number": "293125"}, "geometry": {"type": "Point", "coordinates": [-95.863889, 30.330833]}},
    {"type": "Feature", "properties": {"name": "Water well", "description": "Recorded use: rig supply", "Use": "Industrial or drilling supply", "Depth (feet)": 420.0, "Completed": 2012, "Work": "New Well", "State report number": "293271"}, "geometry": {"type": "Point", "coordinates": [-96.041389, 30.768889]}},
    {"type": "Feature", "properties": {"name": "Water well", "description": "Recorded use: fracking supply", "Use": "Industrial or drilling supply", "Depth (feet)": 480.0, "Completed": 2012, "Work": "New Well", "State report number": "293274"}, "geometry": {"type": "Point", "coordinates": [-96.042222, 30.754445]}},
    {"type": "Feature", "properties": {"name": "Well or boring", "description": "Recorded use: monitor", "Use": "Monitoring, testing or other", "Depth (feet)": 54.0, "Completed": 2012, "Work": "Replacement", "State report number": "294690"}, "geometry": {"type": "Point", "coordinates": [-96.056667, 30.613889]}},
    {"type": "Feature", "properties": {"name": "Well or boring", "description": "Recorded use: monitor", "Use": "Monitoring, testing or other", "Depth (feet)": 18.0, "Completed": 2012, "Work": "Replacement", "State report number": "294693"}, "geometry": {"type": "Point", "coordinates": [-96.059723, 30.611667]}},
    {"type": "Feature", "properties": {"name": "Well or boring", "description": "Recorded use: monitor", "Use": "Monitoring, testing or other", "Depth (feet)": 20.0, "Completed": 2012, "Work": "Replacement", "State report number": "294697"}, "geometry": {"type": "Point", "coordinates": [-96.059445, 30.611112]}},
    {"type": "Feature", "properties": {"name": "Well or boring", "description": "Recorded use: monitor", "Use": "Monitoring, testing or other", "Depth (feet)": 34.0, "Completed": 2012, "Work": "New Well", "State report number": "294698"}, "geometry": {"type": "Point", "coordinates": [-96.059445, 30.611112]}},
    {"type": "Feature", "properties": {"name": "Well or boring", "description": "Recorded use: monitor", "Use": "Monitoring, testing or other", "Depth (feet)": 18.0, "Completed": 2012, "Work": "New Well", "State report number": "294700"}, "geometry": {"type": "Point", "coordinates": [-96.060556, 30.610556]}},
    {"type": "Feature", "properties": {"name": "Water well", "description": "Recorded use: domestic", "Use": "Household", "Depth (feet)": 200.0, "Completed": 2012, "Work": "New Well", "State report number": "295963"}, "geometry": {"type": "Point", "coordinates": [-95.849722, 30.429167]}},
    {"type": "Feature", "properties": {"name": "Water well", "description": "Recorded use: fracking supply", "Use": "Industrial or drilling supply", "Depth (feet)": 600.0, "Completed": 2012, "Work": "New Well", "State report number": "296219"}, "geometry": {"type": "Point", "coordinates": [-95.900834, 30.751945]}},
    {"type": "Feature", "properties": {"name": "Water well", "description": "Recorded use: domestic", "Use": "Household", "Depth (feet)": 405.0, "Completed": 2012, "Work": "New Well", "State report number": "297074"}, "geometry": {"type": "Point", "coordinates": [-95.972778, 30.548056]}},
    {"type": "Feature", "properties": {"name": "Water well", "description": "Recorded use: stock", "Use": "Livestock or irrigation", "Depth (feet)": 120.0, "Completed": 2012, "Work": "New Well", "State report number": "298712"}, "geometry": {"type": "Point", "coordinates": [-95.938334, 30.819444]}},
    {"type": "Feature", "properties": {"name": "Water well", "description": "Recorded use: domestic", "Use": "Household", "Depth (feet)": 245.0, "Completed": 2012, "Work": "New Well", "State report number": "299214"}, "geometry": {"type": "Point", "coordinates": [-95.869722, 30.262223]}},
    {"type": "Feature", "properties": {"name": "Water well", "description": "Recorded use: rig supply", "Use": "Industrial or drilling supply", "Depth (feet)": 170.0, "Completed": 2012, "Work": "New Well", "State report number": "299814"}, "geometry": {"type": "Point", "coordinates": [-95.906112, 30.466389]}},
    {"type": "Feature", "properties": {"name": "Well or boring", "description": "Recorded use: environmental soil boring", "Use": "Monitoring, testing or other", "Depth (feet)": 10.0, "Completed": 2012, "Work": "New Well", "State report number": "300275"}, "geometry": {"type": "Point", "coordinates": [-95.943334, 30.584722]}},
    {"type": "Feature", "properties": {"name": "Well or boring", "description": "Recorded use: environmental soil boring", "Use": "Monitoring, testing or other", "Depth (feet)": 10.0, "Completed": 2012, "Work": "New Well", "State report number": "300278"}, "geometry": {"type": "Point", "coordinates": [-95.943334, 30.584722]}},
    {"type": "Feature", "properties": {"name": "Water well", "description": "Recorded use: domestic", "Use": "Household", "Depth (feet)": 398.0, "Completed": 2012, "Work": "Replacement", "State report number": "300318"}, "geometry": {"type": "Point", "coordinates": [-95.847778, 30.691667]}},
    {"type": "Feature", "properties": {"name": "Water well", "description": "Recorded use: rig supply", "Use": "Industrial or drilling supply", "Depth (feet)": 140.0, "Completed": 2012, "Work": "New Well", "State report number": "300482"}, "geometry": {"type": "Point", "coordinates": [-95.956112, 30.695834]}},
    {"type": "Feature", "properties": {"name": "Water well", "description": "Recorded use: domestic", "Use": "Household", "Depth (feet)": 275.0, "Completed": 2012, "Work": "New Well", "State report number": "300487"}, "geometry": {"type": "Point", "coordinates": [-95.855278, 30.421389]}},
    {"type": "Feature", "properties": {"name": "Well or boring", "description": "Recorded use: environmental soil boring", "Use": "Monitoring, testing or other", "Depth (feet)": 20.0, "Completed": 2012, "Work": "New Well", "Plugged": "Yes", "State report number": "300533"}, "geometry": {"type": "Point", "coordinates": [-95.987778, 30.486667]}},
    {"type": "Feature", "properties": {"name": "Water well", "description": "Recorded use: domestic", "Use": "Household", "Depth (feet)": 374.0, "Completed": 2012, "Work": "New Well", "State report number": "300790"}, "geometry": {"type": "Point", "coordinates": [-96.105834, 30.810278]}},
    {"type": "Feature", "properties": {"name": "Water well", "description": "Recorded use: domestic", "Use": "Household", "Depth (feet)": 365.0, "Completed": 2012, "Work": "New Well", "State report number": "301003"}, "geometry": {"type": "Point", "coordinates": [-95.853612, 30.329167]}},
    {"type": "Feature", "properties": {"name": "Water well", "description": "Recorded use: domestic", "Use": "Household", "Depth (feet)": 465.0, "Completed": 2012, "Work": "New Well", "State report number": "301024"}, "geometry": {"type": "Point", "coordinates": [-95.973333, 30.279722]}},
    {"type": "Feature", "properties": {"name": "Water well", "description": "Recorded use: domestic", "Use": "Household", "Depth (feet)": 245.0, "Completed": 2012, "Work": "New Well", "State report number": "301542"}, "geometry": {"type": "Point", "coordinates": [-95.860278, 30.250834]}},
    {"type": "Feature", "properties": {"name": "Water well", "description": "Recorded use: domestic", "Use": "Household", "Depth (feet)": 452.0, "Completed": 2012, "Work": "New Well", "State report number": "301589"}, "geometry": {"type": "Point", "coordinates": [-95.926111, 30.245556]}},
    {"type": "Feature", "properties": {"name": "Water well", "description": "Recorded use: rig supply", "Use": "Industrial or drilling supply", "Depth (feet)": 620.0, "Completed": 2012, "Work": "New Well", "State report number": "301861"}, "geometry": {"type": "Point", "coordinates": [-95.953612, 30.699445]}},
    {"type": "Feature", "properties": {"name": "Water well", "description": "Recorded use: domestic", "Use": "Household", "Depth (feet)": 700.0, "Completed": 2012, "Work": "New Well", "State report number": "301900"}, "geometry": {"type": "Point", "coordinates": [-95.948611, 30.703612]}},
    {"type": "Feature", "properties": {"name": "Water well", "description": "Recorded use: domestic", "Use": "Household", "Depth (feet)": 235.0, "Completed": 2012, "Work": "New Well", "State report number": "302075"}, "geometry": {"type": "Point", "coordinates": [-95.846111, 30.246389]}},
    {"type": "Feature", "properties": {"name": "Water well", "description": "Recorded use: domestic", "Use": "Household", "Depth (feet)": 125.0, "Completed": 2012, "Work": "New Well", "State report number": "302166"}, "geometry": {"type": "Point", "coordinates": [-95.92, 30.291945]}},
    {"type": "Feature", "properties": {"name": "Water well", "description": "Recorded use: domestic", "Use": "Household", "Depth (feet)": 352.0, "Completed": 2012, "Work": "New Well", "State report number": "302660"}, "geometry": {"type": "Point", "coordinates": [-95.853612, 30.329167]}},
    {"type": "Feature", "properties": {"name": "Water well", "description": "Recorded use: domestic", "Use": "Household", "Depth (feet)": 480.0, "Completed": 2012, "Work": "New Well", "State report number": "302775"}, "geometry": {"type": "Point", "coordinates": [-96.021944, 30.291389]}},
    {"type": "Feature", "properties": {"name": "Water well", "description": "Recorded use: domestic", "Use": "Household", "Depth (feet)": 400.0, "Completed": 2012, "Work": "New Well", "State report number": "302781"}, "geometry": {"type": "Point", "coordinates": [-95.944167, 30.407223]}},
    {"type": "Feature", "properties": {"name": "Water well", "description": "Recorded use: rig supply", "Use": "Industrial or drilling supply", "Depth (feet)": 330.0, "Completed": 2012, "Work": "New Well", "State report number": "302804"}, "geometry": {"type": "Point", "coordinates": [-96.097778, 30.695]}},
    {"type": "Feature", "properties": {"name": "Water well", "description": "Recorded use: irrigation", "Use": "Livestock or irrigation", "Depth (feet)": 500.0, "Completed": 2012, "Work": "New Well", "State report number": "302860"}, "geometry": {"type": "Point", "coordinates": [-95.966667, 30.321111]}},
    {"type": "Feature", "properties": {"name": "Water well", "description": "Recorded use: domestic", "Use": "Household", "Depth (feet)": 228.0, "Completed": 2012, "Work": "New Well", "State report number": "302886"}, "geometry": {"type": "Point", "coordinates": [-95.861389, 30.257223]}},
    {"type": "Feature", "properties": {"name": "Well or boring", "description": "Recorded use: environmental soil boring", "Use": "Monitoring, testing or other", "Depth (feet)": 10.0, "Completed": 2012, "Work": "New Well", "State report number": "303262"}, "geometry": {"type": "Point", "coordinates": [-95.943334, 30.584722]}},
    {"type": "Feature", "properties": {"name": "Water well", "description": "Recorded use: rig supply", "Use": "Industrial or drilling supply", "Depth (feet)": 340.0, "Completed": 2012, "Work": "New Well", "State report number": "303447"}, "geometry": {"type": "Point", "coordinates": [-96.094167, 30.692778]}},
    {"type": "Feature", "properties": {"name": "Water well", "description": "Recorded use: rig supply", "Use": "Industrial or drilling supply", "Depth (feet)": 380.0, "Completed": 2012, "Work": "New Well", "State report number": "303607"}, "geometry": {"type": "Point", "coordinates": [-96.083611, 30.693056]}},
    {"type": "Feature", "properties": {"name": "Water well", "description": "Recorded use: domestic", "Use": "Household", "Depth (feet)": 380.0, "Completed": 2012, "Work": "Replacement", "State report number": "303640"}, "geometry": {"type": "Point", "coordinates": [-95.833611, 30.316667]}},
    {"type": "Feature", "properties": {"name": "Water well", "description": "Recorded use: domestic", "Use": "Household", "Depth (feet)": 360.0, "Completed": 2012, "Work": "Replacement", "State report number": "303706"}, "geometry": {"type": "Point", "coordinates": [-95.816667, 30.483334]}},
    {"type": "Feature", "properties": {"name": "Water well", "description": "Recorded use: irrigation", "Use": "Livestock or irrigation", "Depth (feet)": 208.0, "Completed": 2012, "Work": "New Well", "State report number": "303750"}, "geometry": {"type": "Point", "coordinates": [-95.987392, 30.250281]}},
    {"type": "Feature", "properties": {"name": "Water well", "description": "Recorded use: domestic", "Use": "Household", "Depth (feet)": 408.0, "Completed": 2012, "Work": "New Well", "State report number": "305217"}, "geometry": {"type": "Point", "coordinates": [-95.9875, 30.776667]}},
    {"type": "Feature", "properties": {"name": "Water well", "description": "Recorded use: rig supply", "Use": "Industrial or drilling supply", "Depth (feet)": 700.0, "Completed": 2012, "Work": "New Well", "State report number": "305342"}, "geometry": {"type": "Point", "coordinates": [-96.1375, 30.665001]}},
    {"type": "Feature", "properties": {"name": "Water well", "description": "Recorded use: rig supply", "Use": "Industrial or drilling supply", "Depth (feet)": 160.0, "Completed": 2012, "Work": "New Well", "State report number": "305343"}, "geometry": {"type": "Point", "coordinates": [-96.159445, 30.820555]}},
    {"type": "Feature", "properties": {"name": "Water well", "description": "Recorded use: domestic", "Use": "Household", "Depth (feet)": 305.0, "Completed": 2012, "Work": "New Well", "State report number": "305385"}, "geometry": {"type": "Point", "coordinates": [-95.859723, 30.245556]}},
    {"type": "Feature", "properties": {"name": "Well or boring", "description": "Recorded use: environmental soil boring", "Use": "Monitoring, testing or other", "Depth (feet)": 10.0, "Completed": 2012, "Work": "New Well", "Plugged": "Yes", "State report number": "305448"}, "geometry": {"type": "Point", "coordinates": [-96.094167, 30.370833]}},
    {"type": "Feature", "properties": {"name": "Well or boring", "description": "Recorded use: environmental soil boring", "Use": "Monitoring, testing or other", "Depth (feet)": 10.0, "Completed": 2012, "Work": "New Well", "Plugged": "Yes", "State report number": "305449"}, "geometry": {"type": "Point", "coordinates": [-96.094445, 30.37]}},
    {"type": "Feature", "properties": {"name": "Water well", "description": "Recorded use: domestic", "Use": "Household", "Depth (feet)": 357.0, "Completed": 2012, "Work": "New Well", "State report number": "305898"}, "geometry": {"type": "Point", "coordinates": [-95.89, 30.276667]}},
    {"type": "Feature", "properties": {"name": "Water well", "description": "Recorded use: domestic", "Use": "Household", "Depth (feet)": 103.0, "Completed": 2012, "Work": "New Well", "State report number": "305899"}, "geometry": {"type": "Point", "coordinates": [-95.89, 30.276667]}},
    {"type": "Feature", "properties": {"name": "Water well", "description": "Recorded use: domestic", "Use": "Household", "Depth (feet)": 370.0, "Completed": 2012, "Work": "New Well", "State report number": "306574"}, "geometry": {"type": "Point", "coordinates": [-95.809723, 30.373333]}},
    {"type": "Feature", "properties": {"name": "Water well", "description": "Recorded use: rig supply", "Use": "Industrial or drilling supply", "Depth (feet)": 215.0, "Completed": 2012, "Work": "New Well", "State report number": "307437"}, "geometry": {"type": "Point", "coordinates": [-95.919722, 30.428055]}},
    {"type": "Feature", "properties": {"name": "Water well", "description": "Recorded use: rig supply", "Use": "Industrial or drilling supply", "Depth (feet)": 660.0, "Completed": 2012, "Work": "New Well", "Plugged": "Yes", "State report number": "308288"}, "geometry": {"type": "Point", "coordinates": [-96.0975, 30.681389]}},
    {"type": "Feature", "properties": {"name": "Water well", "description": "Recorded use: rig supply", "Use": "Industrial or drilling supply", "Depth (feet)": 360.0, "Completed": 2012, "Work": "New Well", "State report number": "308289"}, "geometry": {"type": "Point", "coordinates": [-96.0925, 30.698056]}},
    {"type": "Feature", "properties": {"name": "Water well", "description": "Recorded use: domestic", "Use": "Household", "Depth (feet)": 245.0, "Completed": 2013, "Work": "New Well", "State report number": "309053"}, "geometry": {"type": "Point", "coordinates": [-96.026111, 30.392222]}},
    {"type": "Feature", "properties": {"name": "Water well", "description": "Recorded use: domestic", "Use": "Household", "Depth (feet)": 165.0, "Completed": 2013, "Work": "New Well", "State report number": "309055"}, "geometry": {"type": "Point", "coordinates": [-96.026389, 30.392222]}},
    {"type": "Feature", "properties": {"name": "Water well", "description": "Recorded use: rig supply", "Use": "Industrial or drilling supply", "Depth (feet)": 540.0, "Completed": 2013, "Work": "New Well", "State report number": "309935"}, "geometry": {"type": "Point", "coordinates": [-96.109167, 30.769444]}},
    {"type": "Feature", "properties": {"name": "Water well", "description": "Recorded use: fracking supply", "Use": "Industrial or drilling supply", "Depth (feet)": 540.0, "Completed": 2013, "Work": "New Well", "State report number": "309941"}, "geometry": {"type": "Point", "coordinates": [-96.114723, 30.7675]}},
    {"type": "Feature", "properties": {"name": "Water well", "description": "Recorded use: stock", "Use": "Livestock or irrigation", "Depth (feet)": 350.0, "Completed": 2012, "Work": "New Well", "State report number": "310274"}, "geometry": {"type": "Point", "coordinates": [-95.944167, 30.652778]}},
    {"type": "Feature", "properties": {"name": "Water well", "description": "Recorded use: domestic", "Use": "Household", "Depth (feet)": 380.0, "Completed": 2012, "Work": "New Well", "State report number": "310285"}, "geometry": {"type": "Point", "coordinates": [-96.146945, 30.588889]}},
    {"type": "Feature", "properties": {"name": "Water well", "description": "Recorded use: domestic", "Use": "Household", "Depth (feet)": 240.0, "Completed": 2013, "Work": "New Well", "State report number": "310291"}, "geometry": {"type": "Point", "coordinates": [-95.993056, 30.395556]}},
    {"type": "Feature", "properties": {"name": "Water well", "description": "Recorded use: domestic", "Use": "Household", "Depth (feet)": 400.0, "Completed": 2013, "Work": "New Well", "State report number": "310738"}, "geometry": {"type": "Point", "coordinates": [-96.091667, 30.712778]}},
    {"type": "Feature", "properties": {"name": "Water well", "description": "Recorded use: domestic", "Use": "Household", "Depth (feet)": 406.0, "Completed": 2012, "Work": "New Well", "State report number": "310743"}, "geometry": {"type": "Point", "coordinates": [-96.106945, 30.687222]}},
    {"type": "Feature", "properties": {"name": "Water well", "description": "Recorded use: irrigation", "Use": "Livestock or irrigation", "Depth (feet)": 320.0, "Completed": 2012, "Work": "New Well", "State report number": "310744"}, "geometry": {"type": "Point", "coordinates": [-95.985556, 30.398889]}},
    {"type": "Feature", "properties": {"name": "Water well", "description": "Recorded use: domestic", "Use": "Household", "Depth (feet)": 260.0, "Completed": 2012, "Work": "New Well", "State report number": "311182"}, "geometry": {"type": "Point", "coordinates": [-95.952501, 30.506112]}},
    {"type": "Feature", "properties": {"name": "Water well", "description": "Recorded use: domestic", "Use": "Household", "Depth (feet)": 123.0, "Completed": 2013, "Work": "New Well", "State report number": "311691"}, "geometry": {"type": "Point", "coordinates": [-95.893056, 30.698334]}},
    {"type": "Feature", "properties": {"name": "Water well", "description": "Recorded use: domestic", "Use": "Household", "Depth (feet)": 280.0, "Completed": 2012, "Work": "New Well", "State report number": "311839"}, "geometry": {"type": "Point", "coordinates": [-96.028611, 30.349722]}},
    {"type": "Feature", "properties": {"name": "Water well", "description": "Recorded use: domestic", "Use": "Household", "Depth (feet)": 320.0, "Completed": 2013, "Work": "New Well", "State report number": "311853"}, "geometry": {"type": "Point", "coordinates": [-95.883889, 30.691389]}},
    {"type": "Feature", "properties": {"name": "Water well", "description": "Recorded use: domestic", "Use": "Household", "Depth (feet)": 240.0, "Completed": 2013, "Work": "New Well", "State report number": "311873"}, "geometry": {"type": "Point", "coordinates": [-96.074167, 30.406667]}},
    {"type": "Feature", "properties": {"name": "Water well", "description": "Recorded use: domestic", "Use": "Household", "Depth (feet)": 440.0, "Completed": 2013, "Work": "New Well", "State report number": "311891"}, "geometry": {"type": "Point", "coordinates": [-96.061389, 30.465278]}},
    {"type": "Feature", "properties": {"name": "Water well", "description": "Recorded use: domestic", "Use": "Household", "Depth (feet)": 280.0, "Completed": 2013, "Work": "New Well", "State report number": "311898"}, "geometry": {"type": "Point", "coordinates": [-95.943056, 30.285556]}},
    {"type": "Feature", "properties": {"name": "Water well", "description": "Recorded use: domestic", "Use": "Household", "Depth (feet)": 220.0, "Completed": 2013, "Work": "New Well", "State report number": "311902"}, "geometry": {"type": "Point", "coordinates": [-95.907778, 30.449167]}},
    {"type": "Feature", "properties": {"name": "Water well", "description": "Recorded use: stock", "Use": "Livestock or irrigation", "Depth (feet)": 340.0, "Completed": 2013, "Work": "New Well", "State report number": "311930"}, "geometry": {"type": "Point", "coordinates": [-96.101389, 30.409167]}},
    {"type": "Feature", "properties": {"name": "Water well", "description": "Recorded use: domestic", "Use": "Household", "Depth (feet)": 198.0, "Completed": 2013, "Work": "New Well", "State report number": "312614"}, "geometry": {"type": "Point", "coordinates": [-96.104723, 30.806389]}},
    {"type": "Feature", "properties": {"name": "Water well", "description": "Recorded use: domestic", "Use": "Household", "Depth (feet)": 165.0, "Completed": 2013, "Work": "New Well", "State report number": "313256"}, "geometry": {"type": "Point", "coordinates": [-95.913056, 30.273333]}},
    {"type": "Feature", "properties": {"name": "Water well", "description": "Recorded use: domestic", "Use": "Household", "Depth (feet)": 155.0, "Completed": 2013, "Work": "New Well", "State report number": "314124"}, "geometry": {"type": "Point", "coordinates": [-95.856667, 30.738889]}},
    {"type": "Feature", "properties": {"name": "Water well", "description": "Recorded use: domestic", "Use": "Household", "Depth (feet)": 308.0, "Completed": 2013, "Work": "New Well", "State report number": "314693"}, "geometry": {"type": "Point", "coordinates": [-95.960556, 30.706667]}},
    {"type": "Feature", "properties": {"name": "Water well", "description": "Recorded use: domestic", "Use": "Household", "Depth (feet)": 265.0, "Completed": 2013, "Work": "New Well", "State report number": "314954"}, "geometry": {"type": "Point", "coordinates": [-95.882222, 30.380555]}},
    {"type": "Feature", "properties": {"name": "Water well", "description": "Recorded use: domestic", "Use": "Household", "Depth (feet)": 300.0, "Completed": 2013, "Work": "New Well", "State report number": "315212"}, "geometry": {"type": "Point", "coordinates": [-95.986667, 30.401667]}},
    {"type": "Feature", "properties": {"name": "Water well", "description": "Recorded use: domestic", "Use": "Household", "Depth (feet)": 225.0, "Completed": 2013, "Work": "Replacement", "Plugged": "Yes", "State report number": "315519"}, "geometry": {"type": "Point", "coordinates": [-95.862501, 30.544167]}},
    {"type": "Feature", "properties": {"name": "Water well", "description": "Recorded use: domestic", "Use": "Household", "Depth (feet)": 165.0, "Completed": 2013, "Work": "New Well", "State report number": "315544"}, "geometry": {"type": "Point", "coordinates": [-95.898889, 30.289445]}},
    {"type": "Feature", "properties": {"name": "Water well", "description": "Recorded use: domestic", "Use": "Household", "Depth (feet)": 445.0, "Completed": 2013, "Work": "New Well", "Plugged": "Yes", "State report number": "315634"}, "geometry": {"type": "Point", "coordinates": [-95.9425, 30.251112]}},
    {"type": "Feature", "properties": {"name": "Water well", "description": "Recorded use: domestic", "Use": "Household", "Depth (feet)": 510.0, "Completed": 2013, "Work": "New Well", "State report number": "315671"}, "geometry": {"type": "Point", "coordinates": [-96.001112, 30.759167]}},
    {"type": "Feature", "properties": {"name": "Water well", "description": "Recorded use: domestic", "Use": "Household", "Depth (feet)": 510.0, "Completed": 2013, "Work": "New Well", "State report number": "315673"}, "geometry": {"type": "Point", "coordinates": [-96.001112, 30.759167]}},
    {"type": "Feature", "properties": {"name": "Water well", "description": "Recorded use: domestic", "Use": "Household", "Depth (feet)": 185.0, "Completed": 2013, "Work": "New Well", "State report number": "316587"}, "geometry": {"type": "Point", "coordinates": [-96.089167, 30.491111]}},
    {"type": "Feature", "properties": {"name": "Water well", "description": "Recorded use: domestic", "Use": "Household", "Depth (feet)": 170.0, "Completed": 2013, "Work": "New Well", "State report number": "318178"}, "geometry": {"type": "Point", "coordinates": [-95.823889, 30.544722]}},
    {"type": "Feature", "properties": {"name": "Water well", "description": "Recorded use: irrigation", "Use": "Livestock or irrigation", "Depth (feet)": 303.0, "Completed": 2013, "Work": "New Well", "State report number": "319149"}, "geometry": {"type": "Point", "coordinates": [-95.993056, 30.510278]}},
    {"type": "Feature", "properties": {"name": "Water well", "description": "Recorded use: irrigation", "Use": "Livestock or irrigation", "Depth (feet)": 233.0, "Completed": 2013, "Work": "New Well", "State report number": "319168"}, "geometry": {"type": "Point", "coordinates": [-96.116389, 30.5325]}},
    {"type": "Feature", "properties": {"name": "Water well", "description": "Recorded use: domestic", "Use": "Household", "Depth (feet)": 280.0, "Completed": 2013, "Work": "New Well", "State report number": "319205"}, "geometry": {"type": "Point", "coordinates": [-96.080555, 30.490556]}},
    {"type": "Feature", "properties": {"name": "Water well", "description": "Recorded use: domestic", "Use": "Household", "Depth (feet)": 323.0, "Completed": 2013, "Work": "New Well", "State report number": "319228"}, "geometry": {"type": "Point", "coordinates": [-95.839167, 30.5375]}},
    {"type": "Feature", "properties": {"name": "Water well", "description": "Recorded use: stock", "Use": "Livestock or irrigation", "Depth (feet)": 250.0, "Completed": 2013, "Work": "New Well", "State report number": "319484"}, "geometry": {"type": "Point", "coordinates": [-95.833611, 30.499445]}},
    {"type": "Feature", "properties": {"name": "Water well", "description": "Recorded use: domestic", "Use": "Household", "Depth (feet)": 365.0, "Completed": 2013, "Work": "New Well", "State report number": "319746"}, "geometry": {"type": "Point", "coordinates": [-95.837778, 30.326389]}},
    {"type": "Feature", "properties": {"name": "Water well", "description": "Recorded use: domestic", "Use": "Household", "Depth (feet)": 285.0, "Completed": 2013, "Work": "New Well", "State report number": "319818"}, "geometry": {"type": "Point", "coordinates": [-95.877222, 30.387222]}},
    {"type": "Feature", "properties": {"name": "Water well", "description": "Recorded use: domestic", "Use": "Household", "Depth (feet)": 460.0, "Completed": 2013, "Work": "New Well", "State report number": "321372"}, "geometry": {"type": "Point", "coordinates": [-96.052778, 30.368611]}},
    {"type": "Feature", "properties": {"name": "Water well", "description": "Recorded use: domestic", "Use": "Household", "Depth (feet)": 265.0, "Completed": 2013, "Work": "New Well", "State report number": "322514"}, "geometry": {"type": "Point", "coordinates": [-96.054445, 30.465556]}},
    {"type": "Feature", "properties": {"name": "Water well", "description": "Recorded use: domestic", "Use": "Household", "Depth (feet)": 285.0, "Completed": 2013, "Work": "New Well", "State report number": "323152"}, "geometry": {"type": "Point", "coordinates": [-96.0275, 30.283611]}},
    {"type": "Feature", "properties": {"name": "Water well", "description": "Recorded use: domestic", "Use": "Household", "Depth (feet)": 225.0, "Completed": 2013, "Work": "New Well", "State report number": "323153"}, "geometry": {"type": "Point", "coordinates": [-96.091111, 30.493334]}},
    {"type": "Feature", "properties": {"name": "Water well", "description": "Recorded use: domestic", "Use": "Household", "Depth (feet)": 388.0, "Completed": 2013, "Work": "New Well", "State report number": "323476"}, "geometry": {"type": "Point", "coordinates": [-95.843611, 30.621944]}},
    {"type": "Feature", "properties": {"name": "Water well", "description": "Recorded use: domestic", "Use": "Household", "Depth (feet)": 245.0, "Completed": 2013, "Work": "New Well", "State report number": "323583"}, "geometry": {"type": "Point", "coordinates": [-95.814723, 30.250556]}},
    {"type": "Feature", "properties": {"name": "Water well", "description": "Recorded use: domestic", "Use": "Household", "Depth (feet)": 285.0, "Completed": 2013, "Work": "New Well", "State report number": "323792"}, "geometry": {"type": "Point", "coordinates": [-95.852778, 30.426389]}},
    {"type": "Feature", "properties": {"name": "Water well", "description": "Recorded use: rig supply", "Use": "Industrial or drilling supply", "Depth (feet)": 100.0, "Completed": 2013, "Work": "New Well", "State report number": "323910"}, "geometry": {"type": "Point", "coordinates": [-95.924444, 30.431667]}},
    {"type": "Feature", "properties": {"name": "Water well", "description": "Recorded use: irrigation", "Use": "Livestock or irrigation", "Depth (feet)": 383.0, "Completed": 2013, "Work": "New Well", "State report number": "323997"}, "geometry": {"type": "Point", "coordinates": [-95.823611, 30.476944]}},
    {"type": "Feature", "properties": {"name": "Water well", "description": "Recorded use: industrial", "Use": "Industrial or drilling supply", "Depth (feet)": 510.0, "Completed": 2012, "Work": "New Well", "State report number": "324396"}, "geometry": {"type": "Point", "coordinates": [-96.055278, 30.791945]}},
    {"type": "Feature", "properties": {"name": "Water well", "description": "Recorded use: industrial", "Use": "Industrial or drilling supply", "Depth (feet)": 410.0, "Completed": 2011, "Work": "New Well", "State report number": "324957"}, "geometry": {"type": "Point", "coordinates": [-96.090834, 30.806945]}},
    {"type": "Feature", "properties": {"name": "Water well", "description": "Recorded use: industrial", "Use": "Industrial or drilling supply", "Depth (feet)": 450.0, "Completed": 2012, "Work": "New Well", "State report number": "325350"}, "geometry": {"type": "Point", "coordinates": [-95.942222, 30.32]}},
    {"type": "Feature", "properties": {"name": "Water well", "description": "Recorded use: domestic", "Use": "Household", "Depth (feet)": 428.0, "Completed": 2013, "Work": "New Well", "State report number": "325502"}, "geometry": {"type": "Point", "coordinates": [-95.916112, 30.304167]}},
    {"type": "Feature", "properties": {"name": "Water well", "description": "Recorded use: domestic", "Use": "Household", "Depth (feet)": 494.0, "Completed": 2013, "Work": "New Well", "State report number": "325531"}, "geometry": {"type": "Point", "coordinates": [-95.9425, 30.520278]}},
    {"type": "Feature", "properties": {"name": "Water well", "description": "Recorded use: domestic", "Use": "Household", "Depth (feet)": 245.0, "Completed": 2013, "Work": "New Well", "State report number": "325558"}, "geometry": {"type": "Point", "coordinates": [-95.896667, 30.708612]}},
    {"type": "Feature", "properties": {"name": "Water well", "description": "Recorded use: industrial", "Use": "Industrial or drilling supply", "Depth (feet)": 450.0, "Completed": 2012, "Work": "New Well", "State report number": "325567"}, "geometry": {"type": "Point", "coordinates": [-96.116112, 30.801667]}},
    {"type": "Feature", "properties": {"name": "Water well", "description": "Recorded use: domestic", "Use": "Household", "Depth (feet)": 340.0, "Completed": 2013, "Work": "New Well", "State report number": "325594"}, "geometry": {"type": "Point", "coordinates": [-95.956945, 30.559445]}},
    {"type": "Feature", "properties": {"name": "Water well", "description": "Recorded use: industrial", "Use": "Industrial or drilling supply", "Depth (feet)": 530.0, "Completed": 2010, "Work": "New Well", "State report number": "325696"}, "geometry": {"type": "Point", "coordinates": [-96.051667, 30.718333]}},
    {"type": "Feature", "properties": {"name": "Water well", "description": "Recorded use: industrial", "Use": "Industrial or drilling supply", "Depth (feet)": 500.0, "Completed": 2011, "Work": "New Well", "State report number": "325702"}, "geometry": {"type": "Point", "coordinates": [-95.995, 30.641111]}},
    {"type": "Feature", "properties": {"name": "Water well", "description": "Recorded use: irrigation", "Use": "Livestock or irrigation", "Depth (feet)": 480.0, "Completed": 2011, "Work": "New Well", "State report number": "325712"}, "geometry": {"type": "Point", "coordinates": [-95.988889, 30.436111]}},
    {"type": "Feature", "properties": {"name": "Water well", "description": "Recorded use: domestic", "Use": "Household", "Depth (feet)": 343.0, "Completed": 2013, "Work": "New Well", "State report number": "325741"}, "geometry": {"type": "Point", "coordinates": [-95.843334, 30.3425]}},
    {"type": "Feature", "properties": {"name": "Water well", "description": "Recorded use: domestic", "Use": "Household", "Depth (feet)": 186.0, "Completed": 2013, "Work": "New Well", "State report number": "325782"}, "geometry": {"type": "Point", "coordinates": [-95.996945, 30.374444]}},
    {"type": "Feature", "properties": {"name": "Water well", "description": "Recorded use: domestic", "Use": "Household", "Depth (feet)": 263.0, "Completed": 2013, "Work": "New Well", "State report number": "325789"}, "geometry": {"type": "Point", "coordinates": [-95.834167, 30.416944]}},
    {"type": "Feature", "properties": {"name": "Water well", "description": "Recorded use: stock", "Use": "Livestock or irrigation", "Depth (feet)": 280.0, "Completed": 2013, "Work": "New Well", "State report number": "325901"}, "geometry": {"type": "Point", "coordinates": [-95.860556, 30.648334]}},
    {"type": "Feature", "properties": {"name": "Water well", "description": "Recorded use: domestic", "Use": "Household", "Depth (feet)": 245.0, "Completed": 2012, "Work": "New Well", "State report number": "325941"}, "geometry": {"type": "Point", "coordinates": [-95.900001, 30.456389]}},
    {"type": "Feature", "properties": {"name": "Water well", "description": "Recorded use: industrial", "Use": "Industrial or drilling supply", "Depth (feet)": 530.0, "Completed": 2012, "Work": "New Well", "State report number": "326159"}, "geometry": {"type": "Point", "coordinates": [-96.1225, 30.671667]}},
    {"type": "Feature", "properties": {"name": "Water well", "description": "Recorded use: rig supply", "Use": "Industrial or drilling supply", "Depth (feet)": 610.0, "Completed": 2013, "Work": "New Well", "State report number": "326209"}, "geometry": {"type": "Point", "coordinates": [-96.158889, 30.818889]}},
    {"type": "Feature", "properties": {"name": "Water well", "description": "Recorded use: industrial", "Use": "Industrial or drilling supply", "Depth (feet)": 530.0, "Completed": 2012, "Work": "New Well", "State report number": "326258"}, "geometry": {"type": "Point", "coordinates": [-96.07, 30.818889]}},
    {"type": "Feature", "properties": {"name": "Water well", "description": "Recorded use: industrial", "Use": "Industrial or drilling supply", "Depth (feet)": 590.0, "Completed": 2012, "Work": "New Well", "State report number": "326259"}, "geometry": {"type": "Point", "coordinates": [-96.102778, 30.772222]}},
    {"type": "Feature", "properties": {"name": "Water well", "description": "Recorded use: industrial", "Use": "Industrial or drilling supply", "Depth (feet)": 550.0, "Completed": 2012, "Work": "New Well", "State report number": "326268"}, "geometry": {"type": "Point", "coordinates": [-96.090278, 30.772778]}},
    {"type": "Feature", "properties": {"name": "Water well", "description": "Recorded use: industrial", "Use": "Industrial or drilling supply", "Depth (feet)": 470.0, "Completed": 2012, "Work": "New Well", "State report number": "326276"}, "geometry": {"type": "Point", "coordinates": [-96.091667, 30.773055]}},
    {"type": "Feature", "properties": {"name": "Water well", "description": "Recorded use: industrial", "Use": "Industrial or drilling supply", "Depth (feet)": 570.0, "Completed": 2010, "Work": "New Well", "State report number": "326461"}, "geometry": {"type": "Point", "coordinates": [-96.051945, 30.718611]}},
    {"type": "Feature", "properties": {"name": "Water well", "description": "Recorded use: irrigation", "Use": "Livestock or irrigation", "Depth (feet)": 590.0, "Completed": 2012, "Work": "New Well", "State report number": "326466"}, "geometry": {"type": "Point", "coordinates": [-95.923889, 30.822778]}},
    {"type": "Feature", "properties": {"name": "Water well", "description": "Recorded use: industrial", "Use": "Industrial or drilling supply", "Depth (feet)": 530.0, "Completed": 2011, "Work": "New Well", "State report number": "326631"}, "geometry": {"type": "Point", "coordinates": [-96.126111, 30.487222]}},
    {"type": "Feature", "properties": {"name": "Water well", "description": "Recorded use: industrial", "Use": "Industrial or drilling supply", "Depth (feet)": 630.0, "Completed": 2010, "Work": "New Well", "State report number": "326935"}, "geometry": {"type": "Point", "coordinates": [-96.136667, 30.711112]}},
    {"type": "Feature", "properties": {"name": "Water well", "description": "Recorded use: industrial", "Use": "Industrial or drilling supply", "Depth (feet)": 510.0, "Completed": 2010, "Work": "New Well", "State report number": "327479"}, "geometry": {"type": "Point", "coordinates": [-96.139722, 30.818889]}},
    {"type": "Feature", "properties": {"name": "Water well", "description": "Recorded use: industrial", "Use": "Industrial or drilling supply", "Depth (feet)": 510.0, "Completed": 2011, "Work": "New Well", "State report number": "327511"}, "geometry": {"type": "Point", "coordinates": [-96.093056, 30.801945]}},
    {"type": "Feature", "properties": {"name": "Water well", "description": "Recorded use: stock", "Use": "Livestock or irrigation", "Depth (feet)": 638.0, "Completed": 2013, "Work": "New Well", "State report number": "328270"}, "geometry": {"type": "Point", "coordinates": [-96.026262, 30.454223]}},
    {"type": "Feature", "properties": {"name": "Water well", "description": "Recorded use: rig supply", "Use": "Industrial or drilling supply", "Depth (feet)": 430.0, "Completed": 2012, "Work": "New Well", "State report number": "328508"}, "geometry": {"type": "Point", "coordinates": [-96.091389, 30.775]}},
    {"type": "Feature", "properties": {"name": "Water well", "description": "Recorded use: stock", "Use": "Livestock or irrigation", "Depth (feet)": 465.0, "Completed": 2012, "Work": "New Well", "State report number": "328803"}, "geometry": {"type": "Point", "coordinates": [-95.913056, 30.838611]}},
    {"type": "Feature", "properties": {"name": "Water well", "description": "Recorded use: domestic", "Use": "Household", "Depth (feet)": 170.0, "Completed": 2011, "Work": "New Well", "State report number": "328812"}, "geometry": {"type": "Point", "coordinates": [-96.063056, 30.786111]}},
    {"type": "Feature", "properties": {"name": "Water well", "description": "Recorded use: domestic", "Use": "Household", "Depth (feet)": 133.0, "Completed": 2012, "Work": "New Well", "State report number": "328817"}, "geometry": {"type": "Point", "coordinates": [-96.027222, 30.806667]}},
    {"type": "Feature", "properties": {"name": "Water well", "description": "Recorded use: stock", "Use": "Livestock or irrigation", "Depth (feet)": 178.0, "Completed": 2012, "Work": "New Well", "State report number": "328823"}, "geometry": {"type": "Point", "coordinates": [-96.061667, 30.7825]}},
    {"type": "Feature", "properties": {"name": "Water well", "description": "Recorded use: domestic", "Use": "Household", "Depth (feet)": 235.0, "Completed": 2013, "Work": "Replacement", "State report number": "329748"}, "geometry": {"type": "Point", "coordinates": [-95.9475, 30.465001]}},
    {"type": "Feature", "properties": {"name": "Water well", "description": "Recorded use: domestic", "Use": "Household", "Depth (feet)": 345.0, "Completed": 2013, "Work": "Replacement", "State report number": "329768"}, "geometry": {"type": "Point", "coordinates": [-95.900556, 30.370833]}},
    {"type": "Feature", "properties": {"name": "Water well", "description": "Recorded use: domestic", "Use": "Household", "Depth (feet)": 205.0, "Completed": 2013, "Work": "Replacement", "State report number": "329781"}, "geometry": {"type": "Point", "coordinates": [-95.870278, 30.397778]}},
    {"type": "Feature", "properties": {"name": "Water well", "description": "Recorded use: domestic", "Use": "Household", "Depth (feet)": 265.0, "Completed": 2013, "Work": "New Well", "State report number": "330069"}, "geometry": {"type": "Point", "coordinates": [-95.841667, 30.423889]}},
    {"type": "Feature", "properties": {"name": "Water well", "description": "Recorded use: rig supply", "Use": "Industrial or drilling supply", "Depth (feet)": 530.0, "Completed": 2013, "Work": "New Well", "State report number": "330904"}, "geometry": {"type": "Point", "coordinates": [-96.025833, 30.538889]}},
    {"type": "Feature", "properties": {"name": "Water well", "description": "Recorded use: domestic", "Use": "Household", "Depth (feet)": 240.0, "Completed": 2007, "Work": "New Well", "State report number": "332291"}, "geometry": {"type": "Point", "coordinates": [-95.895556, 30.251112]}},
    {"type": "Feature", "properties": {"name": "Water well", "description": "Recorded use: industrial", "Use": "Industrial or drilling supply", "Depth (feet)": 250.0, "Completed": 2006, "Work": "New Well", "State report number": "332814"}, "geometry": {"type": "Point", "coordinates": [-95.826111, 30.534445]}},
    {"type": "Feature", "properties": {"name": "Water well", "description": "Recorded use: industrial", "Use": "Industrial or drilling supply", "Depth (feet)": 530.0, "Completed": 2006, "Work": "New Well", "State report number": "332819"}, "geometry": {"type": "Point", "coordinates": [-95.858056, 30.452223]}},
    {"type": "Feature", "properties": {"name": "Water well", "description": "Recorded use: industrial", "Use": "Industrial or drilling supply", "Depth (feet)": 330.0, "Completed": 2004, "Work": "New Well", "State report number": "333040"}, "geometry": {"type": "Point", "coordinates": [-95.889167, 30.520833]}},
    {"type": "Feature", "properties": {"name": "Water well", "description": "Recorded use: domestic", "Use": "Household", "Depth (feet)": 222.0, "Completed": 2006, "Work": "New Well", "State report number": "334908"}, "geometry": {"type": "Point", "coordinates": [-95.871111, 30.648334]}},
    {"type": "Feature", "properties": {"name": "Water well", "description": "Recorded use: rig supply", "Use": "Industrial or drilling supply", "Depth (feet)": 195.0, "Completed": 2011, "Work": "New Well", "State report number": "335265"}, "geometry": {"type": "Point", "coordinates": [-96.012501, 30.804445]}},
    {"type": "Feature", "properties": {"name": "Water well", "description": "Recorded use: domestic", "Use": "Household", "Depth (feet)": 268.0, "Completed": 2013, "Work": "New Well", "State report number": "335341"}, "geometry": {"type": "Point", "coordinates": [-95.853612, 30.329167]}},
    {"type": "Feature", "properties": {"name": "Water well", "description": "Recorded use: domestic", "Use": "Household", "Depth (feet)": 370.0, "Completed": 2011, "Work": "New Well", "State report number": "336421"}, "geometry": {"type": "Point", "coordinates": [-96.091389, 30.52]}},
    {"type": "Feature", "properties": {"name": "Water well", "description": "Recorded use: domestic", "Use": "Household", "Depth (feet)": 555.0, "Completed": 2013, "Work": "New Well", "State report number": "338249"}, "geometry": {"type": "Point", "coordinates": [-96.015834, 30.460834]}},
    {"type": "Feature", "properties": {"name": "Water well", "description": "Recorded use: domestic", "Use": "Household", "Depth (feet)": 405.0, "Completed": 2013, "Work": "New Well", "State report number": "338387"}, "geometry": {"type": "Point", "coordinates": [-95.862778, 30.283889]}},
    {"type": "Feature", "properties": {"name": "Water well", "description": "Recorded use: domestic", "Use": "Household", "Depth (feet)": 185.0, "Completed": 2008, "Work": "New Well", "State report number": "338524"}, "geometry": {"type": "Point", "coordinates": [-95.845556, 30.266389]}},
    {"type": "Feature", "properties": {"name": "Water well", "description": "Recorded use: domestic", "Use": "Household", "Depth (feet)": 285.0, "Completed": 2013, "Work": "New Well", "State report number": "340206"}, "geometry": {"type": "Point", "coordinates": [-95.965278, 30.505834]}},
    {"type": "Feature", "properties": {"name": "Water well", "description": "Recorded use: domestic", "Use": "Household", "Depth (feet)": 425.0, "Completed": 2013, "Work": "New Well", "State report number": "340207"}, "geometry": {"type": "Point", "coordinates": [-95.916667, 30.561667]}},
    {"type": "Feature", "properties": {"name": "Water well", "description": "Recorded use: domestic", "Use": "Household", "Depth (feet)": 545.0, "Completed": 2013, "Work": "New Well", "State report number": "340577"}, "geometry": {"type": "Point", "coordinates": [-95.971944, 30.486111]}},
    {"type": "Feature", "properties": {"name": "Water well", "description": "Recorded use: domestic", "Use": "Household", "Depth (feet)": 345.0, "Completed": 2013, "Work": "New Well", "State report number": "340645"}, "geometry": {"type": "Point", "coordinates": [-96.091111, 30.357778]}},
    {"type": "Feature", "properties": {"name": "Water well", "description": "Recorded use: domestic", "Use": "Household", "Depth (feet)": 460.0, "Completed": 2013, "Work": "New Well", "State report number": "341001"}, "geometry": {"type": "Point", "coordinates": [-96.134722, 30.635834]}},
    {"type": "Feature", "properties": {"name": "Water well", "description": "Recorded use: domestic", "Use": "Household", "Depth (feet)": 440.0, "Completed": 2013, "Work": "New Well", "State report number": "341185"}, "geometry": {"type": "Point", "coordinates": [-95.8775, 30.339445]}},
    {"type": "Feature", "properties": {"name": "Water well", "description": "Recorded use: domestic", "Use": "Household", "Depth (feet)": 403.0, "Completed": 2013, "Work": "New Well", "State report number": "341223"}, "geometry": {"type": "Point", "coordinates": [-96.040278, 30.274167]}},
    {"type": "Feature", "properties": {"name": "Water well", "description": "Recorded use: domestic", "Use": "Household", "Depth (feet)": 265.0, "Completed": 2013, "Work": "New Well", "State report number": "341317"}, "geometry": {"type": "Point", "coordinates": [-95.898889, 30.677778]}},
    {"type": "Feature", "properties": {"name": "Water well", "description": "Recorded use: domestic", "Use": "Household", "Depth (feet)": 343.0, "Completed": 2013, "Work": "New Well", "State report number": "341380"}, "geometry": {"type": "Point", "coordinates": [-96.070833, 30.42]}},
    {"type": "Feature", "properties": {"name": "Water well", "description": "Recorded use: domestic", "Use": "Household", "Depth (feet)": 375.0, "Completed": 2013, "Work": "New Well", "State report number": "341381"}, "geometry": {"type": "Point", "coordinates": [-96.013056, 30.463056]}},
    {"type": "Feature", "properties": {"name": "Water well", "description": "Recorded use: domestic", "Use": "Household", "Depth (feet)": 265.0, "Completed": 2013, "Work": "New Well", "State report number": "341386"}, "geometry": {"type": "Point", "coordinates": [-95.825278, 30.402778]}},
    {"type": "Feature", "properties": {"name": "Well or boring", "description": "Recorded use: monitor", "Use": "Monitoring, testing or other", "Depth (feet)": 35.0, "Completed": 2013, "Work": "New Well", "Plugged": "Yes", "State report number": "342110"}, "geometry": {"type": "Point", "coordinates": [-96.0675, 30.397222]}},
    {"type": "Feature", "properties": {"name": "Water well", "description": "Recorded use: domestic", "Use": "Household", "Depth (feet)": 170.0, "Completed": 2013, "Work": "New Well", "State report number": "343804"}, "geometry": {"type": "Point", "coordinates": [-96.055834, 30.363612]}},
    {"type": "Feature", "properties": {"name": "Water well", "description": "Recorded use: domestic", "Use": "Household", "Depth (feet)": 595.0, "Completed": 2013, "Work": "New Well", "State report number": "344479"}, "geometry": {"type": "Point", "coordinates": [-95.953334, 30.743611]}},
    {"type": "Feature", "properties": {"name": "Water well", "description": "Recorded use: domestic", "Use": "Household", "Depth (feet)": 155.0, "Completed": 2013, "Work": "New Well", "State report number": "344731"}, "geometry": {"type": "Point", "coordinates": [-95.891389, 30.266667]}},
    {"type": "Feature", "properties": {"name": "Water well", "description": "Recorded use: domestic", "Use": "Household", "Depth (feet)": 470.0, "Completed": 2013, "Work": "New Well", "State report number": "344735"}, "geometry": {"type": "Point", "coordinates": [-96.053889, 30.798889]}},
    {"type": "Feature", "properties": {"name": "Water well", "description": "Recorded use: domestic", "Use": "Household", "Depth (feet)": 245.0, "Completed": 2013, "Work": "New Well", "State report number": "344759"}, "geometry": {"type": "Point", "coordinates": [-95.943056, 30.369167]}},
    {"type": "Feature", "properties": {"name": "Water well", "description": "Recorded use: domestic", "Use": "Household", "Depth (feet)": 263.0, "Completed": 2013, "Work": "New Well", "State report number": "344841"}, "geometry": {"type": "Point", "coordinates": [-95.841667, 30.451667]}},
    {"type": "Feature", "properties": {"name": "Water well", "description": "Recorded use: domestic", "Use": "Household", "Depth (feet)": 353.0, "Completed": 2013, "Work": "New Well", "State report number": "344843"}, "geometry": {"type": "Point", "coordinates": [-95.989722, 30.525555]}},
    {"type": "Feature", "properties": {"name": "Water well", "description": "Recorded use: domestic", "Use": "Household", "Depth (feet)": 283.0, "Completed": 2013, "Work": "New Well", "State report number": "344852"}, "geometry": {"type": "Point", "coordinates": [-96.108334, 30.748611]}},
    {"type": "Feature", "properties": {"name": "Water well", "description": "Recorded use: domestic", "Use": "Household", "Depth (feet)": 183.0, "Completed": 2013, "Work": "New Well", "State report number": "344856"}, "geometry": {"type": "Point", "coordinates": [-95.899167, 30.746667]}},
    {"type": "Feature", "properties": {"name": "Water well", "description": "Recorded use: domestic", "Use": "Household", "Depth (feet)": 225.0, "Completed": 2013, "Work": "New Well", "State report number": "345378"}, "geometry": {"type": "Point", "coordinates": [-95.910834, 30.450278]}},
    {"type": "Feature", "properties": {"name": "Water well", "description": "Recorded use: domestic", "Use": "Household", "Depth (feet)": 138.0, "Completed": 2013, "Work": "New Well", "State report number": "345541"}, "geometry": {"type": "Point", "coordinates": [-95.852501, 30.461945]}},
    {"type": "Feature", "properties": {"name": "Water well", "description": "Recorded use: domestic", "Use": "Household", "Depth (feet)": 565.0, "Completed": 2013, "Work": "New Well", "State report number": "345544"}, "geometry": {"type": "Point", "coordinates": [-96.021111, 30.463334]}},
    {"type": "Feature", "properties": {"name": "Water well", "description": "Recorded use: domestic", "Use": "Household", "Depth (feet)": 135.0, "Completed": 2013, "Work": "New Well", "State report number": "345548"}, "geometry": {"type": "Point", "coordinates": [-95.9275, 30.251945]}},
    {"type": "Feature", "properties": {"name": "Water well", "description": "Recorded use: domestic", "Use": "Household", "Depth (feet)": 183.0, "Completed": 2013, "Work": "New Well", "State report number": "345782"}, "geometry": {"type": "Point", "coordinates": [-95.8775, 30.401945]}},
    {"type": "Feature", "properties": {"name": "Water well", "description": "Recorded use: domestic", "Use": "Household", "Depth (feet)": 186.0, "Completed": 2013, "Work": "New Well", "State report number": "345792"}, "geometry": {"type": "Point", "coordinates": [-95.878611, 30.400556]}},
    {"type": "Feature", "properties": {"name": "Water well", "description": "Recorded use: domestic", "Use": "Household", "Depth (feet)": 690.0, "Completed": 2013, "Work": "New Well", "State report number": "345835"}, "geometry": {"type": "Point", "coordinates": [-96.039167, 30.601112]}},
    {"type": "Feature", "properties": {"name": "Water well", "description": "Recorded use: domestic", "Use": "Household", "Depth (feet)": 340.0, "Completed": 2013, "Work": "New Well", "State report number": "345855"}, "geometry": {"type": "Point", "coordinates": [-95.859723, 30.373889]}},
    {"type": "Feature", "properties": {"name": "Water well", "description": "Recorded use: irrigation", "Use": "Livestock or irrigation", "Depth (feet)": 830.0, "Completed": 2013, "Work": "New Well", "State report number": "345946"}, "geometry": {"type": "Point", "coordinates": [-96.034167, 30.304445]}},
    {"type": "Feature", "properties": {"name": "Water well", "description": "Recorded use: domestic", "Use": "Household", "Depth (feet)": 130.0, "Completed": 2013, "Work": "New Well", "State report number": "346645"}, "geometry": {"type": "Point", "coordinates": [-95.898334, 30.291945]}},
    {"type": "Feature", "properties": {"name": "Water well", "description": "Recorded use: domestic", "Use": "Household", "Depth (feet)": 280.0, "Completed": 2013, "Work": "New Well", "State report number": "346653"}, "geometry": {"type": "Point", "coordinates": [-96.035834, 30.359445]}},
    {"type": "Feature", "properties": {"name": "Water well", "description": "Recorded use: domestic", "Use": "Household", "Depth (feet)": 505.0, "Completed": 2013, "Work": "New Well", "State report number": "346661"}, "geometry": {"type": "Point", "coordinates": [-96.025278, 30.701667]}},
    {"type": "Feature", "properties": {"name": "Water well", "description": "Recorded use: domestic", "Use": "Household", "Depth (feet)": 343.0, "Completed": 2013, "Work": "New Well", "State report number": "346901"}, "geometry": {"type": "Point", "coordinates": [-95.996389, 30.240278]}},
    {"type": "Feature", "properties": {"name": "Water well", "description": "Recorded use: domestic", "Use": "Household", "Depth (feet)": 265.0, "Completed": 2013, "Work": "New Well", "State report number": "346906"}, "geometry": {"type": "Point", "coordinates": [-95.838056, 30.423055]}},
    {"type": "Feature", "properties": {"name": "Water well", "description": "Recorded use: domestic", "Use": "Household", "Depth (feet)": 343.0, "Completed": 2013, "Work": "New Well", "State report number": "346908"}, "geometry": {"type": "Point", "coordinates": [-95.996389, 30.240278]}},
    {"type": "Feature", "properties": {"name": "Water well", "description": "Recorded use: stock", "Use": "Livestock or irrigation", "Depth (feet)": 180.0, "Completed": 2013, "Work": "New Well", "State report number": "346921"}, "geometry": {"type": "Point", "coordinates": [-96.021111, 30.346389]}},
    {"type": "Feature", "properties": {"name": "Water well", "description": "Recorded use: domestic", "Use": "Household", "Depth (feet)": 443.0, "Completed": 2013, "Work": "New Well", "State report number": "347299"}, "geometry": {"type": "Point", "coordinates": [-95.876111, 30.285]}},
    {"type": "Feature", "properties": {"name": "Water well", "description": "Recorded use: rig supply", "Use": "Industrial or drilling supply", "Depth (feet)": 500.0, "Completed": 2013, "Work": "New Well", "State report number": "347411"}, "geometry": {"type": "Point", "coordinates": [-96.116667, 30.764167]}},
    {"type": "Feature", "properties": {"name": "Water well", "description": "Recorded use: stock", "Use": "Livestock or irrigation", "Depth (feet)": 163.0, "Completed": 2013, "Work": "Replacement", "State report number": "347433"}, "geometry": {"type": "Point", "coordinates": [-96.075833, 30.230555]}},
    {"type": "Feature", "properties": {"name": "Water well", "description": "Recorded use: domestic", "Use": "Household", "Depth (feet)": 380.0, "Completed": 2013, "Work": "New Well", "State report number": "347829"}, "geometry": {"type": "Point", "coordinates": [-95.991111, 30.454167]}},
    {"type": "Feature", "properties": {"name": "Water well", "description": "Recorded use: domestic", "Use": "Household", "Depth (feet)": 225.0, "Completed": 2013, "Work": "New Well", "State report number": "348055"}, "geometry": {"type": "Point", "coordinates": [-95.857778, 30.411389]}},
    {"type": "Feature", "properties": {"name": "Water well", "description": "Recorded use: domestic", "Use": "Household", "Depth (feet)": 385.0, "Completed": 2013, "Work": "New Well", "State report number": "348063"}, "geometry": {"type": "Point", "coordinates": [-95.934722, 30.802223]}},
    {"type": "Feature", "properties": {"name": "Water well", "description": "Recorded use: irrigation", "Use": "Livestock or irrigation", "Depth (feet)": 322.0, "Completed": 2013, "Work": "New Well", "State report number": "348308"}, "geometry": {"type": "Point", "coordinates": [-95.836667, 30.363889]}},
    {"type": "Feature", "properties": {"name": "Water well", "description": "Recorded use: domestic", "Use": "Household", "Depth (feet)": 285.0, "Completed": 2013, "Work": "Replacement", "State report number": "349077"}, "geometry": {"type": "Point", "coordinates": [-95.960834, 30.248611]}},
    {"type": "Feature", "properties": {"name": "Water well", "description": "Recorded use: domestic", "Use": "Household", "Depth (feet)": 285.0, "Completed": 2013, "Work": "New Well", "State report number": "349384"}, "geometry": {"type": "Point", "coordinates": [-95.855834, 30.427222]}},
    {"type": "Feature", "properties": {"name": "Water well", "description": "Recorded use: irrigation", "Use": "Livestock or irrigation", "Depth (feet)": 470.0, "Completed": 2013, "Work": "New Well", "State report number": "349803"}, "geometry": {"type": "Point", "coordinates": [-95.815556, 30.258612]}},
    {"type": "Feature", "properties": {"name": "Water well", "description": "Recorded use: domestic", "Use": "Household", "Depth (feet)": 389.0, "Completed": 2013, "Work": "Replacement", "State report number": "349982"}, "geometry": {"type": "Point", "coordinates": [-95.873055, 30.837778]}},
    {"type": "Feature", "properties": {"name": "Water well", "description": "Recorded use: domestic", "Use": "Household", "Depth (feet)": 125.0, "Completed": 2013, "Work": "New Well", "State report number": "350075"}, "geometry": {"type": "Point", "coordinates": [-95.879722, 30.259167]}},
    {"type": "Feature", "properties": {"name": "Water well", "description": "Recorded use: domestic", "Use": "Household", "Depth (feet)": 305.0, "Completed": 2013, "Work": "New Well", "State report number": "350078"}, "geometry": {"type": "Point", "coordinates": [-95.852778, 30.449167]}},
    {"type": "Feature", "properties": {"name": "Water well", "description": "Recorded use: domestic", "Use": "Household", "Depth (feet)": 170.0, "Completed": 2013, "Work": "New Well", "State report number": "350574"}, "geometry": {"type": "Point", "coordinates": [-95.915001, 30.266112]}},
    {"type": "Feature", "properties": {"name": "Water well", "description": "Recorded use: domestic", "Use": "Household", "Depth (feet)": 390.0, "Completed": 2013, "Work": "New Well", "State report number": "351230"}, "geometry": {"type": "Point", "coordinates": [-95.911112, 30.250556]}},
    {"type": "Feature", "properties": {"name": "Water well", "description": "Recorded use: domestic", "Use": "Household", "Depth (feet)": 225.0, "Completed": 2014, "Work": "New Well", "State report number": "351378"}, "geometry": {"type": "Point", "coordinates": [-95.997222, 30.375555]}},
    {"type": "Feature", "properties": {"name": "Water well", "description": "Recorded use: domestic", "Use": "Household", "Depth (feet)": 265.0, "Completed": 2014, "Work": "Replacement", "Plugged": "Yes", "State report number": "351719"}, "geometry": {"type": "Point", "coordinates": [-95.851945, 30.243611]}},
    {"type": "Feature", "properties": {"name": "Water well", "description": "Recorded use: rig supply", "Use": "Industrial or drilling supply", "Depth (feet)": 490.0, "Completed": 2014, "Work": "New Well", "State report number": "352355"}, "geometry": {"type": "Point", "coordinates": [-96.128611, 30.761667]}},
    {"type": "Feature", "properties": {"name": "Well or boring", "description": "Recorded use: closed-loop geothermal", "Use": "Monitoring, testing or other", "Depth (feet)": 300.0, "Completed": 2014, "Work": "New Well", "State report number": "352387"}, "geometry": {"type": "Point", "coordinates": [-95.998334, 30.356945]}},
    {"type": "Feature", "properties": {"name": "Water well", "description": "Recorded use: domestic", "Use": "Household", "Depth (feet)": 510.0, "Completed": 2013, "Work": "New Well", "Plugged": "Yes", "State report number": "352934"}, "geometry": {"type": "Point", "coordinates": [-95.998056, 30.356945]}},
    {"type": "Feature", "properties": {"name": "Water well", "description": "Recorded use: domestic", "Use": "Household", "Depth (feet)": 565.0, "Completed": 2014, "Work": "New Well", "Plugged": "Yes", "State report number": "353281"}, "geometry": {"type": "Point", "coordinates": [-95.915278, 30.563889]}},
    {"type": "Feature", "properties": {"name": "Water well", "description": "Recorded use: domestic", "Use": "Household", "Depth (feet)": 347.0, "Completed": 2013, "Work": "New Well", "State report number": "353368"}, "geometry": {"type": "Point", "coordinates": [-95.811389, 30.298334]}},
    {"type": "Feature", "properties": {"name": "Water well", "description": "Recorded use: domestic", "Use": "Household", "Depth (feet)": 452.0, "Completed": 2013, "Work": "New Well", "State report number": "353478"}, "geometry": {"type": "Point", "coordinates": [-95.852223, 30.278055]}},
    {"type": "Feature", "properties": {"name": "Water well", "description": "Recorded use: domestic", "Use": "Household", "Depth (feet)": 283.0, "Completed": 2014, "Work": "New Well", "State report number": "353629"}, "geometry": {"type": "Point", "coordinates": [-95.841111, 30.455278]}},
    {"type": "Feature", "properties": {"name": "Water well", "description": "Recorded use: domestic", "Use": "Household", "Depth (feet)": 383.0, "Completed": 2014, "Work": "New Well", "State report number": "353633"}, "geometry": {"type": "Point", "coordinates": [-95.929444, 30.28]}},
    {"type": "Feature", "properties": {"name": "Well or boring", "description": "Recorded use: monitor", "Use": "Monitoring, testing or other", "Depth (feet)": 80.0, "Completed": 2014, "Work": "New Well", "State report number": "353852"}, "geometry": {"type": "Point", "coordinates": [-96.095, 30.406112]}},
    {"type": "Feature", "properties": {"name": "Well or boring", "description": "Recorded use: monitor", "Use": "Monitoring, testing or other", "Depth (feet)": 77.0, "Completed": 2014, "Work": "New Well", "State report number": "353857"}, "geometry": {"type": "Point", "coordinates": [-96.095556, 30.405834]}},
    {"type": "Feature", "properties": {"name": "Well or boring", "description": "Recorded use: monitor", "Use": "Monitoring, testing or other", "Depth (feet)": 100.0, "Completed": 2014, "Work": "New Well", "State report number": "353858"}, "geometry": {"type": "Point", "coordinates": [-96.095556, 30.405001]}},
    {"type": "Feature", "properties": {"name": "Well or boring", "description": "Recorded use: monitor", "Use": "Monitoring, testing or other", "Depth (feet)": 75.0, "Completed": 2014, "Work": "New Well", "State report number": "353860"}, "geometry": {"type": "Point", "coordinates": [-96.095, 30.405001]}},
    {"type": "Feature", "properties": {"name": "Well or boring", "description": "Recorded use: monitor", "Use": "Monitoring, testing or other", "Depth (feet)": 70.0, "Completed": 2014, "Work": "New Well", "State report number": "353863"}, "geometry": {"type": "Point", "coordinates": [-96.094167, 30.405834]}},
    {"type": "Feature", "properties": {"name": "Water well", "description": "Recorded use: domestic", "Use": "Household", "Depth (feet)": 482.0, "Completed": 2014, "Work": "New Well", "State report number": "354086"}, "geometry": {"type": "Point", "coordinates": [-95.983889, 30.767778]}},
    {"type": "Feature", "properties": {"name": "Water well", "description": "Recorded use: rig supply", "Use": "Industrial or drilling supply", "Depth (feet)": 350.0, "Completed": 2013, "Work": "New Well", "State report number": "354292"}, "geometry": {"type": "Point", "coordinates": [-96.098889, 30.766667]}},
    {"type": "Feature", "properties": {"name": "Water well", "description": "Recorded use: rig supply", "Use": "Industrial or drilling supply", "Depth (feet)": 275.0, "Completed": 2013, "Work": "New Well", "State report number": "354362"}, "geometry": {"type": "Point", "coordinates": [-95.983055, 30.796945]}},
    {"type": "Feature", "properties": {"name": "Water well", "description": "Recorded use: rig supply", "Use": "Industrial or drilling supply", "Depth (feet)": 260.0, "Completed": 2014, "Work": "New Well", "State report number": "355805"}, "geometry": {"type": "Point", "coordinates": [-96.063612, 30.761945]}},
    {"type": "Feature", "properties": {"name": "Water well", "description": "Recorded use: domestic", "Use": "Household", "Depth (feet)": 340.0, "Completed": 2014, "Work": "New Well", "State report number": "355891"}, "geometry": {"type": "Point", "coordinates": [-95.959723, 30.560556]}},
    {"type": "Feature", "properties": {"name": "Water well", "description": "Recorded use: irrigation", "Use": "Livestock or irrigation", "Depth (feet)": 390.0, "Completed": 2014, "Work": "Replacement", "State report number": "355898"}, "geometry": {"type": "Point", "coordinates": [-95.821111, 30.267222]}},
    {"type": "Feature", "properties": {"name": "Water well", "description": "Recorded use: domestic", "Use": "Household", "Depth (feet)": 400.0, "Completed": 2014, "Work": "New Well", "State report number": "355932"}, "geometry": {"type": "Point", "coordinates": [-96.056945, 30.831111]}},
    {"type": "Feature", "properties": {"name": "Water well", "description": "Recorded use: domestic", "Use": "Household", "Depth (feet)": 280.0, "Completed": 2014, "Work": "New Well", "State report number": "355937"}, "geometry": {"type": "Point", "coordinates": [-95.994722, 30.426111]}},
    {"type": "Feature", "properties": {"name": "Water well", "description": "Recorded use: domestic", "Use": "Household", "Depth (feet)": 280.0, "Completed": 2013, "Work": "New Well", "State report number": "355941"}, "geometry": {"type": "Point", "coordinates": [-95.955834, 30.487222]}},
    {"type": "Feature", "properties": {"name": "Water well", "description": "Recorded use: domestic", "Use": "Household", "Depth (feet)": 280.0, "Completed": 2013, "Work": "New Well", "State report number": "355946"}, "geometry": {"type": "Point", "coordinates": [-95.879444, 30.593334]}},
    {"type": "Feature", "properties": {"name": "Water well", "description": "Recorded use: domestic", "Use": "Household", "Depth (feet)": 280.0, "Completed": 2014, "Work": "New Well", "State report number": "355950"}, "geometry": {"type": "Point", "coordinates": [-95.870833, 30.615556]}},
    {"type": "Feature", "properties": {"name": "Water well", "description": "Recorded use: domestic", "Use": "Household", "Depth (feet)": 220.0, "Completed": 2014, "Work": "New Well", "State report number": "355951"}, "geometry": {"type": "Point", "coordinates": [-96.020555, 30.273055]}},
    {"type": "Feature", "properties": {"name": "Water well", "description": "Recorded use: domestic", "Use": "Household", "Depth (feet)": 200.0, "Completed": 2014, "Work": "New Well", "State report number": "355953"}, "geometry": {"type": "Point", "coordinates": [-96.009167, 30.442778]}},
    {"type": "Feature", "properties": {"name": "Water well", "description": "Recorded use: domestic", "Use": "Household", "Depth (feet)": 264.0, "Completed": 2014, "Work": "New Well", "State report number": "358193"}, "geometry": {"type": "Point", "coordinates": [-95.912501, 30.389167]}},
    {"type": "Feature", "properties": {"name": "Water well", "description": "Recorded use: domestic", "Use": "Household", "Depth (feet)": 350.0, "Completed": 2014, "Work": "New Well", "State report number": "358208"}, "geometry": {"type": "Point", "coordinates": [-95.900278, 30.619444]}},
    {"type": "Feature", "properties": {"name": "Water well", "description": "Recorded use: stock", "Use": "Livestock or irrigation", "Depth (feet)": 440.0, "Completed": 2014, "Work": "New Well", "State report number": "358213"}, "geometry": {"type": "Point", "coordinates": [-95.955001, 30.573889]}},
    {"type": "Feature", "properties": {"name": "Water well", "description": "Recorded use: domestic", "Use": "Household", "Depth (feet)": 105.0, "Completed": 2014, "Work": "New Well", "State report number": "358438"}, "geometry": {"type": "Point", "coordinates": [-96.070833, 30.346389]}},
    {"type": "Feature", "properties": {"name": "Water well", "description": "Recorded use: irrigation", "Use": "Livestock or irrigation", "Depth (feet)": 242.0, "Completed": 2014, "Work": "New Well", "State report number": "358617"}, "geometry": {"type": "Point", "coordinates": [-95.976389, 30.607501]}},
    {"type": "Feature", "properties": {"name": "Water well", "description": "Recorded use: domestic", "Use": "Household", "Depth (feet)": 435.0, "Completed": 2014, "Work": "New Well", "State report number": "359124"}, "geometry": {"type": "Point", "coordinates": [-95.916389, 30.311945]}},
    {"type": "Feature", "properties": {"name": "Water well", "description": "Recorded use: domestic", "Use": "Household", "Depth (feet)": 290.0, "Completed": 2014, "Work": "New Well", "State report number": "359502"}, "geometry": {"type": "Point", "coordinates": [-95.855278, 30.329444]}},
    {"type": "Feature", "properties": {"name": "Water well", "description": "Recorded use: domestic", "Use": "Household", "Depth (feet)": 163.0, "Completed": 2014, "Work": "New Well", "State report number": "359540"}, "geometry": {"type": "Point", "coordinates": [-95.902223, 30.275278]}},
    {"type": "Feature", "properties": {"name": "Water well", "description": "Recorded use: domestic", "Use": "Household", "Depth (feet)": 265.0, "Completed": 2014, "Work": "New Well", "State report number": "359990"}, "geometry": {"type": "Point", "coordinates": [-96.125833, 30.371111]}},
    {"type": "Feature", "properties": {"name": "Water well", "description": "Recorded use: domestic", "Use": "Household", "Depth (feet)": 285.0, "Completed": 2014, "Work": "New Well", "State report number": "360246"}, "geometry": {"type": "Point", "coordinates": [-95.877778, 30.241111]}},
    {"type": "Feature", "properties": {"name": "Water well", "description": "Recorded use: rig supply", "Use": "Industrial or drilling supply", "Depth (feet)": 140.0, "Completed": 2014, "Work": "New Well", "State report number": "360404"}, "geometry": {"type": "Point", "coordinates": [-96.097222, 30.772778]}},
    {"type": "Feature", "properties": {"name": "Water well", "description": "Recorded use: domestic", "Use": "Household", "Depth (feet)": 220.0, "Completed": 2014, "Work": "New Well", "State report number": "360588"}, "geometry": {"type": "Point", "coordinates": [-95.935834, 30.58]}},
    {"type": "Feature", "properties": {"name": "Water well", "description": "Recorded use: domestic", "Use": "Household", "Depth (feet)": 255.0, "Completed": 2014, "Work": "New Well", "State report number": "360822"}, "geometry": {"type": "Point", "coordinates": [-95.865001, 30.252778]}},
    {"type": "Feature", "properties": {"name": "Well or boring", "description": "Recorded use: test well", "Use": "Monitoring, testing or other", "Depth (feet)": 852.0, "Completed": 2014, "Work": "New Well", "Plugged": "Yes", "State report number": "360966"}, "geometry": {"type": "Point", "coordinates": [-95.994167, 30.418055]}},
    {"type": "Feature", "properties": {"name": "Water well", "description": "Recorded use: domestic", "Use": "Household", "Depth (feet)": 95.0, "Completed": 2014, "Work": "New Well", "State report number": "361065"}, "geometry": {"type": "Point", "coordinates": [-95.843334, 30.695]}},
    {"type": "Feature", "properties": {"name": "Water well", "description": "Recorded use: domestic", "Use": "Household", "Depth (feet)": 464.0, "Completed": 2014, "Work": "New Well", "State report number": "361361"}, "geometry": {"type": "Point", "coordinates": [-95.923611, 30.315834]}},
    {"type": "Feature", "properties": {"name": "Well or boring", "description": "Recorded use: test well", "Use": "Monitoring, testing or other", "Depth (feet)": 435.0, "Completed": 2014, "Work": "New Well", "Plugged": "Yes", "State report number": "361596"}, "geometry": {"type": "Point", "coordinates": [-95.989722, 30.4175]}},
    {"type": "Feature", "properties": {"name": "Water well", "description": "Recorded use: domestic", "Use": "Household", "Depth (feet)": 290.0, "Completed": 2014, "Work": "New Well", "State report number": "362064"}, "geometry": {"type": "Point", "coordinates": [-95.863889, 30.295278]}},
    {"type": "Feature", "properties": {"name": "Water well", "description": "Recorded use: domestic", "Use": "Household", "Depth (feet)": 265.0, "Completed": 2014, "Work": "New Well", "State report number": "362066"}, "geometry": {"type": "Point", "coordinates": [-95.909167, 30.451945]}},
    {"type": "Feature", "properties": {"name": "Water well", "description": "Recorded use: domestic", "Use": "Household", "Depth (feet)": 215.0, "Completed": 2014, "Work": "New Well", "State report number": "362069"}, "geometry": {"type": "Point", "coordinates": [-95.851112, 30.545278]}},
    {"type": "Feature", "properties": {"name": "Water well", "description": "Recorded use: domestic", "Use": "Household", "Depth (feet)": 150.0, "Completed": 2014, "Work": "New Well", "State report number": "362070"}, "geometry": {"type": "Point", "coordinates": [-95.885834, 30.543334]}},
    {"type": "Feature", "properties": {"name": "Water well", "description": "Recorded use: irrigation", "Use": "Livestock or irrigation", "Depth (feet)": 307.0, "Completed": 2014, "Work": "New Well", "State report number": "362334"}, "geometry": {"type": "Point", "coordinates": [-96.006667, 30.840278]}},
    {"type": "Feature", "properties": {"name": "Water well", "description": "Recorded use: domestic", "Use": "Household", "Depth (feet)": 385.0, "Completed": 2014, "Work": "New Well", "State report number": "363474"}, "geometry": {"type": "Point", "coordinates": [-95.887222, 30.355556]}},
    {"type": "Feature", "properties": {"name": "Water well", "description": "Recorded use: domestic", "Use": "Household", "Depth (feet)": 503.0, "Completed": 2014, "Work": "New Well", "State report number": "364274"}, "geometry": {"type": "Point", "coordinates": [-96.04, 30.465278]}},
    {"type": "Feature", "properties": {"name": "Water well", "description": "Recorded use: rig supply", "Use": "Industrial or drilling supply", "Depth (feet)": 390.0, "Completed": 2014, "Work": "New Well", "State report number": "364299"}, "geometry": {"type": "Point", "coordinates": [-96.1175, 30.784167]}},
    {"type": "Feature", "properties": {"name": "Water well", "description": "Recorded use: rig supply", "Use": "Industrial or drilling supply", "Depth (feet)": 540.0, "Completed": 2014, "Work": "New Well", "State report number": "364706"}, "geometry": {"type": "Point", "coordinates": [-96.098611, 30.453889]}},
    {"type": "Feature", "properties": {"name": "Water well", "description": "Recorded use: domestic", "Use": "Household", "Depth (feet)": 427.0, "Completed": 2014, "Work": "New Well", "State report number": "364970"}, "geometry": {"type": "Point", "coordinates": [-95.875833, 30.285834]}},
    {"type": "Feature", "properties": {"name": "Water well", "description": "Recorded use: domestic", "Use": "Household", "Depth (feet)": 230.0, "Completed": 2014, "Work": "New Well", "State report number": "365634"}, "geometry": {"type": "Point", "coordinates": [-95.855001, 30.572778]}},
    {"type": "Feature", "properties": {"name": "Water well", "description": "Recorded use: rig supply", "Use": "Industrial or drilling supply", "Depth (feet)": 620.0, "Completed": 2014, "Work": "New Well", "State report number": "365681"}, "geometry": {"type": "Point", "coordinates": [-96.098334, 30.787222]}},
    {"type": "Feature", "properties": {"name": "Water well", "description": "Recorded use: domestic", "Use": "Household", "Depth (feet)": 230.0, "Completed": 2014, "Work": "New Well", "State report number": "365920"}, "geometry": {"type": "Point", "coordinates": [-95.848611, 30.315001]}},
    {"type": "Feature", "properties": {"name": "Water well", "description": "Recorded use: domestic", "Use": "Household", "Depth (feet)": 233.0, "Completed": 2014, "Work": "New Well", "State report number": "365962"}, "geometry": {"type": "Point", "coordinates": [-95.988056, 30.635278]}},
    {"type": "Feature", "properties": {"name": "Water well", "description": "Recorded use: domestic", "Use": "Household", "Depth (feet)": 195.0, "Completed": 2014, "Work": "Replacement", "Plugged": "Yes", "State report number": "366280"}, "geometry": {"type": "Point", "coordinates": [-95.915556, 30.624722]}},
    {"type": "Feature", "properties": {"name": "Water well", "description": "Recorded use: public supply", "Use": "Public water supply", "Depth (feet)": 450.0, "Completed": 2014, "Work": "New Well", "State report number": "367358"}, "geometry": {"type": "Point", "coordinates": [-95.994167, 30.418055]}},
    {"type": "Feature", "properties": {"name": "Water well", "description": "Recorded use: domestic", "Use": "Household", "Depth (feet)": 265.0, "Completed": 2014, "Work": "New Well", "State report number": "367907"}, "geometry": {"type": "Point", "coordinates": [-95.903889, 30.595834]}},
    {"type": "Feature", "properties": {"name": "Well or boring", "description": "Recorded use: monitor", "Use": "Monitoring, testing or other", "Depth (feet)": 135.0, "Completed": 2014, "Work": "Replacement", "State report number": "368224"}, "geometry": {"type": "Point", "coordinates": [-96.095556, 30.405001]}},
    {"type": "Feature", "properties": {"name": "Water well", "description": "Recorded use: fracking supply", "Use": "Industrial or drilling supply", "Depth (feet)": 410.0, "Completed": 2014, "Work": "New Well", "State report number": "368229"}, "geometry": {"type": "Point", "coordinates": [-96.143056, 30.763056]}},
    {"type": "Feature", "properties": {"name": "Water well", "description": "Recorded use: domestic", "Use": "Household", "Depth (feet)": 385.0, "Completed": 2014, "Work": "New Well", "State report number": "368236"}, "geometry": {"type": "Point", "coordinates": [-95.982222, 30.424722]}},
    {"type": "Feature", "properties": {"name": "Water well", "description": "Recorded use: domestic", "Use": "Household", "Depth (feet)": 443.0, "Completed": 2014, "Work": "New Well", "State report number": "368718"}, "geometry": {"type": "Point", "coordinates": [-95.869167, 30.383889]}},
    {"type": "Feature", "properties": {"name": "Water well", "description": "Recorded use: domestic", "Use": "Household", "Depth (feet)": 420.0, "Completed": 2014, "Work": "New Well", "State report number": "368750"}, "geometry": {"type": "Point", "coordinates": [-95.966389, 30.339167]}},
    {"type": "Feature", "properties": {"name": "Water well", "description": "Recorded use: domestic", "Use": "Household", "Depth (feet)": 420.0, "Completed": 2014, "Work": "New Well", "State report number": "369334"}, "geometry": {"type": "Point", "coordinates": [-95.966944, 30.333889]}},
    {"type": "Feature", "properties": {"name": "Water well", "description": "Recorded use: domestic", "Use": "Household", "Depth (feet)": 255.0, "Completed": 2014, "Work": "New Well", "State report number": "369456"}, "geometry": {"type": "Point", "coordinates": [-95.852778, 30.243056]}},
    {"type": "Feature", "properties": {"name": "Water well", "description": "Recorded use: domestic", "Use": "Household", "Depth (feet)": 310.0, "Completed": 2014, "Work": "New Well", "State report number": "369481"}, "geometry": {"type": "Point", "coordinates": [-95.848889, 30.436667]}},
    {"type": "Feature", "properties": {"name": "Water well", "description": "Recorded use: fracking supply", "Use": "Industrial or drilling supply", "Depth (feet)": 360.0, "Completed": 2014, "Work": "New Well", "State report number": "369687"}, "geometry": {"type": "Point", "coordinates": [-96.145556, 30.761112]}},
    {"type": "Feature", "properties": {"name": "Water well", "description": "Recorded use: rig supply", "Use": "Industrial or drilling supply", "Depth (feet)": 380.0, "Completed": 2014, "Work": "New Well", "State report number": "369689"}, "geometry": {"type": "Point", "coordinates": [-96.151112, 30.769444]}},
    {"type": "Feature", "properties": {"name": "Water well", "description": "Recorded use: rig supply", "Use": "Industrial or drilling supply", "Depth (feet)": 320.0, "Completed": 2014, "Work": "New Well", "State report number": "369695"}, "geometry": {"type": "Point", "coordinates": [-96.154445, 30.760278]}},
    {"type": "Feature", "properties": {"name": "Water well", "description": "Recorded use: domestic", "Use": "Household", "Depth (feet)": 205.0, "Completed": 2014, "Work": "New Well", "State report number": "370423"}, "geometry": {"type": "Point", "coordinates": [-95.850001, 30.546111]}},
    {"type": "Feature", "properties": {"name": "Water well", "description": "Recorded use: domestic", "Use": "Household", "Depth (feet)": 480.0, "Completed": 2014, "Work": "New Well", "State report number": "370425"}, "geometry": {"type": "Point", "coordinates": [-96.035, 30.382778]}},
    {"type": "Feature", "properties": {"name": "Water well", "description": "Recorded use: domestic", "Use": "Household", "Depth (feet)": 231.0, "Completed": 2014, "Work": "New Well", "State report number": "370502"}, "geometry": {"type": "Point", "coordinates": [-95.851112, 30.715556]}},
    {"type": "Feature", "properties": {"name": "Water well", "description": "Recorded use: rig supply", "Use": "Industrial or drilling supply", "Depth (feet)": 250.0, "Completed": 2014, "Work": "New Well", "State report number": "370832"}, "geometry": {"type": "Point", "coordinates": [-95.952223, 30.791389]}},
    {"type": "Feature", "properties": {"name": "Water well", "description": "Recorded use: rig supply", "Use": "Industrial or drilling supply", "Depth (feet)": 480.0, "Completed": 2014, "Work": "New Well", "State report number": "370838"}, "geometry": {"type": "Point", "coordinates": [-96.130833, 30.751112]}},
    {"type": "Feature", "properties": {"name": "Water well", "description": "Recorded use: domestic", "Use": "Household", "Depth (feet)": 285.0, "Completed": 2014, "Work": "New Well", "State report number": "371118"}, "geometry": {"type": "Point", "coordinates": [-95.995834, 30.491945]}},
    {"type": "Feature", "properties": {"name": "Water well", "description": "Recorded use: domestic", "Use": "Household", "Depth (feet)": 353.0, "Completed": 2014, "Work": "New Well", "State report number": "371165"}, "geometry": {"type": "Point", "coordinates": [-95.895556, 30.796111]}},
    {"type": "Feature", "properties": {"name": "Water well", "description": "Recorded use: domestic", "Use": "Household", "Depth (feet)": 383.0, "Completed": 2014, "Work": "New Well", "State report number": "371166"}, "geometry": {"type": "Point", "coordinates": [-95.975833, 30.655278]}},
    {"type": "Feature", "properties": {"name": "Water well", "description": "Recorded use: domestic", "Use": "Household", "Depth (feet)": 285.0, "Completed": 2014, "Work": "New Well", "State report number": "371174"}, "geometry": {"type": "Point", "coordinates": [-95.864723, 30.424167]}},
    {"type": "Feature", "properties": {"name": "Water well", "description": "Recorded use: domestic", "Use": "Household", "Depth (feet)": 150.0, "Completed": 2014, "Work": "New Well", "State report number": "371181"}, "geometry": {"type": "Point", "coordinates": [-95.904445, 30.448056]}},
    {"type": "Feature", "properties": {"name": "Water well", "description": "Recorded use: domestic", "Use": "Household", "Depth (feet)": 503.0, "Completed": 2014, "Work": "New Well", "State report number": "371182"}, "geometry": {"type": "Point", "coordinates": [-95.854445, 30.655278]}},
    {"type": "Feature", "properties": {"name": "Water well", "description": "Recorded use: rig supply", "Use": "Industrial or drilling supply", "Depth (feet)": 510.0, "Completed": 2014, "Work": "New Well", "State report number": "371320"}, "geometry": {"type": "Point", "coordinates": [-96.136389, 30.771111]}},
    {"type": "Feature", "properties": {"name": "Water well", "description": "Recorded use: domestic", "Use": "Household", "Depth (feet)": 230.0, "Completed": 2014, "Work": "New Well", "State report number": "371328"}, "geometry": {"type": "Point", "coordinates": [-95.866944, 30.258056]}},
    {"type": "Feature", "properties": {"name": "Water well", "description": "Recorded use: domestic", "Use": "Household", "Depth (feet)": 245.0, "Completed": 2014, "Work": "New Well", "State report number": "371442"}, "geometry": {"type": "Point", "coordinates": [-95.832222, 30.611112]}},
    {"type": "Feature", "properties": {"name": "Water well", "description": "Recorded use: domestic", "Use": "Household", "Depth (feet)": 180.0, "Completed": 2014, "Work": "New Well", "Plugged": "Yes", "State report number": "371509"}, "geometry": {"type": "Point", "coordinates": [-95.892125, 30.252035]}},
    {"type": "Feature", "properties": {"name": "Water well", "description": "Recorded use: rig supply", "Use": "Industrial or drilling supply", "Depth (feet)": 280.0, "Completed": 2014, "Work": "New Well", "State report number": "371742"}, "geometry": {"type": "Point", "coordinates": [-96.113612, 30.644167]}},
    {"type": "Feature", "properties": {"name": "Water well", "description": "Recorded use: domestic", "Use": "Household", "Depth (feet)": 283.0, "Completed": 2014, "Work": "New Well", "State report number": "372156"}, "geometry": {"type": "Point", "coordinates": [-95.839445, 30.523333]}},
    {"type": "Feature", "properties": {"name": "Water well", "description": "Recorded use: domestic", "Use": "Household", "Depth (feet)": 365.0, "Completed": 2014, "Work": "New Well", "State report number": "372913"}, "geometry": {"type": "Point", "coordinates": [-95.964723, 30.425278]}},
    {"type": "Feature", "properties": {"name": "Water well", "description": "Recorded use: domestic", "Use": "Household", "Depth (feet)": 385.0, "Completed": 2014, "Work": "New Well", "State report number": "373844"}, "geometry": {"type": "Point", "coordinates": [-95.928889, 30.356945]}},
    {"type": "Feature", "properties": {"name": "Water well", "description": "Recorded use: domestic", "Use": "Household", "Depth (feet)": 325.0, "Completed": 2014, "Work": "New Well", "State report number": "374757"}, "geometry": {"type": "Point", "coordinates": [-95.9375, 30.539445]}},
    {"type": "Feature", "properties": {"name": "Water well", "description": "Recorded use: domestic", "Use": "Household", "Depth (feet)": 285.0, "Completed": 2014, "Work": "New Well", "State report number": "375411"}, "geometry": {"type": "Point", "coordinates": [-95.923889, 30.524444]}},
    {"type": "Feature", "properties": {"name": "Water well", "description": "Recorded use: irrigation", "Use": "Livestock or irrigation", "Depth (feet)": 540.0, "Completed": 2014, "Work": "New Well", "State report number": "375642"}, "geometry": {"type": "Point", "coordinates": [-95.965834, 30.360278]}},
    {"type": "Feature", "properties": {"name": "Water well", "description": "Recorded use: domestic", "Use": "Household", "Depth (feet)": 465.0, "Completed": 2014, "Work": "New Well", "State report number": "376052"}, "geometry": {"type": "Point", "coordinates": [-95.896111, 30.558334]}},
    {"type": "Feature", "properties": {"name": "Water well", "description": "Recorded use: domestic", "Use": "Household", "Depth (feet)": 345.0, "Completed": 2014, "Work": "New Well", "State report number": "376331"}, "geometry": {"type": "Point", "coordinates": [-95.8925, 30.6375]}},
    {"type": "Feature", "properties": {"name": "Water well", "description": "Recorded use: domestic", "Use": "Household", "Depth (feet)": 283.0, "Completed": 2014, "Work": "New Well", "State report number": "376579"}, "geometry": {"type": "Point", "coordinates": [-96.100001, 30.796945]}},
    {"type": "Feature", "properties": {"name": "Water well", "description": "Recorded use: domestic", "Use": "Household", "Depth (feet)": 383.0, "Completed": 2014, "Work": "New Well", "State report number": "376584"}, "geometry": {"type": "Point", "coordinates": [-95.872222, 30.361112]}},
    {"type": "Feature", "properties": {"name": "Water well", "description": "Recorded use: domestic", "Use": "Household", "Depth (feet)": 385.0, "Completed": 2014, "Work": "New Well", "State report number": "377120"}, "geometry": {"type": "Point", "coordinates": [-95.832778, 30.616112]}},
    {"type": "Feature", "properties": {"name": "Water well", "description": "Recorded use: domestic", "Use": "Household", "Depth (feet)": 263.0, "Completed": 2014, "Work": "New Well", "State report number": "377775"}, "geometry": {"type": "Point", "coordinates": [-95.934167, 30.604167]}},
    {"type": "Feature", "properties": {"name": "Water well", "description": "Recorded use: domestic", "Use": "Household", "Depth (feet)": 410.0, "Completed": 2014, "Work": "New Well", "State report number": "377782"}, "geometry": {"type": "Point", "coordinates": [-95.925, 30.409445]}},
    {"type": "Feature", "properties": {"name": "Water well", "description": "Recorded use: domestic", "Use": "Household", "Depth (feet)": 295.0, "Completed": 2014, "Work": "New Well", "State report number": "377790"}, "geometry": {"type": "Point", "coordinates": [-95.924167, 30.397778]}},
    {"type": "Feature", "properties": {"name": "Water well", "description": "Recorded use: domestic", "Use": "Household", "Depth (feet)": 410.0, "Completed": 2014, "Work": "New Well", "State report number": "377806"}, "geometry": {"type": "Point", "coordinates": [-95.856389, 30.641945]}},
    {"type": "Feature", "properties": {"name": "Water well", "description": "Recorded use: domestic", "Use": "Household", "Depth (feet)": 240.0, "Completed": 2014, "Work": "New Well", "State report number": "377970"}, "geometry": {"type": "Point", "coordinates": [-95.904167, 30.598056]}},
    {"type": "Feature", "properties": {"name": "Water well", "description": "Recorded use: rig supply", "Use": "Industrial or drilling supply", "Depth (feet)": 300.0, "Completed": 2014, "Work": "New Well", "State report number": "378110"}, "geometry": {"type": "Point", "coordinates": [-96.144722, 30.745834]}},
    {"type": "Feature", "properties": {"name": "Water well", "description": "Recorded use: domestic", "Use": "Household", "Depth (feet)": 165.0, "Completed": 2014, "Work": "New Well", "State report number": "378311"}, "geometry": {"type": "Point", "coordinates": [-95.871944, 30.263056]}},
    {"type": "Feature", "properties": {"name": "Water well", "description": "Recorded use: domestic", "Use": "Household", "Depth (feet)": 145.0, "Completed": 2014, "Work": "New Well", "State report number": "378326"}, "geometry": {"type": "Point", "coordinates": [-95.881667, 30.260001]}},
    {"type": "Feature", "properties": {"name": "Water well", "description": "Recorded use: domestic", "Use": "Household", "Depth (feet)": 265.0, "Completed": 2014, "Work": "New Well", "State report number": "379409"}, "geometry": {"type": "Point", "coordinates": [-95.846389, 30.428889]}},
    {"type": "Feature", "properties": {"name": "Well or boring", "description": "Recorded use: monitor", "Use": "Monitoring, testing or other", "Depth (feet)": 28.0, "Completed": 2014, "Work": "New Well", "Plugged": "Yes", "State report number": "379429"}, "geometry": {"type": "Point", "coordinates": [-96.090278, 30.366944]}},
    {"type": "Feature", "properties": {"name": "Water well", "description": "Recorded use: domestic", "Use": "Household", "Depth (feet)": 620.0, "Completed": 2014, "Work": "New Well", "State report number": "379929"}, "geometry": {"type": "Point", "coordinates": [-96.129444, 30.475833]}},
    {"type": "Feature", "properties": {"name": "Water well", "description": "Recorded use: domestic", "Use": "Household", "Depth (feet)": 385.0, "Completed": 2014, "Work": "New Well", "State report number": "380113"}, "geometry": {"type": "Point", "coordinates": [-95.932778, 30.651112]}},
    {"type": "Feature", "properties": {"name": "Well or boring", "description": "Recorded use: monitor", "Use": "Monitoring, testing or other", "Depth (feet)": 45.0, "Completed": 2014, "Work": "New Well", "Plugged": "Yes", "State report number": "380451"}, "geometry": {"type": "Point", "coordinates": [-96.066389, 30.376111]}},
    {"type": "Feature", "properties": {"name": "Well or boring", "description": "Recorded use: environmental soil boring", "Use": "Monitoring, testing or other", "Depth (feet)": 25.0, "Completed": 2014, "Work": "New Well", "Plugged": "Yes", "State report number": "380452"}, "geometry": {"type": "Point", "coordinates": [-96.066389, 30.376111]}},
    {"type": "Feature", "properties": {"name": "Well or boring", "description": "Recorded use: environmental soil boring", "Use": "Monitoring, testing or other", "Depth (feet)": 12.0, "Completed": 2014, "Work": "New Well", "Plugged": "Yes", "State report number": "380453"}, "geometry": {"type": "Point", "coordinates": [-96.066389, 30.376111]}},
    {"type": "Feature", "properties": {"name": "Water well", "description": "Recorded use: rig supply", "Use": "Industrial or drilling supply", "Depth (feet)": 220.0, "Completed": 2014, "Work": "New Well", "State report number": "380837"}, "geometry": {"type": "Point", "coordinates": [-95.979722, 30.808612]}},
    {"type": "Feature", "properties": {"name": "Water well", "description": "Recorded use: domestic", "Use": "Household", "Depth (feet)": 160.0, "Completed": 2014, "Work": "New Well", "State report number": "381727"}, "geometry": {"type": "Point", "coordinates": [-95.881667, 30.251389]}},
    {"type": "Feature", "properties": {"name": "Water well", "description": "Recorded use: domestic", "Use": "Household", "Depth (feet)": 240.0, "Completed": 2014, "Work": "New Well", "State report number": "381795"}, "geometry": {"type": "Point", "coordinates": [-95.840834, 30.375833]}},
    {"type": "Feature", "properties": {"name": "Water well", "description": "Recorded use: domestic", "Use": "Household", "Depth (feet)": 403.0, "Completed": 2014, "Work": "New Well", "State report number": "381821"}, "geometry": {"type": "Point", "coordinates": [-95.903612, 30.369444]}},
    {"type": "Feature", "properties": {"name": "Water well", "description": "Recorded use: domestic", "Use": "Household", "Depth (feet)": 350.0, "Completed": 2014, "Work": "New Well", "State report number": "382136"}, "geometry": {"type": "Point", "coordinates": [-95.877778, 30.382222]}},
    {"type": "Feature", "properties": {"name": "Water well", "description": "Recorded use: domestic", "Use": "Household", "Depth (feet)": 305.0, "Completed": 2014, "Work": "New Well", "State report number": "382217"}, "geometry": {"type": "Point", "coordinates": [-95.862501, 30.3825]}},
    {"type": "Feature", "properties": {"name": "Water well", "description": "Recorded use: rig supply", "Use": "Industrial or drilling supply", "Depth (feet)": 260.0, "Completed": 2014, "Work": "New Well", "State report number": "382223"}, "geometry": {"type": "Point", "coordinates": [-96.026389, 30.765834]}},
    {"type": "Feature", "properties": {"name": "Water well", "description": "Recorded use: domestic", "Use": "Household", "Depth (feet)": 145.0, "Completed": 2014, "Work": "New Well", "State report number": "382348"}, "geometry": {"type": "Point", "coordinates": [-95.905278, 30.2425]}},
    {"type": "Feature", "properties": {"name": "Water well", "description": "Recorded use: rig supply", "Use": "Industrial or drilling supply", "Depth (feet)": 260.0, "Completed": 2014, "Work": "New Well", "State report number": "382626"}, "geometry": {"type": "Point", "coordinates": [-95.903334, 30.670555]}},
    {"type": "Feature", "properties": {"name": "Water well", "description": "Recorded use: domestic", "Use": "Household", "Depth (feet)": 365.0, "Completed": 2014, "Work": "New Well", "State report number": "383589"}, "geometry": {"type": "Point", "coordinates": [-96.056389, 30.420555]}},
    {"type": "Feature", "properties": {"name": "Water well", "description": "Recorded use: domestic", "Use": "Household", "Depth (feet)": 318.0, "Completed": 2014, "Work": "New Well", "State report number": "383763"}, "geometry": {"type": "Point", "coordinates": [-95.900556, 30.317222]}},
    {"type": "Feature", "properties": {"name": "Water well", "description": "Recorded use: domestic", "Use": "Household", "Depth (feet)": 340.0, "Completed": 2014, "Work": "New Well", "State report number": "383823"}, "geometry": {"type": "Point", "coordinates": [-96.023055, 30.791667]}},
    {"type": "Feature", "properties": {"name": "Water well", "description": "Recorded use: domestic", "Use": "Household", "Depth (feet)": 125.0, "Completed": 2014, "Work": "New Well", "State report number": "384189"}, "geometry": {"type": "Point", "coordinates": [-95.927222, 30.248334]}},
    {"type": "Feature", "properties": {"name": "Water well", "description": "Recorded use: domestic", "Use": "Household", "Depth (feet)": 260.0, "Completed": 2014, "Work": "New Well", "State report number": "384665"}, "geometry": {"type": "Point", "coordinates": [-95.865278, 30.248611]}},
    {"type": "Feature", "properties": {"name": "Water well", "description": "Recorded use: domestic", "Use": "Household", "Depth (feet)": 200.0, "Completed": 2014, "Work": "New Well", "State report number": "384762"}, "geometry": {"type": "Point", "coordinates": [-95.865001, 30.409445]}},
    {"type": "Feature", "properties": {"name": "Water well", "description": "Recorded use: rig supply", "Use": "Industrial or drilling supply", "Depth (feet)": 480.0, "Completed": 2015, "Work": "New Well", "State report number": "385145"}, "geometry": {"type": "Point", "coordinates": [-95.905278, 30.839167]}},
    {"type": "Feature", "properties": {"name": "Water well", "description": "Recorded use: domestic", "Use": "Household", "Depth (feet)": 380.0, "Completed": 2015, "Work": "Replacement", "State report number": "386086"}, "geometry": {"type": "Point", "coordinates": [-95.840278, 30.463889]}},
    {"type": "Feature", "properties": {"name": "Water well", "description": "Recorded use: domestic", "Use": "Household", "Depth (feet)": 380.0, "Completed": 2015, "Work": "New Well", "State report number": "386090"}, "geometry": {"type": "Point", "coordinates": [-96.015278, 30.463889]}},
    {"type": "Feature", "properties": {"name": "Water well", "description": "Recorded use: domestic", "Use": "Household", "Depth (feet)": 355.0, "Completed": 2015, "Work": "New Well", "State report number": "386095"}, "geometry": {"type": "Point", "coordinates": [-96.015278, 30.461667]}},
    {"type": "Feature", "properties": {"name": "Well or boring", "description": "Recorded use: monitor", "Use": "Monitoring, testing or other", "Depth (feet)": 35.0, "Completed": 2014, "Work": "New Well", "State report number": "386276"}, "geometry": {"type": "Point", "coordinates": [-96.081111, 30.785]}},
    {"type": "Feature", "properties": {"name": "Well or boring", "description": "Recorded use: monitor", "Use": "Monitoring, testing or other", "Depth (feet)": 35.0, "Completed": 2014, "Work": "New Well", "State report number": "386277"}, "geometry": {"type": "Point", "coordinates": [-96.081111, 30.785]}},
    {"type": "Feature", "properties": {"name": "Well or boring", "description": "Recorded use: monitor", "Use": "Monitoring, testing or other", "Depth (feet)": 35.0, "Completed": 2014, "Work": "New Well", "State report number": "386278"}, "geometry": {"type": "Point", "coordinates": [-96.081111, 30.785]}},
    {"type": "Feature", "properties": {"name": "Well or boring", "description": "Recorded use: monitor", "Use": "Monitoring, testing or other", "Depth (feet)": 35.0, "Completed": 2014, "Work": "New Well", "State report number": "386279"}, "geometry": {"type": "Point", "coordinates": [-96.081111, 30.785]}},
    {"type": "Feature", "properties": {"name": "Well or boring", "description": "Recorded use: monitor", "Use": "Monitoring, testing or other", "Depth (feet)": 35.0, "Completed": 2014, "Work": "New Well", "State report number": "386280"}, "geometry": {"type": "Point", "coordinates": [-96.081111, 30.785]}},
    {"type": "Feature", "properties": {"name": "Water well", "description": "Recorded use: rig supply", "Use": "Industrial or drilling supply", "Depth (feet)": 240.0, "Completed": 2015, "Work": "New Well", "State report number": "387366"}, "geometry": {"type": "Point", "coordinates": [-95.868333, 30.700278]}},
    {"type": "Feature", "properties": {"name": "Water well", "description": "Recorded use: domestic", "Use": "Household", "Depth (feet)": 343.0, "Completed": 2014, "Work": "New Well", "State report number": "387520"}, "geometry": {"type": "Point", "coordinates": [-95.926111, 30.556945]}},
    {"type": "Feature", "properties": {"name": "Water well", "description": "Recorded use: domestic", "Use": "Household", "Depth (feet)": 330.0, "Completed": 2014, "Work": "New Well", "State report number": "387524"}, "geometry": {"type": "Point", "coordinates": [-95.926111, 30.557778]}},
    {"type": "Feature", "properties": {"name": "Water well", "description": "Recorded use: domestic", "Use": "Household", "Depth (feet)": 303.0, "Completed": 2014, "Work": "New Well", "State report number": "387534"}, "geometry": {"type": "Point", "coordinates": [-95.886389, 30.345556]}},
    {"type": "Feature", "properties": {"name": "Water well", "description": "Recorded use: domestic", "Use": "Household", "Depth (feet)": 483.0, "Completed": 2015, "Work": "New Well", "State report number": "387538"}, "geometry": {"type": "Point", "coordinates": [-96.028611, 30.359445]}},
    {"type": "Feature", "properties": {"name": "Water well", "description": "Recorded use: domestic", "Use": "Household", "Depth (feet)": 363.0, "Completed": 2015, "Work": "New Well", "State report number": "387546"}, "geometry": {"type": "Point", "coordinates": [-95.983334, 30.656667]}},
    {"type": "Feature", "properties": {"name": "Water well", "description": "Recorded use: domestic", "Use": "Household", "Depth (feet)": 445.0, "Completed": 2015, "Work": "New Well", "State report number": "388070"}, "geometry": {"type": "Point", "coordinates": [-95.927222, 30.42]}},
    {"type": "Feature", "properties": {"name": "Water well", "description": "Recorded use: domestic", "Use": "Household", "Depth (feet)": 425.0, "Completed": 2015, "Work": "New Well", "State report number": "388072"}, "geometry": {"type": "Point", "coordinates": [-95.9275, 30.417778]}},
    {"type": "Feature", "properties": {"name": "Water well", "description": "Recorded use: domestic", "Use": "Household", "Depth (feet)": 440.0, "Completed": 2015, "Work": "New Well", "State report number": "388512"}, "geometry": {"type": "Point", "coordinates": [-95.855556, 30.764445]}},
    {"type": "Feature", "properties": {"name": "Water well", "description": "Recorded use: domestic", "Use": "Household", "Depth (feet)": 295.0, "Completed": 2015, "Work": "New Well", "State report number": "388553"}, "geometry": {"type": "Point", "coordinates": [-95.862501, 30.424167]}},
    {"type": "Feature", "properties": {"name": "Water well", "description": "Recorded use: domestic", "Use": "Household", "Depth (feet)": 180.0, "Completed": 2015, "Work": "New Well", "State report number": "389354"}, "geometry": {"type": "Point", "coordinates": [-95.875, 30.304723]}},
    {"type": "Feature", "properties": {"name": "Water well", "description": "Recorded use: rig supply", "Use": "Industrial or drilling supply", "Depth (feet)": 400.0, "Completed": 2015, "Work": "New Well", "State report number": "389695"}, "geometry": {"type": "Point", "coordinates": [-95.859723, 30.814167]}},
    {"type": "Feature", "properties": {"name": "Water well", "description": "Recorded use: domestic", "Use": "Household", "Depth (feet)": 340.0, "Completed": 2015, "Work": "New Well", "State report number": "390001"}, "geometry": {"type": "Point", "coordinates": [-96.041111, 30.501667]}},
    {"type": "Feature", "properties": {"name": "Water well", "description": "Recorded use: domestic", "Use": "Household", "Depth (feet)": 255.0, "Completed": 2015, "Work": "New Well", "State report number": "390606"}, "geometry": {"type": "Point", "coordinates": [-95.863334, 30.249722]}},
    {"type": "Feature", "properties": {"name": "Water well", "description": "Recorded use: domestic", "Use": "Household", "Depth (feet)": 165.0, "Completed": 2015, "Work": "New Well", "State report number": "391358"}, "geometry": {"type": "Point", "coordinates": [-95.926111, 30.403334]}},
    {"type": "Feature", "properties": {"name": "Water well", "description": "Recorded use: domestic", "Use": "Household", "Depth (feet)": 160.0, "Completed": 2015, "Work": "New Well", "State report number": "391359"}, "geometry": {"type": "Point", "coordinates": [-95.926111, 30.403889]}},
    {"type": "Feature", "properties": {"name": "Water well", "description": "Recorded use: domestic", "Use": "Household", "Depth (feet)": 375.0, "Completed": 2015, "Work": "New Well", "State report number": "391569"}, "geometry": {"type": "Point", "coordinates": [-95.895278, 30.314167]}},
    {"type": "Feature", "properties": {"name": "Water well", "description": "Recorded use: domestic", "Use": "Household", "Depth (feet)": 440.0, "Completed": 2015, "Work": "New Well", "State report number": "391613"}, "geometry": {"type": "Point", "coordinates": [-95.919722, 30.49]}},
    {"type": "Feature", "properties": {"name": "Water well", "description": "Recorded use: domestic", "Use": "Household", "Depth (feet)": 225.0, "Completed": 2015, "Work": "New Well", "State report number": "392275"}, "geometry": {"type": "Point", "coordinates": [-95.862223, 30.510278]}},
    {"type": "Feature", "properties": {"name": "Water well", "description": "Recorded use: domestic", "Use": "Household", "Depth (feet)": 405.0, "Completed": 2015, "Work": "New Well", "State report number": "392283"}, "geometry": {"type": "Point", "coordinates": [-95.913056, 30.262501]}},
    {"type": "Feature", "properties": {"name": "Water well", "description": "Recorded use: rig supply", "Use": "Industrial or drilling supply", "Depth (feet)": 820.0, "Completed": 2015, "Work": "New Well", "State report number": "392691"}, "geometry": {"type": "Point", "coordinates": [-95.903334, 30.850556]}},
    {"type": "Feature", "properties": {"name": "Water well", "description": "Recorded use: domestic", "Use": "Household", "Depth (feet)": 460.0, "Completed": 2015, "Work": "New Well", "State report number": "392744"}, "geometry": {"type": "Point", "coordinates": [-95.884167, 30.390556]}},
    {"type": "Feature", "properties": {"name": "Water well", "description": "Recorded use: domestic", "Use": "Household", "Depth (feet)": 265.0, "Completed": 2015, "Work": "New Well", "State report number": "393094"}, "geometry": {"type": "Point", "coordinates": [-95.904167, 30.593611]}},
    {"type": "Feature", "properties": {"name": "Water well", "description": "Recorded use: domestic", "Use": "Household", "Depth (feet)": 60.0, "Completed": 2015, "Work": "New Well", "State report number": "393295"}, "geometry": {"type": "Point", "coordinates": [-95.847778, 30.691945]}},
    {"type": "Feature", "properties": {"name": "Water well", "description": "Recorded use: domestic", "Use": "Household", "Depth (feet)": 365.0, "Completed": 2015, "Work": "New Well", "State report number": "393394"}, "geometry": {"type": "Point", "coordinates": [-95.936945, 30.500556]}},
    {"type": "Feature", "properties": {"name": "Water well", "description": "Recorded use: fracking supply", "Use": "Industrial or drilling supply", "Depth (feet)": 880.0, "Completed": 2015, "Work": "New Well", "State report number": "394710"}, "geometry": {"type": "Point", "coordinates": [-95.860278, 30.810556]}},
    {"type": "Feature", "properties": {"name": "Water well", "description": "Recorded use: domestic", "Use": "Household", "Depth (feet)": 200.0, "Completed": 2015, "Work": "New Well", "State report number": "395542"}, "geometry": {"type": "Point", "coordinates": [-95.814167, 30.250556]}},
    {"type": "Feature", "properties": {"name": "Water well", "description": "Recorded use: domestic", "Use": "Household", "Depth (feet)": 255.0, "Completed": 2015, "Work": "New Well", "State report number": "395562"}, "geometry": {"type": "Point", "coordinates": [-95.863334, 30.253056]}},
    {"type": "Feature", "properties": {"name": "Water well", "description": "Recorded use: rig supply", "Use": "Industrial or drilling supply", "Depth (feet)": 520.0, "Completed": 2015, "Work": "New Well", "State report number": "396725"}, "geometry": {"type": "Point", "coordinates": [-96.153056, 30.653334]}},
    {"type": "Feature", "properties": {"name": "Water well", "description": "Recorded use: domestic", "Use": "Household", "Depth (feet)": 165.0, "Completed": 2015, "Work": "New Well", "State report number": "396807"}, "geometry": {"type": "Point", "coordinates": [-96.060556, 30.452223]}},
    {"type": "Feature", "properties": {"name": "Water well", "description": "Recorded use: domestic", "Use": "Household", "Depth (feet)": 215.0, "Completed": 2015, "Work": "New Well", "State report number": "397091"}, "geometry": {"type": "Point", "coordinates": [-96.060278, 30.455278]}},
    {"type": "Feature", "properties": {"name": "Water well", "description": "Recorded use: domestic", "Use": "Household", "Depth (feet)": 180.0, "Completed": 2015, "Work": "New Well", "State report number": "397093"}, "geometry": {"type": "Point", "coordinates": [-95.916667, 30.275]}},
    {"type": "Feature", "properties": {"name": "Water well", "description": "Recorded use: domestic", "Use": "Household", "Depth (feet)": 225.0, "Completed": 2015, "Work": "New Well", "State report number": "397304"}, "geometry": {"type": "Point", "coordinates": [-96.049167, 30.299722]}},
    {"type": "Feature", "properties": {"name": "Water well", "description": "Recorded use: domestic", "Use": "Household", "Depth (feet)": 180.0, "Completed": 2015, "Work": "New Well", "State report number": "398604"}, "geometry": {"type": "Point", "coordinates": [-95.959167, 30.442778]}},
    {"type": "Feature", "properties": {"name": "Water well", "description": "Recorded use: domestic", "Use": "Household", "Depth (feet)": 415.0, "Completed": 2015, "Work": "New Well", "State report number": "398623"}, "geometry": {"type": "Point", "coordinates": [-95.840556, 30.453889]}},
    {"type": "Feature", "properties": {"name": "Water well", "description": "Recorded use: domestic", "Use": "Household", "Depth (feet)": 415.0, "Completed": 2015, "Work": "New Well", "State report number": "398624"}, "geometry": {"type": "Point", "coordinates": [-95.840556, 30.453889]}},
    {"type": "Feature", "properties": {"name": "Water well", "description": "Recorded use: domestic", "Use": "Household", "Depth (feet)": 312.0, "Completed": 2015, "Work": "New Well", "State report number": "398798"}, "geometry": {"type": "Point", "coordinates": [-95.972778, 30.303334]}},
    {"type": "Feature", "properties": {"name": "Water well", "description": "Recorded use: domestic", "Use": "Household", "Depth (feet)": 300.0, "Completed": 2015, "Work": "New Well", "State report number": "399185"}, "geometry": {"type": "Point", "coordinates": [-95.845278, 30.438334]}},
    {"type": "Feature", "properties": {"name": "Water well", "description": "Recorded use: domestic", "Use": "Household", "Depth (feet)": 335.0, "Completed": 2015, "Work": "New Well", "State report number": "399209"}, "geometry": {"type": "Point", "coordinates": [-95.9175, 30.763612]}},
    {"type": "Feature", "properties": {"name": "Water well", "description": "Recorded use: domestic", "Use": "Household", "Depth (feet)": 585.0, "Completed": 2015, "Work": "New Well", "State report number": "399463"}, "geometry": {"type": "Point", "coordinates": [-95.986667, 30.348889]}},
    {"type": "Feature", "properties": {"name": "Water well", "description": "Recorded use: domestic", "Use": "Household", "Depth (feet)": 260.0, "Completed": 2015, "Work": "New Well", "State report number": "399915"}, "geometry": {"type": "Point", "coordinates": [-96.025833, 30.765834]}},
    {"type": "Feature", "properties": {"name": "Water well", "description": "Recorded use: domestic", "Use": "Household", "Depth (feet)": 470.0, "Completed": 2015, "Work": "New Well", "State report number": "400377"}, "geometry": {"type": "Point", "coordinates": [-95.990834, 30.467222]}},
    {"type": "Feature", "properties": {"name": "Water well", "description": "Recorded use: domestic", "Use": "Household", "Depth (feet)": 265.0, "Completed": 2015, "Work": "New Well", "State report number": "400670"}, "geometry": {"type": "Point", "coordinates": [-95.861112, 30.246667]}},
    {"type": "Feature", "properties": {"name": "Water well", "description": "Recorded use: domestic", "Use": "Household", "Depth (feet)": 250.0, "Completed": 2015, "Work": "New Well", "Plugged": "Yes", "State report number": "401228"}, "geometry": {"type": "Point", "coordinates": [-95.864723, 30.455556]}},
    {"type": "Feature", "properties": {"name": "Water well", "description": "Recorded use: domestic", "Use": "Household", "Depth (feet)": 203.0, "Completed": 2015, "Work": "New Well", "State report number": "401238"}, "geometry": {"type": "Point", "coordinates": [-95.8275, 30.5425]}},
    {"type": "Feature", "properties": {"name": "Water well", "description": "Recorded use: rig supply", "Use": "Industrial or drilling supply", "Depth (feet)": 240.0, "Completed": 2015, "Work": "New Well", "State report number": "401258"}, "geometry": {"type": "Point", "coordinates": [-95.931944, 30.431944]}},
    {"type": "Feature", "properties": {"name": "Water well", "description": "Recorded use: domestic", "Use": "Household", "Depth (feet)": 360.0, "Completed": 2015, "Work": "New Well", "State report number": "401301"}, "geometry": {"type": "Point", "coordinates": [-96.063612, 30.4275]}},
    {"type": "Feature", "properties": {"name": "Water well", "description": "Recorded use: domestic", "Use": "Household", "Depth (feet)": 210.0, "Completed": 2015, "Work": "New Well", "State report number": "401499"}, "geometry": {"type": "Point", "coordinates": [-96.111667, 30.380833]}},
    {"type": "Feature", "properties": {"name": "Water well", "description": "Recorded use: domestic", "Use": "Household", "Depth (feet)": 400.0, "Completed": 2015, "Work": "New Well", "State report number": "401694"}, "geometry": {"type": "Point", "coordinates": [-95.89, 30.744722]}},
    {"type": "Feature", "properties": {"name": "Water well", "description": "Recorded use: domestic", "Use": "Household", "Depth (feet)": 215.0, "Completed": 2015, "Work": "New Well", "State report number": "403064"}, "geometry": {"type": "Point", "coordinates": [-95.845, 30.425833]}},
    {"type": "Feature", "properties": {"name": "Water well", "description": "Recorded use: domestic", "Use": "Household", "Depth (feet)": 420.0, "Completed": 2015, "Work": "New Well", "State report number": "404220"}, "geometry": {"type": "Point", "coordinates": [-95.895556, 30.796111]}},
    {"type": "Feature", "properties": {"name": "Water well", "description": "Recorded use: domestic", "Use": "Household", "Depth (feet)": 160.0, "Completed": 2015, "Work": "New Well", "State report number": "404296"}, "geometry": {"type": "Point", "coordinates": [-95.916389, 30.286389]}},
    {"type": "Feature", "properties": {"name": "Water well", "description": "Recorded use: domestic", "Use": "Household", "Depth (feet)": 370.0, "Completed": 2015, "Work": "New Well", "State report number": "404444"}, "geometry": {"type": "Point", "coordinates": [-95.898334, 30.275278]}},
    {"type": "Feature", "properties": {"name": "Water well", "description": "Recorded use: domestic", "Use": "Household", "Depth (feet)": 463.0, "Completed": 2015, "Work": "Replacement", "State report number": "404771"}, "geometry": {"type": "Point", "coordinates": [-96.0325, 30.371111]}},
    {"type": "Feature", "properties": {"name": "Water well", "description": "Recorded use: domestic", "Use": "Household", "Depth (feet)": 463.0, "Completed": 2015, "Work": "Replacement", "State report number": "404831"}, "geometry": {"type": "Point", "coordinates": [-96.0325, 30.371111]}},
    {"type": "Feature", "properties": {"name": "Water well", "description": "Recorded use: domestic", "Use": "Household", "Depth (feet)": 365.0, "Completed": 2015, "Work": "New Well", "State report number": "405058"}, "geometry": {"type": "Point", "coordinates": [-95.885, 30.320555]}},
    {"type": "Feature", "properties": {"name": "Water well", "description": "Recorded use: domestic", "Use": "Household", "Depth (feet)": 380.0, "Completed": 2015, "Work": "New Well", "State report number": "405316"}, "geometry": {"type": "Point", "coordinates": [-96.017778, 30.362223]}},
    {"type": "Feature", "properties": {"name": "Water well", "description": "Recorded use: domestic", "Use": "Household", "Depth (feet)": 180.0, "Completed": 2015, "Work": "New Well", "State report number": "405565"}, "geometry": {"type": "Point", "coordinates": [-95.850278, 30.248056]}},
    {"type": "Feature", "properties": {"name": "Well or boring", "description": "Recorded use: other", "Use": "Monitoring, testing or other", "Depth (feet)": 365.0, "Completed": 2015, "Work": "Replacement", "State report number": "405602"}, "geometry": {"type": "Point", "coordinates": [-95.953611, 30.254167]}},
    {"type": "Feature", "properties": {"name": "Water well", "description": "Recorded use: domestic", "Use": "Household", "Depth (feet)": 195.0, "Completed": 2015, "Work": "New Well", "State report number": "405738"}, "geometry": {"type": "Point", "coordinates": [-96.081583, 30.53985]}},
    {"type": "Feature", "properties": {"name": "Water well", "description": "Recorded use: domestic", "Use": "Household", "Depth (feet)": 400.0, "Completed": 2015, "Work": "New Well", "State report number": "405796"}, "geometry": {"type": "Point", "coordinates": [-95.846111, 30.420556]}},
    {"type": "Feature", "properties": {"name": "Water well", "description": "Recorded use: domestic", "Use": "Household", "Depth (feet)": 490.0, "Completed": 2015, "Work": "New Well", "State report number": "405799"}, "geometry": {"type": "Point", "coordinates": [-95.958333, 30.412778]}},
    {"type": "Feature", "properties": {"name": "Water well", "description": "Recorded use: domestic", "Use": "Household", "Depth (feet)": 160.0, "Completed": 2015, "Work": "New Well", "State report number": "405843"}, "geometry": {"type": "Point", "coordinates": [-95.9025, 30.4575]}},
    {"type": "Feature", "properties": {"name": "Water well", "description": "Recorded use: domestic", "Use": "Household", "Depth (feet)": 380.0, "Completed": 2015, "Work": "New Well", "State report number": "406430"}, "geometry": {"type": "Point", "coordinates": [-95.835, 30.467222]}},
    {"type": "Feature", "properties": {"name": "Well or boring", "description": "Recorded use: monitor", "Use": "Monitoring, testing or other", "Depth (feet)": 30.0, "Completed": 2015, "Work": "New Well", "State report number": "406572"}, "geometry": {"type": "Point", "coordinates": [-96.077406, 30.777856]}},
    {"type": "Feature", "properties": {"name": "Water well", "description": "Recorded use: rig supply", "Use": "Industrial or drilling supply", "Depth (feet)": 360.0, "Completed": 2015, "Work": "New Well", "State report number": "406607"}, "geometry": {"type": "Point", "coordinates": [-96.020833, 30.604444]}},
    {"type": "Feature", "properties": {"name": "Water well", "description": "Recorded use: rig supply", "Use": "Industrial or drilling supply", "Depth (feet)": 440.0, "Completed": 2015, "Work": "New Well", "State report number": "406610"}, "geometry": {"type": "Point", "coordinates": [-96.020833, 30.604444]}},
    {"type": "Feature", "properties": {"name": "Water well", "description": "Recorded use: rig supply", "Use": "Industrial or drilling supply", "Depth (feet)": 500.0, "Completed": 2015, "Work": "New Well", "State report number": "406634"}, "geometry": {"type": "Point", "coordinates": [-96.139722, 30.656306]}},
    {"type": "Feature", "properties": {"name": "Water well", "description": "Recorded use: domestic", "Use": "Household", "Depth (feet)": 235.0, "Completed": 2015, "Work": "New Well", "State report number": "406649"}, "geometry": {"type": "Point", "coordinates": [-96.04575, 30.81055]}},
    {"type": "Feature", "properties": {"name": "Water well", "description": "Recorded use: domestic", "Use": "Household", "Depth (feet)": 300.0, "Completed": 2015, "Work": "New Well", "State report number": "406766"}, "geometry": {"type": "Point", "coordinates": [-96.010733, 30.4401]}},
    {"type": "Feature", "properties": {"name": "Water well", "description": "Recorded use: domestic", "Use": "Household", "Depth (feet)": 310.0, "Completed": 2015, "Work": "Replacement", "State report number": "407325"}, "geometry": {"type": "Point", "coordinates": [-95.836617, 30.318133]}},
    {"type": "Feature", "properties": {"name": "Water well", "description": "Recorded use: domestic", "Use": "Household", "Depth (feet)": 255.0, "Completed": 2015, "Work": "New Well", "State report number": "407697"}, "geometry": {"type": "Point", "coordinates": [-95.918233, 30.457333]}},
    {"type": "Feature", "properties": {"name": "Water well", "description": "Recorded use: domestic", "Use": "Household", "Depth (feet)": 462.0, "Completed": 2015, "Work": "New Well", "State report number": "407759"}, "geometry": {"type": "Point", "coordinates": [-96.124983, 30.765158]}},
    {"type": "Feature", "properties": {"name": "Water well", "description": "Recorded use: irrigation", "Use": "Livestock or irrigation", "Depth (feet)": 370.0, "Completed": 2015, "Work": "New Well", "State report number": "408287"}, "geometry": {"type": "Point", "coordinates": [-95.804722, 30.300556]}},
    {"type": "Feature", "properties": {"name": "Water well", "description": "Recorded use: domestic", "Use": "Household", "Depth (feet)": 280.0, "Completed": 2015, "Work": "New Well", "State report number": "408652"}, "geometry": {"type": "Point", "coordinates": [-95.845, 30.322222]}},
    {"type": "Feature", "properties": {"name": "Water well", "description": "Recorded use: domestic", "Use": "Household", "Depth (feet)": 335.0, "Completed": 2015, "Work": "New Well", "State report number": "408667"}, "geometry": {"type": "Point", "coordinates": [-95.948417, 30.516056]}},
    {"type": "Feature", "properties": {"name": "Water well", "description": "Recorded use: domestic", "Use": "Household", "Depth (feet)": 230.0, "Completed": 2015, "Work": "New Well", "State report number": "408736"}, "geometry": {"type": "Point", "coordinates": [-95.902778, 30.591944]}},
    {"type": "Feature", "properties": {"name": "Water well", "description": "Recorded use: domestic", "Use": "Household", "Depth (feet)": 245.0, "Completed": 2015, "Work": "New Well", "State report number": "408922"}, "geometry": {"type": "Point", "coordinates": [-95.864067, 30.263767]}},
    {"type": "Feature", "properties": {"name": "Water well", "description": "Recorded use: domestic", "Use": "Household", "Depth (feet)": 285.0, "Completed": 2015, "Work": "New Well", "State report number": "409211"}, "geometry": {"type": "Point", "coordinates": [-95.982222, 30.375556]}},
    {"type": "Feature", "properties": {"name": "Water well", "description": "Recorded use: domestic", "Use": "Household", "Depth (feet)": 205.0, "Completed": 2015, "Work": "New Well", "State report number": "409340"}, "geometry": {"type": "Point", "coordinates": [-96.068633, 30.416667]}},
    {"type": "Feature", "properties": {"name": "Water well", "description": "Recorded use: domestic", "Use": "Household", "Depth (feet)": 533.0, "Completed": 2015, "Work": "New Well", "State report number": "409565"}, "geometry": {"type": "Point", "coordinates": [-95.935142, 30.770667]}},
    {"type": "Feature", "properties": {"name": "Water well", "description": "Recorded use: domestic", "Use": "Household", "Depth (feet)": 315.0, "Completed": 2015, "Work": "New Well", "State report number": "410010"}, "geometry": {"type": "Point", "coordinates": [-96.033889, 30.356389]}},
    {"type": "Feature", "properties": {"name": "Water well", "description": "Recorded use: domestic", "Use": "Household", "Depth (feet)": 285.0, "Completed": 2015, "Work": "Replacement", "State report number": "410165"}, "geometry": {"type": "Point", "coordinates": [-96.055883, 30.46905]}},
    {"type": "Feature", "properties": {"name": "Water well", "description": "Recorded use: domestic", "Use": "Household", "Depth (feet)": 240.0, "Completed": 2015, "Work": "New Well", "State report number": "410659"}, "geometry": {"type": "Point", "coordinates": [-95.907172, 30.735608]}},
    {"type": "Feature", "properties": {"name": "Water well", "description": "Recorded use: domestic", "Use": "Household", "Depth (feet)": 198.0, "Completed": 2015, "Work": "New Well", "State report number": "410661"}, "geometry": {"type": "Point", "coordinates": [-95.905964, 30.731928]}},
    {"type": "Feature", "properties": {"name": "Water well", "description": "Recorded use: domestic", "Use": "Household", "Depth (feet)": 465.0, "Completed": 2015, "Work": "New Well", "State report number": "410665"}, "geometry": {"type": "Point", "coordinates": [-95.875983, 30.402333]}},
    {"type": "Feature", "properties": {"name": "Water well", "description": "Recorded use: domestic", "Use": "Household", "Depth (feet)": 275.0, "Completed": 2015, "Work": "New Well", "State report number": "410673"}, "geometry": {"type": "Point", "coordinates": [-96.0871, 30.48225]}},
    {"type": "Feature", "properties": {"name": "Water well", "description": "Recorded use: domestic", "Use": "Household", "Depth (feet)": 160.0, "Completed": 2015, "Work": "New Well", "State report number": "410969"}, "geometry": {"type": "Point", "coordinates": [-95.9125, 30.267222]}},
    {"type": "Feature", "properties": {"name": "Water well", "description": "Recorded use: domestic", "Use": "Household", "Depth (feet)": 355.0, "Completed": 2015, "Work": "New Well", "State report number": "410972"}, "geometry": {"type": "Point", "coordinates": [-96.093833, 30.339617]}},
    {"type": "Feature", "properties": {"name": "Water well", "description": "Recorded use: stock", "Use": "Livestock or irrigation", "Depth (feet)": 465.0, "Completed": 2015, "Work": "New Well", "State report number": "411059"}, "geometry": {"type": "Point", "coordinates": [-96.071944, 30.7725]}},
    {"type": "Feature", "properties": {"name": "Water well", "description": "Recorded use: domestic", "Use": "Household", "Depth (feet)": 312.0, "Completed": 2015, "Work": "New Well", "State report number": "411423"}, "geometry": {"type": "Point", "coordinates": [-95.967253, 30.295525]}},
    {"type": "Feature", "properties": {"name": "Water well", "description": "Recorded use: domestic", "Use": "Household", "Depth (feet)": 340.0, "Completed": 2015, "Work": "New Well", "State report number": "411844"}, "geometry": {"type": "Point", "coordinates": [-95.862278, 30.285833]}},
    {"type": "Feature", "properties": {"name": "Well or boring", "description": "Recorded use: monitor", "Use": "Monitoring, testing or other", "Depth (feet)": 30.0, "Completed": 2015, "Work": "New Well", "State report number": "411852"}, "geometry": {"type": "Point", "coordinates": [-95.957694, 30.347103]}},
    {"type": "Feature", "properties": {"name": "Well or boring", "description": "Recorded use: monitor", "Use": "Monitoring, testing or other", "Depth (feet)": 30.0, "Completed": 2015, "Work": "New Well", "State report number": "411856"}, "geometry": {"type": "Point", "coordinates": [-95.945389, 30.333778]}},
    {"type": "Feature", "properties": {"name": "Well or boring", "description": "Recorded use: monitor", "Use": "Monitoring, testing or other", "Depth (feet)": 30.0, "Completed": 2015, "Work": "New Well", "State report number": "411858"}, "geometry": {"type": "Point", "coordinates": [-95.916428, 30.307756]}},
    {"type": "Feature", "properties": {"name": "Well or boring", "description": "Recorded use: monitor", "Use": "Monitoring, testing or other", "Depth (feet)": 30.0, "Completed": 2015, "Work": "New Well", "State report number": "411859"}, "geometry": {"type": "Point", "coordinates": [-95.829981, 30.29435]}},
    {"type": "Feature", "properties": {"name": "Water well", "description": "Recorded use: domestic", "Use": "Household", "Depth (feet)": 505.0, "Completed": 2015, "Work": "New Well", "State report number": "412000"}, "geometry": {"type": "Point", "coordinates": [-95.89305, 30.8259]}},
    {"type": "Feature", "properties": {"name": "Water well", "description": "Recorded use: domestic", "Use": "Household", "Depth (feet)": 220.0, "Completed": 2016, "Work": "New Well", "State report number": "412549"}, "geometry": {"type": "Point", "coordinates": [-95.947222, 30.591944]}},
    {"type": "Feature", "properties": {"name": "Water well", "description": "Recorded use: domestic", "Use": "Household", "Depth (feet)": 320.0, "Completed": 2016, "Work": "New Well", "State report number": "412630"}, "geometry": {"type": "Point", "coordinates": [-95.938056, 30.604444]}},
    {"type": "Feature", "properties": {"name": "Water well", "description": "Recorded use: domestic", "Use": "Household", "Depth (feet)": 280.0, "Completed": 2016, "Work": "New Well", "State report number": "412964"}, "geometry": {"type": "Point", "coordinates": [-95.9375, 30.629722]}},
    {"type": "Feature", "properties": {"name": "Water well", "description": "Recorded use: domestic", "Use": "Household", "Depth (feet)": 270.0, "Completed": 2016, "Work": "New Well", "State report number": "412986"}, "geometry": {"type": "Point", "coordinates": [-95.860683, 30.24765]}},
    {"type": "Feature", "properties": {"name": "Water well", "description": "Recorded use: domestic", "Use": "Household", "Depth (feet)": 200.0, "Completed": 2016, "Work": "New Well", "State report number": "413034"}, "geometry": {"type": "Point", "coordinates": [-95.883083, 30.2547]}},
    {"type": "Feature", "properties": {"name": "Water well", "description": "Recorded use: domestic", "Use": "Household", "Depth (feet)": 400.0, "Completed": 2016, "Work": "New Well", "State report number": "413247"}, "geometry": {"type": "Point", "coordinates": [-96.121148, 30.814098]}},
    {"type": "Feature", "properties": {"name": "Well or boring", "description": "Recorded use: monitor", "Use": "Monitoring, testing or other", "Depth (feet)": 30.0, "Completed": 2015, "Work": "New Well", "State report number": "413454"}, "geometry": {"type": "Point", "coordinates": [-96.077119, 30.778072]}},
    {"type": "Feature", "properties": {"name": "Well or boring", "description": "Recorded use: monitor", "Use": "Monitoring, testing or other", "Depth (feet)": 30.0, "Completed": 2015, "Work": "New Well", "State report number": "413455"}, "geometry": {"type": "Point", "coordinates": [-96.076897, 30.777697]}},
    {"type": "Feature", "properties": {"name": "Well or boring", "description": "Recorded use: monitor", "Use": "Monitoring, testing or other", "Depth (feet)": 20.0, "Completed": 2016, "Work": "New Well", "State report number": "413738"}, "geometry": {"type": "Point", "coordinates": [-96.062197, 30.361078]}},
    {"type": "Feature", "properties": {"name": "Well or boring", "description": "Recorded use: monitor", "Use": "Monitoring, testing or other", "Depth (feet)": 25.0, "Completed": 2016, "Work": "New Well", "Plugged": "Yes", "State report number": "413741"}, "geometry": {"type": "Point", "coordinates": [-96.062622, 30.361731]}},
    {"type": "Feature", "properties": {"name": "Well or boring", "description": "Recorded use: monitor", "Use": "Monitoring, testing or other", "Depth (feet)": 30.0, "Completed": 2016, "Work": "New Well", "Plugged": "Yes", "State report number": "413751"}, "geometry": {"type": "Point", "coordinates": [-96.063008, 30.361694]}},
    {"type": "Feature", "properties": {"name": "Water well", "description": "Recorded use: domestic", "Use": "Household", "Depth (feet)": 415.0, "Completed": 2015, "Work": "New Well", "State report number": "413806"}, "geometry": {"type": "Point", "coordinates": [-95.878917, 30.340531]}},
    {"type": "Feature", "properties": {"name": "Water well", "description": "Recorded use: domestic", "Use": "Household", "Depth (feet)": 200.0, "Completed": 2015, "Work": "New Well", "State report number": "413894"}, "geometry": {"type": "Point", "coordinates": [-95.905444, 30.710917]}},
    {"type": "Feature", "properties": {"name": "Water well", "description": "Recorded use: domestic", "Use": "Household", "Depth (feet)": 380.0, "Completed": 2016, "Work": "New Well", "State report number": "413897"}, "geometry": {"type": "Point", "coordinates": [-95.85575, 30.453694]}},
    {"type": "Feature", "properties": {"name": "Water well", "description": "Recorded use: domestic", "Use": "Household", "Depth (feet)": 405.0, "Completed": 2016, "Work": "New Well", "State report number": "414082"}, "geometry": {"type": "Point", "coordinates": [-96.014567, 30.4632]}},
    {"type": "Feature", "properties": {"name": "Water well", "description": "Recorded use: domestic", "Use": "Household", "Depth (feet)": 200.0, "Completed": 2016, "Work": "New Well", "State report number": "414572"}, "geometry": {"type": "Point", "coordinates": [-95.883333, 30.259722]}},
    {"type": "Feature", "properties": {"name": "Water well", "description": "Recorded use: domestic", "Use": "Household", "Depth (feet)": 446.0, "Completed": 2016, "Work": "New Well", "State report number": "415077"}, "geometry": {"type": "Point", "coordinates": [-95.976867, 30.759022]}},
    {"type": "Feature", "properties": {"name": "Well or boring", "description": "Recorded use: other", "Use": "Monitoring, testing or other", "Depth (feet)": 150.0, "Completed": 2016, "Work": "Other", "State report number": "415475"}, "geometry": {"type": "Point", "coordinates": [-95.91441, 30.40938]}},
    {"type": "Feature", "properties": {"name": "Well or boring", "description": "Recorded use: other", "Use": "Monitoring, testing or other", "Depth (feet)": 150.0, "Completed": 2016, "Work": "Other", "State report number": "415911"}, "geometry": {"type": "Point", "coordinates": [-95.95184, 30.58667]}},
    {"type": "Feature", "properties": {"name": "Well or boring", "description": "Recorded use: other", "Use": "Monitoring, testing or other", "Depth (feet)": 140.0, "Completed": 2016, "Work": "Other", "State report number": "415985"}, "geometry": {"type": "Point", "coordinates": [-95.895013, 30.339202]}},
    {"type": "Feature", "properties": {"name": "Well or boring", "description": "Recorded use: other", "Use": "Monitoring, testing or other", "Depth (feet)": 150.0, "Completed": 2016, "Work": "Other", "State report number": "416043"}, "geometry": {"type": "Point", "coordinates": [-96.00052, 30.790058]}},
    {"type": "Feature", "properties": {"name": "Water well", "description": "Recorded use: domestic", "Use": "Household", "Depth (feet)": 400.0, "Completed": 2016, "Work": "New Well", "State report number": "416723"}, "geometry": {"type": "Point", "coordinates": [-96.145833, 30.821944]}},
    {"type": "Feature", "properties": {"name": "Water well", "description": "Recorded use: domestic", "Use": "Household", "Depth (feet)": 305.0, "Completed": 2015, "Work": "New Well", "State report number": "416995"}, "geometry": {"type": "Point", "coordinates": [-95.839009, 30.454449]}},
    {"type": "Feature", "properties": {"name": "Water well", "description": "Recorded use: domestic", "Use": "Household", "Depth (feet)": 355.0, "Completed": 2016, "Work": "New Well", "State report number": "417409"}, "geometry": {"type": "Point", "coordinates": [-95.971533, 30.542917]}},
    {"type": "Feature", "properties": {"name": "Water well", "description": "Recorded use: domestic", "Use": "Household", "Depth (feet)": 285.0, "Completed": 2016, "Work": "New Well", "State report number": "417411"}, "geometry": {"type": "Point", "coordinates": [-95.876456, 30.307444]}},
    {"type": "Feature", "properties": {"name": "Water well", "description": "Recorded use: domestic", "Use": "Household", "Depth (feet)": 240.0, "Completed": 2016, "Work": "New Well", "State report number": "417854"}, "geometry": {"type": "Point", "coordinates": [-95.847222, 30.245556]}},
    {"type": "Feature", "properties": {"name": "Water well", "description": "Recorded use: domestic", "Use": "Household", "Depth (feet)": 310.0, "Completed": 2016, "Work": "New Well", "State report number": "418021"}, "geometry": {"type": "Point", "coordinates": [-96.158056, 30.638611]}},
    {"type": "Feature", "properties": {"name": "Water well", "description": "Recorded use: domestic", "Use": "Household", "Depth (feet)": 204.0, "Completed": 2016, "Work": "New Well", "State report number": "418171"}, "geometry": {"type": "Point", "coordinates": [-96.028792, 30.789461]}},
    {"type": "Feature", "properties": {"name": "Water well", "description": "Recorded use: domestic", "Use": "Household", "Depth (feet)": 365.0, "Completed": 2016, "Work": "New Well", "State report number": "419563"}, "geometry": {"type": "Point", "coordinates": [-95.88735, 30.327817]}},
    {"type": "Feature", "properties": {"name": "Water well", "description": "Recorded use: domestic", "Use": "Household", "Depth (feet)": 86.0, "Completed": 2016, "Work": "New Well", "State report number": "419587"}, "geometry": {"type": "Point", "coordinates": [-96.137167, 30.361667]}},
    {"type": "Feature", "properties": {"name": "Water well", "description": "Recorded use: domestic", "Use": "Household", "Depth (feet)": 465.0, "Completed": 2016, "Work": "New Well", "State report number": "419592"}, "geometry": {"type": "Point", "coordinates": [-95.934167, 30.46175]}},
    {"type": "Feature", "properties": {"name": "Water well", "description": "Recorded use: domestic", "Use": "Household", "Depth (feet)": 368.0, "Completed": 2016, "Work": "New Well", "State report number": "419673"}, "geometry": {"type": "Point", "coordinates": [-95.940336, 30.7969]}},
    {"type": "Feature", "properties": {"name": "Well or boring", "description": "Recorded use: monitor", "Use": "Monitoring, testing or other", "Depth (feet)": 35.0, "Completed": 2016, "Work": "New Well", "State report number": "420976"}, "geometry": {"type": "Point", "coordinates": [-96.075467, 30.616717]}},
    {"type": "Feature", "properties": {"name": "Water well", "description": "Recorded use: stock", "Use": "Livestock or irrigation", "Depth (feet)": 65.0, "Completed": 2016, "Work": "New Well", "State report number": "420979"}, "geometry": {"type": "Point", "coordinates": [-96.059722, 30.351667]}},
    {"type": "Feature", "properties": {"name": "Well or boring", "description": "Recorded use: environmental soil boring", "Use": "Monitoring, testing or other", "Depth (feet)": 35.0, "Completed": 2016, "Work": "New Well", "State report number": "420980"}, "geometry": {"type": "Point", "coordinates": [-96.07775, 30.61165]}},
    {"type": "Feature", "properties": {"name": "Well or boring", "description": "Recorded use: monitor", "Use": "Monitoring, testing or other", "Depth (feet)": 17.0, "Completed": 2016, "Work": "New Well", "State report number": "420982"}, "geometry": {"type": "Point", "coordinates": [-96.07775, 30.61165]}},
    {"type": "Feature", "properties": {"name": "Well or boring", "description": "Recorded use: monitor", "Use": "Monitoring, testing or other", "Depth (feet)": 30.0, "Completed": 2016, "Work": "New Well", "State report number": "420986"}, "geometry": {"type": "Point", "coordinates": [-96.080917, 30.613267]}},
    {"type": "Feature", "properties": {"name": "Well or boring", "description": "Recorded use: monitor", "Use": "Monitoring, testing or other", "Depth (feet)": 22.0, "Completed": 2016, "Work": "New Well", "State report number": "421057"}, "geometry": {"type": "Point", "coordinates": [-96.0654, 30.641467]}},
    {"type": "Feature", "properties": {"name": "Well or boring", "description": "Recorded use: monitor", "Use": "Monitoring, testing or other", "Depth (feet)": 50.0, "Completed": 2016, "Work": "New Well", "State report number": "421066"}, "geometry": {"type": "Point", "coordinates": [-96.06965, 30.6353]}},
    {"type": "Feature", "properties": {"name": "Well or boring", "description": "Recorded use: environmental soil boring", "Use": "Monitoring, testing or other", "Depth (feet)": 50.0, "Completed": 2016, "Work": "New Well", "State report number": "421072"}, "geometry": {"type": "Point", "coordinates": [-96.0654, 30.641467]}},
    {"type": "Feature", "properties": {"name": "Water well", "description": "Recorded use: domestic", "Use": "Household", "Depth (feet)": 150.0, "Completed": 2016, "Work": "New Well", "State report number": "421367"}, "geometry": {"type": "Point", "coordinates": [-95.926283, 30.293767]}},
    {"type": "Feature", "properties": {"name": "Water well", "description": "Recorded use: domestic", "Use": "Household", "Depth (feet)": 223.0, "Completed": 2016, "Work": "New Well", "State report number": "422040"}, "geometry": {"type": "Point", "coordinates": [-95.854444, 30.421389]}},
    {"type": "Feature", "properties": {"name": "Water well", "description": "Recorded use: domestic", "Use": "Household", "Depth (feet)": 325.0, "Completed": 2016, "Work": "New Well", "State report number": "422090"}, "geometry": {"type": "Point", "coordinates": [-95.928617, 30.526667]}},
    {"type": "Feature", "properties": {"name": "Water well", "description": "Recorded use: domestic", "Use": "Household", "Depth (feet)": 375.0, "Completed": 2016, "Work": "New Well", "State report number": "422108"}, "geometry": {"type": "Point", "coordinates": [-95.93785, 30.600833]}},
    {"type": "Feature", "properties": {"name": "Water well", "description": "Recorded use: domestic", "Use": "Household", "Depth (feet)": 145.0, "Completed": 2016, "Work": "New Well", "State report number": "422298"}, "geometry": {"type": "Point", "coordinates": [-95.8975, 30.275278]}},
    {"type": "Feature", "properties": {"name": "Water well", "description": "Recorded use: domestic", "Use": "Household", "Depth (feet)": 160.0, "Completed": 2016, "Work": "New Well", "State report number": "422351"}, "geometry": {"type": "Point", "coordinates": [-95.912222, 30.268056]}},
    {"type": "Feature", "properties": {"name": "Water well", "description": "Recorded use: domestic", "Use": "Household", "Depth (feet)": 510.0, "Completed": 2015, "Work": "New Well", "State report number": "422431"}, "geometry": {"type": "Point", "coordinates": [-95.92575, 30.403075]}},
    {"type": "Feature", "properties": {"name": "Water well", "description": "Recorded use: domestic", "Use": "Household", "Depth (feet)": 690.0, "Completed": 2015, "Work": "New Well", "State report number": "422473"}, "geometry": {"type": "Point", "coordinates": [-95.948202, 30.746585]}},
    {"type": "Feature", "properties": {"name": "Water well", "description": "Recorded use: domestic", "Use": "Household", "Depth (feet)": 160.0, "Completed": 2015, "Work": "New Well", "State report number": "422475"}, "geometry": {"type": "Point", "coordinates": [-95.872005, 30.27663]}},
    {"type": "Feature", "properties": {"name": "Water well", "description": "Recorded use: domestic", "Use": "Household", "Depth (feet)": 235.0, "Completed": 2016, "Work": "New Well", "State report number": "422632"}, "geometry": {"type": "Point", "coordinates": [-95.879767, 30.359517]}},
    {"type": "Feature", "properties": {"name": "Water well", "description": "Recorded use: domestic", "Use": "Household", "Depth (feet)": 245.0, "Completed": 2016, "Work": "New Well", "State report number": "422707"}, "geometry": {"type": "Point", "coordinates": [-95.862867, 30.263317]}},
    {"type": "Feature", "properties": {"name": "Water well", "description": "Recorded use: rig supply", "Use": "Industrial or drilling supply", "Depth (feet)": 530.0, "Completed": 2016, "Work": "New Well", "State report number": "422891"}, "geometry": {"type": "Point", "coordinates": [-96.1559, 30.623567]}},
    {"type": "Feature", "properties": {"name": "Water well", "description": "Recorded use: domestic", "Use": "Household", "Depth (feet)": 375.0, "Completed": 2016, "Work": "New Well", "State report number": "423045"}, "geometry": {"type": "Point", "coordinates": [-96.05585, 30.415383]}},
    {"type": "Feature", "properties": {"name": "Water well", "description": "Recorded use: domestic", "Use": "Household", "Depth (feet)": 385.0, "Completed": 2016, "Work": "New Well", "State report number": "424173"}, "geometry": {"type": "Point", "coordinates": [-95.9597, 30.6738]}},
    {"type": "Feature", "properties": {"name": "Water well", "description": "Recorded use: domestic", "Use": "Household", "Depth (feet)": 415.0, "Completed": 2016, "Work": "New Well", "State report number": "424290"}, "geometry": {"type": "Point", "coordinates": [-95.930583, 30.422517]}},
    {"type": "Feature", "properties": {"name": "Water well", "description": "Recorded use: domestic", "Use": "Household", "Depth (feet)": 170.0, "Completed": 2016, "Work": "New Well", "State report number": "424821"}, "geometry": {"type": "Point", "coordinates": [-95.900233, 30.29805]}},
    {"type": "Feature", "properties": {"name": "Water well", "description": "Recorded use: domestic", "Use": "Household", "Depth (feet)": 160.0, "Completed": 2016, "Work": "New Well", "State report number": "425066"}, "geometry": {"type": "Point", "coordinates": [-95.888611, 30.266389]}},
    {"type": "Feature", "properties": {"name": "Water well", "description": "Recorded use: domestic", "Use": "Household", "Depth (feet)": 340.0, "Completed": 2016, "Work": "New Well", "State report number": "425222"}, "geometry": {"type": "Point", "coordinates": [-95.888817, 30.278183]}},
    {"type": "Feature", "properties": {"name": "Water well", "description": "Recorded use: domestic", "Use": "Household", "Depth (feet)": 180.0, "Completed": 2016, "Work": "New Well", "State report number": "425331"}, "geometry": {"type": "Point", "coordinates": [-95.891483, 30.407517]}},
    {"type": "Feature", "properties": {"name": "Water well", "description": "Recorded use: domestic", "Use": "Household", "Depth (feet)": 285.0, "Completed": 2016, "Work": "New Well", "State report number": "425692"}, "geometry": {"type": "Point", "coordinates": [-95.947267, 30.611]}},
    {"type": "Feature", "properties": {"name": "Well or boring", "description": "Recorded use: monitor", "Use": "Monitoring, testing or other", "Depth (feet)": 75.0, "Completed": 2016, "Work": "New Well", "State report number": "425727"}, "geometry": {"type": "Point", "coordinates": [-96.095814, 30.404379]}},
    {"type": "Feature", "properties": {"name": "Well or boring", "description": "Recorded use: monitor", "Use": "Monitoring, testing or other", "Depth (feet)": 80.0, "Completed": 2016, "Work": "New Well", "State report number": "425728"}, "geometry": {"type": "Point", "coordinates": [-96.093882, 30.405294]}},
    {"type": "Feature", "properties": {"name": "Well or boring", "description": "Recorded use: monitor", "Use": "Monitoring, testing or other", "Depth (feet)": 80.0, "Completed": 2016, "Work": "New Well", "State report number": "425730"}, "geometry": {"type": "Point", "coordinates": [-96.093053, 30.405461]}},
    {"type": "Feature", "properties": {"name": "Water well", "description": "Recorded use: domestic", "Use": "Household", "Depth (feet)": 340.0, "Completed": 2016, "Work": "New Well", "State report number": "425985"}, "geometry": {"type": "Point", "coordinates": [-95.881111, 30.576111]}},
    {"type": "Feature", "properties": {"name": "Well or boring", "description": "Recorded use: environmental soil boring", "Use": "Monitoring, testing or other", "Depth (feet)": 7.0, "Completed": 2016, "Work": "New Well", "State report number": "426386"}, "geometry": {"type": "Point", "coordinates": [-96.0622, 30.36105]}},
    {"type": "Feature", "properties": {"name": "Well or boring", "description": "Recorded use: environmental soil boring", "Use": "Monitoring, testing or other", "Depth (feet)": 7.0, "Completed": 2016, "Work": "New Well", "State report number": "426387"}, "geometry": {"type": "Point", "coordinates": [-96.0623, 30.36108]}},
    {"type": "Feature", "properties": {"name": "Well or boring", "description": "Recorded use: environmental soil boring", "Use": "Monitoring, testing or other", "Depth (feet)": 7.0, "Completed": 2016, "Work": "New Well", "State report number": "426388"}, "geometry": {"type": "Point", "coordinates": [-96.0623, 30.36111]}},
    {"type": "Feature", "properties": {"name": "Well or boring", "description": "Recorded use: environmental soil boring", "Use": "Monitoring, testing or other", "Depth (feet)": 7.0, "Completed": 2016, "Work": "New Well", "State report number": "426389"}, "geometry": {"type": "Point", "coordinates": [-96.0623, 30.36113]}},
    {"type": "Feature", "properties": {"name": "Well or boring", "description": "Recorded use: environmental soil boring", "Use": "Monitoring, testing or other", "Depth (feet)": 7.0, "Completed": 2016, "Work": "New Well", "State report number": "426390"}, "geometry": {"type": "Point", "coordinates": [-96.0624, 30.36118]}},
    {"type": "Feature", "properties": {"name": "Well or boring", "description": "Recorded use: environmental soil boring", "Use": "Monitoring, testing or other", "Depth (feet)": 7.0, "Completed": 2016, "Work": "New Well", "State report number": "426391"}, "geometry": {"type": "Point", "coordinates": [-96.0624, 30.36115]}},
    {"type": "Feature", "properties": {"name": "Well or boring", "description": "Recorded use: environmental soil boring", "Use": "Monitoring, testing or other", "Depth (feet)": 7.0, "Completed": 2016, "Work": "New Well", "State report number": "426392"}, "geometry": {"type": "Point", "coordinates": [-96.0624, 30.36118]}},
    {"type": "Feature", "properties": {"name": "Well or boring", "description": "Recorded use: environmental soil boring", "Use": "Monitoring, testing or other", "Depth (feet)": 7.0, "Completed": 2016, "Work": "New Well", "State report number": "426395"}, "geometry": {"type": "Point", "coordinates": [-96.0624, 30.36122]}},
    {"type": "Feature", "properties": {"name": "Well or boring", "description": "Recorded use: environmental soil boring", "Use": "Monitoring, testing or other", "Depth (feet)": 7.0, "Completed": 2016, "Work": "New Well", "State report number": "426397"}, "geometry": {"type": "Point", "coordinates": [-96.0624, 30.3612]}},
    {"type": "Feature", "properties": {"name": "Well or boring", "description": "Recorded use: environmental soil boring", "Use": "Monitoring, testing or other", "Depth (feet)": 7.0, "Completed": 2016, "Work": "New Well", "State report number": "426398"}, "geometry": {"type": "Point", "coordinates": [-96.0625, 30.36123]}},
    {"type": "Feature", "properties": {"name": "Water well", "description": "Recorded use: domestic", "Use": "Household", "Depth (feet)": 435.0, "Completed": 2016, "Work": "New Well", "State report number": "427795"}, "geometry": {"type": "Point", "coordinates": [-95.900967, 30.43675]}},
    {"type": "Feature", "properties": {"name": "Water well", "description": "Recorded use: domestic", "Use": "Household", "Depth (feet)": 220.0, "Completed": 2016, "Work": "New Well", "State report number": "428455"}, "geometry": {"type": "Point", "coordinates": [-95.813889, 30.250278]}},
    {"type": "Feature", "properties": {"name": "Water well", "description": "Recorded use: domestic", "Use": "Household", "Depth (feet)": 225.0, "Completed": 2016, "Work": "New Well", "State report number": "429265"}, "geometry": {"type": "Point", "coordinates": [-95.85335, 30.418283]}},
    {"type": "Feature", "properties": {"name": "Water well", "description": "Recorded use: domestic", "Use": "Household", "Depth (feet)": 400.0, "Completed": 2016, "Work": "New Well", "State report number": "429290"}, "geometry": {"type": "Point", "coordinates": [-95.918917, 30.33935]}},
    {"type": "Feature", "properties": {"name": "Water well", "description": "Recorded use: domestic", "Use": "Household", "Depth (feet)": 150.0, "Completed": 2016, "Work": "New Well", "Plugged": "Yes", "State report number": "429320"}, "geometry": {"type": "Point", "coordinates": [-95.993633, 30.67095]}},
    {"type": "Feature", "properties": {"name": "Water well", "description": "Recorded use: domestic", "Use": "Household", "Depth (feet)": 515.0, "Completed": 2016, "Work": "New Well", "State report number": "429383"}, "geometry": {"type": "Point", "coordinates": [-96.035467, 30.47665]}},
    {"type": "Feature", "properties": {"name": "Water well", "description": "Recorded use: domestic", "Use": "Household", "Depth (feet)": 245.0, "Completed": 2016, "Work": "New Well", "State report number": "429470"}, "geometry": {"type": "Point", "coordinates": [-95.856717, 30.25045]}},
    {"type": "Feature", "properties": {"name": "Water well", "description": "Recorded use: domestic", "Use": "Household", "Depth (feet)": 235.0, "Completed": 2016, "Work": "New Well", "State report number": "429987"}, "geometry": {"type": "Point", "coordinates": [-95.821667, 30.257778]}},
    {"type": "Feature", "properties": {"name": "Water well", "description": "Recorded use: domestic", "Use": "Household", "Depth (feet)": 460.0, "Completed": 2016, "Work": "Replacement", "State report number": "430077"}, "geometry": {"type": "Point", "coordinates": [-96.068986, 30.801758]}},
    {"type": "Feature", "properties": {"name": "Well or boring", "description": "Recorded use: monitor", "Use": "Monitoring, testing or other", "Depth (feet)": 25.0, "Completed": 2016, "Work": "New Well", "State report number": "430779"}, "geometry": {"type": "Point", "coordinates": [-96.0709, 30.63723]}},
    {"type": "Feature", "properties": {"name": "Well or boring", "description": "Recorded use: monitor", "Use": "Monitoring, testing or other", "Depth (feet)": 25.0, "Completed": 2016, "Work": "New Well", "State report number": "430781"}, "geometry": {"type": "Point", "coordinates": [-96.0675, 30.63432]}},
    {"type": "Feature", "properties": {"name": "Well or boring", "description": "Recorded use: monitor", "Use": "Monitoring, testing or other", "Depth (feet)": 20.0, "Completed": 2016, "Work": "New Well", "State report number": "430782"}, "geometry": {"type": "Point", "coordinates": [-96.0709, 30.63896]}},
    {"type": "Feature", "properties": {"name": "Well or boring", "description": "Recorded use: monitor", "Use": "Monitoring, testing or other", "Depth (feet)": 50.0, "Completed": 2016, "Work": "New Well", "State report number": "430783"}, "geometry": {"type": "Point", "coordinates": [-96.0757, 30.61324]}},
    {"type": "Feature", "properties": {"name": "Well or boring", "description": "Recorded use: monitor", "Use": "Monitoring, testing or other", "Depth (feet)": 45.0, "Completed": 2016, "Work": "New Well", "State report number": "430785"}, "geometry": {"type": "Point", "coordinates": [-96.0811, 30.61113]}},
    {"type": "Feature", "properties": {"name": "Well or boring", "description": "Recorded use: monitor", "Use": "Monitoring, testing or other", "Depth (feet)": 35.0, "Completed": 2016, "Work": "New Well", "State report number": "430787"}, "geometry": {"type": "Point", "coordinates": [-96.0795, 30.61821]}},
    {"type": "Feature", "properties": {"name": "Well or boring", "description": "Recorded use: monitor", "Use": "Monitoring, testing or other", "Depth (feet)": 40.0, "Completed": 2016, "Work": "New Well", "State report number": "430788"}, "geometry": {"type": "Point", "coordinates": [-96.0797, 30.61342]}},
    {"type": "Feature", "properties": {"name": "Well or boring", "description": "Recorded use: monitor", "Use": "Monitoring, testing or other", "Depth (feet)": 40.0, "Completed": 2016, "Work": "New Well", "State report number": "430790"}, "geometry": {"type": "Point", "coordinates": [-96.0772, 30.61673]}},
    {"type": "Feature", "properties": {"name": "Well or boring", "description": "Recorded use: monitor", "Use": "Monitoring, testing or other", "Depth (feet)": 45.0, "Completed": 2016, "Work": "New Well", "State report number": "430795"}, "geometry": {"type": "Point", "coordinates": [-96.0783, 30.61171]}},
    {"type": "Feature", "properties": {"name": "Well or boring", "description": "Recorded use: monitor", "Use": "Monitoring, testing or other", "Depth (feet)": 40.0, "Completed": 2016, "Work": "New Well", "State report number": "430802"}, "geometry": {"type": "Point", "coordinates": [-96.0753, 30.61646]}},
    {"type": "Feature", "properties": {"name": "Well or boring", "description": "Recorded use: monitor", "Use": "Monitoring, testing or other", "Depth (feet)": 50.0, "Completed": 2016, "Work": "New Well", "State report number": "430806"}, "geometry": {"type": "Point", "coordinates": [-96.0801, 30.61108]}},
    {"type": "Feature", "properties": {"name": "Well or boring", "description": "Recorded use: monitor", "Use": "Monitoring, testing or other", "Depth (feet)": 40.0, "Completed": 2016, "Work": "New Well", "State report number": "430808"}, "geometry": {"type": "Point", "coordinates": [-96.076, 30.61713]}},
    {"type": "Feature", "properties": {"name": "Well or boring", "description": "Recorded use: monitor", "Use": "Monitoring, testing or other", "Depth (feet)": 40.0, "Completed": 2016, "Work": "New Well", "State report number": "430811"}, "geometry": {"type": "Point", "coordinates": [-96.0693, 30.6347]}},
    {"type": "Feature", "properties": {"name": "Well or boring", "description": "Recorded use: monitor", "Use": "Monitoring, testing or other", "Depth (feet)": 40.0, "Completed": 2016, "Work": "New Well", "State report number": "430928"}, "geometry": {"type": "Point", "coordinates": [-96.0755, 30.61458]}},
    {"type": "Feature", "properties": {"name": "Well or boring", "description": "Recorded use: monitor", "Use": "Monitoring, testing or other", "Depth (feet)": 40.0, "Completed": 2016, "Work": "New Well", "State report number": "430937"}, "geometry": {"type": "Point", "coordinates": [-96.090169, 30.603605]}},
    {"type": "Feature", "properties": {"name": "Water well", "description": "Recorded use: domestic", "Use": "Household", "Depth (feet)": 310.0, "Completed": 2016, "Work": "New Well", "State report number": "431144"}, "geometry": {"type": "Point", "coordinates": [-95.866911, 30.397778]}},
    {"type": "Feature", "properties": {"name": "Water well", "description": "Recorded use: domestic", "Use": "Household", "Depth (feet)": 365.0, "Completed": 2016, "Work": "New Well", "State report number": "431250"}, "geometry": {"type": "Point", "coordinates": [-95.806389, 30.293889]}},
    {"type": "Feature", "properties": {"name": "Water well", "description": "Recorded use: domestic", "Use": "Household", "Depth (feet)": 385.0, "Completed": 2016, "Work": "New Well", "State report number": "431384"}, "geometry": {"type": "Point", "coordinates": [-95.9369, 30.654504]}},
    {"type": "Feature", "properties": {"name": "Water well", "description": "Recorded use: stock", "Use": "Livestock or irrigation", "Depth (feet)": 208.0, "Completed": 2016, "Work": "New Well", "State report number": "431855"}, "geometry": {"type": "Point", "coordinates": [-96.0703, 30.299767]}},
    {"type": "Feature", "properties": {"name": "Water well", "description": "Recorded use: domestic", "Use": "Household", "Depth (feet)": 245.0, "Completed": 2016, "Work": "New Well", "State report number": "431865"}, "geometry": {"type": "Point", "coordinates": [-95.857217, 30.2504]}},
    {"type": "Feature", "properties": {"name": "Water well", "description": "Recorded use: domestic", "Use": "Household", "Depth (feet)": 380.0, "Completed": 2016, "Work": "New Well", "State report number": "432839"}, "geometry": {"type": "Point", "coordinates": [-95.85368, 30.4458]}},
    {"type": "Feature", "properties": {"name": "Water well", "description": "Recorded use: stock", "Use": "Livestock or irrigation", "Depth (feet)": 218.0, "Completed": 2016, "Work": "New Well", "State report number": "432848"}, "geometry": {"type": "Point", "coordinates": [-96.049167, 30.245667]}},
    {"type": "Feature", "properties": {"name": "Water well", "description": "Recorded use: domestic", "Use": "Household", "Depth (feet)": 155.0, "Completed": 2016, "Work": "New Well", "State report number": "433728"}, "geometry": {"type": "Point", "coordinates": [-95.903067, 30.251]}},
    {"type": "Feature", "properties": {"name": "Water well", "description": "Recorded use: domestic", "Use": "Household", "Depth (feet)": 459.0, "Completed": 2016, "Work": "New Well", "State report number": "433848"}, "geometry": {"type": "Point", "coordinates": [-96.066425, 30.799878]}},
    {"type": "Feature", "properties": {"name": "Water well", "description": "Recorded use: domestic", "Use": "Household", "Depth (feet)": 115.0, "Completed": 2016, "Work": "New Well", "State report number": "433857"}, "geometry": {"type": "Point", "coordinates": [-95.892525, 30.705606]}},
    {"type": "Feature", "properties": {"name": "Water well", "description": "Recorded use: domestic", "Use": "Household", "Depth (feet)": 373.0, "Completed": 2016, "Work": "New Well", "State report number": "433859"}, "geometry": {"type": "Point", "coordinates": [-95.859978, 30.610442]}},
    {"type": "Feature", "properties": {"name": "Water well", "description": "Recorded use: domestic", "Use": "Household", "Depth (feet)": 634.0, "Completed": 2016, "Work": "New Well", "State report number": "433883"}, "geometry": {"type": "Point", "coordinates": [-95.859842, 30.754639]}},
    {"type": "Feature", "properties": {"name": "Water well", "description": "Recorded use: domestic", "Use": "Household", "Depth (feet)": 300.0, "Completed": 2016, "Work": "New Well", "State report number": "435566"}, "geometry": {"type": "Point", "coordinates": [-96.15505, 30.5847]}},
    {"type": "Feature", "properties": {"name": "Water well", "description": "Recorded use: domestic", "Use": "Household", "Depth (feet)": 445.0, "Completed": 2016, "Work": "Replacement", "State report number": "435939"}, "geometry": {"type": "Point", "coordinates": [-95.9425, 30.250556]}},
    {"type": "Feature", "properties": {"name": "Water well", "description": "Recorded use: domestic", "Use": "Household", "Depth (feet)": 340.0, "Completed": 2016, "Work": "New Well", "State report number": "435950"}, "geometry": {"type": "Point", "coordinates": [-95.858056, 30.4275]}},
    {"type": "Feature", "properties": {"name": "Water well", "description": "Recorded use: domestic", "Use": "Household", "Depth (feet)": 260.0, "Completed": 2016, "Work": "New Well", "State report number": "436001"}, "geometry": {"type": "Point", "coordinates": [-95.85505, 30.243333]}},
    {"type": "Feature", "properties": {"name": "Water well", "description": "Recorded use: domestic", "Use": "Household", "Depth (feet)": 560.0, "Completed": 2016, "Work": "New Well", "State report number": "436078"}, "geometry": {"type": "Point", "coordinates": [-96.02, 30.762778]}},
    {"type": "Feature", "properties": {"name": "Water well", "description": "Recorded use: domestic", "Use": "Household", "Depth (feet)": 310.0, "Completed": 2016, "Work": "New Well", "State report number": "436235"}, "geometry": {"type": "Point", "coordinates": [-95.866912, 30.287448]}},
    {"type": "Feature", "properties": {"name": "Water well", "description": "Recorded use: domestic", "Use": "Household", "Depth (feet)": 385.0, "Completed": 2016, "Work": "New Well", "State report number": "436249"}, "geometry": {"type": "Point", "coordinates": [-95.9369, 30.654504]}},
    {"type": "Feature", "properties": {"name": "Water well", "description": "Recorded use: domestic", "Use": "Household", "Depth (feet)": 385.0, "Completed": 2016, "Work": "New Well", "State report number": "436252"}, "geometry": {"type": "Point", "coordinates": [-95.9369, 30.654504]}},
    {"type": "Feature", "properties": {"name": "Water well", "description": "Recorded use: domestic", "Use": "Household", "Depth (feet)": 365.0, "Completed": 2016, "Work": "New Well", "State report number": "436406"}, "geometry": {"type": "Point", "coordinates": [-95.866912, 30.287448]}},
    {"type": "Feature", "properties": {"name": "Water well", "description": "Recorded use: domestic", "Use": "Household", "Depth (feet)": 471.0, "Completed": 2016, "Work": "New Well", "State report number": "436442"}, "geometry": {"type": "Point", "coordinates": [-95.9088, 30.420433]}},
    {"type": "Feature", "properties": {"name": "Water well", "description": "Recorded use: domestic", "Use": "Household", "Depth (feet)": 235.0, "Completed": 2016, "Work": "New Well", "State report number": "436455"}, "geometry": {"type": "Point", "coordinates": [-95.820833, 30.376111]}},
    {"type": "Feature", "properties": {"name": "Water well", "description": "Recorded use: domestic", "Use": "Household", "Depth (feet)": 280.0, "Completed": 2016, "Work": "New Well", "State report number": "436866"}, "geometry": {"type": "Point", "coordinates": [-96.037845, 30.740534]}},
    {"type": "Feature", "properties": {"name": "Well or boring", "description": "Recorded use: other", "Use": "Monitoring, testing or other", "Depth (feet)": 430.0, "Completed": 2016, "Work": "New Well", "State report number": "436903"}, "geometry": {"type": "Point", "coordinates": [-95.933989, 30.525686]}},
    {"type": "Feature", "properties": {"name": "Well or boring", "description": "Recorded use: other", "Use": "Monitoring, testing or other", "Depth (feet)": 240.0, "Completed": 2016, "Work": "New Well", "State report number": "436906"}, "geometry": {"type": "Point", "coordinates": [-95.933989, 30.525686]}},
    {"type": "Feature", "properties": {"name": "Water well", "description": "Recorded use: domestic", "Use": "Household", "Depth (feet)": 200.0, "Completed": 2016, "Work": "New Well", "State report number": "437217"}, "geometry": {"type": "Point", "coordinates": [-95.830333, 30.556444]}},
    {"type": "Feature", "properties": {"name": "Water well", "description": "Recorded use: domestic", "Use": "Household", "Depth (feet)": 205.0, "Completed": 2016, "Work": "New Well", "State report number": "438002"}, "geometry": {"type": "Point", "coordinates": [-95.847983, 30.421417]}},
    {"type": "Feature", "properties": {"name": "Water well", "description": "Recorded use: domestic", "Use": "Household", "Depth (feet)": 350.0, "Completed": 2016, "Work": "New Well", "State report number": "438279"}, "geometry": {"type": "Point", "coordinates": [-95.893611, 30.723611]}},
    {"type": "Feature", "properties": {"name": "Water well", "description": "Recorded use: domestic", "Use": "Household", "Depth (feet)": 175.0, "Completed": 2016, "Work": "New Well", "State report number": "438377"}, "geometry": {"type": "Point", "coordinates": [-96.014111, 30.433195]}},
    {"type": "Feature", "properties": {"name": "Water well", "description": "Recorded use: domestic", "Use": "Household", "Depth (feet)": 279.0, "Completed": 2016, "Work": "New Well", "State report number": "438381"}, "geometry": {"type": "Point", "coordinates": [-95.96542, 30.2491]}},
    {"type": "Feature", "properties": {"name": "Water well", "description": "Recorded use: domestic", "Use": "Household", "Depth (feet)": 245.0, "Completed": 2016, "Work": "New Well", "State report number": "438409"}, "geometry": {"type": "Point", "coordinates": [-95.93445, 30.40605]}},
    {"type": "Feature", "properties": {"name": "Water well", "description": "Recorded use: domestic", "Use": "Household", "Depth (feet)": 227.0, "Completed": 2016, "Work": "New Well", "State report number": "438425"}, "geometry": {"type": "Point", "coordinates": [-95.958611, 30.488611]}},
    {"type": "Feature", "properties": {"name": "Water well", "description": "Recorded use: domestic", "Use": "Household", "Depth (feet)": 160.0, "Completed": 2016, "Work": "New Well", "State report number": "438802"}, "geometry": {"type": "Point", "coordinates": [-95.91865, 30.282217]}},
    {"type": "Feature", "properties": {"name": "Water well", "description": "Recorded use: stock", "Use": "Livestock or irrigation", "Depth (feet)": 565.0, "Completed": 2016, "Work": "New Well", "State report number": "438947"}, "geometry": {"type": "Point", "coordinates": [-95.961824, 30.673593]}},
    {"type": "Feature", "properties": {"name": "Water well", "description": "Recorded use: stock", "Use": "Livestock or irrigation", "Depth (feet)": 555.0, "Completed": 2016, "Work": "New Well", "State report number": "438955"}, "geometry": {"type": "Point", "coordinates": [-95.96179, 30.673225]}},
    {"type": "Feature", "properties": {"name": "Water well", "description": "Recorded use: domestic", "Use": "Household", "Depth (feet)": 440.0, "Completed": 2016, "Work": "New Well", "State report number": "439260"}, "geometry": {"type": "Point", "coordinates": [-96.0527, 30.7999]}},
    {"type": "Feature", "properties": {"name": "Water well", "description": "Recorded use: domestic", "Use": "Household", "Depth (feet)": 694.0, "Completed": 2016, "Work": "New Well", "State report number": "439331"}, "geometry": {"type": "Point", "coordinates": [-96.030428, 30.472797]}},
    {"type": "Feature", "properties": {"name": "Water well", "description": "Recorded use: domestic", "Use": "Household", "Depth (feet)": 400.0, "Completed": 2016, "Work": "New Well", "State report number": "439345"}, "geometry": {"type": "Point", "coordinates": [-95.856911, 30.293132]}},
    {"type": "Feature", "properties": {"name": "Well or boring", "description": "Recorded use: monitor", "Use": "Monitoring, testing or other", "Depth (feet)": 80.0, "Completed": 2016, "Work": "New Well", "State report number": "439541"}, "geometry": {"type": "Point", "coordinates": [-96.092232, 30.405742]}},
    {"type": "Feature", "properties": {"name": "Water well", "description": "Recorded use: domestic", "Use": "Household", "Depth (feet)": 155.0, "Completed": 2016, "Work": "New Well", "State report number": "439668"}, "geometry": {"type": "Point", "coordinates": [-95.901967, 30.2987]}},
    {"type": "Feature", "properties": {"name": "Water well", "description": "Recorded use: domestic", "Use": "Household", "Depth (feet)": 640.0, "Completed": 2016, "Work": "New Well", "State report number": "440624"}, "geometry": {"type": "Point", "coordinates": [-96.02, 30.762778]}},
    {"type": "Feature", "properties": {"name": "Water well", "description": "Recorded use: domestic", "Use": "Household", "Depth (feet)": 245.0, "Completed": 2016, "Work": "New Well", "State report number": "440628"}, "geometry": {"type": "Point", "coordinates": [-95.894867, 30.468267]}},
    {"type": "Feature", "properties": {"name": "Water well", "description": "Recorded use: domestic", "Use": "Household", "Depth (feet)": 240.0, "Completed": 2016, "Work": "New Well", "State report number": "440788"}, "geometry": {"type": "Point", "coordinates": [-96.050889, 30.47398]}},
    {"type": "Feature", "properties": {"name": "Water well", "description": "Recorded use: domestic", "Use": "Household", "Depth (feet)": 445.0, "Completed": 2016, "Work": "New Well", "State report number": "440801"}, "geometry": {"type": "Point", "coordinates": [-95.8975, 30.496944]}},
    {"type": "Feature", "properties": {"name": "Water well", "description": "Recorded use: stock", "Use": "Livestock or irrigation", "Depth (feet)": 335.0, "Completed": 2016, "Work": "New Well", "State report number": "440807"}, "geometry": {"type": "Point", "coordinates": [-96.072659, 30.507009]}},
    {"type": "Feature", "properties": {"name": "Water well", "description": "Recorded use: stock", "Use": "Livestock or irrigation", "Depth (feet)": 80.0, "Completed": 2016, "Work": "New Well", "State report number": "440810"}, "geometry": {"type": "Point", "coordinates": [-96.06982, 30.512154]}},
    {"type": "Feature", "properties": {"name": "Water well", "description": "Recorded use: domestic", "Use": "Household", "Depth (feet)": 688.0, "Completed": 2016, "Work": "New Well", "State report number": "440818"}, "geometry": {"type": "Point", "coordinates": [-96.036203, 30.474244]}},
    {"type": "Feature", "properties": {"name": "Water well", "description": "Recorded use: domestic", "Use": "Household", "Depth (feet)": 350.0, "Completed": 2017, "Work": "New Well", "State report number": "441012"}, "geometry": {"type": "Point", "coordinates": [-95.973408, 30.323372]}},
    {"type": "Feature", "properties": {"name": "Water well", "description": "Recorded use: domestic", "Use": "Household", "Depth (feet)": 365.0, "Completed": 2017, "Work": "New Well", "State report number": "442831"}, "geometry": {"type": "Point", "coordinates": [-96.014, 30.401933]}},
    {"type": "Feature", "properties": {"name": "Water well", "description": "Recorded use: domestic", "Use": "Household", "Depth (feet)": 305.0, "Completed": 2017, "Work": "New Well", "State report number": "442836"}, "geometry": {"type": "Point", "coordinates": [-95.902333, 30.349317]}},
    {"type": "Feature", "properties": {"name": "Water well", "description": "Recorded use: domestic", "Use": "Household", "Depth (feet)": 420.0, "Completed": 2017, "Work": "New Well", "State report number": "443351"}, "geometry": {"type": "Point", "coordinates": [-95.831643, 30.471259]}},
    {"type": "Feature", "properties": {"name": "Water well", "description": "Recorded use: domestic", "Use": "Household", "Depth (feet)": 405.0, "Completed": 2016, "Work": "New Well", "State report number": "443451"}, "geometry": {"type": "Point", "coordinates": [-95.918889, 30.263078]}},
    {"type": "Feature", "properties": {"name": "Well or boring", "description": "Recorded use: monitor", "Use": "Monitoring, testing or other", "Depth (feet)": 35.0, "Completed": 2017, "Work": "New Well", "State report number": "444137"}, "geometry": {"type": "Point", "coordinates": [-96.077458, 30.777572]}},
    {"type": "Feature", "properties": {"name": "Well or boring", "description": "Recorded use: monitor", "Use": "Monitoring, testing or other", "Depth (feet)": 35.0, "Completed": 2017, "Work": "New Well", "State report number": "444138"}, "geometry": {"type": "Point", "coordinates": [-96.077169, 30.777469]}},
    {"type": "Feature", "properties": {"name": "Water well", "description": "Recorded use: domestic", "Use": "Household", "Depth (feet)": 199.0, "Completed": 2017, "Work": "New Well", "Plugged": "Yes", "State report number": "444454"}, "geometry": {"type": "Point", "coordinates": [-95.905247, 30.729603]}},
    {"type": "Feature", "properties": {"name": "Water well", "description": "Recorded use: domestic", "Use": "Household", "Depth (feet)": 200.0, "Completed": 2017, "Work": "New Well", "State report number": "444462"}, "geometry": {"type": "Point", "coordinates": [-95.907444, 30.731058]}},
    {"type": "Feature", "properties": {"name": "Well or boring", "description": "Recorded use: monitor", "Use": "Monitoring, testing or other", "Depth (feet)": 25.0, "Completed": 2017, "Work": "New Well", "Plugged": "Yes", "State report number": "444586"}, "geometry": {"type": "Point", "coordinates": [-96.072917, 30.396556]}},
    {"type": "Feature", "properties": {"name": "Water well", "description": "Recorded use: domestic", "Use": "Household", "Depth (feet)": 400.0, "Completed": 2017, "Work": "New Well", "State report number": "444615"}, "geometry": {"type": "Point", "coordinates": [-96.01549, 30.46433]}},
    {"type": "Feature", "properties": {"name": "Water well", "description": "Recorded use: domestic", "Use": "Household", "Depth (feet)": 223.0, "Completed": 2017, "Work": "New Well", "State report number": "444695"}, "geometry": {"type": "Point", "coordinates": [-96.08275, 30.734472]}},
    {"type": "Feature", "properties": {"name": "Water well", "description": "Recorded use: domestic", "Use": "Household", "Depth (feet)": 245.0, "Completed": 2017, "Work": "New Well", "State report number": "444800"}, "geometry": {"type": "Point", "coordinates": [-95.9563, 30.4913]}},
    {"type": "Feature", "properties": {"name": "Water well", "description": "Recorded use: domestic", "Use": "Household", "Depth (feet)": 565.0, "Completed": 2017, "Work": "New Well", "State report number": "444827"}, "geometry": {"type": "Point", "coordinates": [-96.097058, 30.783599]}},
    {"type": "Feature", "properties": {"name": "Water well", "description": "Recorded use: domestic", "Use": "Household", "Depth (feet)": 191.0, "Completed": 2017, "Work": "New Well", "State report number": "444831"}, "geometry": {"type": "Point", "coordinates": [-96.054243, 30.412723]}},
    {"type": "Feature", "properties": {"name": "Water well", "description": "Recorded use: domestic", "Use": "Household", "Depth (feet)": 300.0, "Completed": 2017, "Work": "New Well", "State report number": "444837"}, "geometry": {"type": "Point", "coordinates": [-95.929026, 30.398406]}},
    {"type": "Feature", "properties": {"name": "Water well", "description": "Recorded use: domestic", "Use": "Household", "Depth (feet)": 400.0, "Completed": 2017, "Work": "New Well", "State report number": "444845"}, "geometry": {"type": "Point", "coordinates": [-95.93065, 30.575679]}},
    {"type": "Feature", "properties": {"name": "Water well", "description": "Recorded use: domestic", "Use": "Household", "Depth (feet)": 146.0, "Completed": 2017, "Work": "New Well", "State report number": "444863"}, "geometry": {"type": "Point", "coordinates": [-95.922343, 30.556901]}},
    {"type": "Feature", "properties": {"name": "Water well", "description": "Recorded use: domestic", "Use": "Household", "Depth (feet)": 339.0, "Completed": 2017, "Work": "New Well", "State report number": "444874"}, "geometry": {"type": "Point", "coordinates": [-95.840902, 30.487374]}},
    {"type": "Feature", "properties": {"name": "Water well", "description": "Recorded use: domestic", "Use": "Household", "Depth (feet)": 230.0, "Completed": 2016, "Work": "New Well", "State report number": "444970"}, "geometry": {"type": "Point", "coordinates": [-95.849254, 30.586091]}},
    {"type": "Feature", "properties": {"name": "Water well", "description": "Recorded use: domestic", "Use": "Household", "Depth (feet)": 365.0, "Completed": 2016, "Work": "New Well", "State report number": "445072"}, "geometry": {"type": "Point", "coordinates": [-96.019728, 30.46186]}},
    {"type": "Feature", "properties": {"name": "Water well", "description": "Recorded use: domestic", "Use": "Household", "Depth (feet)": 430.0, "Completed": 2017, "Work": "New Well", "State report number": "445208"}, "geometry": {"type": "Point", "coordinates": [-96.00278, 30.45685]}},
    {"type": "Feature", "properties": {"name": "Water well", "description": "Recorded use: domestic", "Use": "Household", "Depth (feet)": 460.0, "Completed": 2017, "Work": "New Well", "State report number": "445210"}, "geometry": {"type": "Point", "coordinates": [-96.00598, 30.45594]}},
    {"type": "Feature", "properties": {"name": "Water well", "description": "Recorded use: domestic", "Use": "Household", "Depth (feet)": 138.0, "Completed": 2017, "Work": "New Well", "State report number": "445534"}, "geometry": {"type": "Point", "coordinates": [-95.907758, 30.705144]}},
    {"type": "Feature", "properties": {"name": "Water well", "description": "Recorded use: domestic", "Use": "Household", "Depth (feet)": 330.0, "Completed": 2017, "Work": "New Well", "State report number": "446430"}, "geometry": {"type": "Point", "coordinates": [-95.969256, 30.595622]}},
    {"type": "Feature", "properties": {"name": "Water well", "description": "Recorded use: domestic", "Use": "Household", "Depth (feet)": 180.0, "Completed": 2017, "Work": "New Well", "State report number": "446431"}, "geometry": {"type": "Point", "coordinates": [-95.878286, 30.574581]}},
    {"type": "Feature", "properties": {"name": "Water well", "description": "Recorded use: domestic", "Use": "Household", "Depth (feet)": 243.0, "Completed": 2017, "Work": "Replacement", "State report number": "446812"}, "geometry": {"type": "Point", "coordinates": [-96.126372, 30.819622]}},
    {"type": "Feature", "properties": {"name": "Water well", "description": "Recorded use: domestic", "Use": "Household", "Depth (feet)": 320.0, "Completed": 2017, "Work": "New Well", "State report number": "447094"}, "geometry": {"type": "Point", "coordinates": [-95.971111, 30.786667]}},
    {"type": "Feature", "properties": {"name": "Water well", "description": "Recorded use: domestic", "Use": "Household", "Depth (feet)": 143.0, "Completed": 2017, "Work": "New Well", "State report number": "447281"}, "geometry": {"type": "Point", "coordinates": [-95.9194, 30.2882]}},
    {"type": "Feature", "properties": {"name": "Water well", "description": "Recorded use: domestic", "Use": "Household", "Depth (feet)": 420.0, "Completed": 2017, "Work": "New Well", "State report number": "447396"}, "geometry": {"type": "Point", "coordinates": [-95.841316, 30.523471]}},
    {"type": "Feature", "properties": {"name": "Water well", "description": "Recorded use: domestic", "Use": "Household", "Depth (feet)": 255.0, "Completed": 2016, "Work": "New Well", "State report number": "447817"}, "geometry": {"type": "Point", "coordinates": [-95.861107, 30.249733]}},
    {"type": "Feature", "properties": {"name": "Water well", "description": "Recorded use: stock", "Use": "Livestock or irrigation", "Depth (feet)": 280.0, "Completed": 2017, "Work": "New Well", "State report number": "448682"}, "geometry": {"type": "Point", "coordinates": [-95.947778, 30.849444]}},
    {"type": "Feature", "properties": {"name": "Water well", "description": "Recorded use: domestic", "Use": "Household", "Depth (feet)": 305.0, "Completed": 2017, "Work": "New Well", "State report number": "448887"}, "geometry": {"type": "Point", "coordinates": [-95.893633, 30.48065]}},
    {"type": "Feature", "properties": {"name": "Water well", "description": "Recorded use: domestic", "Use": "Household", "Depth (feet)": 165.0, "Completed": 2017, "Work": "New Well", "State report number": "448987"}, "geometry": {"type": "Point", "coordinates": [-95.85715, 30.616467]}},
    {"type": "Feature", "properties": {"name": "Water well", "description": "Recorded use: domestic", "Use": "Household", "Depth (feet)": 405.0, "Completed": 2017, "Work": "New Well", "State report number": "448990"}, "geometry": {"type": "Point", "coordinates": [-95.8581, 30.455667]}},
    {"type": "Feature", "properties": {"name": "Water well", "description": "Recorded use: domestic", "Use": "Household", "Depth (feet)": 161.0, "Completed": 2017, "Work": "New Well", "State report number": "450795"}, "geometry": {"type": "Point", "coordinates": [-96.029167, 30.389167]}},
    {"type": "Feature", "properties": {"name": "Water well", "description": "Recorded use: domestic", "Use": "Household", "Depth (feet)": 323.0, "Completed": 2017, "Work": "New Well", "State report number": "451055"}, "geometry": {"type": "Point", "coordinates": [-95.82611, 30.49056]}},
    {"type": "Feature", "properties": {"name": "Water well", "description": "Recorded use: domestic", "Use": "Household", "Depth (feet)": 320.0, "Completed": 2017, "Work": "New Well", "State report number": "451406"}, "geometry": {"type": "Point", "coordinates": [-95.931111, 30.395833]}},
    {"type": "Feature", "properties": {"name": "Water well", "description": "Recorded use: domestic", "Use": "Household", "Depth (feet)": 405.0, "Completed": 2017, "Work": "Replacement", "State report number": "451655"}, "geometry": {"type": "Point", "coordinates": [-96.061167, 30.420283]}},
    {"type": "Feature", "properties": {"name": "Water well", "description": "Recorded use: domestic", "Use": "Household", "Depth (feet)": 340.0, "Completed": 2017, "Work": "New Well", "State report number": "451704"}, "geometry": {"type": "Point", "coordinates": [-96.028239, 30.503403]}},
    {"type": "Feature", "properties": {"name": "Water well", "description": "Recorded use: domestic", "Use": "Household", "Depth (feet)": 465.0, "Completed": 2017, "Work": "New Well", "State report number": "452206"}, "geometry": {"type": "Point", "coordinates": [-95.912051, 30.470504]}},
    {"type": "Feature", "properties": {"name": "Water well", "description": "Recorded use: domestic", "Use": "Household", "Depth (feet)": 300.0, "Completed": 2017, "Work": "New Well", "State report number": "452336"}, "geometry": {"type": "Point", "coordinates": [-95.90655, 30.78271]}},
    {"type": "Feature", "properties": {"name": "Water well", "description": "Recorded use: domestic", "Use": "Household", "Depth (feet)": 325.0, "Completed": 2017, "Work": "New Well", "State report number": "455490"}, "geometry": {"type": "Point", "coordinates": [-95.941717, 30.545967]}},
    {"type": "Feature", "properties": {"name": "Water well", "description": "Recorded use: domestic", "Use": "Household", "Depth (feet)": 250.0, "Completed": 2017, "Work": "New Well", "State report number": "456276"}, "geometry": {"type": "Point", "coordinates": [-95.824722, 30.255]}},
    {"type": "Feature", "properties": {"name": "Water well", "description": "Recorded use: domestic", "Use": "Household", "Depth (feet)": 400.0, "Completed": 2017, "Work": "New Well", "State report number": "457430"}, "geometry": {"type": "Point", "coordinates": [-95.928889, 30.788333]}},
    {"type": "Feature", "properties": {"name": "Water well", "description": "Recorded use: domestic", "Use": "Household", "Depth (feet)": 635.0, "Completed": 2017, "Work": "Replacement", "State report number": "457846"}, "geometry": {"type": "Point", "coordinates": [-96.03555, 30.476617]}},
    {"type": "Feature", "properties": {"name": "Water well", "description": "Recorded use: rig supply", "Use": "Industrial or drilling supply", "Depth (feet)": 540.0, "Completed": 2017, "Work": "New Well", "State report number": "457933"}, "geometry": {"type": "Point", "coordinates": [-95.89475, 30.77344]}},
    {"type": "Feature", "properties": {"name": "Water well", "description": "Recorded use: domestic", "Use": "Household", "Depth (feet)": 415.0, "Completed": 2017, "Work": "New Well", "State report number": "458244"}, "geometry": {"type": "Point", "coordinates": [-95.965767, 30.5567]}},
    {"type": "Feature", "properties": {"name": "Water well", "description": "Recorded use: domestic", "Use": "Household", "Depth (feet)": 263.0, "Completed": 2017, "Work": "New Well", "State report number": "458321"}, "geometry": {"type": "Point", "coordinates": [-95.898611, 30.6625]}},
    {"type": "Feature", "properties": {"name": "Water well", "description": "Recorded use: domestic", "Use": "Household", "Depth (feet)": 326.0, "Completed": 2017, "Work": "Replacement", "State report number": "458324"}, "geometry": {"type": "Point", "coordinates": [-95.836, 30.4063]}},
    {"type": "Feature", "properties": {"name": "Water well", "description": "Recorded use: domestic", "Use": "Household", "Depth (feet)": 294.0, "Completed": 2017, "Work": "New Well", "State report number": "458326"}, "geometry": {"type": "Point", "coordinates": [-95.851667, 30.622222]}},
    {"type": "Feature", "properties": {"name": "Water well", "description": "Recorded use: domestic", "Use": "Household", "Depth (feet)": 340.0, "Completed": 2017, "Work": "New Well", "State report number": "458572"}, "geometry": {"type": "Point", "coordinates": [-95.838364, 30.288677]}},
    {"type": "Feature", "properties": {"name": "Water well", "description": "Recorded use: domestic", "Use": "Household", "Depth (feet)": 250.0, "Completed": 2017, "Work": "New Well", "State report number": "458595"}, "geometry": {"type": "Point", "coordinates": [-95.824722, 30.255]}},
    {"type": "Feature", "properties": {"name": "Water well", "description": "Recorded use: domestic", "Use": "Household", "Depth (feet)": 250.0, "Completed": 2017, "Work": "New Well", "State report number": "458599"}, "geometry": {"type": "Point", "coordinates": [-95.8175, 30.296111]}},
    {"type": "Feature", "properties": {"name": "Water well", "description": "Recorded use: domestic", "Use": "Household", "Depth (feet)": 431.0, "Completed": 2017, "Work": "New Well", "State report number": "460095"}, "geometry": {"type": "Point", "coordinates": [-96.084494, 30.825697]}},
    {"type": "Feature", "properties": {"name": "Water well", "description": "Recorded use: domestic", "Use": "Household", "Depth (feet)": 360.0, "Completed": 2016, "Work": "New Well", "State report number": "460179"}, "geometry": {"type": "Point", "coordinates": [-95.882536, 30.276498]}},
    {"type": "Feature", "properties": {"name": "Water well", "description": "Recorded use: irrigation", "Use": "Livestock or irrigation", "Depth (feet)": 529.0, "Completed": 2017, "Work": "New Well", "State report number": "460357"}, "geometry": {"type": "Point", "coordinates": [-95.8659, 30.3256]}},
    {"type": "Feature", "properties": {"name": "Water well", "description": "Recorded use: stock", "Use": "Livestock or irrigation", "Depth (feet)": 465.0, "Completed": 2017, "Work": "New Well", "State report number": "460387"}, "geometry": {"type": "Point", "coordinates": [-96.056, 30.4101]}},
    {"type": "Feature", "properties": {"name": "Water well", "description": "Recorded use: domestic", "Use": "Household", "Depth (feet)": 408.0, "Completed": 2017, "Work": "New Well", "State report number": "460425"}, "geometry": {"type": "Point", "coordinates": [-95.8664, 30.6114]}},
    {"type": "Feature", "properties": {"name": "Water well", "description": "Recorded use: domestic", "Use": "Household", "Depth (feet)": 482.0, "Completed": 2017, "Work": "New Well", "State report number": "460433"}, "geometry": {"type": "Point", "coordinates": [-95.9319, 30.4638]}},
    {"type": "Feature", "properties": {"name": "Water well", "description": "Recorded use: domestic", "Use": "Household", "Depth (feet)": 645.0, "Completed": 2017, "Work": "New Well", "State report number": "460436"}, "geometry": {"type": "Point", "coordinates": [-95.9468, 30.4653]}},
    {"type": "Feature", "properties": {"name": "Water well", "description": "Recorded use: domestic", "Use": "Household", "Depth (feet)": 408.0, "Completed": 2017, "Work": "New Well", "State report number": "460441"}, "geometry": {"type": "Point", "coordinates": [-95.859977, 30.317866]}},
    {"type": "Feature", "properties": {"name": "Water well", "description": "Recorded use: domestic", "Use": "Household", "Depth (feet)": 340.0, "Completed": 2017, "Work": "New Well", "State report number": "460780"}, "geometry": {"type": "Point", "coordinates": [-95.948896, 30.636821]}},
    {"type": "Feature", "properties": {"name": "Water well", "description": "Recorded use: domestic", "Use": "Household", "Depth (feet)": 355.0, "Completed": 2017, "Work": "New Well", "State report number": "460781"}, "geometry": {"type": "Point", "coordinates": [-95.909631, 30.746405]}},
    {"type": "Feature", "properties": {"name": "Water well", "description": "Recorded use: domestic", "Use": "Household", "Depth (feet)": 420.0, "Completed": 2017, "Work": "New Well", "State report number": "460784"}, "geometry": {"type": "Point", "coordinates": [-95.845713, 30.423883]}},
    {"type": "Feature", "properties": {"name": "Water well", "description": "Recorded use: domestic", "Use": "Household", "Depth (feet)": 400.0, "Completed": 2017, "Work": "New Well", "State report number": "460801"}, "geometry": {"type": "Point", "coordinates": [-95.916147, 30.254017]}},
    {"type": "Feature", "properties": {"name": "Water well", "description": "Recorded use: stock", "Use": "Livestock or irrigation", "Depth (feet)": 498.0, "Completed": 2017, "Work": "New Well", "State report number": "461481"}, "geometry": {"type": "Point", "coordinates": [-95.9973, 30.4594]}},
    {"type": "Feature", "properties": {"name": "Water well", "description": "Recorded use: domestic", "Use": "Household", "Depth (feet)": 285.0, "Completed": 2017, "Work": "New Well", "State report number": "461485"}, "geometry": {"type": "Point", "coordinates": [-96.0287, 30.2992]}},
    {"type": "Feature", "properties": {"name": "Water well", "description": "Recorded use: stock", "Use": "Livestock or irrigation", "Depth (feet)": 429.0, "Completed": 2017, "Work": "New Well", "State report number": "461486"}, "geometry": {"type": "Point", "coordinates": [-95.9689, 30.5129]}},
    {"type": "Feature", "properties": {"name": "Water well", "description": "Recorded use: domestic", "Use": "Household", "Depth (feet)": 405.0, "Completed": 2017, "Work": "New Well", "State report number": "461567"}, "geometry": {"type": "Point", "coordinates": [-95.862333, 30.2818]}},
    {"type": "Feature", "properties": {"name": "Water well", "description": "Recorded use: domestic", "Use": "Household", "Depth (feet)": 185.0, "Completed": 2017, "Work": "New Well", "State report number": "461723"}, "geometry": {"type": "Point", "coordinates": [-95.902807, 30.241859]}},
    {"type": "Feature", "properties": {"name": "Water well", "description": "Recorded use: domestic", "Use": "Household", "Depth (feet)": 230.0, "Completed": 2017, "Work": "New Well", "State report number": "461738"}, "geometry": {"type": "Point", "coordinates": [-96.009097, 30.403108]}},
    {"type": "Feature", "properties": {"name": "Water well", "description": "Recorded use: domestic", "Use": "Household", "Depth (feet)": 305.0, "Completed": 2017, "Work": "New Well", "State report number": "463036"}, "geometry": {"type": "Point", "coordinates": [-96.034683, 30.27445]}},
    {"type": "Feature", "properties": {"name": "Water well", "description": "Recorded use: domestic", "Use": "Household", "Depth (feet)": 220.0, "Completed": 2017, "Work": "New Well", "State report number": "463606"}, "geometry": {"type": "Point", "coordinates": [-95.906514, 30.601894]}},
    {"type": "Feature", "properties": {"name": "Water well", "description": "Recorded use: domestic", "Use": "Household", "Depth (feet)": 170.0, "Completed": 2017, "Work": "New Well", "State report number": "464252"}, "geometry": {"type": "Point", "coordinates": [-95.818333, 30.435]}},
    {"type": "Feature", "properties": {"name": "Water well", "description": "Recorded use: domestic", "Use": "Household", "Depth (feet)": 195.0, "Completed": 2017, "Work": "New Well", "State report number": "465706"}, "geometry": {"type": "Point", "coordinates": [-95.865833, 30.248333]}},
    {"type": "Feature", "properties": {"name": "Water well", "description": "Recorded use: domestic", "Use": "Household", "Depth (feet)": 340.0, "Completed": 2017, "Work": "New Well", "State report number": "465939"}, "geometry": {"type": "Point", "coordinates": [-96.036679, 30.484875]}},
    {"type": "Feature", "properties": {"name": "Water well", "description": "Recorded use: domestic", "Use": "Household", "Depth (feet)": 395.0, "Completed": 2017, "Work": "New Well", "State report number": "466004"}, "geometry": {"type": "Point", "coordinates": [-95.924722, 30.785]}},
    {"type": "Feature", "properties": {"name": "Water well", "description": "Recorded use: domestic", "Use": "Household", "Depth (feet)": 304.0, "Completed": 2017, "Work": "New Well", "State report number": "466394"}, "geometry": {"type": "Point", "coordinates": [-95.969085, 30.336846]}},
    {"type": "Feature", "properties": {"name": "Water well", "description": "Recorded use: domestic", "Use": "Household", "Depth (feet)": 380.0, "Completed": 2017, "Work": "New Well", "State report number": "466416"}, "geometry": {"type": "Point", "coordinates": [-95.897928, 30.604384]}},
    {"type": "Feature", "properties": {"name": "Water well", "description": "Recorded use: rig supply", "Use": "Industrial or drilling supply", "Depth (feet)": 350.0, "Completed": 2017, "Work": "New Well", "State report number": "466450"}, "geometry": {"type": "Point", "coordinates": [-95.92796, 30.85153]}},
    {"type": "Feature", "properties": {"name": "Water well", "description": "Recorded use: domestic", "Use": "Household", "Depth (feet)": 93.0, "Completed": 2017, "Work": "New Well", "State report number": "466663"}, "geometry": {"type": "Point", "coordinates": [-95.911, 30.2499]}},
    {"type": "Feature", "properties": {"name": "Water well", "description": "Recorded use: stock", "Use": "Livestock or irrigation", "Depth (feet)": 313.0, "Completed": 2017, "Work": "New Well", "State report number": "466667"}, "geometry": {"type": "Point", "coordinates": [-96.129, 30.3668]}},
    {"type": "Feature", "properties": {"name": "Well or boring", "description": "Recorded use: monitor", "Use": "Monitoring, testing or other", "Depth (feet)": 15.0, "Completed": 2016, "Work": "New Well", "State report number": "466734"}, "geometry": {"type": "Point", "coordinates": [-95.9438, 30.5843]}},
    {"type": "Feature", "properties": {"name": "Well or boring", "description": "Recorded use: monitor", "Use": "Monitoring, testing or other", "Depth (feet)": 15.0, "Completed": 2016, "Work": "New Well", "State report number": "466735"}, "geometry": {"type": "Point", "coordinates": [-95.9438, 30.5843]}},
    {"type": "Feature", "properties": {"name": "Well or boring", "description": "Recorded use: monitor", "Use": "Monitoring, testing or other", "Depth (feet)": 15.0, "Completed": 2016, "Work": "New Well", "State report number": "466736"}, "geometry": {"type": "Point", "coordinates": [-95.9438, 30.5843]}},
    {"type": "Feature", "properties": {"name": "Well or boring", "description": "Recorded use: monitor", "Use": "Monitoring, testing or other", "Depth (feet)": 15.0, "Completed": 2017, "Work": "New Well", "State report number": "466737"}, "geometry": {"type": "Point", "coordinates": [-95.9438, 30.5843]}},
    {"type": "Feature", "properties": {"name": "Well or boring", "description": "Recorded use: monitor", "Use": "Monitoring, testing or other", "Depth (feet)": 98.0, "Completed": 2016, "Work": "New Well", "State report number": "467748"}, "geometry": {"type": "Point", "coordinates": [-96.093025, 30.403781]}},
    {"type": "Feature", "properties": {"name": "Well or boring", "description": "Recorded use: monitor", "Use": "Monitoring, testing or other", "Depth (feet)": 93.0, "Completed": 2017, "Work": "New Well", "State report number": "467750"}, "geometry": {"type": "Point", "coordinates": [-96.092694, 30.40415]}},
    {"type": "Feature", "properties": {"name": "Well or boring", "description": "Recorded use: monitor", "Use": "Monitoring, testing or other", "Depth (feet)": 98.0, "Completed": 2017, "Work": "New Well", "State report number": "467751"}, "geometry": {"type": "Point", "coordinates": [-96.092472, 30.404658]}},
    {"type": "Feature", "properties": {"name": "Well or boring", "description": "Recorded use: monitor", "Use": "Monitoring, testing or other", "Depth (feet)": 99.0, "Completed": 2017, "Work": "New Well", "State report number": "467753"}, "geometry": {"type": "Point", "coordinates": [-96.092906, 30.404556]}},
    {"type": "Feature", "properties": {"name": "Well or boring", "description": "Recorded use: monitor", "Use": "Monitoring, testing or other", "Depth (feet)": 94.0, "Completed": 2017, "Work": "New Well", "State report number": "467754"}, "geometry": {"type": "Point", "coordinates": [-96.093306, 30.404342]}},
    {"type": "Feature", "properties": {"name": "Well or boring", "description": "Recorded use: monitor", "Use": "Monitoring, testing or other", "Depth (feet)": 94.0, "Completed": 2017, "Work": "New Well", "State report number": "467755"}, "geometry": {"type": "Point", "coordinates": [-96.093672, 30.403811]}},
    {"type": "Feature", "properties": {"name": "Well or boring", "description": "Recorded use: monitor", "Use": "Monitoring, testing or other", "Depth (feet)": 94.0, "Completed": 2017, "Work": "New Well", "State report number": "467756"}, "geometry": {"type": "Point", "coordinates": [-96.093897, 30.404133]}},
    {"type": "Feature", "properties": {"name": "Well or boring", "description": "Recorded use: monitor", "Use": "Monitoring, testing or other", "Depth (feet)": 94.0, "Completed": 2017, "Work": "New Well", "State report number": "467757"}, "geometry": {"type": "Point", "coordinates": [-96.094361, 30.404028]}},
    {"type": "Feature", "properties": {"name": "Well or boring", "description": "Recorded use: monitor", "Use": "Monitoring, testing or other", "Depth (feet)": 105.0, "Completed": 2017, "Work": "New Well", "State report number": "467759"}, "geometry": {"type": "Point", "coordinates": [-96.093736, 30.402492]}},
    {"type": "Feature", "properties": {"name": "Well or boring", "description": "Recorded use: monitor", "Use": "Monitoring, testing or other", "Depth (feet)": 105.0, "Completed": 2017, "Work": "New Well", "State report number": "467760"}, "geometry": {"type": "Point", "coordinates": [-96.094678, 30.402389]}},
    {"type": "Feature", "properties": {"name": "Well or boring", "description": "Recorded use: monitor", "Use": "Monitoring, testing or other", "Depth (feet)": 90.0, "Completed": 2017, "Work": "New Well", "State report number": "467761"}, "geometry": {"type": "Point", "coordinates": [-96.095153, 30.402958]}},
    {"type": "Feature", "properties": {"name": "Well or boring", "description": "Recorded use: monitor", "Use": "Monitoring, testing or other", "Depth (feet)": 90.0, "Completed": 2017, "Work": "New Well", "State report number": "467762"}, "geometry": {"type": "Point", "coordinates": [-96.095417, 30.403883]}},
    {"type": "Feature", "properties": {"name": "Well or boring", "description": "Recorded use: monitor", "Use": "Monitoring, testing or other", "Depth (feet)": 90.0, "Completed": 2017, "Work": "New Well", "State report number": "467763"}, "geometry": {"type": "Point", "coordinates": [-96.094414, 30.404669]}},
    {"type": "Feature", "properties": {"name": "Water well", "description": "Recorded use: domestic", "Use": "Household", "Depth (feet)": 324.0, "Completed": 2017, "Work": "New Well", "State report number": "468116"}, "geometry": {"type": "Point", "coordinates": [-95.879291, 30.389547]}},
    {"type": "Feature", "properties": {"name": "Water well", "description": "Recorded use: domestic", "Use": "Household", "Depth (feet)": 412.0, "Completed": 2017, "Work": "New Well", "State report number": "468555"}, "geometry": {"type": "Point", "coordinates": [-95.9831, 30.6602]}},
    {"type": "Feature", "properties": {"name": "Water well", "description": "Recorded use: domestic", "Use": "Household", "Depth (feet)": 370.0, "Completed": 2017, "Work": "New Well", "State report number": "468556"}, "geometry": {"type": "Point", "coordinates": [-96.0147, 30.4627]}},
    {"type": "Feature", "properties": {"name": "Water well", "description": "Recorded use: stock", "Use": "Livestock or irrigation", "Depth (feet)": 206.0, "Completed": 2017, "Work": "New Well", "State report number": "468560"}, "geometry": {"type": "Point", "coordinates": [-96.059, 30.4726]}},
    {"type": "Feature", "properties": {"name": "Water well", "description": "Recorded use: domestic", "Use": "Household", "Depth (feet)": 430.0, "Completed": 2017, "Work": "New Well", "State report number": "468562"}, "geometry": {"type": "Point", "coordinates": [-95.9269, 30.4048]}},
    {"type": "Feature", "properties": {"name": "Water well", "description": "Recorded use: domestic", "Use": "Household", "Depth (feet)": 400.0, "Completed": 2017, "Work": "New Well", "State report number": "468563"}, "geometry": {"type": "Point", "coordinates": [-96.1296, 30.788]}},
    {"type": "Feature", "properties": {"name": "Water well", "description": "Recorded use: domestic", "Use": "Household", "Depth (feet)": 313.0, "Completed": 2018, "Work": "New Well", "State report number": "468565"}, "geometry": {"type": "Point", "coordinates": [-95.98272, 30.665041]}},
    {"type": "Feature", "properties": {"name": "Well or boring", "description": "Recorded use: monitor", "Use": "Monitoring, testing or other", "Depth (feet)": 35.0, "Completed": 2017, "Work": "New Well", "State report number": "469763"}, "geometry": {"type": "Point", "coordinates": [-96.058151, 30.3562]}},
    {"type": "Feature", "properties": {"name": "Well or boring", "description": "Recorded use: monitor", "Use": "Monitoring, testing or other", "Depth (feet)": 35.0, "Completed": 2017, "Work": "New Well", "State report number": "469764"}, "geometry": {"type": "Point", "coordinates": [-96.058151, 30.3562]}},
    {"type": "Feature", "properties": {"name": "Well or boring", "description": "Recorded use: monitor", "Use": "Monitoring, testing or other", "Depth (feet)": 32.0, "Completed": 2017, "Work": "New Well", "State report number": "469766"}, "geometry": {"type": "Point", "coordinates": [-96.058151, 30.3562]}},
    {"type": "Feature", "properties": {"name": "Water well", "description": "Recorded use: domestic", "Use": "Household", "Depth (feet)": 120.0, "Completed": 2018, "Work": "New Well", "State report number": "470081"}, "geometry": {"type": "Point", "coordinates": [-95.90875, 30.252383]}},
    {"type": "Feature", "properties": {"name": "Water well", "description": "Recorded use: domestic", "Use": "Household", "Depth (feet)": 160.0, "Completed": 2018, "Work": "New Well", "State report number": "471193"}, "geometry": {"type": "Point", "coordinates": [-95.8901, 30.27]}},
    {"type": "Feature", "properties": {"name": "Water well", "description": "Recorded use: domestic", "Use": "Household", "Depth (feet)": 205.0, "Completed": 2018, "Work": "New Well", "State report number": "471672"}, "geometry": {"type": "Point", "coordinates": [-95.860481, 30.427849]}},
    {"type": "Feature", "properties": {"name": "Water well", "description": "Recorded use: domestic", "Use": "Household", "Depth (feet)": 412.0, "Completed": 2018, "Work": "New Well", "State report number": "471673"}, "geometry": {"type": "Point", "coordinates": [-96.04052, 30.306584]}},
    {"type": "Feature", "properties": {"name": "Water well", "description": "Recorded use: domestic", "Use": "Household", "Depth (feet)": 345.0, "Completed": 2018, "Work": "New Well", "State report number": "471926"}, "geometry": {"type": "Point", "coordinates": [-95.856, 30.454667]}},
    {"type": "Feature", "properties": {"name": "Water well", "description": "Recorded use: domestic", "Use": "Household", "Depth (feet)": 470.0, "Completed": 2018, "Work": "New Well", "State report number": "473211"}, "geometry": {"type": "Point", "coordinates": [-95.931778, 30.562817]}},
    {"type": "Feature", "properties": {"name": "Water well", "description": "Recorded use: domestic", "Use": "Household", "Depth (feet)": 340.0, "Completed": 2018, "Work": "New Well", "State report number": "473560"}, "geometry": {"type": "Point", "coordinates": [-95.9825, 30.542222]}},
    {"type": "Feature", "properties": {"name": "Water well", "description": "Recorded use: domestic", "Use": "Household", "Depth (feet)": 250.0, "Completed": 2016, "Work": "New Well", "State report number": "473692"}, "geometry": {"type": "Point", "coordinates": [-95.857543, 30.245996]}},
    {"type": "Feature", "properties": {"name": "Water well", "description": "Recorded use: domestic", "Use": "Household", "Depth (feet)": 273.0, "Completed": 2016, "Work": "New Well", "State report number": "473694"}, "geometry": {"type": "Point", "coordinates": [-95.944567, 30.381461]}},
    {"type": "Feature", "properties": {"name": "Water well", "description": "Recorded use: domestic", "Use": "Household", "Depth (feet)": 340.0, "Completed": 2018, "Work": "New Well", "Plugged": "Yes", "State report number": "474510"}, "geometry": {"type": "Point", "coordinates": [-95.966322, 30.609714]}},
    {"type": "Feature", "properties": {"name": "Water well", "description": "Recorded use: domestic", "Use": "Household", "Depth (feet)": 251.0, "Completed": 2017, "Work": "New Well", "Plugged": "Yes", "State report number": "474614"}, "geometry": {"type": "Point", "coordinates": [-95.853011, 30.243749]}},
    {"type": "Feature", "properties": {"name": "Water well", "description": "Recorded use: domestic", "Use": "Household", "Depth (feet)": 170.0, "Completed": 2018, "Work": "New Well", "State report number": "476233"}, "geometry": {"type": "Point", "coordinates": [-95.911367, 30.26695]}},
    {"type": "Feature", "properties": {"name": "Water well", "description": "Recorded use: domestic", "Use": "Household", "Depth (feet)": 200.0, "Completed": 2018, "Work": "New Well", "State report number": "476247"}, "geometry": {"type": "Point", "coordinates": [-95.8519, 30.41975]}},
    {"type": "Feature", "properties": {"name": "Water well", "description": "Recorded use: domestic", "Use": "Household", "Depth (feet)": 480.0, "Completed": 2018, "Work": "New Well", "State report number": "476249"}, "geometry": {"type": "Point", "coordinates": [-95.9263, 30.54055]}},
    {"type": "Feature", "properties": {"name": "Water well", "description": "Recorded use: domestic", "Use": "Household", "Depth (feet)": 215.0, "Completed": 2018, "Work": "New Well", "State report number": "476370"}, "geometry": {"type": "Point", "coordinates": [-96.034389, 30.505013]}},
    {"type": "Feature", "properties": {"name": "Water well", "description": "Recorded use: domestic", "Use": "Household", "Depth (feet)": 313.0, "Completed": 2018, "Work": "New Well", "State report number": "477144"}, "geometry": {"type": "Point", "coordinates": [-95.982719, 30.665815]}},
    {"type": "Feature", "properties": {"name": "Water well", "description": "Recorded use: domestic", "Use": "Household", "Depth (feet)": 486.0, "Completed": 2018, "Work": "New Well", "State report number": "477169"}, "geometry": {"type": "Point", "coordinates": [-95.930979, 30.464506]}},
    {"type": "Feature", "properties": {"name": "Water well", "description": "Recorded use: domestic", "Use": "Household", "Depth (feet)": 395.0, "Completed": 2018, "Work": "New Well", "State report number": "477175"}, "geometry": {"type": "Point", "coordinates": [-95.969366, 30.562632]}},
    {"type": "Feature", "properties": {"name": "Water well", "description": "Recorded use: domestic", "Use": "Household", "Depth (feet)": 380.0, "Completed": 2018, "Work": "New Well", "State report number": "477182"}, "geometry": {"type": "Point", "coordinates": [-96.015536, 30.464633]}},
    {"type": "Feature", "properties": {"name": "Water well", "description": "Recorded use: domestic", "Use": "Household", "Depth (feet)": 485.0, "Completed": 2018, "Work": "New Well", "State report number": "477422"}, "geometry": {"type": "Point", "coordinates": [-96.013339, 30.361673]}},
    {"type": "Feature", "properties": {"name": "Water well", "description": "Recorded use: domestic", "Use": "Household", "Depth (feet)": 380.0, "Completed": 2016, "Work": "New Well", "State report number": "477594"}, "geometry": {"type": "Point", "coordinates": [-95.834031, 30.470881]}},
    {"type": "Feature", "properties": {"name": "Water well", "description": "Recorded use: domestic", "Use": "Household", "Depth (feet)": 430.0, "Completed": 2016, "Work": "New Well", "State report number": "477600"}, "geometry": {"type": "Point", "coordinates": [-95.855885, 30.438186]}},
    {"type": "Feature", "properties": {"name": "Water well", "description": "Recorded use: domestic", "Use": "Household", "Depth (feet)": 146.0, "Completed": 2016, "Work": "New Well", "State report number": "477646"}, "geometry": {"type": "Point", "coordinates": [-95.911479, 30.560838]}},
    {"type": "Feature", "properties": {"name": "Water well", "description": "Recorded use: domestic", "Use": "Household", "Depth (feet)": 360.0, "Completed": 2018, "Work": "New Well", "State report number": "477953"}, "geometry": {"type": "Point", "coordinates": [-95.813889, 30.295278]}},
    {"type": "Feature", "properties": {"name": "Water well", "description": "Recorded use: domestic", "Use": "Household", "Depth (feet)": 260.0, "Completed": 2018, "Work": "New Well", "State report number": "478136"}, "geometry": {"type": "Point", "coordinates": [-95.851867, 30.2472]}},
    {"type": "Feature", "properties": {"name": "Water well", "description": "Recorded use: domestic", "Use": "Household", "Depth (feet)": 285.0, "Completed": 2018, "Work": "New Well", "State report number": "478308"}, "geometry": {"type": "Point", "coordinates": [-95.920953, 30.596886]}},
    {"type": "Feature", "properties": {"name": "Water well", "description": "Recorded use: domestic", "Use": "Household", "Depth (feet)": 300.0, "Completed": 2017, "Work": "New Well", "State report number": "478358"}, "geometry": {"type": "Point", "coordinates": [-95.831299, 30.351312]}},
    {"type": "Feature", "properties": {"name": "Water well", "description": "Recorded use: domestic", "Use": "Household", "Depth (feet)": 165.0, "Completed": 2015, "Work": "New Well", "State report number": "478369"}, "geometry": {"type": "Point", "coordinates": [-95.926154, 30.403319]}},
    {"type": "Feature", "properties": {"name": "Water well", "description": "Recorded use: domestic", "Use": "Household", "Depth (feet)": 305.0, "Completed": 2015, "Work": "New Well", "State report number": "478370"}, "geometry": {"type": "Point", "coordinates": [-95.839009, 30.454449]}},
    {"type": "Feature", "properties": {"name": "Water well", "description": "Recorded use: domestic", "Use": "Household", "Depth (feet)": 190.0, "Completed": 2016, "Work": "New Well", "State report number": "478371"}, "geometry": {"type": "Point", "coordinates": [-95.950836, 30.587021]}},
    {"type": "Feature", "properties": {"name": "Water well", "description": "Recorded use: domestic", "Use": "Household", "Depth (feet)": 380.0, "Completed": 2016, "Work": "New Well", "State report number": "478376"}, "geometry": {"type": "Point", "coordinates": [-95.834031, 30.470881]}},
    {"type": "Feature", "properties": {"name": "Water well", "description": "Recorded use: domestic", "Use": "Household", "Depth (feet)": 430.0, "Completed": 2016, "Work": "New Well", "State report number": "478377"}, "geometry": {"type": "Point", "coordinates": [-95.855885, 30.438186]}},
    {"type": "Feature", "properties": {"name": "Water well", "description": "Recorded use: domestic", "Use": "Household", "Depth (feet)": 146.0, "Completed": 2016, "Work": "New Well", "State report number": "478379"}, "geometry": {"type": "Point", "coordinates": [-95.911479, 30.560838]}},
    {"type": "Feature", "properties": {"name": "Water well", "description": "Recorded use: domestic", "Use": "Household", "Depth (feet)": 251.0, "Completed": 2017, "Work": "New Well", "State report number": "478380"}, "geometry": {"type": "Point", "coordinates": [-95.853011, 30.243749]}},
    {"type": "Feature", "properties": {"name": "Water well", "description": "Recorded use: domestic", "Use": "Household", "Depth (feet)": 350.0, "Completed": 2017, "Work": "New Well", "State report number": "478382"}, "geometry": {"type": "Point", "coordinates": [-95.973408, 30.323372]}},
    {"type": "Feature", "properties": {"name": "Water well", "description": "Recorded use: domestic", "Use": "Household", "Depth (feet)": 272.0, "Completed": 2018, "Work": "New Well", "State report number": "478391"}, "geometry": {"type": "Point", "coordinates": [-95.887778, 30.243611]}},
    {"type": "Feature", "properties": {"name": "Water well", "description": "Recorded use: domestic", "Use": "Household", "Depth (feet)": 210.0, "Completed": 2018, "Work": "Replacement", "State report number": "478612"}, "geometry": {"type": "Point", "coordinates": [-95.9663, 30.609719]}},
    {"type": "Feature", "properties": {"name": "Water well", "description": "Recorded use: domestic", "Use": "Household", "Depth (feet)": 428.0, "Completed": 2018, "Work": "New Well", "State report number": "478840"}, "geometry": {"type": "Point", "coordinates": [-96.020417, 30.38694]}},
    {"type": "Feature", "properties": {"name": "Water well", "description": "Recorded use: domestic", "Use": "Household", "Depth (feet)": 410.0, "Completed": 2017, "Work": "New Well", "State report number": "479724"}, "geometry": {"type": "Point", "coordinates": [-95.811102, 30.293767]}},
    {"type": "Feature", "properties": {"name": "Water well", "description": "Recorded use: domestic", "Use": "Household", "Depth (feet)": 435.0, "Completed": 2018, "Work": "New Well", "State report number": "480954"}, "geometry": {"type": "Point", "coordinates": [-95.99415, 30.3028]}},
    {"type": "Feature", "properties": {"name": "Water well", "description": "Recorded use: domestic", "Use": "Household", "Depth (feet)": 305.0, "Completed": 2018, "Work": "New Well", "State report number": "480974"}, "geometry": {"type": "Point", "coordinates": [-95.9013, 30.317]}},
    {"type": "Feature", "properties": {"name": "Water well", "description": "Recorded use: public supply", "Use": "Public water supply", "Depth (feet)": 1020.0, "Completed": 2018, "Work": "New Well", "State report number": "481569"}, "geometry": {"type": "Point", "coordinates": [-95.815333, 30.304417]}},
    {"type": "Feature", "properties": {"name": "Water well", "description": "Recorded use: domestic", "Use": "Household", "Depth (feet)": 380.0, "Completed": 2017, "Work": "New Well", "State report number": "481650"}, "geometry": {"type": "Point", "coordinates": [-95.8498, 30.4443]}},
    {"type": "Feature", "properties": {"name": "Water well", "description": "Recorded use: stock", "Use": "Livestock or irrigation", "Depth (feet)": 555.0, "Completed": 2018, "Work": "New Well", "State report number": "481837"}, "geometry": {"type": "Point", "coordinates": [-95.961944, 30.673611]}},
    {"type": "Feature", "properties": {"name": "Water well", "description": "Recorded use: stock", "Use": "Livestock or irrigation", "Depth (feet)": 565.0, "Completed": 2018, "Work": "New Well", "State report number": "481838"}, "geometry": {"type": "Point", "coordinates": [-95.961944, 30.673333]}},
    {"type": "Feature", "properties": {"name": "Water well", "description": "Recorded use: domestic", "Use": "Household", "Depth (feet)": 445.0, "Completed": 2018, "Work": "New Well", "State report number": "482512"}, "geometry": {"type": "Point", "coordinates": [-95.876183, 30.615344]}},
    {"type": "Feature", "properties": {"name": "Water well", "description": "Recorded use: domestic", "Use": "Household", "Depth (feet)": 415.0, "Completed": 2018, "Work": "New Well", "State report number": "482566"}, "geometry": {"type": "Point", "coordinates": [-95.946269, 30.819686]}},
    {"type": "Feature", "properties": {"name": "Water well", "description": "Recorded use: domestic", "Use": "Household", "Depth (feet)": 690.0, "Completed": 2018, "Work": "New Well", "State report number": "482608"}, "geometry": {"type": "Point", "coordinates": [-95.996094, 30.491367]}},
    {"type": "Feature", "properties": {"name": "Water well", "description": "Recorded use: domestic", "Use": "Household", "Depth (feet)": 137.0, "Completed": 2018, "Work": "New Well", "State report number": "482611"}, "geometry": {"type": "Point", "coordinates": [-95.894519, 30.693947]}},
    {"type": "Feature", "properties": {"name": "Water well", "description": "Recorded use: irrigation", "Use": "Livestock or irrigation", "Depth (feet)": 52.0, "Completed": 2018, "Work": "New Well", "State report number": "483020"}, "geometry": {"type": "Point", "coordinates": [-96.107925, 30.323717]}},
    {"type": "Feature", "properties": {"name": "Water well", "description": "Recorded use: domestic", "Use": "Household", "Depth (feet)": 410.0, "Completed": 2018, "Work": "New Well", "State report number": "483479"}, "geometry": {"type": "Point", "coordinates": [-95.887797, 30.799664]}},
    {"type": "Feature", "properties": {"name": "Water well", "description": "Recorded use: domestic", "Use": "Household", "Depth (feet)": 90.0, "Completed": 2018, "Work": "New Well", "State report number": "484657"}, "geometry": {"type": "Point", "coordinates": [-95.920932, 30.250193]}},
    {"type": "Feature", "properties": {"name": "Water well", "description": "Recorded use: domestic", "Use": "Household", "Depth (feet)": 86.0, "Completed": 2018, "Work": "New Well", "State report number": "484659"}, "geometry": {"type": "Point", "coordinates": [-95.920215, 30.25093]}},
    {"type": "Feature", "properties": {"name": "Water well", "description": "Recorded use: domestic", "Use": "Household", "Depth (feet)": 345.0, "Completed": 2018, "Work": "New Well", "State report number": "484661"}, "geometry": {"type": "Point", "coordinates": [-95.896704, 30.708698]}},
    {"type": "Feature", "properties": {"name": "Water well", "description": "Recorded use: domestic", "Use": "Household", "Depth (feet)": 190.0, "Completed": 2018, "Work": "New Well", "State report number": "484662"}, "geometry": {"type": "Point", "coordinates": [-95.936392, 30.532425]}},
    {"type": "Feature", "properties": {"name": "Water well", "description": "Recorded use: domestic", "Use": "Household", "Depth (feet)": 295.0, "Completed": 2018, "Work": "New Well", "State report number": "485637"}, "geometry": {"type": "Point", "coordinates": [-95.86679, 30.242]}},
    {"type": "Feature", "properties": {"name": "Water well", "description": "Recorded use: domestic", "Use": "Household", "Depth (feet)": 200.0, "Completed": 2018, "Work": "New Well", "State report number": "486400"}, "geometry": {"type": "Point", "coordinates": [-95.864936, 30.576599]}},
    {"type": "Feature", "properties": {"name": "Well or boring", "description": "Recorded use: unknown", "Use": "Monitoring, testing or other", "Depth (feet)": 680.0, "Completed": 2018, "Work": "Replacement", "State report number": "486833"}, "geometry": {"type": "Point", "coordinates": [-95.93165, 30.5732]}},
    {"type": "Feature", "properties": {"name": "Water well", "description": "Recorded use: domestic", "Use": "Household", "Depth (feet)": 85.0, "Completed": 2018, "Work": "New Well", "State report number": "487047"}, "geometry": {"type": "Point", "coordinates": [-95.9224, 30.254125]}},
    {"type": "Feature", "properties": {"name": "Water well", "description": "Recorded use: domestic", "Use": "Household", "Depth (feet)": 85.0, "Completed": 2018, "Work": "New Well", "State report number": "487048"}, "geometry": {"type": "Point", "coordinates": [-95.921498, 30.251743]}},
    {"type": "Feature", "properties": {"name": "Water well", "description": "Recorded use: domestic", "Use": "Household", "Depth (feet)": 80.0, "Completed": 2018, "Work": "New Well", "State report number": "487049"}, "geometry": {"type": "Point", "coordinates": [-95.922554, 30.252753]}},
    {"type": "Feature", "properties": {"name": "Water well", "description": "Recorded use: domestic", "Use": "Household", "Depth (feet)": 68.0, "Completed": 2018, "Work": "New Well", "State report number": "487051"}, "geometry": {"type": "Point", "coordinates": [-95.922972, 30.254875]}},
    {"type": "Feature", "properties": {"name": "Water well", "description": "Recorded use: domestic", "Use": "Household", "Depth (feet)": 56.0, "Completed": 2018, "Work": "New Well", "State report number": "487052"}, "geometry": {"type": "Point", "coordinates": [-95.927571, 30.260907]}},
    {"type": "Feature", "properties": {"name": "Water well", "description": "Recorded use: domestic", "Use": "Household", "Depth (feet)": 300.0, "Completed": 2018, "Work": "New Well", "State report number": "487062"}, "geometry": {"type": "Point", "coordinates": [-95.950535, 30.628579]}},
    {"type": "Feature", "properties": {"name": "Water well", "description": "Recorded use: domestic", "Use": "Household", "Depth (feet)": 365.0, "Completed": 2018, "Work": "New Well", "State report number": "487066"}, "geometry": {"type": "Point", "coordinates": [-96.018598, 30.461856]}},
    {"type": "Feature", "properties": {"name": "Water well", "description": "Recorded use: domestic", "Use": "Household", "Depth (feet)": 415.0, "Completed": 2018, "Work": "New Well", "State report number": "487068"}, "geometry": {"type": "Point", "coordinates": [-96.058229, 30.48735]}},
    {"type": "Feature", "properties": {"name": "Water well", "description": "Recorded use: domestic", "Use": "Household", "Depth (feet)": 370.0, "Completed": 2018, "Work": "New Well", "State report number": "487072"}, "geometry": {"type": "Point", "coordinates": [-96.01251, 30.46337]}},
    {"type": "Feature", "properties": {"name": "Water well", "description": "Recorded use: domestic", "Use": "Household", "Depth (feet)": 170.0, "Completed": 2018, "Work": "New Well", "State report number": "487810"}, "geometry": {"type": "Point", "coordinates": [-95.879167, 30.320833]}},
    {"type": "Feature", "properties": {"name": "Water well", "description": "Recorded use: domestic", "Use": "Household", "Depth (feet)": 250.0, "Completed": 2018, "Work": "New Well", "State report number": "487932"}, "geometry": {"type": "Point", "coordinates": [-95.863005, 30.251294]}},
    {"type": "Feature", "properties": {"name": "Water well", "description": "Recorded use: domestic", "Use": "Household", "Depth (feet)": 240.0, "Completed": 2018, "Work": "New Well", "State report number": "488030"}, "geometry": {"type": "Point", "coordinates": [-95.8675, 30.247778]}},
    {"type": "Feature", "properties": {"name": "Water well", "description": "Recorded use: domestic", "Use": "Household", "Depth (feet)": 140.0, "Completed": 2018, "Work": "New Well", "State report number": "488231"}, "geometry": {"type": "Point", "coordinates": [-95.90155, 30.29175]}},
    {"type": "Feature", "properties": {"name": "Water well", "description": "Recorded use: domestic", "Use": "Household", "Depth (feet)": 145.0, "Completed": 2018, "Work": "Replacement", "State report number": "488453"}, "geometry": {"type": "Point", "coordinates": [-95.9931, 30.67095]}},
    {"type": "Feature", "properties": {"name": "Water well", "description": "Recorded use: domestic", "Use": "Household", "Depth (feet)": 190.0, "Completed": 2018, "Work": "New Well", "State report number": "488470"}, "geometry": {"type": "Point", "coordinates": [-95.8518, 30.547383]}},
    {"type": "Feature", "properties": {"name": "Water well", "description": "Recorded use: domestic", "Use": "Household", "Depth (feet)": 240.0, "Completed": 2018, "Work": "New Well", "State report number": "488556"}, "geometry": {"type": "Point", "coordinates": [-95.853235, 30.248228]}},
    {"type": "Feature", "properties": {"name": "Water well", "description": "Recorded use: irrigation", "Use": "Livestock or irrigation", "Depth (feet)": 405.0, "Completed": 2018, "Work": "New Well", "State report number": "488850"}, "geometry": {"type": "Point", "coordinates": [-95.811389, 30.294444]}},
    {"type": "Feature", "properties": {"name": "Well or boring", "description": "Recorded use: monitor", "Use": "Monitoring, testing or other", "Depth (feet)": 35.0, "Completed": 2017, "Work": "New Well", "Plugged": "Yes", "State report number": "489387"}, "geometry": {"type": "Point", "coordinates": [-96.058198, 30.356593]}},
    {"type": "Feature", "properties": {"name": "Well or boring", "description": "Recorded use: monitor", "Use": "Monitoring, testing or other", "Depth (feet)": 35.0, "Completed": 2017, "Work": "New Well", "Plugged": "Yes", "State report number": "489398"}, "geometry": {"type": "Point", "coordinates": [-96.058562, 30.357117]}},
    {"type": "Feature", "properties": {"name": "Well or boring", "description": "Recorded use: monitor", "Use": "Monitoring, testing or other", "Depth (feet)": 35.0, "Completed": 2017, "Work": "New Well", "Plugged": "Yes", "State report number": "489402"}, "geometry": {"type": "Point", "coordinates": [-96.057844, 30.356631]}},
    {"type": "Feature", "properties": {"name": "Well or boring", "description": "Recorded use: environmental soil boring", "Use": "Monitoring, testing or other", "Depth (feet)": 35.0, "Completed": 2017, "Work": "New Well", "State report number": "489404"}, "geometry": {"type": "Point", "coordinates": [-96.059009, 30.357463]}},
    {"type": "Feature", "properties": {"name": "Well or boring", "description": "Recorded use: environmental soil boring", "Use": "Monitoring, testing or other", "Depth (feet)": 35.0, "Completed": 2017, "Work": "New Well", "State report number": "489406"}, "geometry": {"type": "Point", "coordinates": [-96.057811, 30.356712]}},
    {"type": "Feature", "properties": {"name": "Well or boring", "description": "Recorded use: environmental soil boring", "Use": "Monitoring, testing or other", "Depth (feet)": 35.0, "Completed": 2017, "Work": "New Well", "State report number": "489408"}, "geometry": {"type": "Point", "coordinates": [-96.057811, 30.356712]}},
    {"type": "Feature", "properties": {"name": "Well or boring", "description": "Recorded use: environmental soil boring", "Use": "Monitoring, testing or other", "Depth (feet)": 35.0, "Completed": 2017, "Work": "New Well", "State report number": "489411"}, "geometry": {"type": "Point", "coordinates": [-96.059523, 30.357821]}},
    {"type": "Feature", "properties": {"name": "Water well", "description": "Recorded use: domestic", "Use": "Household", "Depth (feet)": 230.0, "Completed": 2018, "Work": "New Well", "State report number": "490668"}, "geometry": {"type": "Point", "coordinates": [-95.851967, 30.427967]}},
    {"type": "Feature", "properties": {"name": "Water well", "description": "Recorded use: domestic", "Use": "Household", "Depth (feet)": 405.0, "Completed": 2018, "Work": "New Well", "State report number": "490705"}, "geometry": {"type": "Point", "coordinates": [-95.8541, 30.4512]}},
    {"type": "Feature", "properties": {"name": "Water well", "description": "Recorded use: domestic", "Use": "Household", "Depth (feet)": 193.0, "Completed": 2018, "Work": "New Well", "State report number": "492333"}, "geometry": {"type": "Point", "coordinates": [-95.9239, 30.5305]}},
    {"type": "Feature", "properties": {"name": "Water well", "description": "Recorded use: domestic", "Use": "Household", "Depth (feet)": 328.0, "Completed": 2018, "Work": "New Well", "State report number": "492350"}, "geometry": {"type": "Point", "coordinates": [-95.9669, 30.3318]}},
    {"type": "Feature", "properties": {"name": "Water well", "description": "Recorded use: domestic", "Use": "Household", "Depth (feet)": 310.0, "Completed": 2018, "Work": "New Well", "State report number": "492372"}, "geometry": {"type": "Point", "coordinates": [-96.0435, 30.28]}},
    {"type": "Feature", "properties": {"name": "Water well", "description": "Recorded use: domestic", "Use": "Household", "Depth (feet)": 310.0, "Completed": 2018, "Work": "New Well", "State report number": "492386"}, "geometry": {"type": "Point", "coordinates": [-95.8336, 30.6425]}},
    {"type": "Feature", "properties": {"name": "Water well", "description": "Recorded use: domestic", "Use": "Household", "Depth (feet)": 145.0, "Completed": 2018, "Work": "New Well", "State report number": "492390"}, "geometry": {"type": "Point", "coordinates": [-95.9259, 30.2867]}},
    {"type": "Feature", "properties": {"name": "Water well", "description": "Recorded use: domestic", "Use": "Household", "Depth (feet)": 452.0, "Completed": 2018, "Work": "Replacement", "State report number": "492398"}, "geometry": {"type": "Point", "coordinates": [-95.9266, 30.4081]}},
    {"type": "Feature", "properties": {"name": "Water well", "description": "Recorded use: domestic", "Use": "Household", "Depth (feet)": 260.0, "Completed": 2018, "Work": "New Well", "State report number": "492800"}, "geometry": {"type": "Point", "coordinates": [-95.9146, 30.4548]}},
    {"type": "Feature", "properties": {"name": "Water well", "description": "Recorded use: stock", "Use": "Livestock or irrigation", "Depth (feet)": 234.0, "Completed": 2018, "Work": "New Well", "State report number": "492966"}, "geometry": {"type": "Point", "coordinates": [-95.824167, 30.392222]}},
    {"type": "Feature", "properties": {"name": "Water well", "description": "Recorded use: domestic", "Use": "Household", "Depth (feet)": 476.0, "Completed": 2017, "Work": "New Well", "State report number": "493040"}, "geometry": {"type": "Point", "coordinates": [-96.040767, 30.4254]}},
    {"type": "Feature", "properties": {"name": "Water well", "description": "Recorded use: domestic", "Use": "Household", "Depth (feet)": 420.0, "Completed": 2018, "Work": "New Well", "State report number": "493056"}, "geometry": {"type": "Point", "coordinates": [-95.9591, 30.459]}},
    {"type": "Feature", "properties": {"name": "Water well", "description": "Recorded use: domestic", "Use": "Household", "Depth (feet)": 560.0, "Completed": 2018, "Work": "New Well", "State report number": "493228"}, "geometry": {"type": "Point", "coordinates": [-95.8842, 30.4638]}},
    {"type": "Feature", "properties": {"name": "Water well", "description": "Recorded use: domestic", "Use": "Household", "Depth (feet)": 415.0, "Completed": 2018, "Work": "New Well", "State report number": "493244"}, "geometry": {"type": "Point", "coordinates": [-95.9698, 30.2537]}},
    {"type": "Feature", "properties": {"name": "Water well", "description": "Recorded use: domestic", "Use": "Household", "Depth (feet)": 318.0, "Completed": 2018, "Work": "New Well", "State report number": "493258"}, "geometry": {"type": "Point", "coordinates": [-95.9037, 30.7031]}},
    {"type": "Feature", "properties": {"name": "Water well", "description": "Recorded use: domestic", "Use": "Household", "Depth (feet)": 642.0, "Completed": 2018, "Work": "Replacement", "State report number": "493282"}, "geometry": {"type": "Point", "coordinates": [-96.0184, 30.7364]}},
    {"type": "Feature", "properties": {"name": "Water well", "description": "Recorded use: domestic", "Use": "Household", "Depth (feet)": 374.0, "Completed": 2018, "Work": "New Well", "State report number": "493332"}, "geometry": {"type": "Point", "coordinates": [-95.99403, 30.5926]}},
    {"type": "Feature", "properties": {"name": "Water well", "description": "Recorded use: domestic", "Use": "Household", "Depth (feet)": 180.0, "Completed": 2018, "Work": "New Well", "State report number": "493463"}, "geometry": {"type": "Point", "coordinates": [-95.905, 30.2504]}},
    {"type": "Feature", "properties": {"name": "Water well", "description": "Recorded use: domestic", "Use": "Household", "Depth (feet)": 115.0, "Completed": 2018, "Work": "New Well", "State report number": "493525"}, "geometry": {"type": "Point", "coordinates": [-95.917867, 30.2464]}},
    {"type": "Feature", "properties": {"name": "Water well", "description": "Recorded use: domestic", "Use": "Household", "Depth (feet)": 390.0, "Completed": 2017, "Work": "New Well", "State report number": "493569"}, "geometry": {"type": "Point", "coordinates": [-95.855866, 30.439251]}},
    {"type": "Feature", "properties": {"name": "Water well", "description": "Recorded use: domestic", "Use": "Household", "Depth (feet)": 350.0, "Completed": 2017, "Work": "New Well", "State report number": "493573"}, "geometry": {"type": "Point", "coordinates": [-95.906437, 30.472766]}},
    {"type": "Feature", "properties": {"name": "Water well", "description": "Recorded use: domestic", "Use": "Household", "Depth (feet)": 280.0, "Completed": 2017, "Work": "New Well", "State report number": "493576"}, "geometry": {"type": "Point", "coordinates": [-95.86488, 30.253758]}},
    {"type": "Feature", "properties": {"name": "Water well", "description": "Recorded use: domestic", "Use": "Household", "Depth (feet)": 320.0, "Completed": 2018, "Work": "New Well", "State report number": "493873"}, "geometry": {"type": "Point", "coordinates": [-95.8336, 30.4014]}},
    {"type": "Feature", "properties": {"name": "Water well", "description": "Recorded use: domestic", "Use": "Household", "Depth (feet)": 175.0, "Completed": 2018, "Work": "New Well", "State report number": "493878"}, "geometry": {"type": "Point", "coordinates": [-95.9188, 30.2786]}},
    {"type": "Feature", "properties": {"name": "Water well", "description": "Recorded use: domestic", "Use": "Household", "Depth (feet)": 265.0, "Completed": 2018, "Work": "New Well", "State report number": "493920"}, "geometry": {"type": "Point", "coordinates": [-95.860056, 30.248972]}},
    {"type": "Feature", "properties": {"name": "Water well", "description": "Recorded use: domestic", "Use": "Household", "Depth (feet)": 160.0, "Completed": 2018, "Work": "New Well", "State report number": "493974"}, "geometry": {"type": "Point", "coordinates": [-95.909722, 30.276389]}},
    {"type": "Feature", "properties": {"name": "Water well", "description": "Recorded use: domestic", "Use": "Household", "Depth (feet)": 255.0, "Completed": 2018, "Work": "New Well", "State report number": "494210"}, "geometry": {"type": "Point", "coordinates": [-95.864152, 30.24989]}},
    {"type": "Feature", "properties": {"name": "Water well", "description": "Recorded use: domestic", "Use": "Household", "Depth (feet)": 215.0, "Completed": 2018, "Work": "New Well", "State report number": "494211"}, "geometry": {"type": "Point", "coordinates": [-95.886586, 30.500546]}},
    {"type": "Feature", "properties": {"name": "Water well", "description": "Recorded use: domestic", "Use": "Household", "Depth (feet)": 330.0, "Completed": 2017, "Work": "New Well", "State report number": "494233"}, "geometry": {"type": "Point", "coordinates": [-95.879262, 30.321677]}},
    {"type": "Feature", "properties": {"name": "Water well", "description": "Recorded use: domestic", "Use": "Household", "Depth (feet)": 465.0, "Completed": 2017, "Work": "New Well", "State report number": "494237"}, "geometry": {"type": "Point", "coordinates": [-95.897092, 30.296088]}},
    {"type": "Feature", "properties": {"name": "Water well", "description": "Recorded use: domestic", "Use": "Household", "Depth (feet)": 185.0, "Completed": 2018, "Work": "New Well", "Plugged": "Yes", "State report number": "494323"}, "geometry": {"type": "Point", "coordinates": [-95.887883, 30.252266]}},
    {"type": "Feature", "properties": {"name": "Water well", "description": "Recorded use: domestic", "Use": "Household", "Depth (feet)": 335.0, "Completed": 2018, "Work": "New Well", "State report number": "494386"}, "geometry": {"type": "Point", "coordinates": [-95.9561, 30.4434]}},
    {"type": "Feature", "properties": {"name": "Water well", "description": "Recorded use: domestic", "Use": "Household", "Depth (feet)": 390.0, "Completed": 2018, "Work": "New Well", "State report number": "494962"}, "geometry": {"type": "Point", "coordinates": [-95.868681, 30.289996]}},
    {"type": "Feature", "properties": {"name": "Water well", "description": "Recorded use: domestic", "Use": "Household", "Depth (feet)": 260.0, "Completed": 2018, "Work": "New Well", "State report number": "494986"}, "geometry": {"type": "Point", "coordinates": [-95.862705, 30.248769]}},
    {"type": "Feature", "properties": {"name": "Water well", "description": "Recorded use: domestic", "Use": "Household", "Depth (feet)": 245.0, "Completed": 2018, "Work": "New Well", "State report number": "495228"}, "geometry": {"type": "Point", "coordinates": [-95.8635, 30.25815]}},
    {"type": "Feature", "properties": {"name": "Water well", "description": "Recorded use: domestic", "Use": "Household", "Depth (feet)": 205.0, "Completed": 2018, "Work": "New Well", "State report number": "495273"}, "geometry": {"type": "Point", "coordinates": [-95.866361, 30.407688]}},
    {"type": "Feature", "properties": {"name": "Water well", "description": "Recorded use: domestic", "Use": "Household", "Depth (feet)": 370.0, "Completed": 2018, "Work": "New Well", "State report number": "495668"}, "geometry": {"type": "Point", "coordinates": [-96.013611, 30.464167]}},
    {"type": "Feature", "properties": {"name": "Water well", "description": "Recorded use: domestic", "Use": "Household", "Depth (feet)": 257.0, "Completed": 2018, "Work": "New Well", "State report number": "495889"}, "geometry": {"type": "Point", "coordinates": [-95.885993, 30.494443]}},
    {"type": "Feature", "properties": {"name": "Water well", "description": "Recorded use: industrial", "Use": "Industrial or drilling supply", "Depth (feet)": 320.0, "Completed": 2018, "Work": "New Well", "State report number": "497433"}, "geometry": {"type": "Point", "coordinates": [-96.044167, 30.596944]}},
    {"type": "Feature", "properties": {"name": "Water well", "description": "Recorded use: domestic", "Use": "Household", "Depth (feet)": 445.0, "Completed": 2018, "Work": "New Well", "State report number": "497807"}, "geometry": {"type": "Point", "coordinates": [-95.880883, 30.399722]}},
    {"type": "Feature", "properties": {"name": "Water well", "description": "Recorded use: domestic", "Use": "Household", "Depth (feet)": 255.0, "Completed": 2018, "Work": "New Well", "State report number": "497936"}, "geometry": {"type": "Point", "coordinates": [-95.862783, 30.25155]}},
    {"type": "Feature", "properties": {"name": "Water well", "description": "Recorded use: domestic", "Use": "Household", "Depth (feet)": 130.0, "Completed": 2018, "Work": "New Well", "State report number": "501059"}, "geometry": {"type": "Point", "coordinates": [-95.887144, 30.26909]}},
    {"type": "Feature", "properties": {"name": "Water well", "description": "Recorded use: domestic", "Use": "Household", "Depth (feet)": 100.0, "Completed": 2018, "Work": "New Well", "State report number": "501066"}, "geometry": {"type": "Point", "coordinates": [-95.815103, 30.250771]}},
    {"type": "Feature", "properties": {"name": "Water well", "description": "Recorded use: domestic", "Use": "Household", "Depth (feet)": 210.0, "Completed": 2016, "Work": "New Well", "State report number": "502023"}, "geometry": {"type": "Point", "coordinates": [-95.902467, 30.6773]}},
    {"type": "Feature", "properties": {"name": "Water well", "description": "Recorded use: domestic", "Use": "Household", "Depth (feet)": 210.0, "Completed": 2016, "Work": "New Well", "State report number": "502027"}, "geometry": {"type": "Point", "coordinates": [-95.901983, 30.6778]}},
    {"type": "Feature", "properties": {"name": "Water well", "description": "Recorded use: domestic", "Use": "Household", "Depth (feet)": 360.0, "Completed": 2017, "Work": "New Well", "State report number": "502069"}, "geometry": {"type": "Point", "coordinates": [-95.894533, 30.65595]}},
    {"type": "Feature", "properties": {"name": "Water well", "description": "Recorded use: domestic", "Use": "Household", "Depth (feet)": 360.0, "Completed": 2017, "Work": "New Well", "State report number": "502074"}, "geometry": {"type": "Point", "coordinates": [-95.89165, 30.65565]}},
    {"type": "Feature", "properties": {"name": "Water well", "description": "Recorded use: domestic", "Use": "Household", "Depth (feet)": 334.0, "Completed": 2016, "Work": "New Well", "State report number": "502078"}, "geometry": {"type": "Point", "coordinates": [-95.89105, 30.654933]}},
    {"type": "Feature", "properties": {"name": "Water well", "description": "Recorded use: domestic", "Use": "Household", "Depth (feet)": 210.0, "Completed": 2017, "Work": "New Well", "State report number": "502082"}, "geometry": {"type": "Point", "coordinates": [-95.899133, 30.6583]}},
    {"type": "Feature", "properties": {"name": "Water well", "description": "Recorded use: domestic", "Use": "Household", "Depth (feet)": 320.0, "Completed": 2017, "Work": "New Well", "State report number": "502086"}, "geometry": {"type": "Point", "coordinates": [-95.896133, 30.659083]}},
    {"type": "Feature", "properties": {"name": "Water well", "description": "Recorded use: domestic", "Use": "Household", "Depth (feet)": 320.0, "Completed": 2016, "Work": "New Well", "State report number": "502090"}, "geometry": {"type": "Point", "coordinates": [-95.89475, 30.659083]}},
    {"type": "Feature", "properties": {"name": "Water well", "description": "Recorded use: domestic", "Use": "Household", "Depth (feet)": 260.0, "Completed": 2016, "Work": "New Well", "State report number": "502094"}, "geometry": {"type": "Point", "coordinates": [-95.89355, 30.6599]}},
    {"type": "Feature", "properties": {"name": "Water well", "description": "Recorded use: domestic", "Use": "Household", "Depth (feet)": 268.0, "Completed": 2016, "Work": "New Well", "State report number": "502099"}, "geometry": {"type": "Point", "coordinates": [-95.8936, 30.660417]}},
    {"type": "Feature", "properties": {"name": "Water well", "description": "Recorded use: domestic", "Use": "Household", "Depth (feet)": 290.0, "Completed": 2016, "Work": "New Well", "State report number": "502105"}, "geometry": {"type": "Point", "coordinates": [-95.893167, 30.66035]}},
    {"type": "Feature", "properties": {"name": "Water well", "description": "Recorded use: domestic", "Use": "Household", "Depth (feet)": 320.0, "Completed": 2016, "Work": "New Well", "State report number": "502111"}, "geometry": {"type": "Point", "coordinates": [-95.89205, 30.6576]}},
    {"type": "Feature", "properties": {"name": "Water well", "description": "Recorded use: domestic", "Use": "Household", "Depth (feet)": 320.0, "Completed": 2016, "Work": "New Well", "State report number": "502113"}, "geometry": {"type": "Point", "coordinates": [-95.901017, 30.6584]}},
    {"type": "Feature", "properties": {"name": "Water well", "description": "Recorded use: domestic", "Use": "Household", "Depth (feet)": 290.0, "Completed": 2016, "Work": "New Well", "State report number": "502115"}, "geometry": {"type": "Point", "coordinates": [-95.900133, 30.658167]}},
    {"type": "Feature", "properties": {"name": "Water well", "description": "Recorded use: domestic", "Use": "Household", "Depth (feet)": 320.0, "Completed": 2016, "Work": "New Well", "State report number": "502116"}, "geometry": {"type": "Point", "coordinates": [-95.9026, 30.6554]}},
    {"type": "Feature", "properties": {"name": "Water well", "description": "Recorded use: domestic", "Use": "Household", "Depth (feet)": 235.0, "Completed": 2014, "Work": "New Well", "State report number": "502444"}, "geometry": {"type": "Point", "coordinates": [-95.887433, 30.676633]}},
    {"type": "Feature", "properties": {"name": "Water well", "description": "Recorded use: domestic", "Use": "Household", "Depth (feet)": 250.0, "Completed": 2015, "Work": "New Well", "State report number": "502448"}, "geometry": {"type": "Point", "coordinates": [-95.902784, 30.676633]}},
    {"type": "Feature", "properties": {"name": "Water well", "description": "Recorded use: domestic", "Use": "Household", "Depth (feet)": 250.0, "Completed": 2015, "Work": "New Well", "State report number": "502451"}, "geometry": {"type": "Point", "coordinates": [-95.902983, 30.677283]}},
    {"type": "Feature", "properties": {"name": "Water well", "description": "Recorded use: domestic", "Use": "Household", "Depth (feet)": 210.0, "Completed": 2016, "Work": "New Well", "State report number": "502453"}, "geometry": {"type": "Point", "coordinates": [-95.902133, 30.777867]}},
    {"type": "Feature", "properties": {"name": "Water well", "description": "Recorded use: domestic", "Use": "Household", "Depth (feet)": 250.0, "Completed": 2014, "Work": "New Well", "State report number": "502456"}, "geometry": {"type": "Point", "coordinates": [-95.901167, 30.6742]}},
    {"type": "Feature", "properties": {"name": "Water well", "description": "Recorded use: domestic", "Use": "Household", "Depth (feet)": 240.0, "Completed": 2014, "Work": "New Well", "State report number": "502457"}, "geometry": {"type": "Point", "coordinates": [-95.901733, 30.704517]}},
    {"type": "Feature", "properties": {"name": "Water well", "description": "Recorded use: domestic", "Use": "Household", "Depth (feet)": 250.0, "Completed": 2014, "Work": "New Well", "State report number": "502463"}, "geometry": {"type": "Point", "coordinates": [-95.9016, 30.67]}},
    {"type": "Feature", "properties": {"name": "Water well", "description": "Recorded use: domestic", "Use": "Household", "Depth (feet)": 280.0, "Completed": 2014, "Work": "New Well", "State report number": "502467"}, "geometry": {"type": "Point", "coordinates": [-95.900783, 30.6686]}},
    {"type": "Feature", "properties": {"name": "Water well", "description": "Recorded use: domestic", "Use": "Household", "Depth (feet)": 320.0, "Completed": 2016, "Work": "New Well", "State report number": "502472"}, "geometry": {"type": "Point", "coordinates": [-95.900493, 30.667402]}},
    {"type": "Feature", "properties": {"name": "Water well", "description": "Recorded use: domestic", "Use": "Household", "Depth (feet)": 240.0, "Completed": 2014, "Work": "New Well", "State report number": "502474"}, "geometry": {"type": "Point", "coordinates": [-95.89965, 30.666183]}},
    {"type": "Feature", "properties": {"name": "Water well", "description": "Recorded use: domestic", "Use": "Household", "Depth (feet)": 240.0, "Completed": 2014, "Work": "New Well", "State report number": "502477"}, "geometry": {"type": "Point", "coordinates": [-95.89965, 30.666183]}},
    {"type": "Feature", "properties": {"name": "Water well", "description": "Recorded use: domestic", "Use": "Household", "Depth (feet)": 230.0, "Completed": 2015, "Work": "New Well", "State report number": "502478"}, "geometry": {"type": "Point", "coordinates": [-95.899083, 30.66455]}},
    {"type": "Feature", "properties": {"name": "Water well", "description": "Recorded use: domestic", "Use": "Household", "Depth (feet)": 290.0, "Completed": 2014, "Work": "New Well", "State report number": "502479"}, "geometry": {"type": "Point", "coordinates": [-95.899117, 30.66375]}},
    {"type": "Feature", "properties": {"name": "Water well", "description": "Recorded use: domestic", "Use": "Household", "Depth (feet)": 280.0, "Completed": 2016, "Work": "New Well", "State report number": "502482"}, "geometry": {"type": "Point", "coordinates": [-95.89265, 30.659433]}},
    {"type": "Feature", "properties": {"name": "Water well", "description": "Recorded use: domestic", "Use": "Household", "Depth (feet)": 340.0, "Completed": 2019, "Work": "New Well", "State report number": "502625"}, "geometry": {"type": "Point", "coordinates": [-96.023889, 30.471389]}},
    {"type": "Feature", "properties": {"name": "Water well", "description": "Recorded use: domestic", "Use": "Household", "Depth (feet)": 610.0, "Completed": 2017, "Work": "New Well", "State report number": "503323"}, "geometry": {"type": "Point", "coordinates": [-95.9368, 30.541376]}},
    {"type": "Feature", "properties": {"name": "Water well", "description": "Recorded use: domestic", "Use": "Household", "Depth (feet)": 595.0, "Completed": 2017, "Work": "New Well", "State report number": "503325"}, "geometry": {"type": "Point", "coordinates": [-95.838661, 30.59111]}},
    {"type": "Feature", "properties": {"name": "Water well", "description": "Recorded use: domestic", "Use": "Household", "Depth (feet)": 195.0, "Completed": 2019, "Work": "New Well", "State report number": "503988"}, "geometry": {"type": "Point", "coordinates": [-95.859283, 30.269417]}},
    {"type": "Feature", "properties": {"name": "Water well", "description": "Recorded use: domestic", "Use": "Household", "Depth (feet)": 285.0, "Completed": 2019, "Work": "New Well", "State report number": "504357"}, "geometry": {"type": "Point", "coordinates": [-95.859953, 30.31119]}},
    {"type": "Feature", "properties": {"name": "Water well", "description": "Recorded use: domestic", "Use": "Household", "Depth (feet)": 410.0, "Completed": 2018, "Work": "New Well", "State report number": "504649"}, "geometry": {"type": "Point", "coordinates": [-95.91736, 30.247022]}},
    {"type": "Feature", "properties": {"name": "Water well", "description": "Recorded use: domestic", "Use": "Household", "Depth (feet)": 385.0, "Completed": 2018, "Work": "New Well", "State report number": "504847"}, "geometry": {"type": "Point", "coordinates": [-96.04586, 30.49809]}},
    {"type": "Feature", "properties": {"name": "Water well", "description": "Recorded use: domestic", "Use": "Household", "Depth (feet)": 305.0, "Completed": 2019, "Work": "New Well", "State report number": "504925"}, "geometry": {"type": "Point", "coordinates": [-96.06889, 30.52196]}},
    {"type": "Feature", "properties": {"name": "Water well", "description": "Recorded use: domestic", "Use": "Household", "Depth (feet)": 325.0, "Completed": 2019, "Work": "New Well", "State report number": "504940"}, "geometry": {"type": "Point", "coordinates": [-95.90077, 30.45798]}},
    {"type": "Feature", "properties": {"name": "Water well", "description": "Recorded use: domestic", "Use": "Household", "Depth (feet)": 80.0, "Completed": 2019, "Work": "New Well", "State report number": "505051"}, "geometry": {"type": "Point", "coordinates": [-95.916467, 30.248246]}},
    {"type": "Feature", "properties": {"name": "Water well", "description": "Recorded use: domestic", "Use": "Household", "Depth (feet)": 240.0, "Completed": 2019, "Work": "New Well", "State report number": "505059"}, "geometry": {"type": "Point", "coordinates": [-95.854787, 30.246005]}},
    {"type": "Feature", "properties": {"name": "Water well", "description": "Recorded use: domestic", "Use": "Household", "Depth (feet)": 325.0, "Completed": 2019, "Work": "New Well", "State report number": "505415"}, "geometry": {"type": "Point", "coordinates": [-95.8619, 30.333]}},
    {"type": "Feature", "properties": {"name": "Water well", "description": "Recorded use: domestic", "Use": "Household", "Depth (feet)": 320.0, "Completed": 2019, "Work": "New Well", "State report number": "505562"}, "geometry": {"type": "Point", "coordinates": [-96.064101, 30.384155]}},
    {"type": "Feature", "properties": {"name": "Water well", "description": "Recorded use: domestic", "Use": "Household", "Depth (feet)": 329.0, "Completed": 2019, "Work": "New Well", "State report number": "506022"}, "geometry": {"type": "Point", "coordinates": [-96.06728, 30.41612]}},
    {"type": "Feature", "properties": {"name": "Water well", "description": "Recorded use: domestic", "Use": "Household", "Depth (feet)": 350.0, "Completed": 2019, "Work": "New Well", "State report number": "506166"}, "geometry": {"type": "Point", "coordinates": [-95.881967, 30.46855]}},
    {"type": "Feature", "properties": {"name": "Water well", "description": "Recorded use: domestic", "Use": "Household", "Depth (feet)": 220.0, "Completed": 2019, "Work": "New Well", "State report number": "506178"}, "geometry": {"type": "Point", "coordinates": [-96.049467, 30.321283]}},
    {"type": "Feature", "properties": {"name": "Water well", "description": "Recorded use: domestic", "Use": "Household", "Depth (feet)": 350.0, "Completed": 2019, "Work": "New Well", "State report number": "506192"}, "geometry": {"type": "Point", "coordinates": [-95.8148, 30.299933]}},
    {"type": "Feature", "properties": {"name": "Water well", "description": "Recorded use: domestic", "Use": "Household", "Depth (feet)": 400.0, "Completed": 2018, "Work": "New Well", "State report number": "506365"}, "geometry": {"type": "Point", "coordinates": [-95.858069, 30.457835]}},
    {"type": "Feature", "properties": {"name": "Water well", "description": "Recorded use: domestic", "Use": "Household", "Depth (feet)": 490.0, "Completed": 2018, "Work": "New Well", "State report number": "506422"}, "geometry": {"type": "Point", "coordinates": [-95.878195, 30.404048]}},
    {"type": "Feature", "properties": {"name": "Water well", "description": "Recorded use: rig supply", "Use": "Industrial or drilling supply", "Depth (feet)": 310.0, "Completed": 2019, "Work": "New Well", "State report number": "506619"}, "geometry": {"type": "Point", "coordinates": [-96.119222, 30.542444]}},
    {"type": "Feature", "properties": {"name": "Water well", "description": "Recorded use: rig supply", "Use": "Industrial or drilling supply", "Depth (feet)": 1210.0, "Completed": 2019, "Work": "New Well", "State report number": "506676"}, "geometry": {"type": "Point", "coordinates": [-96.119278, 30.541167]}},
    {"type": "Feature", "properties": {"name": "Water well", "description": "Recorded use: domestic", "Use": "Household", "Depth (feet)": 145.0, "Completed": 2019, "Work": "New Well", "State report number": "507089"}, "geometry": {"type": "Point", "coordinates": [-95.907, 30.291306]}},
    {"type": "Feature", "properties": {"name": "Water well", "description": "Recorded use: domestic", "Use": "Household", "Depth (feet)": 255.0, "Completed": 2019, "Work": "New Well", "State report number": "507654"}, "geometry": {"type": "Point", "coordinates": [-95.864661, 30.248074]}},
    {"type": "Feature", "properties": {"name": "Water well", "description": "Recorded use: domestic", "Use": "Household", "Depth (feet)": 180.0, "Completed": 2019, "Work": "New Well", "State report number": "508355"}, "geometry": {"type": "Point", "coordinates": [-95.8965, 30.74645]}},
    {"type": "Feature", "properties": {"name": "Water well", "description": "Recorded use: domestic", "Use": "Household", "Depth (feet)": 270.0, "Completed": 2019, "Work": "New Well", "State report number": "508359"}, "geometry": {"type": "Point", "coordinates": [-95.838383, 30.591783]}},
    {"type": "Feature", "properties": {"name": "Water well", "description": "Recorded use: domestic", "Use": "Household", "Depth (feet)": 205.0, "Completed": 2019, "Work": "New Well", "State report number": "508481"}, "geometry": {"type": "Point", "coordinates": [-95.991945, 30.59722]}},
    {"type": "Feature", "properties": {"name": "Water well", "description": "Recorded use: domestic", "Use": "Household", "Depth (feet)": 155.0, "Completed": 2018, "Work": "New Well", "State report number": "509155"}, "geometry": {"type": "Point", "coordinates": [-95.903922, 30.250104]}},
    {"type": "Feature", "properties": {"name": "Water well", "description": "Recorded use: stock", "Use": "Livestock or irrigation", "Depth (feet)": 340.0, "Completed": 2019, "Work": "New Well", "State report number": "509296"}, "geometry": {"type": "Point", "coordinates": [-96.014167, 30.810278]}},
    {"type": "Feature", "properties": {"name": "Water well", "description": "Recorded use: stock", "Use": "Livestock or irrigation", "Depth (feet)": 395.0, "Completed": 2019, "Work": "New Well", "State report number": "509492"}, "geometry": {"type": "Point", "coordinates": [-95.931, 30.3369]}},
    {"type": "Feature", "properties": {"name": "Water well", "description": "Recorded use: domestic", "Use": "Household", "Depth (feet)": 235.0, "Completed": 2019, "Work": "New Well", "State report number": "510072"}, "geometry": {"type": "Point", "coordinates": [-95.87535, 30.254883]}},
    {"type": "Feature", "properties": {"name": "Water well", "description": "Recorded use: domestic", "Use": "Household", "Depth (feet)": 265.0, "Completed": 2019, "Work": "New Well", "State report number": "510668"}, "geometry": {"type": "Point", "coordinates": [-95.986324, 30.591708]}},
    {"type": "Feature", "properties": {"name": "Water well", "description": "Recorded use: domestic", "Use": "Household", "Depth (feet)": 370.0, "Completed": 2019, "Work": "New Well", "State report number": "510790"}, "geometry": {"type": "Point", "coordinates": [-96.0416, 30.5062]}},
    {"type": "Feature", "properties": {"name": "Water well", "description": "Recorded use: domestic", "Use": "Household", "Depth (feet)": 470.0, "Completed": 2019, "Work": "New Well", "State report number": "510797"}, "geometry": {"type": "Point", "coordinates": [-95.91898, 30.46206]}},
    {"type": "Feature", "properties": {"name": "Well or boring", "description": "Recorded use: monitor", "Use": "Monitoring, testing or other", "Depth (feet)": 47.0, "Completed": 2019, "Work": "New Well", "State report number": "510868"}, "geometry": {"type": "Point", "coordinates": [-96.060074, 30.611943]}},
    {"type": "Feature", "properties": {"name": "Well or boring", "description": "Recorded use: monitor", "Use": "Monitoring, testing or other", "Depth (feet)": 23.0, "Completed": 2019, "Work": "New Well", "State report number": "510872"}, "geometry": {"type": "Point", "coordinates": [-96.059851, 30.611782]}},
    {"type": "Feature", "properties": {"name": "Water well", "description": "Recorded use: domestic", "Use": "Household", "Depth (feet)": 405.0, "Completed": 2019, "Work": "New Well", "State report number": "510880"}, "geometry": {"type": "Point", "coordinates": [-95.943, 30.34]}},
    {"type": "Feature", "properties": {"name": "Water well", "description": "Recorded use: domestic", "Use": "Household", "Depth (feet)": 146.0, "Completed": 2019, "Work": "New Well", "State report number": "510884"}, "geometry": {"type": "Point", "coordinates": [-95.923973, 30.287207]}},
    {"type": "Feature", "properties": {"name": "Water well", "description": "Recorded use: domestic", "Use": "Household", "Depth (feet)": 440.0, "Completed": 2019, "Work": "New Well", "State report number": "510978"}, "geometry": {"type": "Point", "coordinates": [-96.095278, 30.805]}},
    {"type": "Feature", "properties": {"name": "Water well", "description": "Recorded use: domestic", "Use": "Household", "Depth (feet)": 245.0, "Completed": 2019, "Work": "New Well", "State report number": "511129"}, "geometry": {"type": "Point", "coordinates": [-95.86905, 30.422967]}},
    {"type": "Feature", "properties": {"name": "Water well", "description": "Recorded use: domestic", "Use": "Household", "Depth (feet)": 445.0, "Completed": 2019, "Work": "New Well", "State report number": "511259"}, "geometry": {"type": "Point", "coordinates": [-95.880072, 30.585589]}},
    {"type": "Feature", "properties": {"name": "Well or boring", "description": "Recorded use: monitor", "Use": "Monitoring, testing or other", "Depth (feet)": 25.0, "Completed": 2019, "Work": "New Well", "Plugged": "Yes", "State report number": "511550"}, "geometry": {"type": "Point", "coordinates": [-96.0624, 30.361233]}},
    {"type": "Feature", "properties": {"name": "Water well", "description": "Recorded use: domestic", "Use": "Household", "Depth (feet)": 480.0, "Completed": 2019, "Work": "New Well", "State report number": "511737"}, "geometry": {"type": "Point", "coordinates": [-95.870461, 30.846656]}},
    {"type": "Feature", "properties": {"name": "Water well", "description": "Recorded use: domestic", "Use": "Household", "Depth (feet)": 80.0, "Completed": 2019, "Work": "New Well", "State report number": "511941"}, "geometry": {"type": "Point", "coordinates": [-95.8413, 30.6947]}},
    {"type": "Feature", "properties": {"name": "Water well", "description": "Recorded use: domestic", "Use": "Household", "Depth (feet)": 367.0, "Completed": 2019, "Work": "New Well", "State report number": "512123"}, "geometry": {"type": "Point", "coordinates": [-95.877758, 30.593889]}},
    {"type": "Feature", "properties": {"name": "Water well", "description": "Recorded use: rig supply", "Use": "Industrial or drilling supply", "Depth (feet)": 530.0, "Completed": 2019, "Work": "New Well", "State report number": "513013"}, "geometry": {"type": "Point", "coordinates": [-96.012778, 30.734444]}},
    {"type": "Feature", "properties": {"name": "Water well", "description": "Recorded use: domestic", "Use": "Household", "Depth (feet)": 350.0, "Completed": 2019, "Work": "New Well", "State report number": "514459"}, "geometry": {"type": "Point", "coordinates": [-95.86505, 30.2887]}},
    {"type": "Feature", "properties": {"name": "Water well", "description": "Recorded use: domestic", "Use": "Household", "Depth (feet)": 320.0, "Completed": 2019, "Work": "New Well", "State report number": "514643"}, "geometry": {"type": "Point", "coordinates": [-96.019035, 30.242265]}},
    {"type": "Feature", "properties": {"name": "Water well", "description": "Recorded use: domestic", "Use": "Household", "Depth (feet)": 390.0, "Completed": 2019, "Work": "New Well", "State report number": "514674"}, "geometry": {"type": "Point", "coordinates": [-96.093333, 30.803056]}},
    {"type": "Feature", "properties": {"name": "Water well", "description": "Recorded use: domestic", "Use": "Household", "Depth (feet)": 680.0, "Completed": 2019, "Work": "New Well", "State report number": "514943"}, "geometry": {"type": "Point", "coordinates": [-96.03759, 30.48197]}},
    {"type": "Feature", "properties": {"name": "Water well", "description": "Recorded use: domestic", "Use": "Household", "Depth (feet)": 405.0, "Completed": 2019, "Work": "New Well", "State report number": "515728"}, "geometry": {"type": "Point", "coordinates": [-96.038733, 30.499117]}},
    {"type": "Feature", "properties": {"name": "Water well", "description": "Recorded use: domestic", "Use": "Household", "Depth (feet)": 540.0, "Completed": 2019, "Work": "New Well", "State report number": "515770"}, "geometry": {"type": "Point", "coordinates": [-95.95295, 30.50695]}},
    {"type": "Feature", "properties": {"name": "Water well", "description": "Recorded use: domestic", "Use": "Household", "Depth (feet)": 106.0, "Completed": 2019, "Work": "New Well", "State report number": "515856"}, "geometry": {"type": "Point", "coordinates": [-95.921227, 30.251402]}},
    {"type": "Feature", "properties": {"name": "Water well", "description": "Recorded use: domestic", "Use": "Household", "Depth (feet)": 86.0, "Completed": 2019, "Work": "New Well", "State report number": "515861"}, "geometry": {"type": "Point", "coordinates": [-95.922344, 30.251608]}},
    {"type": "Feature", "properties": {"name": "Water well", "description": "Recorded use: domestic", "Use": "Household", "Depth (feet)": 97.0, "Completed": 2019, "Work": "New Well", "State report number": "515866"}, "geometry": {"type": "Point", "coordinates": [-95.9213, 30.2511]}},
    {"type": "Feature", "properties": {"name": "Water well", "description": "Recorded use: domestic", "Use": "Household", "Depth (feet)": 484.0, "Completed": 2019, "Work": "New Well", "State report number": "515870"}, "geometry": {"type": "Point", "coordinates": [-95.875748, 30.402115]}},
    {"type": "Feature", "properties": {"name": "Water well", "description": "Recorded use: domestic", "Use": "Household", "Depth (feet)": 350.0, "Completed": 2019, "Work": "New Well", "State report number": "515903"}, "geometry": {"type": "Point", "coordinates": [-96.056128, 30.347016]}},
    {"type": "Feature", "properties": {"name": "Water well", "description": "Recorded use: domestic", "Use": "Household", "Depth (feet)": 320.0, "Completed": 2019, "Work": "New Well", "State report number": "516673"}, "geometry": {"type": "Point", "coordinates": [-95.936389, 30.783889]}},
    {"type": "Feature", "properties": {"name": "Water well", "description": "Recorded use: domestic", "Use": "Household", "Depth (feet)": 205.0, "Completed": 2019, "Work": "New Well", "State report number": "516817"}, "geometry": {"type": "Point", "coordinates": [-95.847833, 30.416833]}},
    {"type": "Feature", "properties": {"name": "Water well", "description": "Recorded use: domestic", "Use": "Household", "Depth (feet)": 300.0, "Completed": 2019, "Work": "New Well", "State report number": "517168"}, "geometry": {"type": "Point", "coordinates": [-95.8564, 30.5601]}},
    {"type": "Feature", "properties": {"name": "Water well", "description": "Recorded use: domestic", "Use": "Household", "Depth (feet)": 320.0, "Completed": 2017, "Work": "New Well", "State report number": "517583"}, "geometry": {"type": "Point", "coordinates": [-95.9628, 30.659083]}},
    {"type": "Feature", "properties": {"name": "Water well", "description": "Recorded use: domestic", "Use": "Household", "Depth (feet)": 320.0, "Completed": 2016, "Work": "New Well", "State report number": "517585"}, "geometry": {"type": "Point", "coordinates": [-95.9026, 30.6554]}},
    {"type": "Feature", "properties": {"name": "Water well", "description": "Recorded use: domestic", "Use": "Household", "Depth (feet)": 295.0, "Completed": 2016, "Work": "New Well", "State report number": "517587"}, "geometry": {"type": "Point", "coordinates": [-95.900133, 30.658167]}},
    {"type": "Feature", "properties": {"name": "Water well", "description": "Recorded use: domestic", "Use": "Household", "Depth (feet)": 320.0, "Completed": 2016, "Work": "New Well", "State report number": "517588"}, "geometry": {"type": "Point", "coordinates": [-95.901017, 30.6584]}},
    {"type": "Feature", "properties": {"name": "Water well", "description": "Recorded use: domestic", "Use": "Household", "Depth (feet)": 320.0, "Completed": 2016, "Work": "New Well", "State report number": "517590"}, "geometry": {"type": "Point", "coordinates": [-95.89205, 30.6576]}},
    {"type": "Feature", "properties": {"name": "Water well", "description": "Recorded use: domestic", "Use": "Household", "Depth (feet)": 290.0, "Completed": 2016, "Work": "New Well", "State report number": "517591"}, "geometry": {"type": "Point", "coordinates": [-95.893167, 30.66035]}},
    {"type": "Feature", "properties": {"name": "Water well", "description": "Recorded use: domestic", "Use": "Household", "Depth (feet)": 268.0, "Completed": 2016, "Work": "New Well", "State report number": "517592"}, "geometry": {"type": "Point", "coordinates": [-95.8936, 30.660417]}},
    {"type": "Feature", "properties": {"name": "Water well", "description": "Recorded use: domestic", "Use": "Household", "Depth (feet)": 340.0, "Completed": 2016, "Work": "New Well", "State report number": "517594"}, "geometry": {"type": "Point", "coordinates": [-95.89475, 30.659083]}},
    {"type": "Feature", "properties": {"name": "Water well", "description": "Recorded use: domestic", "Use": "Household", "Depth (feet)": 210.0, "Completed": 2017, "Work": "New Well", "State report number": "517596"}, "geometry": {"type": "Point", "coordinates": [-95.889133, 30.658267]}},
    {"type": "Feature", "properties": {"name": "Water well", "description": "Recorded use: domestic", "Use": "Household", "Depth (feet)": 334.0, "Completed": 2016, "Work": "New Well", "State report number": "517598"}, "geometry": {"type": "Point", "coordinates": [-95.89105, 30.654933]}},
    {"type": "Feature", "properties": {"name": "Water well", "description": "Recorded use: domestic", "Use": "Household", "Depth (feet)": 380.0, "Completed": 2017, "Work": "New Well", "State report number": "517609"}, "geometry": {"type": "Point", "coordinates": [-95.89165, 30.65565]}},
    {"type": "Feature", "properties": {"name": "Water well", "description": "Recorded use: domestic", "Use": "Household", "Depth (feet)": 260.0, "Completed": 2016, "Work": "New Well", "State report number": "517612"}, "geometry": {"type": "Point", "coordinates": [-95.89355, 30.6599]}},
    {"type": "Feature", "properties": {"name": "Water well", "description": "Recorded use: domestic", "Use": "Household", "Depth (feet)": 360.0, "Completed": 2017, "Work": "New Well", "State report number": "517613"}, "geometry": {"type": "Point", "coordinates": [-95.894533, 30.65595]}},
    {"type": "Feature", "properties": {"name": "Water well", "description": "Recorded use: domestic", "Use": "Household", "Depth (feet)": 210.0, "Completed": 2016, "Work": "New Well", "State report number": "517617"}, "geometry": {"type": "Point", "coordinates": [-95.901983, 30.6778]}},
    {"type": "Feature", "properties": {"name": "Water well", "description": "Recorded use: domestic", "Use": "Household", "Depth (feet)": 210.0, "Completed": 2016, "Work": "New Well", "State report number": "517619"}, "geometry": {"type": "Point", "coordinates": [-95.902467, 30.6773]}},
    {"type": "Feature", "properties": {"name": "Water well", "description": "Recorded use: domestic", "Use": "Household", "Depth (feet)": 250.0, "Completed": 2019, "Work": "New Well", "State report number": "517892"}, "geometry": {"type": "Point", "coordinates": [-95.848056, 30.244722]}},
    {"type": "Feature", "properties": {"name": "Water well", "description": "Recorded use: domestic", "Use": "Household", "Depth (feet)": 495.0, "Completed": 2019, "Work": "New Well", "State report number": "518840"}, "geometry": {"type": "Point", "coordinates": [-95.875114, 30.47669]}},
    {"type": "Feature", "properties": {"name": "Water well", "description": "Recorded use: domestic", "Use": "Household", "Depth (feet)": 280.0, "Completed": 2019, "Work": "New Well", "State report number": "518919"}, "geometry": {"type": "Point", "coordinates": [-95.876389, 30.588333]}},
    {"type": "Feature", "properties": {"name": "Water well", "description": "Recorded use: domestic", "Use": "Household", "Depth (feet)": 365.0, "Completed": 2019, "Work": "Replacement", "State report number": "519212"}, "geometry": {"type": "Point", "coordinates": [-95.9, 30.321667]}},
    {"type": "Feature", "properties": {"name": "Water well", "description": "Recorded use: domestic", "Use": "Household", "Depth (feet)": 200.0, "Completed": 2019, "Work": "New Well", "State report number": "519265"}, "geometry": {"type": "Point", "coordinates": [-95.818898, 30.250001]}},
    {"type": "Feature", "properties": {"name": "Water well", "description": "Recorded use: domestic", "Use": "Household", "Depth (feet)": 205.0, "Completed": 2019, "Work": "New Well", "State report number": "519278"}, "geometry": {"type": "Point", "coordinates": [-95.865633, 30.411685]}},
    {"type": "Feature", "properties": {"name": "Water well", "description": "Recorded use: domestic", "Use": "Household", "Depth (feet)": 170.0, "Completed": 2019, "Work": "New Well", "State report number": "519351"}, "geometry": {"type": "Point", "coordinates": [-95.92995, 30.29005]}},
    {"type": "Feature", "properties": {"name": "Water well", "description": "Recorded use: domestic", "Use": "Household", "Depth (feet)": 260.0, "Completed": 2019, "Work": "New Well", "State report number": "519405"}, "geometry": {"type": "Point", "coordinates": [-95.944444, 30.850556]}},
    {"type": "Feature", "properties": {"name": "Water well", "description": "Recorded use: domestic", "Use": "Household", "Depth (feet)": 165.0, "Completed": 2019, "Work": "New Well", "State report number": "519535"}, "geometry": {"type": "Point", "coordinates": [-95.90245, 30.2446]}},
    {"type": "Feature", "properties": {"name": "Water well", "description": "Recorded use: domestic", "Use": "Household", "Depth (feet)": 210.0, "Completed": 2019, "Work": "New Well", "State report number": "520085"}, "geometry": {"type": "Point", "coordinates": [-95.916389, 30.246389]}},
    {"type": "Feature", "properties": {"name": "Water well", "description": "Recorded use: domestic", "Use": "Household", "Depth (feet)": 200.0, "Completed": 2019, "Work": "New Well", "State report number": "520701"}, "geometry": {"type": "Point", "coordinates": [-95.866434, 30.407812]}},
    {"type": "Feature", "properties": {"name": "Water well", "description": "Recorded use: domestic", "Use": "Household", "Depth (feet)": 245.0, "Completed": 2019, "Work": "New Well", "State report number": "520929"}, "geometry": {"type": "Point", "coordinates": [-95.979309, 30.494808]}},
    {"type": "Feature", "properties": {"name": "Water well", "description": "Recorded use: domestic", "Use": "Household", "Depth (feet)": 260.0, "Completed": 2019, "Work": "New Well", "State report number": "520946"}, "geometry": {"type": "Point", "coordinates": [-95.90878, 30.65247]}},
    {"type": "Feature", "properties": {"name": "Water well", "description": "Recorded use: domestic", "Use": "Household", "Depth (feet)": 265.0, "Completed": 2019, "Work": "New Well", "State report number": "521522"}, "geometry": {"type": "Point", "coordinates": [-95.979309, 30.494808]}},
    {"type": "Feature", "properties": {"name": "Water well", "description": "Recorded use: domestic", "Use": "Household", "Depth (feet)": 245.0, "Completed": 2019, "Work": "New Well", "State report number": "522134"}, "geometry": {"type": "Point", "coordinates": [-95.867012, 30.250542]}},
    {"type": "Feature", "properties": {"name": "Water well", "description": "Recorded use: domestic", "Use": "Household", "Depth (feet)": 180.0, "Completed": 2019, "Work": "New Well", "State report number": "522197"}, "geometry": {"type": "Point", "coordinates": [-95.929571, 30.286666]}},
    {"type": "Feature", "properties": {"name": "Water well", "description": "Recorded use: domestic", "Use": "Household", "Depth (feet)": 250.0, "Completed": 2019, "Work": "New Well", "State report number": "522315"}, "geometry": {"type": "Point", "coordinates": [-95.868583, 30.253104]}},
    {"type": "Feature", "properties": {"name": "Water well", "description": "Recorded use: domestic", "Use": "Household", "Depth (feet)": 170.0, "Completed": 2019, "Work": "New Well", "State report number": "522321"}, "geometry": {"type": "Point", "coordinates": [-95.890817, 30.4111]}},
    {"type": "Feature", "properties": {"name": "Water well", "description": "Recorded use: domestic", "Use": "Household", "Depth (feet)": 300.0, "Completed": 2019, "Work": "New Well", "State report number": "523022"}, "geometry": {"type": "Point", "coordinates": [-95.873955, 30.474999]}},
    {"type": "Feature", "properties": {"name": "Water well", "description": "Recorded use: domestic", "Use": "Household", "Depth (feet)": 130.0, "Completed": 2019, "Work": "New Well", "State report number": "523025"}, "geometry": {"type": "Point", "coordinates": [-95.926697, 30.250042]}},
    {"type": "Feature", "properties": {"name": "Water well", "description": "Recorded use: domestic", "Use": "Household", "Depth (feet)": 280.0, "Completed": 2019, "Work": "New Well", "State report number": "523797"}, "geometry": {"type": "Point", "coordinates": [-95.875556, 30.853889]}},
    {"type": "Feature", "properties": {"name": "Water well", "description": "Recorded use: domestic", "Use": "Household", "Depth (feet)": 195.0, "Completed": 2019, "Work": "New Well", "State report number": "524469"}, "geometry": {"type": "Point", "coordinates": [-95.92857, 30.528468]}},
    {"type": "Feature", "properties": {"name": "Water well", "description": "Recorded use: stock", "Use": "Livestock or irrigation", "Depth (feet)": 80.0, "Completed": 2019, "Work": "New Well", "State report number": "524473"}, "geometry": {"type": "Point", "coordinates": [-96.0759, 30.3643]}},
    {"type": "Feature", "properties": {"name": "Water well", "description": "Recorded use: domestic", "Use": "Household", "Depth (feet)": 454.0, "Completed": 2019, "Work": "New Well", "State report number": "524474"}, "geometry": {"type": "Point", "coordinates": [-96.0387, 30.4801]}},
    {"type": "Feature", "properties": {"name": "Water well", "description": "Recorded use: domestic", "Use": "Household", "Depth (feet)": 200.0, "Completed": 2019, "Work": "New Well", "State report number": "524879"}, "geometry": {"type": "Point", "coordinates": [-96.0899, 30.488]}},
    {"type": "Feature", "properties": {"name": "Water well", "description": "Recorded use: domestic", "Use": "Household", "Depth (feet)": 355.0, "Completed": 2019, "Work": "New Well", "State report number": "524880"}, "geometry": {"type": "Point", "coordinates": [-96.031884, 30.391082]}},
    {"type": "Feature", "properties": {"name": "Water well", "description": "Recorded use: domestic", "Use": "Household", "Depth (feet)": 265.0, "Completed": 2019, "Work": "New Well", "State report number": "525221"}, "geometry": {"type": "Point", "coordinates": [-95.864909, 30.247819]}},
    {"type": "Feature", "properties": {"name": "Water well", "description": "Recorded use: domestic", "Use": "Household", "Depth (feet)": 420.0, "Completed": 2019, "Work": "New Well", "State report number": "525598"}, "geometry": {"type": "Point", "coordinates": [-95.87286, 30.34983]}},
    {"type": "Feature", "properties": {"name": "Water well", "description": "Recorded use: domestic", "Use": "Household", "Depth (feet)": 310.0, "Completed": 2019, "Work": "New Well", "State report number": "525614"}, "geometry": {"type": "Point", "coordinates": [-95.91289, 30.50755]}},
    {"type": "Feature", "properties": {"name": "Water well", "description": "Recorded use: domestic", "Use": "Household", "Depth (feet)": 408.0, "Completed": 2019, "Work": "New Well", "State report number": "526116"}, "geometry": {"type": "Point", "coordinates": [-95.976389, 30.429167]}},
    {"type": "Feature", "properties": {"name": "Water well", "description": "Recorded use: domestic", "Use": "Household", "Depth (feet)": 440.0, "Completed": 2019, "Work": "New Well", "State report number": "526171"}, "geometry": {"type": "Point", "coordinates": [-95.911783, 30.50825]}},
    {"type": "Feature", "properties": {"name": "Water well", "description": "Recorded use: domestic", "Use": "Household", "Depth (feet)": 245.0, "Completed": 2019, "Work": "New Well", "State report number": "526471"}, "geometry": {"type": "Point", "coordinates": [-95.879048, 30.253401]}},
    {"type": "Feature", "properties": {"name": "Water well", "description": "Recorded use: irrigation", "Use": "Livestock or irrigation", "Depth (feet)": 360.0, "Completed": 2019, "Work": "New Well", "State report number": "526673"}, "geometry": {"type": "Point", "coordinates": [-95.8094, 30.295783]}},
    {"type": "Feature", "properties": {"name": "Well or boring", "description": "Recorded use: monitor", "Use": "Monitoring, testing or other", "Depth (feet)": 86.0, "Completed": 2019, "Work": "New Well", "State report number": "526730"}, "geometry": {"type": "Point", "coordinates": [-96.0964, 30.403528]}},
    {"type": "Feature", "properties": {"name": "Water well", "description": "Recorded use: domestic", "Use": "Household", "Depth (feet)": 380.0, "Completed": 2019, "Work": "New Well", "State report number": "526949"}, "geometry": {"type": "Point", "coordinates": [-95.854016, 30.44392]}},
    {"type": "Feature", "properties": {"name": "Water well", "description": "Recorded use: domestic", "Use": "Household", "Depth (feet)": 245.0, "Completed": 2019, "Work": "New Well", "State report number": "526954"}, "geometry": {"type": "Point", "coordinates": [-95.999119, 30.259222]}},
    {"type": "Feature", "properties": {"name": "Water well", "description": "Recorded use: domestic", "Use": "Household", "Depth (feet)": 253.0, "Completed": 2019, "Work": "New Well", "State report number": "527884"}, "geometry": {"type": "Point", "coordinates": [-95.9706, 30.7844]}},
    {"type": "Feature", "properties": {"name": "Water well", "description": "Recorded use: domestic", "Use": "Household", "Depth (feet)": 175.0, "Completed": 2019, "Work": "New Well", "State report number": "527999"}, "geometry": {"type": "Point", "coordinates": [-95.911267, 30.247433]}},
    {"type": "Feature", "properties": {"name": "Water well", "description": "Recorded use: domestic", "Use": "Household", "Depth (feet)": 455.0, "Completed": 2019, "Work": "New Well", "State report number": "529354"}, "geometry": {"type": "Point", "coordinates": [-95.916667, 30.794167]}},
    {"type": "Feature", "properties": {"name": "Water well", "description": "Recorded use: domestic", "Use": "Household", "Depth (feet)": 160.0, "Completed": 2019, "Work": "New Well", "State report number": "529368"}, "geometry": {"type": "Point", "coordinates": [-95.932872, 30.536083]}},
    {"type": "Feature", "properties": {"name": "Water well", "description": "Recorded use: domestic", "Use": "Household", "Depth (feet)": 122.0, "Completed": 2019, "Work": "New Well", "State report number": "529409"}, "geometry": {"type": "Point", "coordinates": [-95.911483, 30.261317]}},
    {"type": "Feature", "properties": {"name": "Water well", "description": "Recorded use: industrial", "Use": "Industrial or drilling supply", "Depth (feet)": 411.0, "Completed": 2019, "Work": "New Well", "Plugged": "Yes", "State report number": "529663"}, "geometry": {"type": "Point", "coordinates": [-95.960278, 30.352778]}},
    {"type": "Feature", "properties": {"name": "Water well", "description": "Recorded use: domestic", "Use": "Household", "Depth (feet)": 120.0, "Completed": 2019, "Work": "New Well", "State report number": "529700"}, "geometry": {"type": "Point", "coordinates": [-95.87481, 30.37888]}},
    {"type": "Feature", "properties": {"name": "Water well", "description": "Recorded use: rig supply", "Use": "Industrial or drilling supply", "Depth (feet)": 130.0, "Completed": 2019, "Work": "New Well", "State report number": "529783"}, "geometry": {"type": "Point", "coordinates": [-96.136944, 30.608611]}},
    {"type": "Feature", "properties": {"name": "Water well", "description": "Recorded use: domestic", "Use": "Household", "Depth (feet)": 151.0, "Completed": 2019, "Work": "New Well", "State report number": "529869"}, "geometry": {"type": "Point", "coordinates": [-95.896747, 30.754847]}},
    {"type": "Feature", "properties": {"name": "Water well", "description": "Recorded use: domestic", "Use": "Household", "Depth (feet)": 115.0, "Completed": 2019, "Work": "New Well", "State report number": "530324"}, "geometry": {"type": "Point", "coordinates": [-95.89395, 30.6424]}},
    {"type": "Feature", "properties": {"name": "Water well", "description": "Recorded use: domestic", "Use": "Household", "Depth (feet)": 330.0, "Completed": 2019, "Work": "New Well", "State report number": "530682"}, "geometry": {"type": "Point", "coordinates": [-95.841006, 30.642278]}},
    {"type": "Feature", "properties": {"name": "Water well", "description": "Recorded use: domestic", "Use": "Household", "Depth (feet)": 358.0, "Completed": 2019, "Work": "New Well", "State report number": "530685"}, "geometry": {"type": "Point", "coordinates": [-95.83765, 30.643792]}},
    {"type": "Feature", "properties": {"name": "Water well", "description": "Recorded use: domestic", "Use": "Household", "Depth (feet)": 340.0, "Completed": 2019, "Work": "New Well", "State report number": "531363"}, "geometry": {"type": "Point", "coordinates": [-96.137139, 30.605328]}},
    {"type": "Feature", "properties": {"name": "Water well", "description": "Recorded use: domestic", "Use": "Household", "Depth (feet)": 265.0, "Completed": 2019, "Work": "New Well", "State report number": "531555"}, "geometry": {"type": "Point", "coordinates": [-95.904605, 30.670227]}},
    {"type": "Feature", "properties": {"name": "Water well", "description": "Recorded use: domestic", "Use": "Household", "Depth (feet)": 145.0, "Completed": 2020, "Work": "New Well", "State report number": "532143"}, "geometry": {"type": "Point", "coordinates": [-95.898333, 30.277778]}},
    {"type": "Feature", "properties": {"name": "Water well", "description": "Recorded use: industrial", "Use": "Industrial or drilling supply", "Depth (feet)": 130.0, "Completed": 2019, "Work": "New Well", "State report number": "533771"}, "geometry": {"type": "Point", "coordinates": [-95.919644, 30.3225]}},
    {"type": "Feature", "properties": {"name": "Water well", "description": "Recorded use: domestic", "Use": "Household", "Depth (feet)": 255.0, "Completed": 2019, "Work": "New Well", "State report number": "534564"}, "geometry": {"type": "Point", "coordinates": [-95.857007, 30.245816]}},
    {"type": "Feature", "properties": {"name": "Water well", "description": "Recorded use: domestic", "Use": "Household", "Depth (feet)": 195.0, "Completed": 2019, "Work": "New Well", "State report number": "534565"}, "geometry": {"type": "Point", "coordinates": [-95.851785, 30.417578]}},
    {"type": "Feature", "properties": {"name": "Water well", "description": "Recorded use: domestic", "Use": "Household", "Depth (feet)": 235.0, "Completed": 2019, "Work": "New Well", "State report number": "534566"}, "geometry": {"type": "Point", "coordinates": [-95.861752, 30.252921]}},
    {"type": "Feature", "properties": {"name": "Water well", "description": "Recorded use: domestic", "Use": "Household", "Depth (feet)": 400.0, "Completed": 2019, "Work": "New Well", "State report number": "534568"}, "geometry": {"type": "Point", "coordinates": [-96.056458, 30.360327]}},
    {"type": "Feature", "properties": {"name": "Water well", "description": "Recorded use: industrial", "Use": "Industrial or drilling supply", "Depth (feet)": 130.0, "Completed": 2019, "Work": "New Well", "State report number": "534645"}, "geometry": {"type": "Point", "coordinates": [-95.916944, 30.3225]}},
    {"type": "Feature", "properties": {"name": "Water well", "description": "Recorded use: domestic", "Use": "Household", "Depth (feet)": 311.0, "Completed": 2019, "Work": "New Well", "State report number": "534866"}, "geometry": {"type": "Point", "coordinates": [-96.055669, 30.34698]}},
    {"type": "Feature", "properties": {"name": "Water well", "description": "Recorded use: domestic", "Use": "Household", "Depth (feet)": 500.0, "Completed": 2019, "Work": "New Well", "State report number": "534868"}, "geometry": {"type": "Point", "coordinates": [-96.0179, 30.3731]}},
    {"type": "Feature", "properties": {"name": "Water well", "description": "Recorded use: domestic", "Use": "Household", "Depth (feet)": 165.0, "Completed": 2019, "Work": "New Well", "State report number": "534870"}, "geometry": {"type": "Point", "coordinates": [-95.82867, 30.47351]}},
    {"type": "Feature", "properties": {"name": "Water well", "description": "Recorded use: domestic", "Use": "Household", "Depth (feet)": 365.0, "Completed": 2019, "Work": "New Well", "State report number": "534872"}, "geometry": {"type": "Point", "coordinates": [-96.0182, 30.4608]}},
    {"type": "Feature", "properties": {"name": "Water well", "description": "Recorded use: domestic", "Use": "Household", "Depth (feet)": 490.0, "Completed": 2020, "Work": "New Well", "State report number": "534874"}, "geometry": {"type": "Point", "coordinates": [-96.028, 30.4254]}},
    {"type": "Feature", "properties": {"name": "Water well", "description": "Recorded use: domestic", "Use": "Household", "Depth (feet)": 480.0, "Completed": 2019, "Work": "New Well", "State report number": "534875"}, "geometry": {"type": "Point", "coordinates": [-96.036, 30.3731]}},
    {"type": "Feature", "properties": {"name": "Water well", "description": "Recorded use: domestic", "Use": "Household", "Depth (feet)": 130.0, "Completed": 2020, "Work": "New Well", "State report number": "534876"}, "geometry": {"type": "Point", "coordinates": [-95.9265, 30.2512]}},
    {"type": "Feature", "properties": {"name": "Water well", "description": "Recorded use: domestic", "Use": "Household", "Depth (feet)": 255.0, "Completed": 2019, "Work": "New Well", "State report number": "535146"}, "geometry": {"type": "Point", "coordinates": [-95.856033, 30.249183]}},
    {"type": "Feature", "properties": {"name": "Water well", "description": "Recorded use: domestic", "Use": "Household", "Depth (feet)": 400.0, "Completed": 2020, "Work": "New Well", "State report number": "535219"}, "geometry": {"type": "Point", "coordinates": [-95.854783, 30.453083]}},
    {"type": "Feature", "properties": {"name": "Water well", "description": "Recorded use: domestic", "Use": "Household", "Depth (feet)": 280.0, "Completed": 2020, "Work": "New Well", "State report number": "535512"}, "geometry": {"type": "Point", "coordinates": [-96.00747, 30.23956]}},
    {"type": "Feature", "properties": {"name": "Water well", "description": "Recorded use: domestic", "Use": "Household", "Depth (feet)": 425.0, "Completed": 2020, "Work": "New Well", "State report number": "535589"}, "geometry": {"type": "Point", "coordinates": [-95.84318, 30.6788]}},
    {"type": "Feature", "properties": {"name": "Well or boring", "description": "Recorded use: monitor", "Use": "Monitoring, testing or other", "Depth (feet)": 25.0, "Completed": 2019, "Work": "New Well", "State report number": "536037"}, "geometry": {"type": "Point", "coordinates": [-96.138491, 30.60852]}},
    {"type": "Feature", "properties": {"name": "Well or boring", "description": "Recorded use: monitor", "Use": "Monitoring, testing or other", "Depth (feet)": 50.0, "Completed": 2019, "Work": "New Well", "State report number": "536038"}, "geometry": {"type": "Point", "coordinates": [-96.136911, 30.609378]}},
    {"type": "Feature", "properties": {"name": "Well or boring", "description": "Recorded use: monitor", "Use": "Monitoring, testing or other", "Depth (feet)": 45.0, "Completed": 2019, "Work": "New Well", "State report number": "536039"}, "geometry": {"type": "Point", "coordinates": [-96.131898, 30.609383]}},
    {"type": "Feature", "properties": {"name": "Well or boring", "description": "Recorded use: monitor", "Use": "Monitoring, testing or other", "Depth (feet)": 40.0, "Completed": 2019, "Work": "New Well", "State report number": "536059"}, "geometry": {"type": "Point", "coordinates": [-96.131494, 30.607175]}},
    {"type": "Feature", "properties": {"name": "Well or boring", "description": "Recorded use: monitor", "Use": "Monitoring, testing or other", "Depth (feet)": 55.0, "Completed": 2019, "Work": "New Well", "State report number": "536076"}, "geometry": {"type": "Point", "coordinates": [-96.132682, 30.604606]}},
    {"type": "Feature", "properties": {"name": "Well or boring", "description": "Recorded use: monitor", "Use": "Monitoring, testing or other", "Depth (feet)": 40.0, "Completed": 2019, "Work": "New Well", "State report number": "536077"}, "geometry": {"type": "Point", "coordinates": [-96.139514, 30.605538]}},
    {"type": "Feature", "properties": {"name": "Well or boring", "description": "Recorded use: other", "Use": "Monitoring, testing or other", "Depth (feet)": 458.0, "Completed": 2020, "Work": "Replacement", "State report number": "536506"}, "geometry": {"type": "Point", "coordinates": [-96.050544, 30.796833]}},
    {"type": "Feature", "properties": {"name": "Water well", "description": "Recorded use: domestic", "Use": "Household", "Depth (feet)": 305.0, "Completed": 2020, "Work": "New Well", "State report number": "538919"}, "geometry": {"type": "Point", "coordinates": [-96.0315, 30.317]}},
    {"type": "Feature", "properties": {"name": "Water well", "description": "Recorded use: domestic", "Use": "Household", "Depth (feet)": 420.0, "Completed": 2020, "Work": "New Well", "State report number": "538920"}, "geometry": {"type": "Point", "coordinates": [-96.0351, 30.5079]}},
    {"type": "Feature", "properties": {"name": "Water well", "description": "Recorded use: domestic", "Use": "Household", "Depth (feet)": 680.0, "Completed": 2020, "Work": "Replacement", "State report number": "539009"}, "geometry": {"type": "Point", "coordinates": [-96.137186, 30.605347]}},
    {"type": "Feature", "properties": {"name": "Water well", "description": "Recorded use: domestic", "Use": "Household", "Depth (feet)": 230.0, "Completed": 2020, "Work": "New Well", "State report number": "539370"}, "geometry": {"type": "Point", "coordinates": [-95.808795, 30.247735]}},
    {"type": "Feature", "properties": {"name": "Water well", "description": "Recorded use: domestic", "Use": "Household", "Depth (feet)": 240.0, "Completed": 2020, "Work": "New Well", "State report number": "539380"}, "geometry": {"type": "Point", "coordinates": [-95.865294, 30.262514]}},
    {"type": "Feature", "properties": {"name": "Water well", "description": "Recorded use: domestic", "Use": "Household", "Depth (feet)": 390.0, "Completed": 2020, "Work": "New Well", "State report number": "539673"}, "geometry": {"type": "Point", "coordinates": [-95.873317, 30.270117]}},
    {"type": "Feature", "properties": {"name": "Water well", "description": "Recorded use: stock", "Use": "Livestock or irrigation", "Depth (feet)": 390.0, "Completed": 2020, "Work": "New Well", "State report number": "539679"}, "geometry": {"type": "Point", "coordinates": [-95.872867, 30.270167]}},
    {"type": "Feature", "properties": {"name": "Water well", "description": "Recorded use: domestic", "Use": "Household", "Depth (feet)": 170.0, "Completed": 2020, "Work": "Replacement", "State report number": "539767"}, "geometry": {"type": "Point", "coordinates": [-95.901517, 30.29175]}},
    {"type": "Feature", "properties": {"name": "Water well", "description": "Recorded use: stock", "Use": "Livestock or irrigation", "Depth (feet)": 480.0, "Completed": 2020, "Work": "New Well", "State report number": "540055"}, "geometry": {"type": "Point", "coordinates": [-96.149167, 30.8175]}},
    {"type": "Feature", "properties": {"name": "Water well", "description": "Recorded use: domestic", "Use": "Household", "Depth (feet)": 436.0, "Completed": 2020, "Work": "New Well", "State report number": "540289"}, "geometry": {"type": "Point", "coordinates": [-96.005167, 30.468117]}},
    {"type": "Feature", "properties": {"name": "Water well", "description": "Recorded use: domestic", "Use": "Household", "Depth (feet)": 210.0, "Completed": 2020, "Work": "New Well", "State report number": "540409"}, "geometry": {"type": "Point", "coordinates": [-95.935333, 30.539]}},
    {"type": "Feature", "properties": {"name": "Water well", "description": "Recorded use: domestic", "Use": "Household", "Depth (feet)": 220.0, "Completed": 2020, "Work": "New Well", "State report number": "540411"}, "geometry": {"type": "Point", "coordinates": [-95.935133, 30.538567]}},
    {"type": "Feature", "properties": {"name": "Water well", "description": "Recorded use: domestic", "Use": "Household", "Depth (feet)": 265.0, "Completed": 2020, "Work": "New Well", "State report number": "540908"}, "geometry": {"type": "Point", "coordinates": [-96.0964, 30.70755]}},
    {"type": "Feature", "properties": {"name": "Water well", "description": "Recorded use: irrigation", "Use": "Livestock or irrigation", "Depth (feet)": 520.0, "Completed": 2020, "Work": "New Well", "State report number": "541299"}, "geometry": {"type": "Point", "coordinates": [-96.123103, 30.465316]}},
    {"type": "Feature", "properties": {"name": "Water well", "description": "Recorded use: domestic", "Use": "Household", "Depth (feet)": 274.0, "Completed": 2020, "Work": "New Well", "State report number": "543326"}, "geometry": {"type": "Point", "coordinates": [-95.898528, 30.840272]}},
    {"type": "Feature", "properties": {"name": "Water well", "description": "Recorded use: domestic", "Use": "Household", "Depth (feet)": 348.0, "Completed": 2020, "Work": "New Well", "State report number": "543328"}, "geometry": {"type": "Point", "coordinates": [-95.893811, 30.834103]}},
    {"type": "Feature", "properties": {"name": "Water well", "description": "Recorded use: domestic", "Use": "Household", "Depth (feet)": 640.0, "Completed": 2020, "Work": "New Well", "State report number": "543331"}, "geometry": {"type": "Point", "coordinates": [-95.910719, 30.796308]}},
    {"type": "Feature", "properties": {"name": "Water well", "description": "Recorded use: domestic", "Use": "Household", "Depth (feet)": 180.0, "Completed": 2020, "Work": "New Well", "State report number": "544141"}, "geometry": {"type": "Point", "coordinates": [-95.931667, 30.536861]}},
    {"type": "Feature", "properties": {"name": "Water well", "description": "Recorded use: domestic", "Use": "Household", "Depth (feet)": 420.0, "Completed": 2020, "Work": "New Well", "State report number": "544225"}, "geometry": {"type": "Point", "coordinates": [-96.040017, 30.355267]}},
    {"type": "Feature", "properties": {"name": "Water well", "description": "Recorded use: domestic", "Use": "Household", "Depth (feet)": 138.0, "Completed": 2020, "Work": "New Well", "State report number": "544229"}, "geometry": {"type": "Point", "coordinates": [-95.878611, 30.735833]}},
    {"type": "Feature", "properties": {"name": "Water well", "description": "Recorded use: domestic", "Use": "Household", "Depth (feet)": 260.0, "Completed": 2020, "Work": "New Well", "State report number": "544357"}, "geometry": {"type": "Point", "coordinates": [-95.9049, 30.671417]}},
    {"type": "Feature", "properties": {"name": "Water well", "description": "Recorded use: domestic", "Use": "Household", "Depth (feet)": 295.0, "Completed": 2020, "Work": "New Well", "State report number": "544446"}, "geometry": {"type": "Point", "coordinates": [-96.030084, 30.250645]}},
    {"type": "Feature", "properties": {"name": "Water well", "description": "Recorded use: domestic", "Use": "Household", "Depth (feet)": 280.0, "Completed": 2020, "Work": "New Well", "State report number": "544447"}, "geometry": {"type": "Point", "coordinates": [-96.012618, 30.633681]}},
    {"type": "Feature", "properties": {"name": "Water well", "description": "Recorded use: domestic", "Use": "Household", "Depth (feet)": 240.0, "Completed": 2020, "Work": "New Well", "State report number": "544563"}, "geometry": {"type": "Point", "coordinates": [-95.812721, 30.247997]}},
    {"type": "Feature", "properties": {"name": "Water well", "description": "Recorded use: domestic", "Use": "Household", "Depth (feet)": 260.0, "Completed": 2020, "Work": "New Well", "State report number": "544564"}, "geometry": {"type": "Point", "coordinates": [-95.831278, 30.260047]}},
    {"type": "Feature", "properties": {"name": "Water well", "description": "Recorded use: domestic", "Use": "Household", "Depth (feet)": 260.0, "Completed": 2020, "Work": "New Well", "State report number": "544603"}, "geometry": {"type": "Point", "coordinates": [-95.86627, 30.4125]}},
    {"type": "Feature", "properties": {"name": "Water well", "description": "Recorded use: domestic", "Use": "Household", "Depth (feet)": 392.0, "Completed": 2020, "Work": "New Well", "State report number": "545788"}, "geometry": {"type": "Point", "coordinates": [-96.104444, 30.819722]}},
    {"type": "Feature", "properties": {"name": "Water well", "description": "Recorded use: domestic", "Use": "Household", "Depth (feet)": 500.0, "Completed": 2020, "Work": "New Well", "State report number": "546065"}, "geometry": {"type": "Point", "coordinates": [-96.020278, 30.699722]}},
    {"type": "Feature", "properties": {"name": "Water well", "description": "Recorded use: domestic", "Use": "Household", "Depth (feet)": 430.0, "Completed": 2020, "Work": "New Well", "State report number": "546681"}, "geometry": {"type": "Point", "coordinates": [-95.93435, 30.561217]}},
    {"type": "Feature", "properties": {"name": "Water well", "description": "Recorded use: domestic", "Use": "Household", "Depth (feet)": 230.0, "Completed": 2020, "Work": "New Well", "State report number": "546682"}, "geometry": {"type": "Point", "coordinates": [-95.933943, 30.55673]}},
    {"type": "Feature", "properties": {"name": "Water well", "description": "Recorded use: domestic", "Use": "Household", "Depth (feet)": 245.0, "Completed": 2020, "Work": "New Well", "State report number": "546801"}, "geometry": {"type": "Point", "coordinates": [-96.06012, 30.42108]}},
    {"type": "Feature", "properties": {"name": "Water well", "description": "Recorded use: domestic", "Use": "Household", "Depth (feet)": 245.0, "Completed": 2020, "Work": "New Well", "State report number": "546809"}, "geometry": {"type": "Point", "coordinates": [-95.91979, 30.28341]}},
    {"type": "Feature", "properties": {"name": "Water well", "description": "Recorded use: domestic", "Use": "Household", "Depth (feet)": 160.0, "Completed": 2020, "Work": "New Well", "State report number": "547769"}, "geometry": {"type": "Point", "coordinates": [-95.928467, 30.533867]}},
    {"type": "Feature", "properties": {"name": "Water well", "description": "Recorded use: domestic", "Use": "Household", "Depth (feet)": 385.0, "Completed": 2020, "Work": "New Well", "State report number": "548042"}, "geometry": {"type": "Point", "coordinates": [-95.85265, 30.554883]}},
    {"type": "Feature", "properties": {"name": "Water well", "description": "Recorded use: domestic", "Use": "Household", "Depth (feet)": 380.0, "Completed": 2020, "Work": "New Well", "State report number": "548210"}, "geometry": {"type": "Point", "coordinates": [-95.854722, 30.438889]}},
    {"type": "Feature", "properties": {"name": "Water well", "description": "Recorded use: domestic", "Use": "Household", "Depth (feet)": 220.0, "Completed": 2020, "Work": "New Well", "State report number": "548406"}, "geometry": {"type": "Point", "coordinates": [-95.9322, 30.5801]}},
    {"type": "Feature", "properties": {"name": "Water well", "description": "Recorded use: domestic", "Use": "Household", "Depth (feet)": 324.0, "Completed": 2020, "Work": "New Well", "State report number": "548849"}, "geometry": {"type": "Point", "coordinates": [-96.116515, 30.820494]}},
    {"type": "Feature", "properties": {"name": "Water well", "description": "Recorded use: domestic", "Use": "Household", "Depth (feet)": 355.0, "Completed": 2020, "Work": "New Well", "State report number": "549151"}, "geometry": {"type": "Point", "coordinates": [-96.094964, 30.810597]}},
    {"type": "Feature", "properties": {"name": "Water well", "description": "Recorded use: domestic", "Use": "Household", "Depth (feet)": 300.0, "Completed": 2020, "Work": "New Well", "State report number": "549281"}, "geometry": {"type": "Point", "coordinates": [-96.088333, 30.695]}},
    {"type": "Feature", "properties": {"name": "Water well", "description": "Recorded use: domestic", "Use": "Household", "Depth (feet)": 340.0, "Completed": 2020, "Work": "New Well", "State report number": "549298"}, "geometry": {"type": "Point", "coordinates": [-96.123333, 30.796389]}},
    {"type": "Feature", "properties": {"name": "Water well", "description": "Recorded use: domestic", "Use": "Household", "Depth (feet)": 290.0, "Completed": 2020, "Work": "New Well", "State report number": "549548"}, "geometry": {"type": "Point", "coordinates": [-96.04356, 30.301719]}},
    {"type": "Feature", "properties": {"name": "Water well", "description": "Recorded use: domestic", "Use": "Household", "Depth (feet)": 252.0, "Completed": 2020, "Work": "New Well", "State report number": "549793"}, "geometry": {"type": "Point", "coordinates": [-95.952947, 30.507861]}},
    {"type": "Feature", "properties": {"name": "Water well", "description": "Recorded use: domestic", "Use": "Household", "Depth (feet)": 300.0, "Completed": 2020, "Work": "New Well", "State report number": "549795"}, "geometry": {"type": "Point", "coordinates": [-96.02578, 30.265131]}},
    {"type": "Feature", "properties": {"name": "Water well", "description": "Recorded use: domestic", "Use": "Household", "Depth (feet)": 75.0, "Completed": 2020, "Work": "New Well", "State report number": "549797"}, "geometry": {"type": "Point", "coordinates": [-96.0722, 30.3699]}},
    {"type": "Feature", "properties": {"name": "Water well", "description": "Recorded use: industrial", "Use": "Industrial or drilling supply", "Depth (feet)": 330.0, "Completed": 2020, "Work": "New Well", "Plugged": "Yes", "State report number": "550545"}, "geometry": {"type": "Point", "coordinates": [-95.963955, 30.355722]}},
    {"type": "Feature", "properties": {"name": "Water well", "description": "Recorded use: domestic", "Use": "Household", "Depth (feet)": 240.0, "Completed": 2020, "Work": "New Well", "State report number": "550709"}, "geometry": {"type": "Point", "coordinates": [-95.965, 30.276944]}},
    {"type": "Feature", "properties": {"name": "Water well", "description": "Recorded use: domestic", "Use": "Household", "Depth (feet)": 285.0, "Completed": 2020, "Work": "New Well", "State report number": "551199"}, "geometry": {"type": "Point", "coordinates": [-96.045631, 30.389503]}},
    {"type": "Feature", "properties": {"name": "Water well", "description": "Recorded use: domestic", "Use": "Household", "Depth (feet)": 322.0, "Completed": 2020, "Work": "New Well", "State report number": "551520"}, "geometry": {"type": "Point", "coordinates": [-95.949642, 30.705478]}},
    {"type": "Feature", "properties": {"name": "Water well", "description": "Recorded use: domestic", "Use": "Household", "Depth (feet)": 150.0, "Completed": 2020, "Work": "New Well", "State report number": "551523"}, "geometry": {"type": "Point", "coordinates": [-95.930272, 30.533545]}},
    {"type": "Feature", "properties": {"name": "Water well", "description": "Recorded use: domestic", "Use": "Household", "Depth (feet)": 370.0, "Completed": 2020, "Work": "New Well", "State report number": "551855"}, "geometry": {"type": "Point", "coordinates": [-95.901507, 30.31079]}},
    {"type": "Feature", "properties": {"name": "Water well", "description": "Recorded use: domestic", "Use": "Household", "Depth (feet)": 250.0, "Completed": 2020, "Work": "New Well", "State report number": "552098"}, "geometry": {"type": "Point", "coordinates": [-95.903333, 30.728333]}},
    {"type": "Feature", "properties": {"name": "Water well", "description": "Recorded use: domestic", "Use": "Household", "Depth (feet)": 380.0, "Completed": 2020, "Work": "New Well", "State report number": "552484"}, "geometry": {"type": "Point", "coordinates": [-96.115111, 30.813278]}},
    {"type": "Feature", "properties": {"name": "Water well", "description": "Recorded use: domestic", "Use": "Household", "Depth (feet)": 525.0, "Completed": 2020, "Work": "New Well", "State report number": "554028"}, "geometry": {"type": "Point", "coordinates": [-96.020556, 30.699722]}},
    {"type": "Feature", "properties": {"name": "Water well", "description": "Recorded use: domestic", "Use": "Household", "Depth (feet)": 360.0, "Completed": 2020, "Work": "New Well", "State report number": "554222"}, "geometry": {"type": "Point", "coordinates": [-96.016087, 30.461773]}},
    {"type": "Feature", "properties": {"name": "Water well", "description": "Recorded use: domestic", "Use": "Household", "Depth (feet)": 260.0, "Completed": 2020, "Work": "New Well", "State report number": "554541"}, "geometry": {"type": "Point", "coordinates": [-95.9801, 30.3346]}},
    {"type": "Feature", "properties": {"name": "Water well", "description": "Recorded use: domestic", "Use": "Household", "Depth (feet)": 440.0, "Completed": 2020, "Work": "New Well", "State report number": "554558"}, "geometry": {"type": "Point", "coordinates": [-96.025967, 30.383433]}},
    {"type": "Feature", "properties": {"name": "Water well", "description": "Recorded use: domestic", "Use": "Household", "Depth (feet)": 185.0, "Completed": 2020, "Work": "Replacement", "State report number": "554770"}, "geometry": {"type": "Point", "coordinates": [-95.887948, 30.25224]}},
    {"type": "Feature", "properties": {"name": "Water well", "description": "Recorded use: domestic", "Use": "Household", "Depth (feet)": 270.0, "Completed": 2020, "Work": "New Well", "State report number": "554920"}, "geometry": {"type": "Point", "coordinates": [-95.900117, 30.66865]}},
    {"type": "Feature", "properties": {"name": "Water well", "description": "Recorded use: domestic", "Use": "Household", "Depth (feet)": 270.0, "Completed": 2020, "Work": "New Well", "State report number": "554922"}, "geometry": {"type": "Point", "coordinates": [-95.9002, 30.6601]}},
    {"type": "Feature", "properties": {"name": "Water well", "description": "Recorded use: domestic", "Use": "Household", "Depth (feet)": 290.0, "Completed": 2020, "Work": "New Well", "State report number": "555006"}, "geometry": {"type": "Point", "coordinates": [-96.005278, 30.244444]}},
    {"type": "Feature", "properties": {"name": "Water well", "description": "Recorded use: domestic", "Use": "Household", "Depth (feet)": 307.0, "Completed": 2020, "Work": "New Well", "State report number": "555162"}, "geometry": {"type": "Point", "coordinates": [-95.943019, 30.840172]}},
    {"type": "Feature", "properties": {"name": "Water well", "description": "Recorded use: domestic", "Use": "Household", "Depth (feet)": 317.0, "Completed": 2020, "Work": "New Well", "State report number": "555164"}, "geometry": {"type": "Point", "coordinates": [-95.943636, 30.83995]}},
    {"type": "Feature", "properties": {"name": "Water well", "description": "Recorded use: domestic", "Use": "Household", "Depth (feet)": 300.0, "Completed": 2020, "Work": "New Well", "State report number": "555487"}, "geometry": {"type": "Point", "coordinates": [-96.0917, 30.8004]}},
    {"type": "Feature", "properties": {"name": "Water well", "description": "Recorded use: domestic", "Use": "Household", "Depth (feet)": 340.0, "Completed": 2020, "Work": "New Well", "State report number": "555510"}, "geometry": {"type": "Point", "coordinates": [-95.8556, 30.5613]}},
    {"type": "Feature", "properties": {"name": "Water well", "description": "Recorded use: domestic", "Use": "Household", "Depth (feet)": 160.0, "Completed": 2020, "Work": "New Well", "State report number": "555567"}, "geometry": {"type": "Point", "coordinates": [-95.934983, 30.537983]}},
    {"type": "Feature", "properties": {"name": "Water well", "description": "Recorded use: domestic", "Use": "Household", "Depth (feet)": 260.0, "Completed": 2020, "Work": "New Well", "State report number": "555580"}, "geometry": {"type": "Point", "coordinates": [-95.821388, 30.2459]}},
    {"type": "Feature", "properties": {"name": "Water well", "description": "Recorded use: domestic", "Use": "Household", "Depth (feet)": 300.0, "Completed": 2020, "Work": "New Well", "State report number": "555584"}, "geometry": {"type": "Point", "coordinates": [-96.035169, 30.274803]}},
    {"type": "Feature", "properties": {"name": "Water well", "description": "Recorded use: domestic", "Use": "Household", "Depth (feet)": 227.0, "Completed": 2020, "Work": "New Well", "State report number": "555607"}, "geometry": {"type": "Point", "coordinates": [-96.107819, 30.703587]}},
    {"type": "Feature", "properties": {"name": "Water well", "description": "Recorded use: domestic", "Use": "Household", "Depth (feet)": 255.0, "Completed": 2020, "Work": "New Well", "State report number": "555664"}, "geometry": {"type": "Point", "coordinates": [-95.858125, 30.24493]}},
    {"type": "Feature", "properties": {"name": "Water well", "description": "Recorded use: domestic", "Use": "Household", "Depth (feet)": 180.0, "Completed": 2020, "Work": "New Well", "State report number": "556423"}, "geometry": {"type": "Point", "coordinates": [-95.923333, 30.530833]}},
    {"type": "Feature", "properties": {"name": "Water well", "description": "Recorded use: domestic", "Use": "Household", "Depth (feet)": 460.0, "Completed": 2020, "Work": "New Well", "State report number": "556611"}, "geometry": {"type": "Point", "coordinates": [-95.876433, 30.590653]}},
    {"type": "Feature", "properties": {"name": "Water well", "description": "Recorded use: domestic", "Use": "Household", "Depth (feet)": 245.0, "Completed": 2020, "Work": "New Well", "State report number": "557507"}, "geometry": {"type": "Point", "coordinates": [-95.844533, 30.27]}},
    {"type": "Feature", "properties": {"name": "Water well", "description": "Recorded use: domestic", "Use": "Household", "Depth (feet)": 300.0, "Completed": 2020, "Work": "New Well", "State report number": "557612"}, "geometry": {"type": "Point", "coordinates": [-95.83489, 30.29303]}},
    {"type": "Feature", "properties": {"name": "Water well", "description": "Recorded use: domestic", "Use": "Household", "Depth (feet)": 340.0, "Completed": 2020, "Work": "New Well", "State report number": "557679"}, "geometry": {"type": "Point", "coordinates": [-95.83478, 30.29192]}},
    {"type": "Feature", "properties": {"name": "Water well", "description": "Recorded use: domestic", "Use": "Household", "Depth (feet)": 530.0, "Completed": 2020, "Work": "New Well", "State report number": "557816"}, "geometry": {"type": "Point", "coordinates": [-96.018669, 30.47237]}},
    {"type": "Feature", "properties": {"name": "Water well", "description": "Recorded use: domestic", "Use": "Household", "Depth (feet)": 490.0, "Completed": 2020, "Work": "New Well", "State report number": "557823"}, "geometry": {"type": "Point", "coordinates": [-96.018669, 30.47237]}},
    {"type": "Feature", "properties": {"name": "Water well", "description": "Recorded use: domestic", "Use": "Household", "Depth (feet)": 80.0, "Completed": 2020, "Work": "New Well", "State report number": "558161"}, "geometry": {"type": "Point", "coordinates": [-95.909933, 30.745167]}},
    {"type": "Feature", "properties": {"name": "Well or boring", "description": "Recorded use: monitor", "Use": "Monitoring, testing or other", "Depth (feet)": 25.0, "Completed": 2020, "Work": "New Well", "Plugged": "Yes", "State report number": "558361"}, "geometry": {"type": "Point", "coordinates": [-96.062276, 30.361019]}},
    {"type": "Feature", "properties": {"name": "Well or boring", "description": "Recorded use: monitor", "Use": "Monitoring, testing or other", "Depth (feet)": 25.0, "Completed": 2020, "Work": "New Well", "Plugged": "Yes", "State report number": "558362"}, "geometry": {"type": "Point", "coordinates": [-96.062276, 30.361019]}},
    {"type": "Feature", "properties": {"name": "Water well", "description": "Recorded use: domestic", "Use": "Household", "Depth (feet)": 300.0, "Completed": 2020, "Work": "New Well", "State report number": "558363"}, "geometry": {"type": "Point", "coordinates": [-96.031517, 30.31365]}},
    {"type": "Feature", "properties": {"name": "Well or boring", "description": "Recorded use: monitor", "Use": "Monitoring, testing or other", "Depth (feet)": 25.0, "Completed": 2020, "Work": "New Well", "Plugged": "Yes", "State report number": "558365"}, "geometry": {"type": "Point", "coordinates": [-96.062276, 30.361019]}},
    {"type": "Feature", "properties": {"name": "Well or boring", "description": "Recorded use: monitor", "Use": "Monitoring, testing or other", "Depth (feet)": 25.0, "Completed": 2020, "Work": "New Well", "Plugged": "Yes", "State report number": "558367"}, "geometry": {"type": "Point", "coordinates": [-96.062276, 30.361019]}},
    {"type": "Feature", "properties": {"name": "Well or boring", "description": "Recorded use: monitor", "Use": "Monitoring, testing or other", "Depth (feet)": 30.0, "Completed": 2020, "Work": "New Well", "Plugged": "Yes", "State report number": "558368"}, "geometry": {"type": "Point", "coordinates": [-96.062276, 30.361019]}},
    {"type": "Feature", "properties": {"name": "Water well", "description": "Recorded use: domestic", "Use": "Household", "Depth (feet)": 334.0, "Completed": 2020, "Work": "New Well", "State report number": "560220"}, "geometry": {"type": "Point", "coordinates": [-95.960278, 30.261111]}},
    {"type": "Feature", "properties": {"name": "Water well", "description": "Recorded use: domestic", "Use": "Household", "Depth (feet)": 330.0, "Completed": 2020, "Work": "New Well", "State report number": "560226"}, "geometry": {"type": "Point", "coordinates": [-96.002778, 30.284167]}},
    {"type": "Feature", "properties": {"name": "Water well", "description": "Recorded use: domestic", "Use": "Household", "Depth (feet)": 230.0, "Completed": 2020, "Work": "New Well", "State report number": "560592"}, "geometry": {"type": "Point", "coordinates": [-96.033056, 30.296111]}},
    {"type": "Feature", "properties": {"name": "Water well", "description": "Recorded use: domestic", "Use": "Household", "Depth (feet)": 263.0, "Completed": 2020, "Work": "Replacement", "State report number": "560934"}, "geometry": {"type": "Point", "coordinates": [-95.992417, 30.3148]}},
    {"type": "Feature", "properties": {"name": "Water well", "description": "Recorded use: domestic", "Use": "Household", "Depth (feet)": 90.0, "Completed": 2020, "Work": "Reconditioning", "State report number": "561164"}, "geometry": {"type": "Point", "coordinates": [-95.915556, 30.26]}},
    {"type": "Feature", "properties": {"name": "Water well", "description": "Recorded use: domestic", "Use": "Household", "Depth (feet)": 380.0, "Completed": 2020, "Work": "New Well", "State report number": "561355"}, "geometry": {"type": "Point", "coordinates": [-95.919444, 30.789167]}},
    {"type": "Feature", "properties": {"name": "Water well", "description": "Recorded use: domestic", "Use": "Household", "Depth (feet)": 440.0, "Completed": 2020, "Work": "New Well", "State report number": "561386"}, "geometry": {"type": "Point", "coordinates": [-95.818968, 30.476795]}},
    {"type": "Feature", "properties": {"name": "Water well", "description": "Recorded use: domestic", "Use": "Household", "Depth (feet)": 260.0, "Completed": 2020, "Work": "New Well", "State report number": "561398"}, "geometry": {"type": "Point", "coordinates": [-95.867152, 30.248542]}},
    {"type": "Feature", "properties": {"name": "Water well", "description": "Recorded use: domestic", "Use": "Household", "Depth (feet)": 385.0, "Completed": 2020, "Work": "New Well", "State report number": "561400"}, "geometry": {"type": "Point", "coordinates": [-95.966569, 30.556134]}},
    {"type": "Feature", "properties": {"name": "Water well", "description": "Recorded use: domestic", "Use": "Household", "Depth (feet)": 320.0, "Completed": 2020, "Work": "New Well", "State report number": "561610"}, "geometry": {"type": "Point", "coordinates": [-96.135, 30.7775]}},
    {"type": "Feature", "properties": {"name": "Water well", "description": "Recorded use: domestic", "Use": "Household", "Depth (feet)": 320.0, "Completed": 2020, "Work": "New Well", "State report number": "561614"}, "geometry": {"type": "Point", "coordinates": [-96.104722, 30.729167]}},
    {"type": "Feature", "properties": {"name": "Water well", "description": "Recorded use: domestic", "Use": "Household", "Depth (feet)": 563.0, "Completed": 2020, "Work": "New Well", "State report number": "561620"}, "geometry": {"type": "Point", "coordinates": [-95.915722, 30.780031]}},
    {"type": "Feature", "properties": {"name": "Water well", "description": "Recorded use: domestic", "Use": "Household", "Depth (feet)": 345.0, "Completed": 2020, "Work": "New Well", "State report number": "561801"}, "geometry": {"type": "Point", "coordinates": [-95.886683, 30.27565]}},
    {"type": "Feature", "properties": {"name": "Water well", "description": "Recorded use: domestic", "Use": "Household", "Depth (feet)": 601.0, "Completed": 2020, "Work": "New Well", "State report number": "562271"}, "geometry": {"type": "Point", "coordinates": [-95.882011, 30.813436]}},
    {"type": "Feature", "properties": {"name": "Water well", "description": "Recorded use: domestic", "Use": "Household", "Depth (feet)": 400.0, "Completed": 2020, "Work": "New Well", "State report number": "562597"}, "geometry": {"type": "Point", "coordinates": [-95.910114, 30.35507]}},
    {"type": "Feature", "properties": {"name": "Water well", "description": "Recorded use: domestic", "Use": "Household", "Depth (feet)": 405.0, "Completed": 2020, "Work": "Replacement", "State report number": "563049"}, "geometry": {"type": "Point", "coordinates": [-95.950873, 30.439361]}},
    {"type": "Feature", "properties": {"name": "Water well", "description": "Recorded use: domestic", "Use": "Household", "Depth (feet)": 185.0, "Completed": 2020, "Work": "New Well", "State report number": "563144"}, "geometry": {"type": "Point", "coordinates": [-95.85116, 30.41916]}},
    {"type": "Feature", "properties": {"name": "Water well", "description": "Recorded use: domestic", "Use": "Household", "Depth (feet)": 255.0, "Completed": 2020, "Work": "New Well", "State report number": "563438"}, "geometry": {"type": "Point", "coordinates": [-95.854283, 30.24515]}},
    {"type": "Feature", "properties": {"name": "Water well", "description": "Recorded use: stock", "Use": "Livestock or irrigation", "Depth (feet)": 520.0, "Completed": 2020, "Work": "New Well", "State report number": "564788"}, "geometry": {"type": "Point", "coordinates": [-96.003444, 30.595806]}},
    {"type": "Feature", "properties": {"name": "Water well", "description": "Recorded use: domestic", "Use": "Household", "Depth (feet)": 100.0, "Completed": 2020, "Work": "New Well", "State report number": "564974"}, "geometry": {"type": "Point", "coordinates": [-95.865, 30.249444]}},
    {"type": "Feature", "properties": {"name": "Water well", "description": "Recorded use: domestic", "Use": "Household", "Depth (feet)": 360.0, "Completed": 2020, "Work": "New Well", "State report number": "565101"}, "geometry": {"type": "Point", "coordinates": [-96.0951, 30.3422]}},
    {"type": "Feature", "properties": {"name": "Water well", "description": "Recorded use: domestic", "Use": "Household", "Depth (feet)": 300.0, "Completed": 2020, "Work": "New Well", "State report number": "565104"}, "geometry": {"type": "Point", "coordinates": [-95.9405, 30.5449]}},
    {"type": "Feature", "properties": {"name": "Water well", "description": "Recorded use: domestic", "Use": "Household", "Depth (feet)": 251.0, "Completed": 2021, "Work": "New Well", "State report number": "565244"}, "geometry": {"type": "Point", "coordinates": [-95.939386, 30.569686]}},
    {"type": "Feature", "properties": {"name": "Water well", "description": "Recorded use: domestic", "Use": "Household", "Depth (feet)": 345.0, "Completed": 2020, "Work": "New Well", "State report number": "565445"}, "geometry": {"type": "Point", "coordinates": [-95.8795, 30.4573]}},
    {"type": "Feature", "properties": {"name": "Water well", "description": "Recorded use: domestic", "Use": "Household", "Depth (feet)": 440.0, "Completed": 2020, "Work": "New Well", "State report number": "565448"}, "geometry": {"type": "Point", "coordinates": [-95.9143, 30.4928]}},
    {"type": "Feature", "properties": {"name": "Water well", "description": "Recorded use: domestic", "Use": "Household", "Depth (feet)": 345.0, "Completed": 2020, "Work": "New Well", "State report number": "565452"}, "geometry": {"type": "Point", "coordinates": [-95.8795, 30.4574]}},
    {"type": "Feature", "properties": {"name": "Water well", "description": "Recorded use: domestic", "Use": "Household", "Depth (feet)": 360.0, "Completed": 2020, "Work": "New Well", "State report number": "565455"}, "geometry": {"type": "Point", "coordinates": [-96.0336, 30.3907]}},
    {"type": "Feature", "properties": {"name": "Water well", "description": "Recorded use: domestic", "Use": "Household", "Depth (feet)": 208.0, "Completed": 2020, "Work": "New Well", "State report number": "565460"}, "geometry": {"type": "Point", "coordinates": [-96.0528, 30.4139]}},
    {"type": "Feature", "properties": {"name": "Water well", "description": "Recorded use: domestic", "Use": "Household", "Depth (feet)": 310.0, "Completed": 2020, "Work": "New Well", "State report number": "565540"}, "geometry": {"type": "Point", "coordinates": [-96.0127, 30.4354]}},
    {"type": "Feature", "properties": {"name": "Water well", "description": "Recorded use: domestic", "Use": "Household", "Depth (feet)": 310.0, "Completed": 2020, "Work": "New Well", "State report number": "565543"}, "geometry": {"type": "Point", "coordinates": [-95.842423, 30.582494]}},
    {"type": "Feature", "properties": {"name": "Water well", "description": "Recorded use: domestic", "Use": "Household", "Depth (feet)": 480.0, "Completed": 2020, "Work": "New Well", "State report number": "565547"}, "geometry": {"type": "Point", "coordinates": [-96.0328, 30.467]}},
    {"type": "Feature", "properties": {"name": "Water well", "description": "Recorded use: domestic", "Use": "Household", "Depth (feet)": 362.0, "Completed": 2020, "Work": "New Well", "State report number": "565552"}, "geometry": {"type": "Point", "coordinates": [-96.015, 30.4648]}},
    {"type": "Feature", "properties": {"name": "Water well", "description": "Recorded use: domestic", "Use": "Household", "Depth (feet)": 3115.0, "Completed": 2020, "Work": "New Well", "State report number": "565556"}, "geometry": {"type": "Point", "coordinates": [-96.129123, 30.372811]}},
    {"type": "Feature", "properties": {"name": "Water well", "description": "Recorded use: domestic", "Use": "Household", "Depth (feet)": 375.0, "Completed": 2020, "Work": "New Well", "State report number": "565568"}, "geometry": {"type": "Point", "coordinates": [-96.046758, 30.4976]}},
    {"type": "Feature", "properties": {"name": "Water well", "description": "Recorded use: domestic", "Use": "Household", "Depth (feet)": 395.0, "Completed": 2020, "Work": "New Well", "State report number": "565584"}, "geometry": {"type": "Point", "coordinates": [-96.099823, 30.712442]}},
    {"type": "Feature", "properties": {"name": "Water well", "description": "Recorded use: domestic", "Use": "Household", "Depth (feet)": 260.0, "Completed": 2021, "Work": "New Well", "State report number": "565883"}, "geometry": {"type": "Point", "coordinates": [-96.0178, 30.6366]}},
    {"type": "Feature", "properties": {"name": "Water well", "description": "Recorded use: domestic", "Use": "Household", "Depth (feet)": 280.0, "Completed": 2021, "Work": "New Well", "State report number": "565926"}, "geometry": {"type": "Point", "coordinates": [-95.9475, 30.508056]}},
    {"type": "Feature", "properties": {"name": "Water well", "description": "Recorded use: domestic", "Use": "Household", "Depth (feet)": 400.0, "Completed": 2021, "Work": "New Well", "State report number": "566600"}, "geometry": {"type": "Point", "coordinates": [-95.864722, 30.455556]}},
    {"type": "Feature", "properties": {"name": "Water well", "description": "Recorded use: domestic", "Use": "Household", "Depth (feet)": 445.0, "Completed": 2020, "Work": "New Well", "State report number": "566846"}, "geometry": {"type": "Point", "coordinates": [-95.815046, 30.40168]}},
    {"type": "Feature", "properties": {"name": "Water well", "description": "Recorded use: domestic", "Use": "Household", "Depth (feet)": 350.0, "Completed": 2021, "Work": "New Well", "State report number": "566857"}, "geometry": {"type": "Point", "coordinates": [-95.948957, 30.56411]}},
    {"type": "Feature", "properties": {"name": "Water well", "description": "Recorded use: irrigation", "Use": "Livestock or irrigation", "Depth (feet)": 930.0, "Completed": 2020, "Work": "New Well", "State report number": "567018"}, "geometry": {"type": "Point", "coordinates": [-95.921775, 30.397342]}},
    {"type": "Feature", "properties": {"name": "Water well", "description": "Recorded use: domestic", "Use": "Household", "Depth (feet)": 250.0, "Completed": 2021, "Work": "New Well", "State report number": "567286"}, "geometry": {"type": "Point", "coordinates": [-95.8825, 30.256667]}},
    {"type": "Feature", "properties": {"name": "Water well", "description": "Recorded use: stock", "Use": "Livestock or irrigation", "Depth (feet)": 350.0, "Completed": 2021, "Work": "New Well", "State report number": "568053"}, "geometry": {"type": "Point", "coordinates": [-95.92825, 30.39375]}},
    {"type": "Feature", "properties": {"name": "Water well", "description": "Recorded use: domestic", "Use": "Household", "Depth (feet)": 292.0, "Completed": 2021, "Work": "New Well", "State report number": "568490"}, "geometry": {"type": "Point", "coordinates": [-96.047287, 30.48852]}},
    {"type": "Feature", "properties": {"name": "Water well", "description": "Recorded use: domestic", "Use": "Household", "Depth (feet)": 295.0, "Completed": 2021, "Work": "New Well", "State report number": "568918"}, "geometry": {"type": "Point", "coordinates": [-95.944708, 30.381698]}},
    {"type": "Feature", "properties": {"name": "Water well", "description": "Recorded use: domestic", "Use": "Household", "Depth (feet)": 180.0, "Completed": 2021, "Work": "New Well", "State report number": "568924"}, "geometry": {"type": "Point", "coordinates": [-95.930556, 30.535278]}},
    {"type": "Feature", "properties": {"name": "Water well", "description": "Recorded use: domestic", "Use": "Household", "Depth (feet)": 400.0, "Completed": 2021, "Work": "New Well", "State report number": "568925"}, "geometry": {"type": "Point", "coordinates": [-96.090278, 30.801111]}},
    {"type": "Feature", "properties": {"name": "Water well", "description": "Recorded use: domestic", "Use": "Household", "Depth (feet)": 305.0, "Completed": 2021, "Work": "New Well", "State report number": "568981"}, "geometry": {"type": "Point", "coordinates": [-95.881681, 30.845625]}},
    {"type": "Feature", "properties": {"name": "Water well", "description": "Recorded use: domestic", "Use": "Household", "Depth (feet)": 395.0, "Completed": 2020, "Work": "New Well", "State report number": "568983"}, "geometry": {"type": "Point", "coordinates": [-96.05, 30.41]}},
    {"type": "Feature", "properties": {"name": "Water well", "description": "Recorded use: domestic", "Use": "Household", "Depth (feet)": 345.0, "Completed": 2021, "Work": "New Well", "State report number": "569143"}, "geometry": {"type": "Point", "coordinates": [-95.896262, 30.381935]}},
    {"type": "Feature", "properties": {"name": "Water well", "description": "Recorded use: domestic", "Use": "Household", "Depth (feet)": 255.0, "Completed": 2021, "Work": "New Well", "State report number": "569242"}, "geometry": {"type": "Point", "coordinates": [-96.061667, 30.45875]}},
    {"type": "Feature", "properties": {"name": "Water well", "description": "Recorded use: domestic", "Use": "Household", "Depth (feet)": 185.0, "Completed": 2021, "Work": "New Well", "State report number": "569246"}, "geometry": {"type": "Point", "coordinates": [-95.870317, 30.657933]}},
    {"type": "Feature", "properties": {"name": "Water well", "description": "Recorded use: domestic", "Use": "Household", "Depth (feet)": 180.0, "Completed": 2021, "Work": "New Well", "State report number": "569525"}, "geometry": {"type": "Point", "coordinates": [-95.929983, 30.536833]}},
    {"type": "Feature", "properties": {"name": "Water well", "description": "Recorded use: irrigation", "Use": "Livestock or irrigation", "Depth (feet)": 359.0, "Completed": 2021, "Work": "New Well", "State report number": "569833"}, "geometry": {"type": "Point", "coordinates": [-95.958333, 30.241667]}},
    {"type": "Feature", "properties": {"name": "Water well", "description": "Recorded use: domestic", "Use": "Household", "Depth (feet)": 540.0, "Completed": 2021, "Work": "New Well", "State report number": "570960"}, "geometry": {"type": "Point", "coordinates": [-96.093333, 30.508056]}},
    {"type": "Feature", "properties": {"name": "Well or boring", "description": "Recorded use: monitor", "Use": "Monitoring, testing or other", "Depth (feet)": 30.0, "Completed": 2021, "Work": "New Well", "State report number": "570968"}, "geometry": {"type": "Point", "coordinates": [-96.076681, 30.777351]}},
    {"type": "Feature", "properties": {"name": "Well or boring", "description": "Recorded use: monitor", "Use": "Monitoring, testing or other", "Depth (feet)": 30.0, "Completed": 2021, "Work": "New Well", "State report number": "570970"}, "geometry": {"type": "Point", "coordinates": [-96.07714, 30.777248]}},
    {"type": "Feature", "properties": {"name": "Water well", "description": "Recorded use: domestic", "Use": "Household", "Depth (feet)": 450.0, "Completed": 2021, "Work": "New Well", "State report number": "571596"}, "geometry": {"type": "Point", "coordinates": [-96.008277, 30.461428]}},
    {"type": "Feature", "properties": {"name": "Water well", "description": "Recorded use: domestic", "Use": "Household", "Depth (feet)": 390.0, "Completed": 2021, "Work": "New Well", "State report number": "571598"}, "geometry": {"type": "Point", "coordinates": [-95.9636, 30.5414]}},
    {"type": "Feature", "properties": {"name": "Water well", "description": "Recorded use: domestic", "Use": "Household", "Depth (feet)": 305.0, "Completed": 2021, "Work": "New Well", "State report number": "571599"}, "geometry": {"type": "Point", "coordinates": [-96.034057, 30.315802]}},
    {"type": "Feature", "properties": {"name": "Water well", "description": "Recorded use: stock", "Use": "Livestock or irrigation", "Depth (feet)": 340.0, "Completed": 2020, "Work": "New Well", "State report number": "571605"}, "geometry": {"type": "Point", "coordinates": [-95.9104, 30.6568]}},
    {"type": "Feature", "properties": {"name": "Water well", "description": "Recorded use: domestic", "Use": "Household", "Depth (feet)": 275.0, "Completed": 2021, "Work": "New Well", "State report number": "571609"}, "geometry": {"type": "Point", "coordinates": [-96.1557, 30.6525]}},
    {"type": "Feature", "properties": {"name": "Water well", "description": "Recorded use: domestic", "Use": "Household", "Depth (feet)": 240.0, "Completed": 2021, "Work": "New Well", "State report number": "571612"}, "geometry": {"type": "Point", "coordinates": [-95.9772, 30.4935]}},
    {"type": "Feature", "properties": {"name": "Water well", "description": "Recorded use: domestic", "Use": "Household", "Depth (feet)": 285.0, "Completed": 2021, "Work": "New Well", "State report number": "573136"}, "geometry": {"type": "Point", "coordinates": [-95.933225, 30.765792]}},
    {"type": "Feature", "properties": {"name": "Water well", "description": "Recorded use: domestic", "Use": "Household", "Depth (feet)": 520.0, "Completed": 2021, "Work": "New Well", "State report number": "573873"}, "geometry": {"type": "Point", "coordinates": [-96.001903, 30.455786]}},
    {"type": "Feature", "properties": {"name": "Water well", "description": "Recorded use: domestic", "Use": "Household", "Depth (feet)": 420.0, "Completed": 2021, "Work": "New Well", "State report number": "573895"}, "geometry": {"type": "Point", "coordinates": [-95.807222, 30.299167]}},
    {"type": "Feature", "properties": {"name": "Water well", "description": "Recorded use: domestic", "Use": "Household", "Depth (feet)": 385.0, "Completed": 2021, "Work": "Replacement", "State report number": "574003"}, "geometry": {"type": "Point", "coordinates": [-95.887222, 30.355556]}},
    {"type": "Feature", "properties": {"name": "Water well", "description": "Recorded use: domestic", "Use": "Household", "Depth (feet)": 390.0, "Completed": 2021, "Work": "Replacement", "State report number": "574132"}, "geometry": {"type": "Point", "coordinates": [-95.914877, 30.265094]}},
    {"type": "Feature", "properties": {"name": "Water well", "description": "Recorded use: domestic", "Use": "Household", "Depth (feet)": 180.0, "Completed": 2021, "Work": "New Well", "State report number": "574181"}, "geometry": {"type": "Point", "coordinates": [-95.901583, 30.440917]}},
    {"type": "Feature", "properties": {"name": "Water well", "description": "Recorded use: domestic", "Use": "Household", "Depth (feet)": 365.0, "Completed": 2021, "Work": "New Well", "State report number": "574186"}, "geometry": {"type": "Point", "coordinates": [-95.8993, 30.439583]}},
    {"type": "Feature", "properties": {"name": "Water well", "description": "Recorded use: domestic", "Use": "Household", "Depth (feet)": 275.0, "Completed": 2021, "Work": "New Well", "State report number": "574468"}, "geometry": {"type": "Point", "coordinates": [-95.814964, 30.373951]}},
    {"type": "Feature", "properties": {"name": "Water well", "description": "Recorded use: domestic", "Use": "Household", "Depth (feet)": 382.0, "Completed": 2021, "Work": "New Well", "State report number": "574489"}, "geometry": {"type": "Point", "coordinates": [-96.09352, 30.803524]}},
    {"type": "Feature", "properties": {"name": "Water well", "description": "Recorded use: domestic", "Use": "Household", "Depth (feet)": 265.0, "Completed": 2021, "Work": "New Well", "State report number": "574509"}, "geometry": {"type": "Point", "coordinates": [-95.897766, 30.421035]}},
    {"type": "Feature", "properties": {"name": "Water well", "description": "Recorded use: domestic", "Use": "Household", "Depth (feet)": 130.0, "Completed": 2021, "Work": "New Well", "State report number": "574721"}, "geometry": {"type": "Point", "coordinates": [-95.845092, 30.702758]}},
    {"type": "Feature", "properties": {"name": "Water well", "description": "Recorded use: domestic", "Use": "Household", "Depth (feet)": 135.0, "Completed": 2021, "Work": "New Well", "State report number": "574722"}, "geometry": {"type": "Point", "coordinates": [-95.841881, 30.700414]}},
    {"type": "Feature", "properties": {"name": "Water well", "description": "Recorded use: domestic", "Use": "Household", "Depth (feet)": 375.0, "Completed": 2021, "Work": "New Well", "State report number": "575298"}, "geometry": {"type": "Point", "coordinates": [-95.8075, 30.299444]}},
    {"type": "Feature", "properties": {"name": "Water well", "description": "Recorded use: domestic", "Use": "Household", "Depth (feet)": 80.0, "Completed": 2021, "Work": "New Well", "State report number": "575894"}, "geometry": {"type": "Point", "coordinates": [-95.888202, 30.743286]}},
    {"type": "Feature", "properties": {"name": "Water well", "description": "Recorded use: domestic", "Use": "Household", "Depth (feet)": 280.0, "Completed": 2021, "Work": "New Well", "State report number": "576182"}, "geometry": {"type": "Point", "coordinates": [-96.01404, 30.63758]}},
    {"type": "Feature", "properties": {"name": "Water well", "description": "Recorded use: domestic", "Use": "Household", "Depth (feet)": 265.0, "Completed": 2021, "Work": "New Well", "State report number": "576189"}, "geometry": {"type": "Point", "coordinates": [-95.82123, 30.48782]}},
    {"type": "Feature", "properties": {"name": "Water well", "description": "Recorded use: domestic", "Use": "Household", "Depth (feet)": 290.0, "Completed": 2021, "Work": "New Well", "State report number": "576196"}, "geometry": {"type": "Point", "coordinates": [-95.93747, 30.49233]}},
    {"type": "Feature", "properties": {"name": "Water well", "description": "Recorded use: domestic", "Use": "Household", "Depth (feet)": 245.0, "Completed": 2021, "Work": "New Well", "State report number": "576242"}, "geometry": {"type": "Point", "coordinates": [-95.93747, 30.49234]}},
    {"type": "Feature", "properties": {"name": "Well or boring", "description": "Recorded use: monitor", "Use": "Monitoring, testing or other", "Depth (feet)": 92.0, "Completed": 2016, "Work": "New Well", "State report number": "576331"}, "geometry": {"type": "Point", "coordinates": [-96.094444, 30.404722]}},
    {"type": "Feature", "properties": {"name": "Water well", "description": "Recorded use: domestic", "Use": "Household", "Depth (feet)": 200.0, "Completed": 2021, "Work": "New Well", "State report number": "576432"}, "geometry": {"type": "Point", "coordinates": [-95.95003, 30.51083]}},
    {"type": "Feature", "properties": {"name": "Water well", "description": "Recorded use: domestic", "Use": "Household", "Depth (feet)": 255.0, "Completed": 2021, "Work": "New Well", "State report number": "576553"}, "geometry": {"type": "Point", "coordinates": [-95.9375, 30.598889]}},
    {"type": "Feature", "properties": {"name": "Water well", "description": "Recorded use: domestic", "Use": "Household", "Depth (feet)": 180.0, "Completed": 2021, "Work": "New Well", "State report number": "576702"}, "geometry": {"type": "Point", "coordinates": [-95.874784, 30.303821]}},
    {"type": "Feature", "properties": {"name": "Water well", "description": "Recorded use: domestic", "Use": "Household", "Depth (feet)": 295.0, "Completed": 2021, "Work": "New Well", "State report number": "576816"}, "geometry": {"type": "Point", "coordinates": [-95.888033, 30.485883]}},
    {"type": "Feature", "properties": {"name": "Water well", "description": "Recorded use: stock", "Use": "Livestock or irrigation", "Depth (feet)": 160.0, "Completed": 2021, "Work": "New Well", "State report number": "577124"}, "geometry": {"type": "Point", "coordinates": [-95.931111, 30.534444]}},
    {"type": "Feature", "properties": {"name": "Water well", "description": "Recorded use: irrigation", "Use": "Livestock or irrigation", "Depth (feet)": 260.0, "Completed": 2021, "Work": "New Well", "State report number": "577282"}, "geometry": {"type": "Point", "coordinates": [-95.97685, 30.46541]}},
    {"type": "Feature", "properties": {"name": "Water well", "description": "Recorded use: domestic", "Use": "Household", "Depth (feet)": 360.0, "Completed": 2021, "Work": "New Well", "State report number": "577310"}, "geometry": {"type": "Point", "coordinates": [-95.86324, 30.32981]}},
    {"type": "Feature", "properties": {"name": "Water well", "description": "Recorded use: domestic", "Use": "Household", "Depth (feet)": 130.0, "Completed": 2020, "Work": "New Well", "State report number": "577581"}, "geometry": {"type": "Point", "coordinates": [-95.887395, 30.266418]}},
    {"type": "Feature", "properties": {"name": "Water well", "description": "Recorded use: domestic", "Use": "Household", "Depth (feet)": 360.0, "Completed": 2021, "Work": "New Well", "State report number": "577583"}, "geometry": {"type": "Point", "coordinates": [-96.017787, 30.462999]}},
    {"type": "Feature", "properties": {"name": "Water well", "description": "Recorded use: domestic", "Use": "Household", "Depth (feet)": 325.0, "Completed": 2021, "Work": "New Well", "State report number": "577673"}, "geometry": {"type": "Point", "coordinates": [-95.935333, 30.5359]}},
    {"type": "Feature", "properties": {"name": "Water well", "description": "Recorded use: domestic", "Use": "Household", "Depth (feet)": 325.0, "Completed": 2021, "Work": "New Well", "State report number": "577697"}, "geometry": {"type": "Point", "coordinates": [-96.005233, 30.436667]}},
    {"type": "Feature", "properties": {"name": "Water well", "description": "Recorded use: domestic", "Use": "Household", "Depth (feet)": 300.0, "Completed": 2021, "Work": "New Well", "State report number": "578610"}, "geometry": {"type": "Point", "coordinates": [-95.979167, 30.333056]}},
    {"type": "Feature", "properties": {"name": "Water well", "description": "Recorded use: domestic", "Use": "Household", "Depth (feet)": 410.0, "Completed": 2021, "Work": "New Well", "State report number": "581014"}, "geometry": {"type": "Point", "coordinates": [-95.8681, 30.825333]}},
    {"type": "Feature", "properties": {"name": "Water well", "description": "Recorded use: domestic", "Use": "Household", "Depth (feet)": 570.0, "Completed": 2021, "Work": "New Well", "State report number": "582146"}, "geometry": {"type": "Point", "coordinates": [-96.080833, 30.520556]}},
    {"type": "Feature", "properties": {"name": "Water well", "description": "Recorded use: domestic", "Use": "Household", "Depth (feet)": 410.0, "Completed": 2021, "Work": "New Well", "State report number": "582355"}, "geometry": {"type": "Point", "coordinates": [-95.873611, 30.831722]}},
    {"type": "Feature", "properties": {"name": "Water well", "description": "Recorded use: domestic", "Use": "Household", "Depth (feet)": 250.0, "Completed": 2021, "Work": "New Well", "State report number": "582389"}, "geometry": {"type": "Point", "coordinates": [-95.919269, 30.785197]}},
    {"type": "Feature", "properties": {"name": "Water well", "description": "Recorded use: industrial", "Use": "Industrial or drilling supply", "Depth (feet)": 435.0, "Completed": 2020, "Work": "New Well", "Plugged": "Yes", "State report number": "582908"}, "geometry": {"type": "Point", "coordinates": [-95.88084, 30.298544]}},
    {"type": "Feature", "properties": {"name": "Water well", "description": "Recorded use: stock", "Use": "Livestock or irrigation", "Depth (feet)": 270.0, "Completed": 2021, "Work": "New Well", "State report number": "583093"}, "geometry": {"type": "Point", "coordinates": [-95.9066, 30.834]}},
    {"type": "Feature", "properties": {"name": "Water well", "description": "Recorded use: domestic", "Use": "Household", "Depth (feet)": 385.0, "Completed": 2021, "Work": "New Well", "State report number": "583146"}, "geometry": {"type": "Point", "coordinates": [-95.929759, 30.263397]}},
    {"type": "Feature", "properties": {"name": "Water well", "description": "Recorded use: domestic", "Use": "Household", "Depth (feet)": 445.0, "Completed": 2021, "Work": "New Well", "State report number": "583179"}, "geometry": {"type": "Point", "coordinates": [-95.840702, 30.617629]}},
    {"type": "Feature", "properties": {"name": "Water well", "description": "Recorded use: domestic", "Use": "Household", "Depth (feet)": 235.0, "Completed": 2021, "Work": "New Well", "State report number": "583447"}, "geometry": {"type": "Point", "coordinates": [-95.854444, 30.251111]}},
    {"type": "Feature", "properties": {"name": "Water well", "description": "Recorded use: domestic", "Use": "Household", "Depth (feet)": 210.0, "Completed": 2021, "Work": "New Well", "State report number": "583545"}, "geometry": {"type": "Point", "coordinates": [-95.903056, 30.590833]}},
    {"type": "Feature", "properties": {"name": "Water well", "description": "Recorded use: domestic", "Use": "Household", "Depth (feet)": 240.0, "Completed": 2021, "Work": "New Well", "State report number": "583644"}, "geometry": {"type": "Point", "coordinates": [-95.949722, 30.5125]}},
    {"type": "Feature", "properties": {"name": "Water well", "description": "Recorded use: domestic", "Use": "Household", "Depth (feet)": 270.0, "Completed": 2021, "Work": "New Well", "State report number": "583662"}, "geometry": {"type": "Point", "coordinates": [-95.946144, 30.509347]}},
    {"type": "Feature", "properties": {"name": "Water well", "description": "Recorded use: domestic", "Use": "Household", "Depth (feet)": 357.0, "Completed": 2021, "Work": "New Well", "State report number": "584205"}, "geometry": {"type": "Point", "coordinates": [-95.849, 30.469]}},
    {"type": "Feature", "properties": {"name": "Water well", "description": "Recorded use: domestic", "Use": "Household", "Depth (feet)": 140.0, "Completed": 2021, "Work": "New Well", "State report number": "584313"}, "geometry": {"type": "Point", "coordinates": [-96.092222, 30.496389]}},
    {"type": "Feature", "properties": {"name": "Water well", "description": "Recorded use: domestic", "Use": "Household", "Depth (feet)": 140.0, "Completed": 2021, "Work": "New Well", "State report number": "584810"}, "geometry": {"type": "Point", "coordinates": [-95.929336, 30.279019]}},
    {"type": "Feature", "properties": {"name": "Water well", "description": "Recorded use: domestic", "Use": "Household", "Depth (feet)": 455.0, "Completed": 2021, "Work": "New Well", "State report number": "584865"}, "geometry": {"type": "Point", "coordinates": [-95.896944, 30.780556]}},
    {"type": "Feature", "properties": {"name": "Water well", "description": "Recorded use: domestic", "Use": "Household", "Depth (feet)": 340.0, "Completed": 2021, "Work": "New Well", "State report number": "584933"}, "geometry": {"type": "Point", "coordinates": [-96.047, 30.485]}},
    {"type": "Feature", "properties": {"name": "Water well", "description": "Recorded use: domestic", "Use": "Household", "Depth (feet)": 280.0, "Completed": 2021, "Work": "New Well", "State report number": "585037"}, "geometry": {"type": "Point", "coordinates": [-95.83256, 30.31185]}},
    {"type": "Feature", "properties": {"name": "Water well", "description": "Recorded use: domestic", "Use": "Household", "Depth (feet)": 314.0, "Completed": 2021, "Work": "New Well", "State report number": "585045"}, "geometry": {"type": "Point", "coordinates": [-95.908969, 30.795753]}},
    {"type": "Feature", "properties": {"name": "Water well", "description": "Recorded use: domestic", "Use": "Household", "Depth (feet)": 406.0, "Completed": 2021, "Work": "New Well", "State report number": "585049"}, "geometry": {"type": "Point", "coordinates": [-96.116911, 30.6878]}},
    {"type": "Feature", "properties": {"name": "Water well", "description": "Recorded use: domestic", "Use": "Household", "Depth (feet)": 360.0, "Completed": 2021, "Work": "New Well", "State report number": "585084"}, "geometry": {"type": "Point", "coordinates": [-95.87219, 30.58094]}},
    {"type": "Feature", "properties": {"name": "Water well", "description": "Recorded use: domestic", "Use": "Household", "Depth (feet)": 370.0, "Completed": 2021, "Work": "New Well", "State report number": "585108"}, "geometry": {"type": "Point", "coordinates": [-96.12, 30.318611]}},
    {"type": "Feature", "properties": {"name": "Water well", "description": "Recorded use: domestic", "Use": "Household", "Depth (feet)": 195.0, "Completed": 2021, "Work": "New Well", "State report number": "585167"}, "geometry": {"type": "Point", "coordinates": [-95.927778, 30.5375]}},
    {"type": "Feature", "properties": {"name": "Water well", "description": "Recorded use: domestic", "Use": "Household", "Depth (feet)": 287.0, "Completed": 2021, "Work": "New Well", "State report number": "585448"}, "geometry": {"type": "Point", "coordinates": [-95.947663, 30.509539]}},
    {"type": "Feature", "properties": {"name": "Water well", "description": "Recorded use: domestic", "Use": "Household", "Depth (feet)": 200.0, "Completed": 2021, "Work": "New Well", "State report number": "585515"}, "geometry": {"type": "Point", "coordinates": [-95.86566, 30.4057]}},
    {"type": "Feature", "properties": {"name": "Water well", "description": "Recorded use: domestic", "Use": "Household", "Depth (feet)": 145.0, "Completed": 2021, "Work": "New Well", "State report number": "585759"}, "geometry": {"type": "Point", "coordinates": [-96.081789, 30.330627]}},
    {"type": "Feature", "properties": {"name": "Water well", "description": "Recorded use: domestic", "Use": "Household", "Depth (feet)": 385.0, "Completed": 2021, "Work": "New Well", "State report number": "585991"}, "geometry": {"type": "Point", "coordinates": [-95.872665, 30.834559]}},
    {"type": "Feature", "properties": {"name": "Water well", "description": "Recorded use: domestic", "Use": "Household", "Depth (feet)": 370.0, "Completed": 2021, "Work": "New Well", "State report number": "586213"}, "geometry": {"type": "Point", "coordinates": [-95.91571, 30.28385]}},
    {"type": "Feature", "properties": {"name": "Water well", "description": "Recorded use: domestic", "Use": "Household", "Depth (feet)": 305.0, "Completed": 2021, "Work": "New Well", "State report number": "586458"}, "geometry": {"type": "Point", "coordinates": [-96.03845, 30.3154]}},
    {"type": "Feature", "properties": {"name": "Water well", "description": "Recorded use: domestic", "Use": "Household", "Depth (feet)": 354.0, "Completed": 2021, "Work": "New Well", "Plugged": "Yes", "State report number": "586925"}, "geometry": {"type": "Point", "coordinates": [-95.868056, 30.289444]}},
    {"type": "Feature", "properties": {"name": "Water well", "description": "Recorded use: domestic", "Use": "Household", "Depth (feet)": 150.0, "Completed": 2021, "Work": "New Well", "State report number": "587222"}, "geometry": {"type": "Point", "coordinates": [-95.916125, 30.288566]}},
    {"type": "Feature", "properties": {"name": "Water well", "description": "Recorded use: domestic", "Use": "Household", "Depth (feet)": 160.0, "Completed": 2021, "Work": "New Well", "State report number": "587224"}, "geometry": {"type": "Point", "coordinates": [-95.910391, 30.25449]}},
    {"type": "Feature", "properties": {"name": "Water well", "description": "Recorded use: domestic", "Use": "Household", "Depth (feet)": 185.0, "Completed": 2021, "Work": "New Well", "State report number": "587502"}, "geometry": {"type": "Point", "coordinates": [-95.928854, 30.537619]}},
    {"type": "Feature", "properties": {"name": "Water well", "description": "Recorded use: domestic", "Use": "Household", "Depth (feet)": 160.0, "Completed": 2021, "Work": "New Well", "State report number": "587521"}, "geometry": {"type": "Point", "coordinates": [-95.927759, 30.534729]}},
    {"type": "Feature", "properties": {"name": "Water well", "description": "Recorded use: domestic", "Use": "Household", "Depth (feet)": 350.0, "Completed": 2021, "Work": "New Well", "State report number": "588721"}, "geometry": {"type": "Point", "coordinates": [-95.942552, 30.54889]}},
    {"type": "Feature", "properties": {"name": "Water well", "description": "Recorded use: domestic", "Use": "Household", "Depth (feet)": 270.0, "Completed": 2021, "Work": "New Well", "State report number": "588917"}, "geometry": {"type": "Point", "coordinates": [-96.08583, 30.692798]}},
    {"type": "Feature", "properties": {"name": "Water well", "description": "Recorded use: domestic", "Use": "Household", "Depth (feet)": 180.0, "Completed": 2021, "Work": "New Well", "State report number": "588919"}, "geometry": {"type": "Point", "coordinates": [-96.051648, 30.513356]}},
    {"type": "Feature", "properties": {"name": "Water well", "description": "Recorded use: domestic", "Use": "Household", "Depth (feet)": 365.0, "Completed": 2021, "Work": "New Well", "State report number": "589185"}, "geometry": {"type": "Point", "coordinates": [-95.958676, 30.49881]}},
    {"type": "Feature", "properties": {"name": "Water well", "description": "Recorded use: domestic", "Use": "Household", "Depth (feet)": 350.0, "Completed": 2021, "Work": "New Well", "State report number": "590178"}, "geometry": {"type": "Point", "coordinates": [-95.8679, 30.28565]}},
    {"type": "Feature", "properties": {"name": "Water well", "description": "Recorded use: domestic", "Use": "Household", "Depth (feet)": 185.0, "Completed": 2021, "Work": "New Well", "State report number": "590180"}, "geometry": {"type": "Point", "coordinates": [-95.91456, 30.2434]}},
    {"type": "Feature", "properties": {"name": "Water well", "description": "Recorded use: domestic", "Use": "Household", "Depth (feet)": 360.0, "Completed": 2021, "Work": "New Well", "State report number": "590181"}, "geometry": {"type": "Point", "coordinates": [-95.860081, 30.542415]}},
    {"type": "Feature", "properties": {"name": "Water well", "description": "Recorded use: domestic", "Use": "Household", "Depth (feet)": 375.0, "Completed": 2021, "Work": "New Well", "State report number": "590657"}, "geometry": {"type": "Point", "coordinates": [-95.899444, 30.274167]}},
    {"type": "Feature", "properties": {"name": "Water well", "description": "Recorded use: domestic", "Use": "Household", "Depth (feet)": 285.0, "Completed": 2021, "Work": "New Well", "State report number": "590666"}, "geometry": {"type": "Point", "coordinates": [-95.989167, 30.518056]}},
    {"type": "Feature", "properties": {"name": "Water well", "description": "Recorded use: domestic", "Use": "Household", "Depth (feet)": 317.0, "Completed": 2021, "Work": "New Well", "State report number": "590686"}, "geometry": {"type": "Point", "coordinates": [-96.049949, 30.490942]}},
    {"type": "Feature", "properties": {"name": "Water well", "description": "Recorded use: domestic", "Use": "Household", "Depth (feet)": 170.0, "Completed": 2021, "Work": "New Well", "State report number": "590806"}, "geometry": {"type": "Point", "coordinates": [-95.901946, 30.274363]}},
    {"type": "Feature", "properties": {"name": "Water well", "description": "Recorded use: domestic", "Use": "Household", "Depth (feet)": 395.0, "Completed": 2021, "Work": "New Well", "State report number": "590819"}, "geometry": {"type": "Point", "coordinates": [-95.848943, 30.4396]}},
    {"type": "Feature", "properties": {"name": "Water well", "description": "Recorded use: domestic", "Use": "Household", "Depth (feet)": 260.0, "Completed": 2020, "Work": "New Well", "State report number": "590823"}, "geometry": {"type": "Point", "coordinates": [-95.831278, 30.260047]}},
    {"type": "Feature", "properties": {"name": "Water well", "description": "Recorded use: domestic", "Use": "Household", "Depth (feet)": 460.0, "Completed": 2021, "Work": "New Well", "State report number": "590866"}, "geometry": {"type": "Point", "coordinates": [-96.058333, 30.457778]}},
    {"type": "Feature", "properties": {"name": "Water well", "description": "Recorded use: domestic", "Use": "Household", "Depth (feet)": 295.0, "Completed": 2021, "Work": "New Well", "State report number": "591126"}, "geometry": {"type": "Point", "coordinates": [-95.971502, 30.331599]}},
    {"type": "Feature", "properties": {"name": "Water well", "description": "Recorded use: domestic", "Use": "Household", "Depth (feet)": 195.0, "Completed": 2021, "Work": "New Well", "State report number": "591134"}, "geometry": {"type": "Point", "coordinates": [-95.848253, 30.419914]}},
    {"type": "Feature", "properties": {"name": "Water well", "description": "Recorded use: domestic", "Use": "Household", "Depth (feet)": 125.0, "Completed": 2021, "Work": "New Well", "State report number": "591240"}, "geometry": {"type": "Point", "coordinates": [-95.8435, 30.7007]}},
    {"type": "Feature", "properties": {"name": "Water well", "description": "Recorded use: domestic", "Use": "Household", "Depth (feet)": 125.0, "Completed": 2021, "Work": "New Well", "State report number": "591445"}, "geometry": {"type": "Point", "coordinates": [-95.9265, 30.25437]}},
    {"type": "Feature", "properties": {"name": "Water well", "description": "Recorded use: domestic", "Use": "Household", "Depth (feet)": 305.0, "Completed": 2021, "Work": "New Well", "State report number": "591478"}, "geometry": {"type": "Point", "coordinates": [-96.031226, 30.314747]}},
    {"type": "Feature", "properties": {"name": "Water well", "description": "Recorded use: domestic", "Use": "Household", "Depth (feet)": 242.0, "Completed": 2021, "Work": "New Well", "State report number": "591515"}, "geometry": {"type": "Point", "coordinates": [-95.857762, 30.255164]}},
    {"type": "Feature", "properties": {"name": "Water well", "description": "Recorded use: domestic", "Use": "Household", "Depth (feet)": 360.0, "Completed": 2021, "Work": "New Well", "State report number": "592303"}, "geometry": {"type": "Point", "coordinates": [-96.114444, 30.817222]}},
    {"type": "Feature", "properties": {"name": "Water well", "description": "Recorded use: stock", "Use": "Livestock or irrigation", "Depth (feet)": 529.0, "Completed": 2021, "Work": "New Well", "State report number": "592522"}, "geometry": {"type": "Point", "coordinates": [-95.882202, 30.785247]}},
    {"type": "Feature", "properties": {"name": "Water well", "description": "Recorded use: domestic", "Use": "Household", "Depth (feet)": 552.0, "Completed": 2021, "Work": "New Well", "State report number": "592525"}, "geometry": {"type": "Point", "coordinates": [-95.929903, 30.769358]}},
    {"type": "Feature", "properties": {"name": "Water well", "description": "Recorded use: domestic", "Use": "Household", "Depth (feet)": 137.0, "Completed": 2021, "Work": "New Well", "State report number": "592527"}, "geometry": {"type": "Point", "coordinates": [-95.867097, 30.690696]}},
    {"type": "Feature", "properties": {"name": "Water well", "description": "Recorded use: domestic", "Use": "Household", "Depth (feet)": 350.0, "Completed": 2021, "Work": "New Well", "State report number": "592530"}, "geometry": {"type": "Point", "coordinates": [-95.977786, 30.838703]}},
    {"type": "Feature", "properties": {"name": "Water well", "description": "Recorded use: domestic", "Use": "Household", "Depth (feet)": 124.0, "Completed": 2021, "Work": "New Well", "State report number": "592531"}, "geometry": {"type": "Point", "coordinates": [-95.870018, 30.689428]}},
    {"type": "Feature", "properties": {"name": "Water well", "description": "Recorded use: domestic", "Use": "Household", "Depth (feet)": 170.0, "Completed": 2021, "Work": "New Well", "State report number": "592598"}, "geometry": {"type": "Point", "coordinates": [-95.919286, 30.27002]}},
    {"type": "Feature", "properties": {"name": "Water well", "description": "Recorded use: industrial", "Use": "Industrial or drilling supply", "Depth (feet)": 650.0, "Completed": 2021, "Work": "New Well", "State report number": "592966"}, "geometry": {"type": "Point", "coordinates": [-96.13725, 30.609111]}},
    {"type": "Feature", "properties": {"name": "Water well", "description": "Recorded use: industrial", "Use": "Industrial or drilling supply", "Depth (feet)": 650.0, "Completed": 2021, "Work": "New Well", "State report number": "592970"}, "geometry": {"type": "Point", "coordinates": [-96.138194, 30.607139]}},
    {"type": "Feature", "properties": {"name": "Water well", "description": "Recorded use: domestic", "Use": "Household", "Depth (feet)": 140.0, "Completed": 2021, "Work": "New Well", "State report number": "593086"}, "geometry": {"type": "Point", "coordinates": [-95.919167, 30.559722]}},
    {"type": "Feature", "properties": {"name": "Water well", "description": "Recorded use: domestic", "Use": "Household", "Depth (feet)": 315.0, "Completed": 2022, "Work": "New Well", "State report number": "594179"}, "geometry": {"type": "Point", "coordinates": [-95.92232, 30.771314]}},
    {"type": "Feature", "properties": {"name": "Water well", "description": "Recorded use: domestic", "Use": "Household", "Depth (feet)": 285.0, "Completed": 2021, "Work": "New Well", "State report number": "594423"}, "geometry": {"type": "Point", "coordinates": [-96.036898, 30.317107]}},
    {"type": "Feature", "properties": {"name": "Water well", "description": "Recorded use: domestic", "Use": "Household", "Depth (feet)": 205.0, "Completed": 2021, "Work": "New Well", "State report number": "594424"}, "geometry": {"type": "Point", "coordinates": [-95.873312, 30.405225]}},
    {"type": "Feature", "properties": {"name": "Well or boring", "description": "Recorded use: monitor", "Use": "Monitoring, testing or other", "Depth (feet)": 47.0, "Completed": 2021, "Work": "New Well", "State report number": "595050"}, "geometry": {"type": "Point", "coordinates": [-96.136669, 30.605486]}},
    {"type": "Feature", "properties": {"name": "Well or boring", "description": "Recorded use: monitor", "Use": "Monitoring, testing or other", "Depth (feet)": 30.0, "Completed": 2022, "Work": "New Well", "State report number": "595084"}, "geometry": {"type": "Point", "coordinates": [-96.076961, 30.77787]}},
    {"type": "Feature", "properties": {"name": "Water well", "description": "Recorded use: domestic", "Use": "Household", "Depth (feet)": 140.0, "Completed": 2021, "Work": "New Well", "State report number": "595488"}, "geometry": {"type": "Point", "coordinates": [-95.896111, 30.639722]}},
    {"type": "Feature", "properties": {"name": "Water well", "description": "Recorded use: domestic", "Use": "Household", "Depth (feet)": 255.0, "Completed": 2022, "Work": "New Well", "State report number": "595621"}, "geometry": {"type": "Point", "coordinates": [-95.844839, 30.337625]}},
    {"type": "Feature", "properties": {"name": "Water well", "description": "Recorded use: domestic", "Use": "Household", "Depth (feet)": 345.0, "Completed": 2022, "Work": "New Well", "State report number": "595651"}, "geometry": {"type": "Point", "coordinates": [-95.816264, 30.299493]}},
    {"type": "Feature", "properties": {"name": "Water well", "description": "Recorded use: domestic", "Use": "Household", "Depth (feet)": 160.0, "Completed": 2021, "Work": "New Well", "State report number": "595725"}, "geometry": {"type": "Point", "coordinates": [-95.904701, 30.247785]}},
    {"type": "Feature", "properties": {"name": "Water well", "description": "Recorded use: domestic", "Use": "Household", "Depth (feet)": 245.0, "Completed": 2021, "Work": "New Well", "State report number": "595728"}, "geometry": {"type": "Point", "coordinates": [-95.864051, 30.26435]}},
    {"type": "Feature", "properties": {"name": "Water well", "description": "Recorded use: domestic", "Use": "Household", "Depth (feet)": 205.0, "Completed": 2022, "Work": "New Well", "State report number": "595872"}, "geometry": {"type": "Point", "coordinates": [-95.907186, 30.631246]}},
    {"type": "Feature", "properties": {"name": "Water well", "description": "Recorded use: domestic", "Use": "Household", "Depth (feet)": 165.0, "Completed": 2022, "Work": "New Well", "State report number": "595918"}, "geometry": {"type": "Point", "coordinates": [-96.027955, 30.374627]}},
    {"type": "Feature", "properties": {"name": "Water well", "description": "Recorded use: domestic", "Use": "Household", "Depth (feet)": 200.0, "Completed": 2021, "Work": "Replacement", "State report number": "596295"}, "geometry": {"type": "Point", "coordinates": [-95.902927, 30.677306]}},
    {"type": "Feature", "properties": {"name": "Water well", "description": "Recorded use: domestic", "Use": "Household", "Depth (feet)": 282.0, "Completed": 2022, "Work": "New Well", "State report number": "597608"}, "geometry": {"type": "Point", "coordinates": [-96.088333, 30.695278]}},
    {"type": "Feature", "properties": {"name": "Water well", "description": "Recorded use: domestic", "Use": "Household", "Depth (feet)": 150.0, "Completed": 2022, "Work": "New Well", "State report number": "597698"}, "geometry": {"type": "Point", "coordinates": [-95.917778, 30.560278]}},
    {"type": "Feature", "properties": {"name": "Water well", "description": "Recorded use: domestic", "Use": "Household", "Depth (feet)": 183.0, "Completed": 2022, "Work": "New Well", "State report number": "597930"}, "geometry": {"type": "Point", "coordinates": [-95.898333, 30.278333]}},
    {"type": "Feature", "properties": {"name": "Water well", "description": "Recorded use: domestic", "Use": "Household", "Depth (feet)": 320.0, "Completed": 2021, "Work": "New Well", "State report number": "597955"}, "geometry": {"type": "Point", "coordinates": [-95.930265, 30.530223]}},
    {"type": "Feature", "properties": {"name": "Water well", "description": "Recorded use: domestic", "Use": "Household", "Depth (feet)": 408.0, "Completed": 2021, "Work": "New Well", "State report number": "597965"}, "geometry": {"type": "Point", "coordinates": [-96.09626, 30.810508]}},
    {"type": "Feature", "properties": {"name": "Water well", "description": "Recorded use: stock", "Use": "Livestock or irrigation", "Depth (feet)": 320.0, "Completed": 2022, "Work": "New Well", "State report number": "598376"}, "geometry": {"type": "Point", "coordinates": [-96.066667, 30.277222]}},
    {"type": "Feature", "properties": {"name": "Water well", "description": "Recorded use: domestic", "Use": "Household", "Depth (feet)": 405.0, "Completed": 2022, "Work": "New Well", "State report number": "598540"}, "geometry": {"type": "Point", "coordinates": [-96.033052, 30.44863]}},
    {"type": "Feature", "properties": {"name": "Water well", "description": "Recorded use: domestic", "Use": "Household", "Depth (feet)": 205.0, "Completed": 2022, "Work": "New Well", "State report number": "598670"}, "geometry": {"type": "Point", "coordinates": [-95.955305, 30.509117]}},
    {"type": "Feature", "properties": {"name": "Water well", "description": "Recorded use: domestic", "Use": "Household", "Depth (feet)": 180.0, "Completed": 2021, "Work": "New Well", "State report number": "598716"}, "geometry": {"type": "Point", "coordinates": [-95.842744, 30.543802]}},
    {"type": "Feature", "properties": {"name": "Water well", "description": "Recorded use: domestic", "Use": "Household", "Depth (feet)": 235.0, "Completed": 2021, "Work": "New Well", "State report number": "598720"}, "geometry": {"type": "Point", "coordinates": [-95.902416, 30.503756]}},
    {"type": "Feature", "properties": {"name": "Water well", "description": "Recorded use: domestic", "Use": "Household", "Depth (feet)": 180.0, "Completed": 2021, "Work": "New Well", "State report number": "598722"}, "geometry": {"type": "Point", "coordinates": [-96.053699, 30.512286]}},
    {"type": "Feature", "properties": {"name": "Water well", "description": "Recorded use: domestic", "Use": "Household", "Depth (feet)": 400.0, "Completed": 2022, "Work": "New Well", "State report number": "598757"}, "geometry": {"type": "Point", "coordinates": [-95.92429, 30.42467]}},
    {"type": "Feature", "properties": {"name": "Well or boring", "description": "Recorded use: monitor", "Use": "Monitoring, testing or other", "Depth (feet)": 30.0, "Completed": 2022, "Work": "New Well", "State report number": "599485"}, "geometry": {"type": "Point", "coordinates": [-96.08026, 30.624074]}},
    {"type": "Feature", "properties": {"name": "Well or boring", "description": "Recorded use: monitor", "Use": "Monitoring, testing or other", "Depth (feet)": 30.0, "Completed": 2022, "Work": "New Well", "State report number": "599487"}, "geometry": {"type": "Point", "coordinates": [-96.08026, 30.624074]}},
    {"type": "Feature", "properties": {"name": "Well or boring", "description": "Recorded use: monitor", "Use": "Monitoring, testing or other", "Depth (feet)": 25.0, "Completed": 2022, "Work": "New Well", "State report number": "599489"}, "geometry": {"type": "Point", "coordinates": [-96.078784, 30.620463]}},
    {"type": "Feature", "properties": {"name": "Well or boring", "description": "Recorded use: monitor", "Use": "Monitoring, testing or other", "Depth (feet)": 17.0, "Completed": 2022, "Work": "New Well", "State report number": "599501"}, "geometry": {"type": "Point", "coordinates": [-96.084405, 30.619449]}},
    {"type": "Feature", "properties": {"name": "Well or boring", "description": "Recorded use: environmental soil boring", "Use": "Monitoring, testing or other", "Depth (feet)": 8.0, "Completed": 2022, "Work": "New Well", "State report number": "599671"}, "geometry": {"type": "Point", "coordinates": [-96.08026, 30.624074]}},
    {"type": "Feature", "properties": {"name": "Well or boring", "description": "Recorded use: environmental soil boring", "Use": "Monitoring, testing or other", "Depth (feet)": 14.0, "Completed": 2022, "Work": "New Well", "State report number": "599674"}, "geometry": {"type": "Point", "coordinates": [-96.08026, 30.624074]}},
    {"type": "Feature", "properties": {"name": "Well or boring", "description": "Recorded use: environmental soil boring", "Use": "Monitoring, testing or other", "Depth (feet)": 10.0, "Completed": 2022, "Work": "New Well", "State report number": "599676"}, "geometry": {"type": "Point", "coordinates": [-96.08026, 30.624074]}},
    {"type": "Feature", "properties": {"name": "Well or boring", "description": "Recorded use: environmental soil boring", "Use": "Monitoring, testing or other", "Depth (feet)": 10.0, "Completed": 2022, "Work": "New Well", "State report number": "599683"}, "geometry": {"type": "Point", "coordinates": [-96.08026, 30.624074]}},
    {"type": "Feature", "properties": {"name": "Well or boring", "description": "Recorded use: environmental soil boring", "Use": "Monitoring, testing or other", "Depth (feet)": 10.0, "Completed": 2022, "Work": "New Well", "State report number": "599686"}, "geometry": {"type": "Point", "coordinates": [-96.08026, 30.624074]}},
    {"type": "Feature", "properties": {"name": "Well or boring", "description": "Recorded use: environmental soil boring", "Use": "Monitoring, testing or other", "Depth (feet)": 10.0, "Completed": 2022, "Work": "New Well", "State report number": "599928"}, "geometry": {"type": "Point", "coordinates": [-96.08026, 30.624074]}},
    {"type": "Feature", "properties": {"name": "Water well", "description": "Recorded use: domestic", "Use": "Household", "Depth (feet)": 430.0, "Completed": 2022, "Work": "New Well", "State report number": "600750"}, "geometry": {"type": "Point", "coordinates": [-96.154722, 30.648611]}},
    {"type": "Feature", "properties": {"name": "Water well", "description": "Recorded use: domestic", "Use": "Household", "Depth (feet)": 165.0, "Completed": 2022, "Work": "New Well", "State report number": "600900"}, "geometry": {"type": "Point", "coordinates": [-95.93511, 30.53969]}},
    {"type": "Feature", "properties": {"name": "Water well", "description": "Recorded use: domestic", "Use": "Household", "Depth (feet)": 305.0, "Completed": 2022, "Work": "New Well", "State report number": "600904"}, "geometry": {"type": "Point", "coordinates": [-96.06917, 30.52263]}},
    {"type": "Feature", "properties": {"name": "Water well", "description": "Recorded use: domestic", "Use": "Household", "Depth (feet)": 245.0, "Completed": 2022, "Work": "New Well", "State report number": "601230"}, "geometry": {"type": "Point", "coordinates": [-95.846175, 30.24794]}},
    {"type": "Feature", "properties": {"name": "Water well", "description": "Recorded use: domestic", "Use": "Household", "Depth (feet)": 414.0, "Completed": 2022, "Work": "New Well", "State report number": "601385"}, "geometry": {"type": "Point", "coordinates": [-96.115833, 30.674444]}},
    {"type": "Feature", "properties": {"name": "Well or boring", "description": "Recorded use: monitor", "Use": "Monitoring, testing or other", "Depth (feet)": 38.0, "Completed": 2022, "Work": "New Well", "State report number": "601446"}, "geometry": {"type": "Point", "coordinates": [-96.084663, 30.618695]}},
    {"type": "Feature", "properties": {"name": "Well or boring", "description": "Recorded use: monitor", "Use": "Monitoring, testing or other", "Depth (feet)": 38.0, "Completed": 2022, "Work": "New Well", "State report number": "601872"}, "geometry": {"type": "Point", "coordinates": [-96.084664, 30.618694]}},
    {"type": "Feature", "properties": {"name": "Well or boring", "description": "Recorded use: monitor", "Use": "Monitoring, testing or other", "Depth (feet)": 32.0, "Completed": 2022, "Work": "New Well", "State report number": "601873"}, "geometry": {"type": "Point", "coordinates": [-96.086156, 30.619067]}},
    {"type": "Feature", "properties": {"name": "Well or boring", "description": "Recorded use: monitor", "Use": "Monitoring, testing or other", "Depth (feet)": 35.0, "Completed": 2022, "Work": "New Well", "State report number": "601880"}, "geometry": {"type": "Point", "coordinates": [-96.078217, 30.616678]}},
    {"type": "Feature", "properties": {"name": "Well or boring", "description": "Recorded use: monitor", "Use": "Monitoring, testing or other", "Depth (feet)": 35.0, "Completed": 2022, "Work": "New Well", "State report number": "601884"}, "geometry": {"type": "Point", "coordinates": [-96.078208, 30.616914]}},
    {"type": "Feature", "properties": {"name": "Well or boring", "description": "Recorded use: monitor", "Use": "Monitoring, testing or other", "Depth (feet)": 40.0, "Completed": 2022, "Work": "New Well", "State report number": "601888"}, "geometry": {"type": "Point", "coordinates": [-96.081153, 30.614419]}},
    {"type": "Feature", "properties": {"name": "Well or boring", "description": "Recorded use: monitor", "Use": "Monitoring, testing or other", "Depth (feet)": 35.0, "Completed": 2022, "Work": "New Well", "State report number": "601890"}, "geometry": {"type": "Point", "coordinates": [-96.083694, 30.615639]}},
    {"type": "Feature", "properties": {"name": "Well or boring", "description": "Recorded use: monitor", "Use": "Monitoring, testing or other", "Depth (feet)": 45.0, "Completed": 2022, "Work": "New Well", "State report number": "601893"}, "geometry": {"type": "Point", "coordinates": [-96.079192, 30.611822]}},
    {"type": "Feature", "properties": {"name": "Well or boring", "description": "Recorded use: monitor", "Use": "Monitoring, testing or other", "Depth (feet)": 38.0, "Completed": 2022, "Work": "New Well", "State report number": "601894"}, "geometry": {"type": "Point", "coordinates": [-96.087725, 30.615244]}},
    {"type": "Feature", "properties": {"name": "Well or boring", "description": "Recorded use: monitor", "Use": "Monitoring, testing or other", "Depth (feet)": 33.0, "Completed": 2022, "Work": "New Well", "State report number": "601896"}, "geometry": {"type": "Point", "coordinates": [-96.086517, 30.612983]}},
    {"type": "Feature", "properties": {"name": "Well or boring", "description": "Recorded use: monitor", "Use": "Monitoring, testing or other", "Depth (feet)": 35.0, "Completed": 2022, "Work": "New Well", "State report number": "601897"}, "geometry": {"type": "Point", "coordinates": [-96.082244, 30.611867]}},
    {"type": "Feature", "properties": {"name": "Water well", "description": "Recorded use: domestic", "Use": "Household", "Depth (feet)": 158.0, "Completed": 2022, "Work": "New Well", "State report number": "601989"}, "geometry": {"type": "Point", "coordinates": [-95.886, 30.26952]}},
    {"type": "Feature", "properties": {"name": "Water well", "description": "Recorded use: domestic", "Use": "Household", "Depth (feet)": 190.0, "Completed": 2022, "Work": "Replacement", "State report number": "602240"}, "geometry": {"type": "Point", "coordinates": [-95.818472, 30.251778]}},
    {"type": "Feature", "properties": {"name": "Water well", "description": "Recorded use: domestic", "Use": "Household", "Depth (feet)": 540.0, "Completed": 2022, "Work": "New Well", "State report number": "602554"}, "geometry": {"type": "Point", "coordinates": [-95.903, 30.727892]}},
    {"type": "Feature", "properties": {"name": "Water well", "description": "Recorded use: domestic", "Use": "Household", "Depth (feet)": 328.0, "Completed": 2022, "Work": "New Well", "State report number": "603092"}, "geometry": {"type": "Point", "coordinates": [-96.054, 30.784]}},
    {"type": "Feature", "properties": {"name": "Water well", "description": "Recorded use: domestic", "Use": "Household", "Depth (feet)": 335.0, "Completed": 2022, "Work": "New Well", "State report number": "603520"}, "geometry": {"type": "Point", "coordinates": [-95.94163, 30.551325]}},
    {"type": "Feature", "properties": {"name": "Water well", "description": "Recorded use: domestic", "Use": "Household", "Depth (feet)": 145.0, "Completed": 2022, "Work": "New Well", "State report number": "603525"}, "geometry": {"type": "Point", "coordinates": [-95.904124, 30.254462]}},
    {"type": "Feature", "properties": {"name": "Water well", "description": "Recorded use: domestic", "Use": "Household", "Depth (feet)": 300.0, "Completed": 2022, "Work": "New Well", "State report number": "603800"}, "geometry": {"type": "Point", "coordinates": [-95.863889, 30.253333]}},
    {"type": "Feature", "properties": {"name": "Water well", "description": "Recorded use: domestic", "Use": "Household", "Depth (feet)": 255.0, "Completed": 2022, "Work": "New Well", "State report number": "604529"}, "geometry": {"type": "Point", "coordinates": [-95.942528, 30.51775]}},
    {"type": "Feature", "properties": {"name": "Water well", "description": "Recorded use: domestic", "Use": "Household", "Depth (feet)": 340.0, "Completed": 2022, "Work": "New Well", "State report number": "605279"}, "geometry": {"type": "Point", "coordinates": [-95.93537, 30.586571]}},
    {"type": "Feature", "properties": {"name": "Water well", "description": "Recorded use: domestic", "Use": "Household", "Depth (feet)": 285.0, "Completed": 2022, "Work": "New Well", "State report number": "605481"}, "geometry": {"type": "Point", "coordinates": [-95.87265, 30.42683]}},
    {"type": "Feature", "properties": {"name": "Water well", "description": "Recorded use: domestic", "Use": "Household", "Depth (feet)": 250.0, "Completed": 2022, "Work": "New Well", "State report number": "605959"}, "geometry": {"type": "Point", "coordinates": [-95.979167, 30.337222]}},
    {"type": "Feature", "properties": {"name": "Water well", "description": "Recorded use: domestic", "Use": "Household", "Depth (feet)": 305.0, "Completed": 2022, "Work": "New Well", "State report number": "606341"}, "geometry": {"type": "Point", "coordinates": [-95.9941, 30.24845]}},
    {"type": "Feature", "properties": {"name": "Water well", "description": "Recorded use: domestic", "Use": "Household", "Depth (feet)": 360.0, "Completed": 2022, "Work": "New Well", "State report number": "606421"}, "geometry": {"type": "Point", "coordinates": [-96.02704, 30.54328]}},
    {"type": "Feature", "properties": {"name": "Water well", "description": "Recorded use: domestic", "Use": "Household", "Depth (feet)": 395.0, "Completed": 2022, "Work": "New Well", "State report number": "606430"}, "geometry": {"type": "Point", "coordinates": [-95.895917, 30.797472]}},
    {"type": "Feature", "properties": {"name": "Water well", "description": "Recorded use: domestic", "Use": "Household", "Depth (feet)": 460.0, "Completed": 2022, "Work": "New Well", "State report number": "606436"}, "geometry": {"type": "Point", "coordinates": [-95.890488, 30.4077]}},
    {"type": "Feature", "properties": {"name": "Water well", "description": "Recorded use: domestic", "Use": "Household", "Depth (feet)": 250.0, "Completed": 2022, "Work": "New Well", "State report number": "606490"}, "geometry": {"type": "Point", "coordinates": [-95.896274, 30.841921]}},
    {"type": "Feature", "properties": {"name": "Water well", "description": "Recorded use: domestic", "Use": "Household", "Depth (feet)": 370.0, "Completed": 2022, "Work": "New Well", "State report number": "606730"}, "geometry": {"type": "Point", "coordinates": [-95.861967, 30.578083]}},
    {"type": "Feature", "properties": {"name": "Water well", "description": "Recorded use: domestic", "Use": "Household", "Depth (feet)": 335.0, "Completed": 2022, "Work": "New Well", "State report number": "606764"}, "geometry": {"type": "Point", "coordinates": [-95.998361, 30.339278]}},
    {"type": "Feature", "properties": {"name": "Water well", "description": "Recorded use: domestic", "Use": "Household", "Depth (feet)": 405.0, "Completed": 2022, "Work": "New Well", "State report number": "607383"}, "geometry": {"type": "Point", "coordinates": [-95.868333, 30.382222]}},
    {"type": "Feature", "properties": {"name": "Water well", "description": "Recorded use: domestic", "Use": "Household", "Depth (feet)": 260.0, "Completed": 2021, "Work": "New Well", "State report number": "607736"}, "geometry": {"type": "Point", "coordinates": [-95.83916, 30.45261]}},
    {"type": "Feature", "properties": {"name": "Water well", "description": "Recorded use: domestic", "Use": "Household", "Depth (feet)": 220.0, "Completed": 2021, "Work": "New Well", "State report number": "607737"}, "geometry": {"type": "Point", "coordinates": [-95.90267, 30.45749]}},
    {"type": "Feature", "properties": {"name": "Water well", "description": "Recorded use: domestic", "Use": "Household", "Depth (feet)": 160.0, "Completed": 2022, "Work": "New Well", "State report number": "607739"}, "geometry": {"type": "Point", "coordinates": [-95.93376, 30.53602]}},
    {"type": "Feature", "properties": {"name": "Water well", "description": "Recorded use: domestic", "Use": "Household", "Depth (feet)": 155.0, "Completed": 2022, "Work": "New Well", "State report number": "607740"}, "geometry": {"type": "Point", "coordinates": [-95.93351, 30.53539]}},
    {"type": "Feature", "properties": {"name": "Water well", "description": "Recorded use: domestic", "Use": "Household", "Depth (feet)": 270.0, "Completed": 2022, "Work": "New Well", "State report number": "607804"}, "geometry": {"type": "Point", "coordinates": [-95.94743, 30.50898]}},
    {"type": "Feature", "properties": {"name": "Water well", "description": "Recorded use: domestic", "Use": "Household", "Depth (feet)": 250.0, "Completed": 2022, "Work": "New Well", "State report number": "607805"}, "geometry": {"type": "Point", "coordinates": [-96.04379, 30.49042]}},
    {"type": "Feature", "properties": {"name": "Water well", "description": "Recorded use: domestic", "Use": "Household", "Depth (feet)": 420.0, "Completed": 2022, "Work": "New Well", "State report number": "607808"}, "geometry": {"type": "Point", "coordinates": [-95.82995, 30.61492]}},
    {"type": "Feature", "properties": {"name": "Water well", "description": "Recorded use: domestic", "Use": "Household", "Depth (feet)": 240.0, "Completed": 2022, "Work": "New Well", "State report number": "608023"}, "geometry": {"type": "Point", "coordinates": [-96.015544, 30.462338]}},
    {"type": "Feature", "properties": {"name": "Water well", "description": "Recorded use: domestic", "Use": "Household", "Depth (feet)": 210.0, "Completed": 2022, "Work": "New Well", "State report number": "608393"}, "geometry": {"type": "Point", "coordinates": [-95.87703, 30.25953]}},
    {"type": "Feature", "properties": {"name": "Water well", "description": "Recorded use: domestic", "Use": "Household", "Depth (feet)": 518.0, "Completed": 2022, "Work": "New Well", "State report number": "608617"}, "geometry": {"type": "Point", "coordinates": [-96.112681, 30.687347]}},
    {"type": "Feature", "properties": {"name": "Water well", "description": "Recorded use: domestic", "Use": "Household", "Depth (feet)": 260.0, "Completed": 2022, "Work": "New Well", "State report number": "609003"}, "geometry": {"type": "Point", "coordinates": [-95.943605, 30.517997]}},
    {"type": "Feature", "properties": {"name": "Water well", "description": "Recorded use: domestic", "Use": "Household", "Depth (feet)": 258.0, "Completed": 2022, "Work": "New Well", "State report number": "609936"}, "geometry": {"type": "Point", "coordinates": [-95.847553, 30.245083]}},
    {"type": "Feature", "properties": {"name": "Water well", "description": "Recorded use: domestic", "Use": "Household", "Depth (feet)": 440.0, "Completed": 2022, "Work": "New Well", "State report number": "610521"}, "geometry": {"type": "Point", "coordinates": [-95.962673, 30.391782]}},
    {"type": "Feature", "properties": {"name": "Water well", "description": "Recorded use: domestic", "Use": "Household", "Depth (feet)": 185.0, "Completed": 2022, "Work": "New Well", "State report number": "610539"}, "geometry": {"type": "Point", "coordinates": [-95.863815, 30.266314]}},
    {"type": "Feature", "properties": {"name": "Water well", "description": "Recorded use: domestic", "Use": "Household", "Depth (feet)": 145.0, "Completed": 2022, "Work": "New Well", "State report number": "611172"}, "geometry": {"type": "Point", "coordinates": [-95.918889, 30.29]}},
    {"type": "Feature", "properties": {"name": "Water well", "description": "Recorded use: domestic", "Use": "Household", "Depth (feet)": 200.0, "Completed": 2022, "Work": "New Well", "State report number": "611440"}, "geometry": {"type": "Point", "coordinates": [-96.07014, 30.52186]}},
    {"type": "Feature", "properties": {"name": "Water well", "description": "Recorded use: domestic", "Use": "Household", "Depth (feet)": 270.0, "Completed": 2022, "Work": "New Well", "State report number": "613183"}, "geometry": {"type": "Point", "coordinates": [-95.94743, 30.50898]}},
    {"type": "Feature", "properties": {"name": "Water well", "description": "Recorded use: domestic", "Use": "Household", "Depth (feet)": 220.0, "Completed": 2022, "Work": "New Well", "State report number": "613184"}, "geometry": {"type": "Point", "coordinates": [-95.84835, 30.24554]}},
    {"type": "Feature", "properties": {"name": "Water well", "description": "Recorded use: domestic", "Use": "Household", "Depth (feet)": 350.0, "Completed": 2022, "Work": "New Well", "State report number": "613416"}, "geometry": {"type": "Point", "coordinates": [-95.89602, 30.50532]}},
    {"type": "Feature", "properties": {"name": "Water well", "description": "Recorded use: domestic", "Use": "Household", "Depth (feet)": 265.0, "Completed": 2022, "Work": "New Well", "State report number": "613519"}, "geometry": {"type": "Point", "coordinates": [-95.9589, 30.49058]}},
    {"type": "Feature", "properties": {"name": "Water well", "description": "Recorded use: domestic", "Use": "Household", "Depth (feet)": 310.0, "Completed": 2022, "Work": "New Well", "State report number": "613672"}, "geometry": {"type": "Point", "coordinates": [-95.92609, 30.330267]}},
    {"type": "Feature", "properties": {"name": "Water well", "description": "Recorded use: domestic", "Use": "Household", "Depth (feet)": 285.0, "Completed": 2022, "Work": "New Well", "State report number": "613971"}, "geometry": {"type": "Point", "coordinates": [-95.958634, 30.394461]}},
    {"type": "Feature", "properties": {"name": "Water well", "description": "Recorded use: domestic", "Use": "Household", "Depth (feet)": 348.0, "Completed": 2022, "Work": "New Well", "State report number": "614452"}, "geometry": {"type": "Point", "coordinates": [-96.022343, 30.528069]}},
    {"type": "Feature", "properties": {"name": "Water well", "description": "Recorded use: domestic", "Use": "Household", "Depth (feet)": 204.0, "Completed": 2022, "Work": "New Well", "State report number": "614867"}, "geometry": {"type": "Point", "coordinates": [-95.845, 30.679167]}},
    {"type": "Feature", "properties": {"name": "Water well", "description": "Recorded use: domestic", "Use": "Household", "Depth (feet)": 300.0, "Completed": 2022, "Work": "New Well", "State report number": "614978"}, "geometry": {"type": "Point", "coordinates": [-96.03535, 30.31621]}},
    {"type": "Feature", "properties": {"name": "Water well", "description": "Recorded use: domestic", "Use": "Household", "Depth (feet)": 245.0, "Completed": 2022, "Work": "New Well", "State report number": "615147"}, "geometry": {"type": "Point", "coordinates": [-95.945117, 30.243717]}},
    {"type": "Feature", "properties": {"name": "Water well", "description": "Recorded use: domestic", "Use": "Household", "Depth (feet)": 300.0, "Completed": 2022, "Work": "New Well", "State report number": "615170"}, "geometry": {"type": "Point", "coordinates": [-96.03301, 30.318726]}},
    {"type": "Feature", "properties": {"name": "Water well", "description": "Recorded use: domestic", "Use": "Household", "Depth (feet)": 425.0, "Completed": 2022, "Work": "New Well", "State report number": "615199"}, "geometry": {"type": "Point", "coordinates": [-95.852178, 30.440296]}},
    {"type": "Feature", "properties": {"name": "Water well", "description": "Recorded use: domestic", "Use": "Household", "Depth (feet)": 225.0, "Completed": 2022, "Work": "New Well", "State report number": "615202"}, "geometry": {"type": "Point", "coordinates": [-95.953471, 30.520995]}},
    {"type": "Feature", "properties": {"name": "Water well", "description": "Recorded use: domestic", "Use": "Household", "Depth (feet)": 235.0, "Completed": 2022, "Work": "New Well", "State report number": "615293"}, "geometry": {"type": "Point", "coordinates": [-95.849897, 30.428171]}},
    {"type": "Feature", "properties": {"name": "Water well", "description": "Recorded use: domestic", "Use": "Household", "Depth (feet)": 225.0, "Completed": 2022, "Work": "New Well", "State report number": "615553"}, "geometry": {"type": "Point", "coordinates": [-95.821692, 30.368047]}},
    {"type": "Feature", "properties": {"name": "Water well", "description": "Recorded use: domestic", "Use": "Household", "Depth (feet)": 420.0, "Completed": 2022, "Work": "New Well", "State report number": "615718"}, "geometry": {"type": "Point", "coordinates": [-95.923428, 30.420461]}},
    {"type": "Feature", "properties": {"name": "Water well", "description": "Recorded use: domestic", "Use": "Household", "Depth (feet)": 340.0, "Completed": 2022, "Work": "New Well", "State report number": "615749"}, "geometry": {"type": "Point", "coordinates": [-95.8303, 30.5505]}},
    {"type": "Feature", "properties": {"name": "Water well", "description": "Recorded use: domestic", "Use": "Household", "Depth (feet)": 220.0, "Completed": 2022, "Work": "New Well", "State report number": "617564"}, "geometry": {"type": "Point", "coordinates": [-95.8884, 30.4985]}},
    {"type": "Feature", "properties": {"name": "Water well", "description": "Recorded use: domestic", "Use": "Household", "Depth (feet)": 235.0, "Completed": 2022, "Work": "New Well", "State report number": "617681"}, "geometry": {"type": "Point", "coordinates": [-95.907778, 30.584444]}},
    {"type": "Feature", "properties": {"name": "Water well", "description": "Recorded use: domestic", "Use": "Household", "Depth (feet)": 240.0, "Completed": 2022, "Work": "New Well", "State report number": "619235"}, "geometry": {"type": "Point", "coordinates": [-95.938583, 30.574056]}},
    {"type": "Feature", "properties": {"name": "Water well", "description": "Recorded use: domestic", "Use": "Household", "Depth (feet)": 360.0, "Completed": 2022, "Work": "New Well", "State report number": "619344"}, "geometry": {"type": "Point", "coordinates": [-95.849672, 30.686817]}},
    {"type": "Feature", "properties": {"name": "Water well", "description": "Recorded use: domestic", "Use": "Household", "Depth (feet)": 455.0, "Completed": 2022, "Work": "New Well", "State report number": "620038"}, "geometry": {"type": "Point", "coordinates": [-95.857437, 30.605764]}},
    {"type": "Feature", "properties": {"name": "Water well", "description": "Recorded use: domestic", "Use": "Household", "Depth (feet)": 222.0, "Completed": 2022, "Work": "New Well", "State report number": "620040"}, "geometry": {"type": "Point", "coordinates": [-95.950056, 30.677554]}},
    {"type": "Feature", "properties": {"name": "Well or boring", "description": "Recorded use: monitor", "Use": "Monitoring, testing or other", "Depth (feet)": 18.0, "Completed": 2022, "Work": "New Well", "State report number": "620375"}, "geometry": {"type": "Point", "coordinates": [-95.94503, 30.585203]}},
    {"type": "Feature", "properties": {"name": "Water well", "description": "Recorded use: domestic", "Use": "Household", "Depth (feet)": 366.0, "Completed": 2022, "Work": "New Well", "State report number": "620689"}, "geometry": {"type": "Point", "coordinates": [-95.951831, 30.508612]}},
    {"type": "Feature", "properties": {"name": "Water well", "description": "Recorded use: domestic", "Use": "Household", "Depth (feet)": 460.0, "Completed": 2022, "Work": "New Well", "State report number": "621105"}, "geometry": {"type": "Point", "coordinates": [-95.88889, 30.39444]}},
    {"type": "Feature", "properties": {"name": "Water well", "description": "Recorded use: domestic", "Use": "Household", "Depth (feet)": 185.0, "Completed": 2022, "Work": "New Well", "State report number": "621143"}, "geometry": {"type": "Point", "coordinates": [-95.848681, 30.678558]}},
    {"type": "Feature", "properties": {"name": "Water well", "description": "Recorded use: domestic", "Use": "Household", "Depth (feet)": 222.0, "Completed": 2022, "Work": "New Well", "State report number": "621206"}, "geometry": {"type": "Point", "coordinates": [-95.904498, 30.629721]}},
    {"type": "Feature", "properties": {"name": "Water well", "description": "Recorded use: domestic", "Use": "Household", "Depth (feet)": 350.0, "Completed": 2022, "Work": "New Well", "State report number": "621212"}, "geometry": {"type": "Point", "coordinates": [-95.86801, 30.29025]}},
    {"type": "Feature", "properties": {"name": "Water well", "description": "Recorded use: domestic", "Use": "Household", "Depth (feet)": 199.0, "Completed": 2022, "Work": "New Well", "State report number": "621449"}, "geometry": {"type": "Point", "coordinates": [-95.877515, 30.739299]}},
    {"type": "Feature", "properties": {"name": "Water well", "description": "Recorded use: domestic", "Use": "Household", "Depth (feet)": 165.0, "Completed": 2022, "Work": "New Well", "State report number": "621591"}, "geometry": {"type": "Point", "coordinates": [-95.933234, 30.533784]}},
    {"type": "Feature", "properties": {"name": "Water well", "description": "Recorded use: domestic", "Use": "Household", "Depth (feet)": 520.0, "Completed": 2022, "Work": "New Well", "State report number": "621743"}, "geometry": {"type": "Point", "coordinates": [-96.086944, 30.501667]}},
    {"type": "Feature", "properties": {"name": "Water well", "description": "Recorded use: domestic", "Use": "Household", "Depth (feet)": 324.0, "Completed": 2022, "Work": "New Well", "State report number": "621833"}, "geometry": {"type": "Point", "coordinates": [-95.9568, 30.5159]}},
    {"type": "Feature", "properties": {"name": "Water well", "description": "Recorded use: domestic", "Use": "Household", "Depth (feet)": 320.0, "Completed": 2022, "Work": "New Well", "State report number": "622193"}, "geometry": {"type": "Point", "coordinates": [-95.896275, 30.312965]}},
    {"type": "Feature", "properties": {"name": "Water well", "description": "Recorded use: domestic", "Use": "Household", "Depth (feet)": 390.0, "Completed": 2022, "Work": "New Well", "State report number": "623238"}, "geometry": {"type": "Point", "coordinates": [-95.875, 30.83]}},
    {"type": "Feature", "properties": {"name": "Water well", "description": "Recorded use: domestic", "Use": "Household", "Depth (feet)": 205.0, "Completed": 2022, "Work": "New Well", "State report number": "623382"}, "geometry": {"type": "Point", "coordinates": [-95.86214, 30.267232]}},
    {"type": "Feature", "properties": {"name": "Water well", "description": "Recorded use: domestic", "Use": "Household", "Depth (feet)": 310.0, "Completed": 2022, "Work": "New Well", "State report number": "623961"}, "geometry": {"type": "Point", "coordinates": [-96.08789, 30.68616]}},
    {"type": "Feature", "properties": {"name": "Water well", "description": "Recorded use: domestic", "Use": "Household", "Depth (feet)": 270.0, "Completed": 2022, "Work": "New Well", "State report number": "624014"}, "geometry": {"type": "Point", "coordinates": [-95.84309, 30.67894]}},
    {"type": "Feature", "properties": {"name": "Water well", "description": "Recorded use: domestic", "Use": "Household", "Depth (feet)": 125.0, "Completed": 2022, "Work": "New Well", "State report number": "624111"}, "geometry": {"type": "Point", "coordinates": [-95.901053, 30.570498]}},
    {"type": "Feature", "properties": {"name": "Water well", "description": "Recorded use: domestic", "Use": "Household", "Depth (feet)": 245.0, "Completed": 2022, "Work": "New Well", "State report number": "625348"}, "geometry": {"type": "Point", "coordinates": [-95.952741, 30.509492]}},
    {"type": "Feature", "properties": {"name": "Water well", "description": "Recorded use: domestic", "Use": "Household", "Depth (feet)": 440.0, "Completed": 2022, "Work": "Replacement", "State report number": "625424"}, "geometry": {"type": "Point", "coordinates": [-95.859412, 30.579442]}},
    {"type": "Feature", "properties": {"name": "Water well", "description": "Recorded use: domestic", "Use": "Household", "Depth (feet)": 405.0, "Completed": 2022, "Work": "New Well", "State report number": "625694"}, "geometry": {"type": "Point", "coordinates": [-95.8725, 30.831944]}},
    {"type": "Feature", "properties": {"name": "Water well", "description": "Recorded use: domestic", "Use": "Household", "Depth (feet)": 300.0, "Completed": 2022, "Work": "New Well", "State report number": "626149"}, "geometry": {"type": "Point", "coordinates": [-96.14688, 30.7747]}},
    {"type": "Feature", "properties": {"name": "Water well", "description": "Recorded use: domestic", "Use": "Household", "Depth (feet)": 165.0, "Completed": 2022, "Work": "New Well", "State report number": "626198"}, "geometry": {"type": "Point", "coordinates": [-95.927923, 30.535645]}},
    {"type": "Feature", "properties": {"name": "Water well", "description": "Recorded use: domestic", "Use": "Household", "Depth (feet)": 210.0, "Completed": 2022, "Work": "New Well", "State report number": "626924"}, "geometry": {"type": "Point", "coordinates": [-95.94067, 30.57093]}},
    {"type": "Feature", "properties": {"name": "Water well", "description": "Recorded use: domestic", "Use": "Household", "Depth (feet)": 335.0, "Completed": 2022, "Work": "New Well", "State report number": "626927"}, "geometry": {"type": "Point", "coordinates": [-95.86761, 30.29207]}},
    {"type": "Feature", "properties": {"name": "Water well", "description": "Recorded use: domestic", "Use": "Household", "Depth (feet)": 345.0, "Completed": 2022, "Work": "New Well", "State report number": "626934"}, "geometry": {"type": "Point", "coordinates": [-95.92336, 30.46091]}},
    {"type": "Feature", "properties": {"name": "Water well", "description": "Recorded use: domestic", "Use": "Household", "Depth (feet)": 280.0, "Completed": 2022, "Work": "New Well", "State report number": "626942"}, "geometry": {"type": "Point", "coordinates": [-95.8495, 30.65026]}},
    {"type": "Feature", "properties": {"name": "Well or boring", "description": "Recorded use: monitor", "Use": "Monitoring, testing or other", "Depth (feet)": 30.0, "Completed": 2021, "Work": "New Well", "State report number": "626944"}, "geometry": {"type": "Point", "coordinates": [-96.059063, 30.356221]}},
    {"type": "Feature", "properties": {"name": "Well or boring", "description": "Recorded use: monitor", "Use": "Monitoring, testing or other", "Depth (feet)": 30.0, "Completed": 2021, "Work": "New Well", "State report number": "626945"}, "geometry": {"type": "Point", "coordinates": [-96.059529, 30.356635]}},
    {"type": "Feature", "properties": {"name": "Water well", "description": "Recorded use: domestic", "Use": "Household", "Depth (feet)": 170.0, "Completed": 2022, "Work": "New Well", "State report number": "627125"}, "geometry": {"type": "Point", "coordinates": [-95.913091, 30.269308]}},
    {"type": "Feature", "properties": {"name": "Water well", "description": "Recorded use: domestic", "Use": "Household", "Depth (feet)": 385.0, "Completed": 2022, "Work": "New Well", "State report number": "627146"}, "geometry": {"type": "Point", "coordinates": [-96.044639, 30.737139]}},
    {"type": "Feature", "properties": {"name": "Water well", "description": "Recorded use: domestic", "Use": "Household", "Depth (feet)": 400.0, "Completed": 2022, "Work": "New Well", "State report number": "627179"}, "geometry": {"type": "Point", "coordinates": [-95.9622, 30.46503]}},
    {"type": "Feature", "properties": {"name": "Water well", "description": "Recorded use: domestic", "Use": "Household", "Depth (feet)": 410.0, "Completed": 2022, "Work": "New Well", "State report number": "627184"}, "geometry": {"type": "Point", "coordinates": [-95.90624, 30.4237]}},
    {"type": "Feature", "properties": {"name": "Water well", "description": "Recorded use: domestic", "Use": "Household", "Depth (feet)": 390.0, "Completed": 2022, "Work": "New Well", "State report number": "627186"}, "geometry": {"type": "Point", "coordinates": [-95.839844, 30.41272]}},
    {"type": "Feature", "properties": {"name": "Water well", "description": "Recorded use: domestic", "Use": "Household", "Depth (feet)": 290.0, "Completed": 2022, "Work": "New Well", "State report number": "627197"}, "geometry": {"type": "Point", "coordinates": [-95.83834, 30.52431]}},
    {"type": "Feature", "properties": {"name": "Water well", "description": "Recorded use: domestic", "Use": "Household", "Depth (feet)": 120.0, "Completed": 2022, "Work": "New Well", "State report number": "628013"}, "geometry": {"type": "Point", "coordinates": [-95.905556, 30.253333]}},
    {"type": "Feature", "properties": {"name": "Water well", "description": "Recorded use: public supply", "Use": "Public water supply", "Depth (feet)": 240.0, "Completed": 2022, "Work": "New Well", "Plugged": "Yes", "State report number": "628073"}, "geometry": {"type": "Point", "coordinates": [-95.872389, 30.647889]}},
    {"type": "Feature", "properties": {"name": "Water well", "description": "Recorded use: domestic", "Use": "Household", "Depth (feet)": 410.0, "Completed": 2022, "Work": "New Well", "State report number": "628410"}, "geometry": {"type": "Point", "coordinates": [-95.922483, 30.25331]}},
    {"type": "Feature", "properties": {"name": "Well or boring", "description": "Recorded use: monitor", "Use": "Monitoring, testing or other", "Depth (feet)": 50.0, "Completed": 2022, "Work": "New Well", "State report number": "628610"}, "geometry": {"type": "Point", "coordinates": [-96.09607, 30.62962]}},
    {"type": "Feature", "properties": {"name": "Well or boring", "description": "Recorded use: monitor", "Use": "Monitoring, testing or other", "Depth (feet)": 50.0, "Completed": 2022, "Work": "New Well", "State report number": "628611"}, "geometry": {"type": "Point", "coordinates": [-96.0964, 30.63264]}},
    {"type": "Feature", "properties": {"name": "Well or boring", "description": "Recorded use: monitor", "Use": "Monitoring, testing or other", "Depth (feet)": 50.0, "Completed": 2022, "Work": "New Well", "State report number": "628612"}, "geometry": {"type": "Point", "coordinates": [-96.09744, 30.63795]}},
    {"type": "Feature", "properties": {"name": "Water well", "description": "Recorded use: domestic", "Use": "Household", "Depth (feet)": 260.0, "Completed": 2022, "Work": "New Well", "State report number": "629002"}, "geometry": {"type": "Point", "coordinates": [-95.86698, 30.42637]}},
    {"type": "Feature", "properties": {"name": "Water well", "description": "Recorded use: domestic", "Use": "Household", "Depth (feet)": 340.0, "Completed": 2023, "Work": "New Well", "State report number": "629151"}, "geometry": {"type": "Point", "coordinates": [-95.865418, 30.292116]}},
    {"type": "Feature", "properties": {"name": "Water well", "description": "Recorded use: domestic", "Use": "Household", "Depth (feet)": 295.0, "Completed": 2023, "Work": "New Well", "State report number": "629284"}, "geometry": {"type": "Point", "coordinates": [-96.033535, 30.314351]}},
    {"type": "Feature", "properties": {"name": "Water well", "description": "Recorded use: domestic", "Use": "Household", "Depth (feet)": 275.0, "Completed": 2023, "Work": "New Well", "State report number": "629488"}, "geometry": {"type": "Point", "coordinates": [-96.037583, 30.320483]}},
    {"type": "Feature", "properties": {"name": "Water well", "description": "Recorded use: domestic", "Use": "Household", "Depth (feet)": 280.0, "Completed": 2022, "Work": "New Well", "State report number": "629490"}, "geometry": {"type": "Point", "coordinates": [-96.033883, 30.318233]}},
    {"type": "Feature", "properties": {"name": "Water well", "description": "Recorded use: domestic", "Use": "Household", "Depth (feet)": 350.0, "Completed": 2022, "Work": "New Well", "State report number": "629567"}, "geometry": {"type": "Point", "coordinates": [-95.876944, 30.839167]}},
    {"type": "Feature", "properties": {"name": "Water well", "description": "Recorded use: domestic", "Use": "Household", "Depth (feet)": 165.0, "Completed": 2022, "Work": "New Well", "State report number": "630078"}, "geometry": {"type": "Point", "coordinates": [-95.930626, 30.534452]}},
    {"type": "Feature", "properties": {"name": "Water well", "description": "Recorded use: domestic", "Use": "Household", "Depth (feet)": 400.0, "Completed": 2023, "Work": "New Well", "State report number": "630111"}, "geometry": {"type": "Point", "coordinates": [-95.940278, 30.335833]}},
    {"type": "Feature", "properties": {"name": "Water well", "description": "Recorded use: domestic", "Use": "Household", "Depth (feet)": 420.0, "Completed": 2022, "Work": "New Well", "State report number": "630492"}, "geometry": {"type": "Point", "coordinates": [-95.846083, 30.537944]}},
    {"type": "Feature", "properties": {"name": "Water well", "description": "Recorded use: domestic", "Use": "Household", "Depth (feet)": 175.0, "Completed": 2022, "Work": "New Well", "State report number": "630620"}, "geometry": {"type": "Point", "coordinates": [-95.914486, 30.286418]}},
    {"type": "Feature", "properties": {"name": "Water well", "description": "Recorded use: domestic", "Use": "Household", "Depth (feet)": 180.0, "Completed": 2022, "Work": "New Well", "State report number": "630798"}, "geometry": {"type": "Point", "coordinates": [-95.93276, 30.53623]}},
    {"type": "Feature", "properties": {"name": "Water well", "description": "Recorded use: domestic", "Use": "Household", "Depth (feet)": 553.0, "Completed": 2022, "Work": "New Well", "State report number": "630814"}, "geometry": {"type": "Point", "coordinates": [-95.919207, 30.551753]}},
    {"type": "Feature", "properties": {"name": "Water well", "description": "Recorded use: domestic", "Use": "Household", "Depth (feet)": 155.0, "Completed": 2022, "Work": "New Well", "State report number": "630817"}, "geometry": {"type": "Point", "coordinates": [-95.931174, 30.533348]}},
    {"type": "Feature", "properties": {"name": "Well or boring", "description": "Recorded use: monitor", "Use": "Monitoring, testing or other", "Depth (feet)": 30.0, "Completed": 2023, "Work": "New Well", "State report number": "630922"}, "geometry": {"type": "Point", "coordinates": [-96.07682, 30.77788]}},
    {"type": "Feature", "properties": {"name": "Water well", "description": "Recorded use: domestic", "Use": "Household", "Depth (feet)": 200.0, "Completed": 2023, "Work": "New Well", "State report number": "631012"}, "geometry": {"type": "Point", "coordinates": [-95.886669, 30.252364]}},
    {"type": "Feature", "properties": {"name": "Water well", "description": "Recorded use: domestic", "Use": "Household", "Depth (feet)": 308.0, "Completed": 2023, "Work": "New Well", "State report number": "631537"}, "geometry": {"type": "Point", "coordinates": [-95.924087, 30.765737]}},
    {"type": "Feature", "properties": {"name": "Water well", "description": "Recorded use: domestic", "Use": "Household", "Depth (feet)": 245.0, "Completed": 2023, "Work": "New Well", "State report number": "631735"}, "geometry": {"type": "Point", "coordinates": [-95.85307, 30.2474]}},
    {"type": "Feature", "properties": {"name": "Water well", "description": "Recorded use: domestic", "Use": "Household", "Depth (feet)": 300.0, "Completed": 2023, "Work": "New Well", "State report number": "632152"}, "geometry": {"type": "Point", "coordinates": [-95.978519, 30.66374]}},
    {"type": "Feature", "properties": {"name": "Water well", "description": "Recorded use: domestic", "Use": "Household", "Depth (feet)": 395.0, "Completed": 2023, "Work": "New Well", "State report number": "632508"}, "geometry": {"type": "Point", "coordinates": [-96.128648, 30.820032]}},
    {"type": "Feature", "properties": {"name": "Water well", "description": "Recorded use: domestic", "Use": "Household", "Depth (feet)": 272.0, "Completed": 2023, "Work": "New Well", "State report number": "632511"}, "geometry": {"type": "Point", "coordinates": [-95.915952, 30.780322]}},
    {"type": "Feature", "properties": {"name": "Water well", "description": "Recorded use: domestic", "Use": "Household", "Depth (feet)": 428.0, "Completed": 2023, "Work": "New Well", "State report number": "632602"}, "geometry": {"type": "Point", "coordinates": [-95.990824, 30.768541]}},
    {"type": "Feature", "properties": {"name": "Water well", "description": "Recorded use: domestic", "Use": "Household", "Depth (feet)": 180.0, "Completed": 2023, "Work": "New Well", "State report number": "632611"}, "geometry": {"type": "Point", "coordinates": [-96.077108, 30.521809]}},
    {"type": "Feature", "properties": {"name": "Water well", "description": "Recorded use: stock", "Use": "Livestock or irrigation", "Depth (feet)": 580.0, "Completed": 2022, "Work": "New Well", "State report number": "632678"}, "geometry": {"type": "Point", "coordinates": [-95.95481, 30.659076]}},
    {"type": "Feature", "properties": {"name": "Water well", "description": "Recorded use: stock", "Use": "Livestock or irrigation", "Depth (feet)": 580.0, "Completed": 2023, "Work": "New Well", "State report number": "632686"}, "geometry": {"type": "Point", "coordinates": [-95.954908, 30.658624]}},
    {"type": "Feature", "properties": {"name": "Water well", "description": "Recorded use: stock", "Use": "Livestock or irrigation", "Depth (feet)": 560.0, "Completed": 2023, "Work": "New Well", "State report number": "632687"}, "geometry": {"type": "Point", "coordinates": [-95.956463, 30.666146]}},
    {"type": "Feature", "properties": {"name": "Water well", "description": "Recorded use: domestic", "Use": "Household", "Depth (feet)": 340.0, "Completed": 2023, "Work": "New Well", "State report number": "632726"}, "geometry": {"type": "Point", "coordinates": [-96.02031, 30.78466]}},
    {"type": "Feature", "properties": {"name": "Water well", "description": "Recorded use: domestic", "Use": "Household", "Depth (feet)": 210.0, "Completed": 2023, "Work": "New Well", "State report number": "633848"}, "geometry": {"type": "Point", "coordinates": [-95.85273, 30.52594]}},
    {"type": "Feature", "properties": {"name": "Water well", "description": "Recorded use: domestic", "Use": "Household", "Depth (feet)": 285.0, "Completed": 2023, "Work": "New Well", "State report number": "633935"}, "geometry": {"type": "Point", "coordinates": [-96.035922, 30.317079]}},
    {"type": "Feature", "properties": {"name": "Water well", "description": "Recorded use: domestic", "Use": "Household", "Depth (feet)": 270.0, "Completed": 2022, "Work": "New Well", "State report number": "634039"}, "geometry": {"type": "Point", "coordinates": [-95.916389, 30.786389]}},
    {"type": "Feature", "properties": {"name": "Water well", "description": "Recorded use: domestic", "Use": "Household", "Depth (feet)": 310.0, "Completed": 2023, "Work": "New Well", "State report number": "634065"}, "geometry": {"type": "Point", "coordinates": [-96.03143, 30.30931]}},
    {"type": "Feature", "properties": {"name": "Water well", "description": "Recorded use: domestic", "Use": "Household", "Depth (feet)": 352.0, "Completed": 2023, "Work": "New Well", "State report number": "634144"}, "geometry": {"type": "Point", "coordinates": [-96.081751, 30.441038]}},
    {"type": "Feature", "properties": {"name": "Water well", "description": "Recorded use: domestic", "Use": "Household", "Depth (feet)": 100.0, "Completed": 2023, "Work": "New Well", "State report number": "634536"}, "geometry": {"type": "Point", "coordinates": [-95.908611, 30.25]}},
    {"type": "Feature", "properties": {"name": "Water well", "description": "Recorded use: domestic", "Use": "Household", "Depth (feet)": 420.0, "Completed": 2023, "Work": "New Well", "State report number": "634573"}, "geometry": {"type": "Point", "coordinates": [-96.051211, 30.438491]}},
    {"type": "Feature", "properties": {"name": "Water well", "description": "Recorded use: domestic", "Use": "Household", "Depth (feet)": 90.0, "Completed": 2023, "Work": "New Well", "State report number": "634579"}, "geometry": {"type": "Point", "coordinates": [-95.908611, 30.253333]}},
    {"type": "Feature", "properties": {"name": "Water well", "description": "Recorded use: domestic", "Use": "Household", "Depth (feet)": 205.0, "Completed": 2023, "Work": "New Well", "State report number": "634805"}, "geometry": {"type": "Point", "coordinates": [-95.828476, 30.5584]}},
    {"type": "Feature", "properties": {"name": "Water well", "description": "Recorded use: domestic", "Use": "Household", "Depth (feet)": 250.0, "Completed": 2023, "Work": "New Well", "State report number": "634809"}, "geometry": {"type": "Point", "coordinates": [-95.84866, 30.24413]}},
    {"type": "Feature", "properties": {"name": "Water well", "description": "Recorded use: domestic", "Use": "Household", "Depth (feet)": 143.0, "Completed": 2023, "Work": "New Well", "State report number": "635242"}, "geometry": {"type": "Point", "coordinates": [-95.91619, 30.29894]}},
    {"type": "Feature", "properties": {"name": "Water well", "description": "Recorded use: domestic", "Use": "Household", "Depth (feet)": 147.0, "Completed": 2023, "Work": "New Well", "State report number": "635244"}, "geometry": {"type": "Point", "coordinates": [-95.91586, 30.29951]}},
    {"type": "Feature", "properties": {"name": "Well or boring", "description": "Recorded use: other", "Use": "Monitoring, testing or other", "Depth (feet)": 354.0, "Completed": 2023, "Work": "New Well", "State report number": "635449"}, "geometry": {"type": "Point", "coordinates": [-95.91134, 30.34548]}},
    {"type": "Feature", "properties": {"name": "Water well", "description": "Recorded use: domestic", "Use": "Household", "Depth (feet)": 395.0, "Completed": 2023, "Work": "New Well", "State report number": "635964"}, "geometry": {"type": "Point", "coordinates": [-95.867584, 30.290196]}},
    {"type": "Feature", "properties": {"name": "Water well", "description": "Recorded use: irrigation", "Use": "Livestock or irrigation", "Depth (feet)": 455.0, "Completed": 2023, "Work": "New Well", "State report number": "636612"}, "geometry": {"type": "Point", "coordinates": [-95.866377, 30.343791]}},
    {"type": "Feature", "properties": {"name": "Water well", "description": "Recorded use: domestic", "Use": "Household", "Depth (feet)": 260.0, "Completed": 2023, "Work": "New Well", "State report number": "636800"}, "geometry": {"type": "Point", "coordinates": [-95.86382, 30.2501]}},
    {"type": "Feature", "properties": {"name": "Water well", "description": "Recorded use: domestic", "Use": "Household", "Depth (feet)": 265.0, "Completed": 2023, "Work": "New Well", "State report number": "636808"}, "geometry": {"type": "Point", "coordinates": [-95.86464, 30.25056]}},
    {"type": "Feature", "properties": {"name": "Water well", "description": "Recorded use: domestic", "Use": "Household", "Depth (feet)": 205.0, "Completed": 2023, "Work": "New Well", "State report number": "637058"}, "geometry": {"type": "Point", "coordinates": [-96.103056, 30.723611]}},
    {"type": "Feature", "properties": {"name": "Water well", "description": "Recorded use: domestic", "Use": "Household", "Depth (feet)": 360.0, "Completed": 2023, "Work": "New Well", "State report number": "637064"}, "geometry": {"type": "Point", "coordinates": [-95.941111, 30.518333]}},
    {"type": "Feature", "properties": {"name": "Water well", "description": "Recorded use: domestic", "Use": "Household", "Depth (feet)": 480.0, "Completed": 2023, "Work": "New Well", "State report number": "637230"}, "geometry": {"type": "Point", "coordinates": [-96.143333, 30.820556]}},
    {"type": "Feature", "properties": {"name": "Water well", "description": "Recorded use: domestic", "Use": "Household", "Depth (feet)": 360.0, "Completed": 2023, "Work": "New Well", "State report number": "637298"}, "geometry": {"type": "Point", "coordinates": [-95.92811, 30.79107]}},
    {"type": "Feature", "properties": {"name": "Water well", "description": "Recorded use: domestic", "Use": "Household", "Depth (feet)": 245.0, "Completed": 2023, "Work": "New Well", "State report number": "637391"}, "geometry": {"type": "Point", "coordinates": [-95.93617, 30.6208]}},
    {"type": "Feature", "properties": {"name": "Water well", "description": "Recorded use: domestic", "Use": "Household", "Depth (feet)": 355.0, "Completed": 2022, "Work": "New Well", "State report number": "637639"}, "geometry": {"type": "Point", "coordinates": [-95.9395, 30.80365]}},
    {"type": "Feature", "properties": {"name": "Water well", "description": "Recorded use: domestic", "Use": "Household", "Depth (feet)": 175.0, "Completed": 2023, "Work": "New Well", "State report number": "638471"}, "geometry": {"type": "Point", "coordinates": [-95.851854, 30.679277]}},
    {"type": "Feature", "properties": {"name": "Water well", "description": "Recorded use: domestic", "Use": "Household", "Depth (feet)": 260.0, "Completed": 2023, "Work": "New Well", "State report number": "638558"}, "geometry": {"type": "Point", "coordinates": [-95.85206, 30.24775]}},
    {"type": "Feature", "properties": {"name": "Water well", "description": "Recorded use: domestic", "Use": "Household", "Depth (feet)": 198.0, "Completed": 2023, "Work": "New Well", "State report number": "638566"}, "geometry": {"type": "Point", "coordinates": [-95.898648, 30.244799]}},
    {"type": "Feature", "properties": {"name": "Water well", "description": "Recorded use: domestic", "Use": "Household", "Depth (feet)": 205.0, "Completed": 2023, "Work": "New Well", "State report number": "638685"}, "geometry": {"type": "Point", "coordinates": [-95.88176, 30.65747]}},
    {"type": "Feature", "properties": {"name": "Water well", "description": "Recorded use: domestic", "Use": "Household", "Depth (feet)": 325.0, "Completed": 2023, "Work": "New Well", "State report number": "639632"}, "geometry": {"type": "Point", "coordinates": [-96.045681, 30.365176]}},
    {"type": "Feature", "properties": {"name": "Water well", "description": "Recorded use: domestic", "Use": "Household", "Depth (feet)": 245.0, "Completed": 2023, "Work": "New Well", "State report number": "640524"}, "geometry": {"type": "Point", "coordinates": [-95.93767, 30.57475]}},
    {"type": "Feature", "properties": {"name": "Water well", "description": "Recorded use: domestic", "Use": "Household", "Depth (feet)": 400.0, "Completed": 2023, "Work": "New Well", "State report number": "640546"}, "geometry": {"type": "Point", "coordinates": [-95.999722, 30.563889]}},
    {"type": "Feature", "properties": {"name": "Water well", "description": "Recorded use: domestic", "Use": "Household", "Depth (feet)": 343.0, "Completed": 2023, "Work": "New Well", "State report number": "640606"}, "geometry": {"type": "Point", "coordinates": [-95.935718, 30.588611]}},
    {"type": "Feature", "properties": {"name": "Water well", "description": "Recorded use: domestic", "Use": "Household", "Depth (feet)": 330.0, "Completed": 2023, "Work": "New Well", "State report number": "640616"}, "geometry": {"type": "Point", "coordinates": [-95.988944, 30.781389]}},
    {"type": "Feature", "properties": {"name": "Water well", "description": "Recorded use: domestic", "Use": "Household", "Depth (feet)": 380.0, "Completed": 2021, "Work": "New Well", "State report number": "640620"}, "geometry": {"type": "Point", "coordinates": [-95.8914, 30.27428]}},
    {"type": "Feature", "properties": {"name": "Water well", "description": "Recorded use: domestic", "Use": "Household", "Depth (feet)": 215.0, "Completed": 2023, "Work": "New Well", "State report number": "640700"}, "geometry": {"type": "Point", "coordinates": [-95.833011, 30.557658]}},
    {"type": "Feature", "properties": {"name": "Water well", "description": "Recorded use: domestic", "Use": "Household", "Depth (feet)": 537.0, "Completed": 2023, "Work": "New Well", "State report number": "641249"}, "geometry": {"type": "Point", "coordinates": [-96.057, 30.73428]}},
    {"type": "Feature", "properties": {"name": "Water well", "description": "Recorded use: public supply", "Use": "Public water supply", "Depth (feet)": 360.0, "Completed": 2023, "Work": "New Well", "State report number": "641562"}, "geometry": {"type": "Point", "coordinates": [-95.872361, 30.647917]}},
    {"type": "Feature", "properties": {"name": "Water well", "description": "Recorded use: domestic", "Use": "Household", "Depth (feet)": 180.0, "Completed": 2023, "Work": "New Well", "State report number": "641575"}, "geometry": {"type": "Point", "coordinates": [-95.974167, 30.495833]}},
    {"type": "Feature", "properties": {"name": "Water well", "description": "Recorded use: domestic", "Use": "Household", "Depth (feet)": 375.0, "Completed": 2023, "Work": "New Well", "State report number": "641756"}, "geometry": {"type": "Point", "coordinates": [-95.863768, 30.292469]}},
    {"type": "Feature", "properties": {"name": "Water well", "description": "Recorded use: stock", "Use": "Livestock or irrigation", "Depth (feet)": 400.0, "Completed": 2023, "Work": "New Well", "State report number": "641774"}, "geometry": {"type": "Point", "coordinates": [-96.05008, 30.41156]}},
    {"type": "Feature", "properties": {"name": "Water well", "description": "Recorded use: industrial", "Use": "Industrial or drilling supply", "Depth (feet)": 405.0, "Completed": 2023, "Work": "New Well", "State report number": "641827"}, "geometry": {"type": "Point", "coordinates": [-96.06474, 30.70583]}},
    {"type": "Feature", "properties": {"name": "Water well", "description": "Recorded use: domestic", "Use": "Household", "Depth (feet)": 230.0, "Completed": 2023, "Work": "New Well", "State report number": "641884"}, "geometry": {"type": "Point", "coordinates": [-95.851616, 30.725334]}},
    {"type": "Feature", "properties": {"name": "Water well", "description": "Recorded use: domestic", "Use": "Household", "Depth (feet)": 395.0, "Completed": 2023, "Work": "New Well", "State report number": "641887"}, "geometry": {"type": "Point", "coordinates": [-95.92791, 30.79726]}},
    {"type": "Feature", "properties": {"name": "Water well", "description": "Recorded use: domestic", "Use": "Household", "Depth (feet)": 260.0, "Completed": 2023, "Work": "New Well", "State report number": "642106"}, "geometry": {"type": "Point", "coordinates": [-95.89922, 30.54068]}},
    {"type": "Feature", "properties": {"name": "Water well", "description": "Recorded use: domestic", "Use": "Household", "Depth (feet)": 338.0, "Completed": 2023, "Work": "New Well", "State report number": "642254"}, "geometry": {"type": "Point", "coordinates": [-95.87135, 30.48521]}},
    {"type": "Feature", "properties": {"name": "Water well", "description": "Recorded use: domestic", "Use": "Household", "Depth (feet)": 294.0, "Completed": 2023, "Work": "New Well", "State report number": "642521"}, "geometry": {"type": "Point", "coordinates": [-95.84678, 30.47443]}},
    {"type": "Feature", "properties": {"name": "Water well", "description": "Recorded use: domestic", "Use": "Household", "Depth (feet)": 295.0, "Completed": 2023, "Work": "New Well", "State report number": "642523"}, "geometry": {"type": "Point", "coordinates": [-96.03296, 30.31145]}},
    {"type": "Feature", "properties": {"name": "Water well", "description": "Recorded use: domestic", "Use": "Household", "Depth (feet)": 190.0, "Completed": 2023, "Work": "New Well", "State report number": "642527"}, "geometry": {"type": "Point", "coordinates": [-95.87187, 30.40422]}},
    {"type": "Feature", "properties": {"name": "Well or boring", "description": "Recorded use: test well", "Use": "Monitoring, testing or other", "Depth (feet)": 500.0, "Completed": 2023, "Work": "Other", "State report number": "642805"}, "geometry": {"type": "Point", "coordinates": [-95.98906, 30.78177]}},
    {"type": "Feature", "properties": {"name": "Water well", "description": "Recorded use: domestic", "Use": "Household", "Depth (feet)": 162.0, "Completed": 2023, "Work": "New Well", "State report number": "643083"}, "geometry": {"type": "Point", "coordinates": [-95.84439, 30.35852]}},
    {"type": "Feature", "properties": {"name": "Well or boring", "description": "Recorded use: monitor", "Use": "Monitoring, testing or other", "Depth (feet)": 100.0, "Completed": 2023, "Work": "New Well", "State report number": "643265"}, "geometry": {"type": "Point", "coordinates": [-96.091667, 30.405556]}},
    {"type": "Feature", "properties": {"name": "Water well", "description": "Recorded use: domestic", "Use": "Household", "Depth (feet)": 256.0, "Completed": 2022, "Work": "New Well", "State report number": "643291"}, "geometry": {"type": "Point", "coordinates": [-96.157281, 30.648909]}},
    {"type": "Feature", "properties": {"name": "Water well", "description": "Recorded use: domestic", "Use": "Household", "Depth (feet)": 400.0, "Completed": 2022, "Work": "New Well", "State report number": "643294"}, "geometry": {"type": "Point", "coordinates": [-95.870943, 30.827215]}},
    {"type": "Feature", "properties": {"name": "Water well", "description": "Recorded use: stock", "Use": "Livestock or irrigation", "Depth (feet)": 240.0, "Completed": 2022, "Work": "New Well", "State report number": "643300"}, "geometry": {"type": "Point", "coordinates": [-96.051123, 30.557444]}},
    {"type": "Feature", "properties": {"name": "Water well", "description": "Recorded use: domestic", "Use": "Household", "Depth (feet)": 270.0, "Completed": 2023, "Work": "New Well", "State report number": "643302"}, "geometry": {"type": "Point", "coordinates": [-95.86905, 30.57145]}},
    {"type": "Feature", "properties": {"name": "Water well", "description": "Recorded use: domestic", "Use": "Household", "Depth (feet)": 225.0, "Completed": 2023, "Work": "New Well", "State report number": "643306"}, "geometry": {"type": "Point", "coordinates": [-95.905031, 30.629001]}},
    {"type": "Feature", "properties": {"name": "Water well", "description": "Recorded use: domestic", "Use": "Household", "Depth (feet)": 400.0, "Completed": 2023, "Work": "New Well", "State report number": "643313"}, "geometry": {"type": "Point", "coordinates": [-96.07833, 30.82329]}},
    {"type": "Feature", "properties": {"name": "Water well", "description": "Recorded use: domestic", "Use": "Household", "Depth (feet)": 370.0, "Completed": 2023, "Work": "New Well", "State report number": "643724"}, "geometry": {"type": "Point", "coordinates": [-95.867521, 30.294724]}},
    {"type": "Feature", "properties": {"name": "Water well", "description": "Recorded use: domestic", "Use": "Household", "Depth (feet)": 360.0, "Completed": 2023, "Work": "New Well", "State report number": "643890"}, "geometry": {"type": "Point", "coordinates": [-95.86321, 30.4629]}},
    {"type": "Feature", "properties": {"name": "Water well", "description": "Recorded use: domestic", "Use": "Household", "Depth (feet)": 265.0, "Completed": 2023, "Work": "New Well", "State report number": "644676"}, "geometry": {"type": "Point", "coordinates": [-95.960569, 30.246805]}},
    {"type": "Feature", "properties": {"name": "Water well", "description": "Recorded use: domestic", "Use": "Household", "Depth (feet)": 200.0, "Completed": 2023, "Work": "New Well", "State report number": "644739"}, "geometry": {"type": "Point", "coordinates": [-95.88158, 30.60722]}},
    {"type": "Feature", "properties": {"name": "Water well", "description": "Recorded use: domestic", "Use": "Household", "Depth (feet)": 240.0, "Completed": 2023, "Work": "New Well", "State report number": "644755"}, "geometry": {"type": "Point", "coordinates": [-95.895556, 30.600556]}},
    {"type": "Feature", "properties": {"name": "Water well", "description": "Recorded use: domestic", "Use": "Household", "Depth (feet)": 338.0, "Completed": 2023, "Work": "New Well", "State report number": "644820"}, "geometry": {"type": "Point", "coordinates": [-95.87987, 30.4669]}},
    {"type": "Feature", "properties": {"name": "Water well", "description": "Recorded use: domestic", "Use": "Household", "Depth (feet)": 255.0, "Completed": 2023, "Work": "New Well", "State report number": "644972"}, "geometry": {"type": "Point", "coordinates": [-96.03605, 30.50007]}},
    {"type": "Feature", "properties": {"name": "Water well", "description": "Recorded use: domestic", "Use": "Household", "Depth (feet)": 310.0, "Completed": 2023, "Work": "New Well", "State report number": "644973"}, "geometry": {"type": "Point", "coordinates": [-96.08429, 30.68849]}},
    {"type": "Feature", "properties": {"name": "Water well", "description": "Recorded use: domestic", "Use": "Household", "Depth (feet)": 360.0, "Completed": 2023, "Work": "New Well", "State report number": "645191"}, "geometry": {"type": "Point", "coordinates": [-96.012545, 30.299515]}},
    {"type": "Feature", "properties": {"name": "Water well", "description": "Recorded use: domestic", "Use": "Household", "Depth (feet)": 330.0, "Completed": 2023, "Work": "New Well", "State report number": "645241"}, "geometry": {"type": "Point", "coordinates": [-96.016533, 30.300979]}},
    {"type": "Feature", "properties": {"name": "Water well", "description": "Recorded use: domestic", "Use": "Household", "Depth (feet)": 231.0, "Completed": 2023, "Work": "New Well", "State report number": "645399"}, "geometry": {"type": "Point", "coordinates": [-95.86042, 30.794714]}},
    {"type": "Feature", "properties": {"name": "Well or boring", "description": "Recorded use: test well", "Use": "Monitoring, testing or other", "Depth (feet)": 580.0, "Completed": 2023, "Work": "Other", "State report number": "645418"}, "geometry": {"type": "Point", "coordinates": [-96.04138, 30.46426]}},
    {"type": "Feature", "properties": {"name": "Water well", "description": "Recorded use: domestic", "Use": "Household", "Depth (feet)": 420.0, "Completed": 2023, "Work": "New Well", "State report number": "645435"}, "geometry": {"type": "Point", "coordinates": [-95.83636, 30.47093]}},
    {"type": "Feature", "properties": {"name": "Water well", "description": "Recorded use: domestic", "Use": "Household", "Depth (feet)": 250.0, "Completed": 2023, "Work": "New Well", "State report number": "645665"}, "geometry": {"type": "Point", "coordinates": [-95.8175, 30.255556]}},
    {"type": "Feature", "properties": {"name": "Water well", "description": "Recorded use: domestic", "Use": "Household", "Depth (feet)": 140.0, "Completed": 2023, "Work": "New Well", "State report number": "645775"}, "geometry": {"type": "Point", "coordinates": [-95.926944, 30.287667]}},
    {"type": "Feature", "properties": {"name": "Water well", "description": "Recorded use: domestic", "Use": "Household", "Depth (feet)": 240.0, "Completed": 2023, "Work": "New Well", "State report number": "645840"}, "geometry": {"type": "Point", "coordinates": [-95.85955, 30.34965]}},
    {"type": "Feature", "properties": {"name": "Water well", "description": "Recorded use: domestic", "Use": "Household", "Depth (feet)": 380.0, "Completed": 2023, "Work": "New Well", "State report number": "646216"}, "geometry": {"type": "Point", "coordinates": [-96.025757, 30.397094]}},
    {"type": "Feature", "properties": {"name": "Water well", "description": "Recorded use: domestic", "Use": "Household", "Depth (feet)": 265.0, "Completed": 2023, "Work": "New Well", "State report number": "646223"}, "geometry": {"type": "Point", "coordinates": [-96.014929, 30.310456]}},
    {"type": "Feature", "properties": {"name": "Water well", "description": "Recorded use: domestic", "Use": "Household", "Depth (feet)": 355.0, "Completed": 2023, "Work": "New Well", "State report number": "646256"}, "geometry": {"type": "Point", "coordinates": [-95.917547, 30.339763]}},
    {"type": "Feature", "properties": {"name": "Water well", "description": "Recorded use: domestic", "Use": "Household", "Depth (feet)": 495.0, "Completed": 2023, "Work": "New Well", "State report number": "646641"}, "geometry": {"type": "Point", "coordinates": [-96.030556, 30.465278]}},
    {"type": "Feature", "properties": {"name": "Water well", "description": "Recorded use: domestic", "Use": "Household", "Depth (feet)": 340.0, "Completed": 2023, "Work": "New Well", "State report number": "647009"}, "geometry": {"type": "Point", "coordinates": [-96.038637, 30.385823]}},
    {"type": "Feature", "properties": {"name": "Water well", "description": "Recorded use: domestic", "Use": "Household", "Depth (feet)": 105.0, "Completed": 2023, "Work": "New Well", "State report number": "647362"}, "geometry": {"type": "Point", "coordinates": [-96.003104, 30.342273]}},
    {"type": "Feature", "properties": {"name": "Well or boring", "description": "Recorded use: monitor", "Use": "Monitoring, testing or other", "Depth (feet)": 25.0, "Completed": 2023, "Work": "New Well", "Plugged": "Yes", "State report number": "647420"}, "geometry": {"type": "Point", "coordinates": [-96.087157, 30.369664]}},
    {"type": "Feature", "properties": {"name": "Well or boring", "description": "Recorded use: monitor", "Use": "Monitoring, testing or other", "Depth (feet)": 30.0, "Completed": 2023, "Work": "New Well", "Plugged": "Yes", "State report number": "647421"}, "geometry": {"type": "Point", "coordinates": [-96.084366, 30.37121]}},
    {"type": "Feature", "properties": {"name": "Well or boring", "description": "Recorded use: monitor", "Use": "Monitoring, testing or other", "Depth (feet)": 30.0, "Completed": 2023, "Work": "New Well", "Plugged": "Yes", "State report number": "647422"}, "geometry": {"type": "Point", "coordinates": [-96.087766, 30.369437]}},
    {"type": "Feature", "properties": {"name": "Well or boring", "description": "Recorded use: monitor", "Use": "Monitoring, testing or other", "Depth (feet)": 25.0, "Completed": 2023, "Work": "New Well", "Plugged": "Yes", "State report number": "647423"}, "geometry": {"type": "Point", "coordinates": [-96.087524, 30.369774]}},
    {"type": "Feature", "properties": {"name": "Water well", "description": "Recorded use: domestic", "Use": "Household", "Depth (feet)": 300.0, "Completed": 2023, "Work": "New Well", "State report number": "649035"}, "geometry": {"type": "Point", "coordinates": [-95.898156, 30.322354]}},
    {"type": "Feature", "properties": {"name": "Water well", "description": "Recorded use: domestic", "Use": "Household", "Depth (feet)": 260.0, "Completed": 2023, "Work": "New Well", "State report number": "649664"}, "geometry": {"type": "Point", "coordinates": [-95.858281, 30.250582]}},
    {"type": "Feature", "properties": {"name": "Water well", "description": "Recorded use: domestic", "Use": "Household", "Depth (feet)": 227.0, "Completed": 2023, "Work": "New Well", "State report number": "649675"}, "geometry": {"type": "Point", "coordinates": [-95.9375, 30.628889]}},
    {"type": "Feature", "properties": {"name": "Water well", "description": "Recorded use: domestic", "Use": "Household", "Depth (feet)": 155.0, "Completed": 2023, "Work": "New Well", "State report number": "649716"}, "geometry": {"type": "Point", "coordinates": [-95.838444, 30.557167]}},
    {"type": "Feature", "properties": {"name": "Well or boring", "description": "Recorded use: monitor", "Use": "Monitoring, testing or other", "Depth (feet)": 30.0, "Completed": 2023, "Work": "New Well", "Plugged": "Yes", "State report number": "649921"}, "geometry": {"type": "Point", "coordinates": [-96.096667, 30.628333]}},
    {"type": "Feature", "properties": {"name": "Well or boring", "description": "Recorded use: monitor", "Use": "Monitoring, testing or other", "Depth (feet)": 15.0, "Completed": 2023, "Work": "New Well", "Plugged": "Yes", "State report number": "649922"}, "geometry": {"type": "Point", "coordinates": [-96.096667, 30.628333]}},
    {"type": "Feature", "properties": {"name": "Well or boring", "description": "Recorded use: monitor", "Use": "Monitoring, testing or other", "Depth (feet)": 20.0, "Completed": 2023, "Work": "New Well", "Plugged": "Yes", "State report number": "649923"}, "geometry": {"type": "Point", "coordinates": [-96.096667, 30.628333]}},
    {"type": "Feature", "properties": {"name": "Well or boring", "description": "Recorded use: monitor", "Use": "Monitoring, testing or other", "Depth (feet)": 15.0, "Completed": 2023, "Work": "New Well", "Plugged": "Yes", "State report number": "649924"}, "geometry": {"type": "Point", "coordinates": [-96.096667, 30.628333]}},
    {"type": "Feature", "properties": {"name": "Well or boring", "description": "Recorded use: monitor", "Use": "Monitoring, testing or other", "Depth (feet)": 15.0, "Completed": 2023, "Work": "New Well", "Plugged": "Yes", "State report number": "649925"}, "geometry": {"type": "Point", "coordinates": [-96.096667, 30.628333]}},
    {"type": "Feature", "properties": {"name": "Well or boring", "description": "Recorded use: monitor", "Use": "Monitoring, testing or other", "Depth (feet)": 25.0, "Completed": 2023, "Work": "New Well", "Plugged": "Yes", "State report number": "649926"}, "geometry": {"type": "Point", "coordinates": [-96.096667, 30.628333]}},
    {"type": "Feature", "properties": {"name": "Well or boring", "description": "Recorded use: monitor", "Use": "Monitoring, testing or other", "Depth (feet)": 20.0, "Completed": 2023, "Work": "New Well", "Plugged": "Yes", "State report number": "649927"}, "geometry": {"type": "Point", "coordinates": [-96.096667, 30.628333]}},
    {"type": "Feature", "properties": {"name": "Well or boring", "description": "Recorded use: monitor", "Use": "Monitoring, testing or other", "Depth (feet)": 14.0, "Completed": 2023, "Work": "New Well", "Plugged": "Yes", "State report number": "649928"}, "geometry": {"type": "Point", "coordinates": [-96.096667, 30.628333]}},
    {"type": "Feature", "properties": {"name": "Well or boring", "description": "Recorded use: monitor", "Use": "Monitoring, testing or other", "Depth (feet)": 30.0, "Completed": 2023, "Work": "New Well", "Plugged": "Yes", "State report number": "649929"}, "geometry": {"type": "Point", "coordinates": [-96.096667, 30.628333]}},
    {"type": "Feature", "properties": {"name": "Well or boring", "description": "Recorded use: monitor", "Use": "Monitoring, testing or other", "Depth (feet)": 30.0, "Completed": 2023, "Work": "New Well", "Plugged": "Yes", "State report number": "649930"}, "geometry": {"type": "Point", "coordinates": [-96.096667, 30.628333]}},
    {"type": "Feature", "properties": {"name": "Well or boring", "description": "Recorded use: monitor", "Use": "Monitoring, testing or other", "Depth (feet)": 30.0, "Completed": 2023, "Work": "New Well", "Plugged": "Yes", "State report number": "649931"}, "geometry": {"type": "Point", "coordinates": [-96.096667, 30.628333]}},
    {"type": "Feature", "properties": {"name": "Well or boring", "description": "Recorded use: monitor", "Use": "Monitoring, testing or other", "Depth (feet)": 25.0, "Completed": 2023, "Work": "New Well", "Plugged": "Yes", "State report number": "649932"}, "geometry": {"type": "Point", "coordinates": [-96.096667, 30.628333]}},
    {"type": "Feature", "properties": {"name": "Well or boring", "description": "Recorded use: monitor", "Use": "Monitoring, testing or other", "Depth (feet)": 20.0, "Completed": 2023, "Work": "New Well", "Plugged": "Yes", "State report number": "649933"}, "geometry": {"type": "Point", "coordinates": [-96.096667, 30.628333]}},
    {"type": "Feature", "properties": {"name": "Well or boring", "description": "Recorded use: monitor", "Use": "Monitoring, testing or other", "Depth (feet)": 10.0, "Completed": 2023, "Work": "New Well", "Plugged": "Yes", "State report number": "649934"}, "geometry": {"type": "Point", "coordinates": [-96.096667, 30.628333]}},
    {"type": "Feature", "properties": {"name": "Well or boring", "description": "Recorded use: monitor", "Use": "Monitoring, testing or other", "Depth (feet)": 20.0, "Completed": 2023, "Work": "New Well", "Plugged": "Yes", "State report number": "649935"}, "geometry": {"type": "Point", "coordinates": [-96.096667, 30.628333]}},
    {"type": "Feature", "properties": {"name": "Well or boring", "description": "Recorded use: monitor", "Use": "Monitoring, testing or other", "Depth (feet)": 20.0, "Completed": 2023, "Work": "New Well", "Plugged": "Yes", "State report number": "649936"}, "geometry": {"type": "Point", "coordinates": [-96.096667, 30.628333]}},
    {"type": "Feature", "properties": {"name": "Well or boring", "description": "Recorded use: monitor", "Use": "Monitoring, testing or other", "Depth (feet)": 17.0, "Completed": 2023, "Work": "New Well", "Plugged": "Yes", "State report number": "649937"}, "geometry": {"type": "Point", "coordinates": [-96.096667, 30.628333]}},
    {"type": "Feature", "properties": {"name": "Well or boring", "description": "Recorded use: monitor", "Use": "Monitoring, testing or other", "Depth (feet)": 20.0, "Completed": 2023, "Work": "New Well", "Plugged": "Yes", "State report number": "649938"}, "geometry": {"type": "Point", "coordinates": [-96.096667, 30.628333]}},
    {"type": "Feature", "properties": {"name": "Well or boring", "description": "Recorded use: monitor", "Use": "Monitoring, testing or other", "Depth (feet)": 20.0, "Completed": 2023, "Work": "New Well", "Plugged": "Yes", "State report number": "649939"}, "geometry": {"type": "Point", "coordinates": [-96.096667, 30.628333]}},
    {"type": "Feature", "properties": {"name": "Well or boring", "description": "Recorded use: monitor", "Use": "Monitoring, testing or other", "Depth (feet)": 15.0, "Completed": 2023, "Work": "New Well", "Plugged": "Yes", "State report number": "649940"}, "geometry": {"type": "Point", "coordinates": [-96.096667, 30.628333]}},
    {"type": "Feature", "properties": {"name": "Water well", "description": "Recorded use: domestic", "Use": "Household", "Depth (feet)": 300.0, "Completed": 2023, "Work": "New Well", "State report number": "650928"}, "geometry": {"type": "Point", "coordinates": [-95.874806, 30.846611]}},
    {"type": "Feature", "properties": {"name": "Water well", "description": "Recorded use: domestic", "Use": "Household", "Depth (feet)": 280.0, "Completed": 2023, "Work": "New Well", "State report number": "650929"}, "geometry": {"type": "Point", "coordinates": [-95.909333, 30.7865]}},
    {"type": "Feature", "properties": {"name": "Water well", "description": "Recorded use: domestic", "Use": "Household", "Depth (feet)": 170.0, "Completed": 2023, "Work": "New Well", "State report number": "650946"}, "geometry": {"type": "Point", "coordinates": [-95.88372, 30.25998]}},
    {"type": "Feature", "properties": {"name": "Water well", "description": "Recorded use: domestic", "Use": "Household", "Depth (feet)": 245.0, "Completed": 2023, "Work": "New Well", "State report number": "651121"}, "geometry": {"type": "Point", "coordinates": [-96.095256, 30.768841]}},
    {"type": "Feature", "properties": {"name": "Water well", "description": "Recorded use: domestic", "Use": "Household", "Depth (feet)": 365.0, "Completed": 2023, "Work": "New Well", "State report number": "651204"}, "geometry": {"type": "Point", "coordinates": [-95.86714, 30.28688]}},
    {"type": "Feature", "properties": {"name": "Water well", "description": "Recorded use: domestic", "Use": "Household", "Depth (feet)": 385.0, "Completed": 2023, "Work": "New Well", "State report number": "651428"}, "geometry": {"type": "Point", "coordinates": [-95.93388, 30.46753]}},
    {"type": "Feature", "properties": {"name": "Water well", "description": "Recorded use: domestic", "Use": "Household", "Depth (feet)": 238.0, "Completed": 2023, "Work": "New Well", "State report number": "651527"}, "geometry": {"type": "Point", "coordinates": [-95.81676, 30.25099]}},
    {"type": "Feature", "properties": {"name": "Water well", "description": "Recorded use: domestic", "Use": "Household", "Depth (feet)": 539.0, "Completed": 2023, "Work": "New Well", "State report number": "652392"}, "geometry": {"type": "Point", "coordinates": [-96.046819, 30.455355]}},
    {"type": "Feature", "properties": {"name": "Well or boring", "description": "Recorded use: environmental soil boring", "Use": "Monitoring, testing or other", "Depth (feet)": 5.0, "Completed": 2023, "Work": "New Well", "State report number": "652553"}, "geometry": {"type": "Point", "coordinates": [-96.133543, 30.63979]}},
    {"type": "Feature", "properties": {"name": "Well or boring", "description": "Recorded use: environmental soil boring", "Use": "Monitoring, testing or other", "Depth (feet)": 5.0, "Completed": 2023, "Work": "New Well", "State report number": "652555"}, "geometry": {"type": "Point", "coordinates": [-96.11668, 30.641341]}},
    {"type": "Feature", "properties": {"name": "Well or boring", "description": "Recorded use: environmental soil boring", "Use": "Monitoring, testing or other", "Depth (feet)": 5.0, "Completed": 2023, "Work": "New Well", "State report number": "652556"}, "geometry": {"type": "Point", "coordinates": [-96.11668, 30.641341]}},
    {"type": "Feature", "properties": {"name": "Well or boring", "description": "Recorded use: environmental soil boring", "Use": "Monitoring, testing or other", "Depth (feet)": 5.0, "Completed": 2023, "Work": "New Well", "State report number": "652557"}, "geometry": {"type": "Point", "coordinates": [-96.11668, 30.641341]}},
    {"type": "Feature", "properties": {"name": "Well or boring", "description": "Recorded use: environmental soil boring", "Use": "Monitoring, testing or other", "Depth (feet)": 5.0, "Completed": 2023, "Work": "New Well", "State report number": "652558"}, "geometry": {"type": "Point", "coordinates": [-96.11668, 30.641341]}},
    {"type": "Feature", "properties": {"name": "Well or boring", "description": "Recorded use: environmental soil boring", "Use": "Monitoring, testing or other", "Depth (feet)": 5.0, "Completed": 2023, "Work": "New Well", "State report number": "652559"}, "geometry": {"type": "Point", "coordinates": [-96.11668, 30.641341]}},
    {"type": "Feature", "properties": {"name": "Well or boring", "description": "Recorded use: environmental soil boring", "Use": "Monitoring, testing or other", "Depth (feet)": 5.0, "Completed": 2023, "Work": "New Well", "State report number": "652561"}, "geometry": {"type": "Point", "coordinates": [-96.11668, 30.641341]}},
    {"type": "Feature", "properties": {"name": "Well or boring", "description": "Recorded use: environmental soil boring", "Use": "Monitoring, testing or other", "Depth (feet)": 5.0, "Completed": 2023, "Work": "New Well", "State report number": "652562"}, "geometry": {"type": "Point", "coordinates": [-96.11668, 30.641341]}},
    {"type": "Feature", "properties": {"name": "Well or boring", "description": "Recorded use: monitor", "Use": "Monitoring, testing or other", "Depth (feet)": 25.0, "Completed": 2023, "Work": "New Well", "State report number": "652564"}, "geometry": {"type": "Point", "coordinates": [-96.11668, 30.641341]}},
    {"type": "Feature", "properties": {"name": "Well or boring", "description": "Recorded use: monitor", "Use": "Monitoring, testing or other", "Depth (feet)": 25.0, "Completed": 2023, "Work": "New Well", "State report number": "652565"}, "geometry": {"type": "Point", "coordinates": [-96.11668, 30.641341]}},
    {"type": "Feature", "properties": {"name": "Water well", "description": "Recorded use: domestic", "Use": "Household", "Depth (feet)": 365.0, "Completed": 2023, "Work": "New Well", "State report number": "652583"}, "geometry": {"type": "Point", "coordinates": [-95.929102, 30.287489]}},
    {"type": "Feature", "properties": {"name": "Water well", "description": "Recorded use: domestic", "Use": "Household", "Depth (feet)": 350.0, "Completed": 2023, "Work": "New Well", "State report number": "652754"}, "geometry": {"type": "Point", "coordinates": [-95.893431, 30.832691]}},
    {"type": "Feature", "properties": {"name": "Water well", "description": "Recorded use: domestic", "Use": "Household", "Depth (feet)": 205.0, "Completed": 2023, "Work": "New Well", "State report number": "652986"}, "geometry": {"type": "Point", "coordinates": [-95.861201, 30.410678]}},
    {"type": "Feature", "properties": {"name": "Water well", "description": "Recorded use: domestic", "Use": "Household", "Depth (feet)": 450.0, "Completed": 2023, "Work": "New Well", "State report number": "653066"}, "geometry": {"type": "Point", "coordinates": [-96.0831, 30.53342]}},
    {"type": "Feature", "properties": {"name": "Water well", "description": "Recorded use: domestic", "Use": "Household", "Depth (feet)": 260.0, "Completed": 2023, "Work": "New Well", "State report number": "653306"}, "geometry": {"type": "Point", "coordinates": [-95.94808, 30.50946]}},
    {"type": "Feature", "properties": {"name": "Water well", "description": "Recorded use: domestic", "Use": "Household", "Depth (feet)": 405.0, "Completed": 2023, "Work": "New Well", "State report number": "653518"}, "geometry": {"type": "Point", "coordinates": [-95.857187, 30.672986]}},
    {"type": "Feature", "properties": {"name": "Water well", "description": "Recorded use: domestic", "Use": "Household", "Depth (feet)": 285.0, "Completed": 2023, "Work": "New Well", "State report number": "653635"}, "geometry": {"type": "Point", "coordinates": [-95.98706, 30.32438]}},
    {"type": "Feature", "properties": {"name": "Water well", "description": "Recorded use: domestic", "Use": "Household", "Depth (feet)": 468.0, "Completed": 2023, "Work": "New Well", "State report number": "653769"}, "geometry": {"type": "Point", "coordinates": [-96.066448, 30.833741]}},
    {"type": "Feature", "properties": {"name": "Water well", "description": "Recorded use: domestic", "Use": "Household", "Depth (feet)": 380.0, "Completed": 2023, "Work": "New Well", "State report number": "654061"}, "geometry": {"type": "Point", "coordinates": [-95.897025, 30.510319]}},
    {"type": "Feature", "properties": {"name": "Water well", "description": "Recorded use: domestic", "Use": "Household", "Depth (feet)": 440.0, "Completed": 2023, "Work": "New Well", "State report number": "654075"}, "geometry": {"type": "Point", "coordinates": [-95.952666, 30.785372]}},
    {"type": "Feature", "properties": {"name": "Water well", "description": "Recorded use: domestic", "Use": "Household", "Depth (feet)": 155.0, "Completed": 2023, "Work": "New Well", "State report number": "654413"}, "geometry": {"type": "Point", "coordinates": [-95.85067, 30.5492]}},
    {"type": "Feature", "properties": {"name": "Water well", "description": "Recorded use: stock", "Use": "Livestock or irrigation", "Depth (feet)": 175.0, "Completed": 2023, "Work": "New Well", "State report number": "654558"}, "geometry": {"type": "Point", "coordinates": [-96.0149, 30.43331]}},
    {"type": "Feature", "properties": {"name": "Water well", "description": "Recorded use: domestic", "Use": "Household", "Depth (feet)": 280.0, "Completed": 2023, "Work": "New Well", "State report number": "654911"}, "geometry": {"type": "Point", "coordinates": [-95.862111, 30.614167]}},
    {"type": "Feature", "properties": {"name": "Well or boring", "description": "Recorded use: monitor", "Use": "Monitoring, testing or other", "Depth (feet)": 20.0, "Completed": 2022, "Work": "New Well", "Plugged": "Yes", "State report number": "655026"}, "geometry": {"type": "Point", "coordinates": [-95.964177, 30.471059]}},
    {"type": "Feature", "properties": {"name": "Well or boring", "description": "Recorded use: monitor", "Use": "Monitoring, testing or other", "Depth (feet)": 15.0, "Completed": 2022, "Work": "New Well", "Plugged": "Yes", "State report number": "655027"}, "geometry": {"type": "Point", "coordinates": [-95.964159, 30.470775]}},
    {"type": "Feature", "properties": {"name": "Well or boring", "description": "Recorded use: monitor", "Use": "Monitoring, testing or other", "Depth (feet)": 30.0, "Completed": 2022, "Work": "New Well", "Plugged": "Yes", "State report number": "655028"}, "geometry": {"type": "Point", "coordinates": [-95.964308, 30.4713]}},
    {"type": "Feature", "properties": {"name": "Well or boring", "description": "Recorded use: monitor", "Use": "Monitoring, testing or other", "Depth (feet)": 20.0, "Completed": 2022, "Work": "New Well", "Plugged": "Yes", "State report number": "655029"}, "geometry": {"type": "Point", "coordinates": [-95.963791, 30.471338]}},
    {"type": "Feature", "properties": {"name": "Well or boring", "description": "Recorded use: monitor", "Use": "Monitoring, testing or other", "Depth (feet)": 18.0, "Completed": 2022, "Work": "New Well", "Plugged": "Yes", "State report number": "655030"}, "geometry": {"type": "Point", "coordinates": [-95.963316, 30.471222]}},
    {"type": "Feature", "properties": {"name": "Well or boring", "description": "Recorded use: monitor", "Use": "Monitoring, testing or other", "Depth (feet)": 18.0, "Completed": 2022, "Work": "New Well", "Plugged": "Yes", "State report number": "655031"}, "geometry": {"type": "Point", "coordinates": [-95.963701, 30.47072]}},
    {"type": "Feature", "properties": {"name": "Well or boring", "description": "Recorded use: monitor", "Use": "Monitoring, testing or other", "Depth (feet)": 20.0, "Completed": 2022, "Work": "New Well", "Plugged": "Yes", "State report number": "655032"}, "geometry": {"type": "Point", "coordinates": [-95.964282, 30.470546]}},
    {"type": "Feature", "properties": {"name": "Well or boring", "description": "Recorded use: monitor", "Use": "Monitoring, testing or other", "Depth (feet)": 22.0, "Completed": 2022, "Work": "New Well", "Plugged": "Yes", "State report number": "655033"}, "geometry": {"type": "Point", "coordinates": [-95.964452, 30.471029]}},
    {"type": "Feature", "properties": {"name": "Well or boring", "description": "Recorded use: monitor", "Use": "Monitoring, testing or other", "Depth (feet)": 18.0, "Completed": 2022, "Work": "New Well", "Plugged": "Yes", "State report number": "655034"}, "geometry": {"type": "Point", "coordinates": [-95.963424, 30.470905]}},
    {"type": "Feature", "properties": {"name": "Well or boring", "description": "Recorded use: environmental soil boring", "Use": "Monitoring, testing or other", "Depth (feet)": 20.0, "Completed": 2022, "Work": "New Well", "State report number": "655035"}, "geometry": {"type": "Point", "coordinates": [-95.963534, 30.470822]}},
    {"type": "Feature", "properties": {"name": "Water well", "description": "Recorded use: domestic", "Use": "Household", "Depth (feet)": 349.0, "Completed": 2023, "Work": "New Well", "State report number": "655451"}, "geometry": {"type": "Point", "coordinates": [-95.819722, 30.481389]}},
    {"type": "Feature", "properties": {"name": "Well or boring", "description": "Recorded use: monitor", "Use": "Monitoring, testing or other", "Depth (feet)": 20.0, "Completed": 2023, "Work": "New Well", "State report number": "655652"}, "geometry": {"type": "Point", "coordinates": [-96.064167, 30.624167]}},
    {"type": "Feature", "properties": {"name": "Well or boring", "description": "Recorded use: monitor", "Use": "Monitoring, testing or other", "Depth (feet)": 20.0, "Completed": 2023, "Work": "New Well", "State report number": "655653"}, "geometry": {"type": "Point", "coordinates": [-96.064167, 30.624167]}},
    {"type": "Feature", "properties": {"name": "Well or boring", "description": "Recorded use: monitor", "Use": "Monitoring, testing or other", "Depth (feet)": 25.0, "Completed": 2023, "Work": "New Well", "State report number": "655654"}, "geometry": {"type": "Point", "coordinates": [-96.064167, 30.624167]}},
    {"type": "Feature", "properties": {"name": "Well or boring", "description": "Recorded use: monitor", "Use": "Monitoring, testing or other", "Depth (feet)": 15.0, "Completed": 2023, "Work": "New Well", "State report number": "655655"}, "geometry": {"type": "Point", "coordinates": [-96.064167, 30.624167]}},
    {"type": "Feature", "properties": {"name": "Well or boring", "description": "Recorded use: monitor", "Use": "Monitoring, testing or other", "Depth (feet)": 20.0, "Completed": 2023, "Work": "New Well", "State report number": "655656"}, "geometry": {"type": "Point", "coordinates": [-96.064167, 30.624167]}},
    {"type": "Feature", "properties": {"name": "Well or boring", "description": "Recorded use: monitor", "Use": "Monitoring, testing or other", "Depth (feet)": 20.0, "Completed": 2023, "Work": "New Well", "State report number": "655658"}, "geometry": {"type": "Point", "coordinates": [-96.064167, 30.624167]}},
    {"type": "Feature", "properties": {"name": "Well or boring", "description": "Recorded use: monitor", "Use": "Monitoring, testing or other", "Depth (feet)": 17.0, "Completed": 2023, "Work": "New Well", "State report number": "655659"}, "geometry": {"type": "Point", "coordinates": [-96.064167, 30.624167]}},
    {"type": "Feature", "properties": {"name": "Water well", "description": "Recorded use: domestic", "Use": "Household", "Depth (feet)": 260.0, "Completed": 2023, "Work": "New Well", "State report number": "656002"}, "geometry": {"type": "Point", "coordinates": [-96.083143, 30.443214]}},
    {"type": "Feature", "properties": {"name": "Water well", "description": "Recorded use: domestic", "Use": "Household", "Depth (feet)": 400.0, "Completed": 2023, "Work": "New Well", "State report number": "656006"}, "geometry": {"type": "Point", "coordinates": [-95.947836, 30.559633]}},
    {"type": "Feature", "properties": {"name": "Water well", "description": "Recorded use: domestic", "Use": "Household", "Depth (feet)": 265.0, "Completed": 2023, "Work": "New Well", "State report number": "656073"}, "geometry": {"type": "Point", "coordinates": [-95.881627, 30.381528]}},
    {"type": "Feature", "properties": {"name": "Water well", "description": "Recorded use: domestic", "Use": "Household", "Depth (feet)": 370.0, "Completed": 2023, "Work": "New Well", "State report number": "656141"}, "geometry": {"type": "Point", "coordinates": [-95.899761, 30.28086]}},
    {"type": "Feature", "properties": {"name": "Water well", "description": "Recorded use: domestic", "Use": "Household", "Depth (feet)": 375.0, "Completed": 2023, "Work": "New Well", "State report number": "656319"}, "geometry": {"type": "Point", "coordinates": [-95.95588, 30.50867]}},
    {"type": "Feature", "properties": {"name": "Water well", "description": "Recorded use: domestic", "Use": "Household", "Depth (feet)": 143.0, "Completed": 2023, "Work": "New Well", "State report number": "656332"}, "geometry": {"type": "Point", "coordinates": [-95.99485, 30.48916]}},
    {"type": "Feature", "properties": {"name": "Water well", "description": "Recorded use: domestic", "Use": "Household", "Depth (feet)": 245.0, "Completed": 2023, "Work": "New Well", "State report number": "656348"}, "geometry": {"type": "Point", "coordinates": [-95.86187, 30.263734]}},
    {"type": "Feature", "properties": {"name": "Water well", "description": "Recorded use: domestic", "Use": "Household", "Depth (feet)": 540.0, "Completed": 2023, "Work": "New Well", "State report number": "656455"}, "geometry": {"type": "Point", "coordinates": [-96.094472, 30.768722]}},
    {"type": "Feature", "properties": {"name": "Water well", "description": "Recorded use: domestic", "Use": "Household", "Depth (feet)": 440.0, "Completed": 2023, "Work": "New Well", "State report number": "656573"}, "geometry": {"type": "Point", "coordinates": [-96.053359, 30.41541]}},
    {"type": "Feature", "properties": {"name": "Water well", "description": "Recorded use: domestic", "Use": "Household", "Depth (feet)": 294.0, "Completed": 2023, "Work": "New Well", "State report number": "656656"}, "geometry": {"type": "Point", "coordinates": [-95.906415, 30.782181]}},
    {"type": "Feature", "properties": {"name": "Water well", "description": "Recorded use: domestic", "Use": "Household", "Depth (feet)": 180.0, "Completed": 2023, "Work": "New Well", "State report number": "656893"}, "geometry": {"type": "Point", "coordinates": [-95.900072, 30.251825]}},
    {"type": "Feature", "properties": {"name": "Water well", "description": "Recorded use: domestic", "Use": "Household", "Depth (feet)": 355.0, "Completed": 2024, "Work": "New Well", "State report number": "657015"}, "geometry": {"type": "Point", "coordinates": [-95.83654, 30.36404]}},
    {"type": "Feature", "properties": {"name": "Water well", "description": "Recorded use: domestic", "Use": "Household", "Depth (feet)": 315.0, "Completed": 2023, "Work": "New Well", "State report number": "657253"}, "geometry": {"type": "Point", "coordinates": [-95.97145, 30.54153]}},
    {"type": "Feature", "properties": {"name": "Water well", "description": "Recorded use: stock", "Use": "Livestock or irrigation", "Depth (feet)": 540.0, "Completed": 2023, "Work": "New Well", "State report number": "657881"}, "geometry": {"type": "Point", "coordinates": [-96.14965, 30.6796]}},
    {"type": "Feature", "properties": {"name": "Water well", "description": "Recorded use: domestic", "Use": "Household", "Depth (feet)": 180.0, "Completed": 2023, "Work": "New Well", "State report number": "658394"}, "geometry": {"type": "Point", "coordinates": [-95.900471, 30.251664]}},
    {"type": "Feature", "properties": {"name": "Water well", "description": "Recorded use: domestic", "Use": "Household", "Depth (feet)": 160.0, "Completed": 2023, "Work": "New Well", "State report number": "658599"}, "geometry": {"type": "Point", "coordinates": [-95.88372, 30.25998]}},
    {"type": "Feature", "properties": {"name": "Water well", "description": "Recorded use: domestic", "Use": "Household", "Depth (feet)": 210.0, "Completed": 2023, "Work": "New Well", "State report number": "658888"}, "geometry": {"type": "Point", "coordinates": [-95.98274, 30.55032]}},
    {"type": "Feature", "properties": {"name": "Water well", "description": "Recorded use: domestic", "Use": "Household", "Depth (feet)": 280.0, "Completed": 2023, "Work": "New Well", "State report number": "658891"}, "geometry": {"type": "Point", "coordinates": [-96.05908, 30.49631]}},
    {"type": "Feature", "properties": {"name": "Water well", "description": "Recorded use: domestic", "Use": "Household", "Depth (feet)": 225.0, "Completed": 2024, "Work": "New Well", "State report number": "659029"}, "geometry": {"type": "Point", "coordinates": [-95.93018, 30.57428]}},
    {"type": "Feature", "properties": {"name": "Water well", "description": "Recorded use: domestic", "Use": "Household", "Depth (feet)": 130.0, "Completed": 2024, "Work": "New Well", "State report number": "659449"}, "geometry": {"type": "Point", "coordinates": [-95.86917, 30.743461]}},
    {"type": "Feature", "properties": {"name": "Water well", "description": "Recorded use: domestic", "Use": "Household", "Depth (feet)": 107.0, "Completed": 2024, "Work": "New Well", "State report number": "659511"}, "geometry": {"type": "Point", "coordinates": [-96.074747, 30.371678]}},
    {"type": "Feature", "properties": {"name": "Water well", "description": "Recorded use: domestic", "Use": "Household", "Depth (feet)": 140.0, "Completed": 2024, "Work": "New Well", "State report number": "659792"}, "geometry": {"type": "Point", "coordinates": [-95.956812, 30.781298]}},
    {"type": "Feature", "properties": {"name": "Water well", "description": "Recorded use: domestic", "Use": "Household", "Depth (feet)": 370.0, "Completed": 2024, "Work": "New Well", "State report number": "659866"}, "geometry": {"type": "Point", "coordinates": [-95.87111, 30.58004]}},
    {"type": "Feature", "properties": {"name": "Water well", "description": "Recorded use: domestic", "Use": "Household", "Depth (feet)": 280.0, "Completed": 2023, "Work": "New Well", "State report number": "659972"}, "geometry": {"type": "Point", "coordinates": [-96.05474, 30.49628]}},
    {"type": "Feature", "properties": {"name": "Water well", "description": "Recorded use: domestic", "Use": "Household", "Depth (feet)": 185.0, "Completed": 2024, "Work": "New Well", "State report number": "659998"}, "geometry": {"type": "Point", "coordinates": [-95.8619, 30.26686]}},
    {"type": "Feature", "properties": {"name": "Water well", "description": "Recorded use: domestic", "Use": "Household", "Depth (feet)": 220.0, "Completed": 2024, "Work": "New Well", "State report number": "660024"}, "geometry": {"type": "Point", "coordinates": [-95.886509, 30.798519]}},
    {"type": "Feature", "properties": {"name": "Water well", "description": "Recorded use: domestic", "Use": "Household", "Depth (feet)": 365.0, "Completed": 2024, "Work": "New Well", "State report number": "660156"}, "geometry": {"type": "Point", "coordinates": [-96.02305, 30.77513]}},
    {"type": "Feature", "properties": {"name": "Water well", "description": "Recorded use: domestic", "Use": "Household", "Depth (feet)": 440.0, "Completed": 2024, "Work": "New Well", "State report number": "660701"}, "geometry": {"type": "Point", "coordinates": [-96.044, 30.74]}},
    {"type": "Feature", "properties": {"name": "Water well", "description": "Recorded use: domestic", "Use": "Household", "Depth (feet)": 205.0, "Completed": 2024, "Work": "New Well", "State report number": "660705"}, "geometry": {"type": "Point", "coordinates": [-95.87321, 30.40471]}},
    {"type": "Feature", "properties": {"name": "Water well", "description": "Recorded use: domestic", "Use": "Household", "Depth (feet)": 255.0, "Completed": 2024, "Work": "New Well", "State report number": "660812"}, "geometry": {"type": "Point", "coordinates": [-95.8484, 30.2449]}},
    {"type": "Feature", "properties": {"name": "Water well", "description": "Recorded use: domestic", "Use": "Household", "Depth (feet)": 250.0, "Completed": 2024, "Work": "New Well", "State report number": "661060"}, "geometry": {"type": "Point", "coordinates": [-96.05947, 30.318607]}},
    {"type": "Feature", "properties": {"name": "Water well", "description": "Recorded use: stock", "Use": "Livestock or irrigation", "Depth (feet)": 125.0, "Completed": 2024, "Work": "New Well", "State report number": "661636"}, "geometry": {"type": "Point", "coordinates": [-96.07509, 30.24588]}},
    {"type": "Feature", "properties": {"name": "Water well", "description": "Recorded use: domestic", "Use": "Household", "Depth (feet)": 207.0, "Completed": 2024, "Work": "New Well", "State report number": "661844"}, "geometry": {"type": "Point", "coordinates": [-95.951477, 30.512694]}},
    {"type": "Feature", "properties": {"name": "Water well", "description": "Recorded use: stock", "Use": "Livestock or irrigation", "Depth (feet)": 590.0, "Completed": 2024, "Work": "New Well", "State report number": "662166"}, "geometry": {"type": "Point", "coordinates": [-95.963177, 30.731275]}},
    {"type": "Feature", "properties": {"name": "Water well", "description": "Recorded use: domestic", "Use": "Household", "Depth (feet)": 415.0, "Completed": 2024, "Work": "New Well", "State report number": "662342"}, "geometry": {"type": "Point", "coordinates": [-95.87311, 30.82914]}},
    {"type": "Feature", "properties": {"name": "Water well", "description": "Recorded use: domestic", "Use": "Household", "Depth (feet)": 170.0, "Completed": 2024, "Work": "New Well", "State report number": "662352"}, "geometry": {"type": "Point", "coordinates": [-95.836757, 30.55567]}},
    {"type": "Feature", "properties": {"name": "Well or boring", "description": "Recorded use: monitor", "Use": "Monitoring, testing or other", "Depth (feet)": 20.0, "Completed": 2024, "Work": "New Well", "State report number": "662537"}, "geometry": {"type": "Point", "coordinates": [-95.944328, 30.584441]}},
    {"type": "Feature", "properties": {"name": "Well or boring", "description": "Recorded use: monitor", "Use": "Monitoring, testing or other", "Depth (feet)": 20.0, "Completed": 2024, "Work": "New Well", "State report number": "662538"}, "geometry": {"type": "Point", "coordinates": [-95.944328, 30.584441]}},
    {"type": "Feature", "properties": {"name": "Water well", "description": "Recorded use: domestic", "Use": "Household", "Depth (feet)": 520.0, "Completed": 2024, "Work": "New Well", "State report number": "662656"}, "geometry": {"type": "Point", "coordinates": [-96.0244, 30.72782]}},
    {"type": "Feature", "properties": {"name": "Water well", "description": "Recorded use: domestic", "Use": "Household", "Depth (feet)": 660.0, "Completed": 2024, "Work": "New Well", "State report number": "662763"}, "geometry": {"type": "Point", "coordinates": [-96.030708, 30.749038]}},
    {"type": "Feature", "properties": {"name": "Water well", "description": "Recorded use: domestic", "Use": "Household", "Depth (feet)": 403.0, "Completed": 2024, "Work": "New Well", "State report number": "662777"}, "geometry": {"type": "Point", "coordinates": [-96.051895, 30.73033]}},
    {"type": "Feature", "properties": {"name": "Water well", "description": "Recorded use: domestic", "Use": "Household", "Depth (feet)": 200.0, "Completed": 2024, "Work": "New Well", "State report number": "662891"}, "geometry": {"type": "Point", "coordinates": [-95.925385, 30.423345]}},
    {"type": "Feature", "properties": {"name": "Water well", "description": "Recorded use: domestic", "Use": "Household", "Depth (feet)": 250.0, "Completed": 2024, "Work": "New Well", "State report number": "662900"}, "geometry": {"type": "Point", "coordinates": [-96.028169, 30.315509]}},
    {"type": "Feature", "properties": {"name": "Water well", "description": "Recorded use: domestic", "Use": "Household", "Depth (feet)": 400.0, "Completed": 2024, "Work": "New Well", "State report number": "663037"}, "geometry": {"type": "Point", "coordinates": [-95.91882, 30.26757]}},
    {"type": "Feature", "properties": {"name": "Water well", "description": "Recorded use: domestic", "Use": "Household", "Depth (feet)": 160.0, "Completed": 2024, "Work": "New Well", "State report number": "663099"}, "geometry": {"type": "Point", "coordinates": [-95.929942, 30.530616]}},
    {"type": "Feature", "properties": {"name": "Water well", "description": "Recorded use: domestic", "Use": "Household", "Depth (feet)": 395.0, "Completed": 2024, "Work": "New Well", "State report number": "663381"}, "geometry": {"type": "Point", "coordinates": [-95.885, 30.80013]}},
    {"type": "Feature", "properties": {"name": "Water well", "description": "Recorded use: domestic", "Use": "Household", "Depth (feet)": 464.0, "Completed": 2024, "Work": "New Well", "State report number": "663389"}, "geometry": {"type": "Point", "coordinates": [-96.066477, 30.833292]}},
    {"type": "Feature", "properties": {"name": "Water well", "description": "Recorded use: domestic", "Use": "Household", "Depth (feet)": 275.0, "Completed": 2024, "Work": "New Well", "State report number": "663566"}, "geometry": {"type": "Point", "coordinates": [-95.96204, 30.24816]}},
    {"type": "Feature", "properties": {"name": "Water well", "description": "Recorded use: domestic", "Use": "Household", "Depth (feet)": 350.0, "Completed": 2024, "Work": "New Well", "State report number": "663604"}, "geometry": {"type": "Point", "coordinates": [-95.928111, 30.573806]}},
    {"type": "Feature", "properties": {"name": "Water well", "description": "Recorded use: domestic", "Use": "Household", "Depth (feet)": 445.0, "Completed": 2024, "Work": "New Well", "State report number": "664179"}, "geometry": {"type": "Point", "coordinates": [-96.04344, 30.49723]}},
    {"type": "Feature", "properties": {"name": "Water well", "description": "Recorded use: domestic", "Use": "Household", "Depth (feet)": 235.0, "Completed": 2024, "Work": "New Well", "State report number": "664517"}, "geometry": {"type": "Point", "coordinates": [-95.854166, 30.568707]}},
    {"type": "Feature", "properties": {"name": "Water well", "description": "Recorded use: domestic", "Use": "Household", "Depth (feet)": 270.0, "Completed": 2024, "Work": "New Well", "State report number": "664808"}, "geometry": {"type": "Point", "coordinates": [-95.844698, 30.321352]}},
    {"type": "Feature", "properties": {"name": "Water well", "description": "Recorded use: domestic", "Use": "Household", "Depth (feet)": 380.0, "Completed": 2024, "Work": "New Well", "State report number": "665085"}, "geometry": {"type": "Point", "coordinates": [-95.80648, 30.29675]}},
    {"type": "Feature", "properties": {"name": "Water well", "description": "Recorded use: domestic", "Use": "Household", "Depth (feet)": 325.0, "Completed": 2024, "Work": "New Well", "State report number": "665088"}, "geometry": {"type": "Point", "coordinates": [-95.88326, 30.45903]}},
    {"type": "Feature", "properties": {"name": "Water well", "description": "Recorded use: domestic", "Use": "Household", "Depth (feet)": 340.0, "Completed": 2024, "Work": "New Well", "State report number": "665214"}, "geometry": {"type": "Point", "coordinates": [-95.9968, 30.23947]}},
    {"type": "Feature", "properties": {"name": "Water well", "description": "Recorded use: domestic", "Use": "Household", "Depth (feet)": 315.0, "Completed": 2024, "Work": "New Well", "State report number": "665280"}, "geometry": {"type": "Point", "coordinates": [-95.88452, 30.45815]}},
    {"type": "Feature", "properties": {"name": "Water well", "description": "Recorded use: domestic", "Use": "Household", "Depth (feet)": 265.0, "Completed": 2024, "Work": "New Well", "State report number": "665461"}, "geometry": {"type": "Point", "coordinates": [-96.0614, 30.4545]}},
    {"type": "Feature", "properties": {"name": "Water well", "description": "Recorded use: domestic", "Use": "Household", "Depth (feet)": 245.0, "Completed": 2024, "Work": "New Well", "State report number": "665651"}, "geometry": {"type": "Point", "coordinates": [-95.9036, 30.4654]}},
    {"type": "Feature", "properties": {"name": "Well or boring", "description": "Recorded use: test well", "Use": "Monitoring, testing or other", "Depth (feet)": 15.0, "Completed": 2024, "Work": "New Well", "State report number": "666153"}, "geometry": {"type": "Point", "coordinates": [-96.08379, 30.61862]}},
    {"type": "Feature", "properties": {"name": "Well or boring", "description": "Recorded use: test well", "Use": "Monitoring, testing or other", "Depth (feet)": 35.0, "Completed": 2024, "Work": "New Well", "Plugged": "Yes", "State report number": "666157"}, "geometry": {"type": "Point", "coordinates": [-96.08041, 30.61674]}},
    {"type": "Feature", "properties": {"name": "Well or boring", "description": "Recorded use: test well", "Use": "Monitoring, testing or other", "Depth (feet)": 15.0, "Completed": 2024, "Work": "New Well", "Plugged": "Yes", "State report number": "666159"}, "geometry": {"type": "Point", "coordinates": [-96.08379, 30.61862]}},
    {"type": "Feature", "properties": {"name": "Well or boring", "description": "Recorded use: test well", "Use": "Monitoring, testing or other", "Depth (feet)": 25.0, "Completed": 2024, "Work": "New Well", "Plugged": "Yes", "State report number": "666160"}, "geometry": {"type": "Point", "coordinates": [-96.08253, 30.6127]}},
    {"type": "Feature", "properties": {"name": "Well or boring", "description": "Recorded use: test well", "Use": "Monitoring, testing or other", "Depth (feet)": 14.0, "Completed": 2024, "Work": "New Well", "Plugged": "Yes", "State report number": "666161"}, "geometry": {"type": "Point", "coordinates": [-96.08359, 30.61887]}},
    {"type": "Feature", "properties": {"name": "Well or boring", "description": "Recorded use: test well", "Use": "Monitoring, testing or other", "Depth (feet)": 15.0, "Completed": 2024, "Work": "New Well", "Plugged": "Yes", "State report number": "666162"}, "geometry": {"type": "Point", "coordinates": [-96.08436, 30.6188]}},
    {"type": "Feature", "properties": {"name": "Well or boring", "description": "Recorded use: test well", "Use": "Monitoring, testing or other", "Depth (feet)": 15.0, "Completed": 2024, "Work": "New Well", "Plugged": "Yes", "State report number": "666163"}, "geometry": {"type": "Point", "coordinates": [-96.08483, 30.61894]}},
    {"type": "Feature", "properties": {"name": "Well or boring", "description": "Recorded use: test well", "Use": "Monitoring, testing or other", "Depth (feet)": 15.0, "Completed": 2024, "Work": "New Well", "Plugged": "Yes", "State report number": "666165"}, "geometry": {"type": "Point", "coordinates": [-96.08662, 30.61702]}},
    {"type": "Feature", "properties": {"name": "Well or boring", "description": "Recorded use: test well", "Use": "Monitoring, testing or other", "Depth (feet)": 17.0, "Completed": 2024, "Work": "New Well", "Plugged": "Yes", "State report number": "666166"}, "geometry": {"type": "Point", "coordinates": [-96.08418, 30.61695]}},
    {"type": "Feature", "properties": {"name": "Well or boring", "description": "Recorded use: test well", "Use": "Monitoring, testing or other", "Depth (feet)": 10.0, "Completed": 2024, "Work": "New Well", "Plugged": "Yes", "State report number": "666167"}, "geometry": {"type": "Point", "coordinates": [-96.08405, 30.61655]}},
    {"type": "Feature", "properties": {"name": "Well or boring", "description": "Recorded use: test well", "Use": "Monitoring, testing or other", "Depth (feet)": 16.0, "Completed": 2024, "Work": "New Well", "Plugged": "Yes", "State report number": "666168"}, "geometry": {"type": "Point", "coordinates": [-96.08686, 30.61311]}},
    {"type": "Feature", "properties": {"name": "Well or boring", "description": "Recorded use: test well", "Use": "Monitoring, testing or other", "Depth (feet)": 14.0, "Completed": 2024, "Work": "New Well", "Plugged": "Yes", "State report number": "666169"}, "geometry": {"type": "Point", "coordinates": [-96.08498, 30.61424]}},
    {"type": "Feature", "properties": {"name": "Well or boring", "description": "Recorded use: test well", "Use": "Monitoring, testing or other", "Depth (feet)": 12.0, "Completed": 2024, "Work": "New Well", "Plugged": "Yes", "State report number": "666170"}, "geometry": {"type": "Point", "coordinates": [-96.08137, 30.61693]}},
    {"type": "Feature", "properties": {"name": "Well or boring", "description": "Recorded use: test well", "Use": "Monitoring, testing or other", "Depth (feet)": 28.0, "Completed": 2024, "Work": "New Well", "Plugged": "Yes", "State report number": "666171"}, "geometry": {"type": "Point", "coordinates": [-96.08041, 30.61674]}},
    {"type": "Feature", "properties": {"name": "Well or boring", "description": "Recorded use: test well", "Use": "Monitoring, testing or other", "Depth (feet)": 15.0, "Completed": 2024, "Work": "New Well", "Plugged": "Yes", "State report number": "666172"}, "geometry": {"type": "Point", "coordinates": [-96.07947, 30.61393]}},
    {"type": "Feature", "properties": {"name": "Well or boring", "description": "Recorded use: test well", "Use": "Monitoring, testing or other", "Depth (feet)": 23.0, "Completed": 2024, "Work": "New Well", "Plugged": "Yes", "State report number": "666173"}, "geometry": {"type": "Point", "coordinates": [-96.07953, 30.61621]}},
    {"type": "Feature", "properties": {"name": "Water well", "description": "Recorded use: domestic", "Use": "Household", "Depth (feet)": 170.0, "Completed": 2024, "Work": "New Well", "State report number": "666178"}, "geometry": {"type": "Point", "coordinates": [-95.92978, 30.53361]}},
    {"type": "Feature", "properties": {"name": "Water well", "description": "Recorded use: domestic", "Use": "Household", "Depth (feet)": 188.0, "Completed": 2024, "Work": "New Well", "State report number": "666179"}, "geometry": {"type": "Point", "coordinates": [-95.89075, 30.68806]}},
    {"type": "Feature", "properties": {"name": "Water well", "description": "Recorded use: domestic", "Use": "Household", "Depth (feet)": 120.0, "Completed": 2024, "Work": "New Well", "State report number": "666184"}, "geometry": {"type": "Point", "coordinates": [-95.922513, 30.553929]}},
    {"type": "Feature", "properties": {"name": "Well or boring", "description": "Recorded use: test well", "Use": "Monitoring, testing or other", "Depth (feet)": 32.0, "Completed": 2024, "Work": "New Well", "Plugged": "Yes", "State report number": "666282"}, "geometry": {"type": "Point", "coordinates": [-96.082531, 30.6127]}},
    {"type": "Feature", "properties": {"name": "Water well", "description": "Recorded use: public supply", "Use": "Public water supply", "Depth (feet)": 750.0, "Completed": 2024, "Work": "New Well", "Plugged": "Yes", "State report number": "666335"}, "geometry": {"type": "Point", "coordinates": [-95.898889, 30.353722]}},
    {"type": "Feature", "properties": {"name": "Water well", "description": "Recorded use: domestic", "Use": "Household", "Depth (feet)": 422.0, "Completed": 2024, "Work": "New Well", "State report number": "666363"}, "geometry": {"type": "Point", "coordinates": [-95.966604, 30.781296]}},
    {"type": "Feature", "properties": {"name": "Water well", "description": "Recorded use: domestic", "Use": "Household", "Depth (feet)": 410.0, "Completed": 2024, "Work": "New Well", "State report number": "666365"}, "geometry": {"type": "Point", "coordinates": [-95.901831, 30.816045]}},
    {"type": "Feature", "properties": {"name": "Water well", "description": "Recorded use: domestic", "Use": "Household", "Depth (feet)": 373.0, "Completed": 2024, "Work": "New Well", "State report number": "666646"}, "geometry": {"type": "Point", "coordinates": [-95.896938, 30.689535]}},
    {"type": "Feature", "properties": {"name": "Water well", "description": "Recorded use: domestic", "Use": "Household", "Depth (feet)": 204.0, "Completed": 2024, "Work": "New Well", "State report number": "666660"}, "geometry": {"type": "Point", "coordinates": [-95.89713, 30.63417]}},
    {"type": "Feature", "properties": {"name": "Water well", "description": "Recorded use: domestic", "Use": "Household", "Depth (feet)": 525.0, "Completed": 2024, "Work": "New Well", "State report number": "666843"}, "geometry": {"type": "Point", "coordinates": [-96.00693, 30.741892]}},
    {"type": "Feature", "properties": {"name": "Water well", "description": "Recorded use: domestic", "Use": "Household", "Depth (feet)": 365.0, "Completed": 2024, "Work": "New Well", "State report number": "667570"}, "geometry": {"type": "Point", "coordinates": [-95.81692, 30.29932]}},
    {"type": "Feature", "properties": {"name": "Water well", "description": "Recorded use: domestic", "Use": "Household", "Depth (feet)": 245.0, "Completed": 2024, "Work": "New Well", "State report number": "667571"}, "geometry": {"type": "Point", "coordinates": [-95.87884, 30.2547]}},
    {"type": "Feature", "properties": {"name": "Water well", "description": "Recorded use: domestic", "Use": "Household", "Depth (feet)": 220.0, "Completed": 2024, "Work": "New Well", "State report number": "668352"}, "geometry": {"type": "Point", "coordinates": [-95.823171, 30.544182]}},
    {"type": "Feature", "properties": {"name": "Water well", "description": "Recorded use: domestic", "Use": "Household", "Depth (feet)": 360.0, "Completed": 2024, "Work": "New Well", "State report number": "668422"}, "geometry": {"type": "Point", "coordinates": [-95.843889, 30.701667]}},
    {"type": "Feature", "properties": {"name": "Water well", "description": "Recorded use: domestic", "Use": "Household", "Depth (feet)": 235.0, "Completed": 2024, "Work": "New Well", "State report number": "668507"}, "geometry": {"type": "Point", "coordinates": [-95.85361, 30.25174]}},
    {"type": "Feature", "properties": {"name": "Water well", "description": "Recorded use: domestic", "Use": "Household", "Depth (feet)": 205.0, "Completed": 2024, "Work": "New Well", "State report number": "668798"}, "geometry": {"type": "Point", "coordinates": [-95.994003, 30.257939]}},
    {"type": "Feature", "properties": {"name": "Water well", "description": "Recorded use: domestic", "Use": "Household", "Depth (feet)": 145.0, "Completed": 2024, "Work": "New Well", "State report number": "669011"}, "geometry": {"type": "Point", "coordinates": [-95.875582, 30.592507]}},
    {"type": "Feature", "properties": {"name": "Water well", "description": "Recorded use: domestic", "Use": "Household", "Depth (feet)": 380.0, "Completed": 2024, "Work": "New Well", "State report number": "669207"}, "geometry": {"type": "Point", "coordinates": [-95.835, 30.469056]}},
    {"type": "Feature", "properties": {"name": "Well or boring", "description": "Recorded use: monitor", "Use": "Monitoring, testing or other", "Depth (feet)": 40.0, "Completed": 2024, "Work": "New Well", "State report number": "669217"}, "geometry": {"type": "Point", "coordinates": [-96.134168, 30.636121]}},
    {"type": "Feature", "properties": {"name": "Well or boring", "description": "Recorded use: monitor", "Use": "Monitoring, testing or other", "Depth (feet)": 40.0, "Completed": 2024, "Work": "New Well", "State report number": "669218"}, "geometry": {"type": "Point", "coordinates": [-96.134168, 30.636121]}},
    {"type": "Feature", "properties": {"name": "Water well", "description": "Recorded use: domestic", "Use": "Household", "Depth (feet)": 480.0, "Completed": 2024, "Work": "New Well", "State report number": "669395"}, "geometry": {"type": "Point", "coordinates": [-95.849497, 30.429771]}},
    {"type": "Feature", "properties": {"name": "Water well", "description": "Recorded use: domestic", "Use": "Household", "Depth (feet)": 175.0, "Completed": 2024, "Work": "New Well", "State report number": "669414"}, "geometry": {"type": "Point", "coordinates": [-95.91196, 30.26516]}},
    {"type": "Feature", "properties": {"name": "Water well", "description": "Recorded use: domestic", "Use": "Household", "Depth (feet)": 355.0, "Completed": 2024, "Work": "New Well", "State report number": "669416"}, "geometry": {"type": "Point", "coordinates": [-95.81303, 30.29361]}},
    {"type": "Feature", "properties": {"name": "Water well", "description": "Recorded use: domestic", "Use": "Household", "Depth (feet)": 240.0, "Completed": 2024, "Work": "New Well", "State report number": "669691"}, "geometry": {"type": "Point", "coordinates": [-95.91806, 30.55922]}},
    {"type": "Feature", "properties": {"name": "Water well", "description": "Recorded use: domestic", "Use": "Household", "Depth (feet)": 510.0, "Completed": 2024, "Work": "New Well", "State report number": "669873"}, "geometry": {"type": "Point", "coordinates": [-96.013722, 30.711653]}},
    {"type": "Feature", "properties": {"name": "Water well", "description": "Recorded use: irrigation", "Use": "Livestock or irrigation", "Depth (feet)": 250.0, "Completed": 2024, "Work": "New Well", "State report number": "670339"}, "geometry": {"type": "Point", "coordinates": [-95.853134, 30.24746]}},
    {"type": "Feature", "properties": {"name": "Water well", "description": "Recorded use: domestic", "Use": "Household", "Depth (feet)": 150.0, "Completed": 2024, "Work": "New Well", "State report number": "670600"}, "geometry": {"type": "Point", "coordinates": [-95.8926, 30.68541]}},
    {"type": "Feature", "properties": {"name": "Water well", "description": "Recorded use: domestic", "Use": "Household", "Depth (feet)": 195.0, "Completed": 2024, "Work": "New Well", "State report number": "670773"}, "geometry": {"type": "Point", "coordinates": [-96.09469, 30.73947]}},
    {"type": "Feature", "properties": {"name": "Water well", "description": "Recorded use: domestic", "Use": "Household", "Depth (feet)": 380.0, "Completed": 2024, "Work": "New Well", "State report number": "670917"}, "geometry": {"type": "Point", "coordinates": [-96.09242, 30.68461]}},
    {"type": "Feature", "properties": {"name": "Water well", "description": "Recorded use: domestic", "Use": "Household", "Depth (feet)": 360.0, "Completed": 2024, "Work": "New Well", "State report number": "670919"}, "geometry": {"type": "Point", "coordinates": [-96.08317, 30.68976]}},
    {"type": "Feature", "properties": {"name": "Water well", "description": "Recorded use: domestic", "Use": "Household", "Depth (feet)": 230.0, "Completed": 2024, "Work": "New Well", "State report number": "671042"}, "geometry": {"type": "Point", "coordinates": [-96.05216, 30.56291]}},
    {"type": "Feature", "properties": {"name": "Water well", "description": "Recorded use: stock", "Use": "Livestock or irrigation", "Depth (feet)": 720.0, "Completed": 2024, "Work": "New Well", "State report number": "671059"}, "geometry": {"type": "Point", "coordinates": [-96.02306, 30.4766]}},
    {"type": "Feature", "properties": {"name": "Water well", "description": "Recorded use: domestic", "Use": "Household", "Depth (feet)": 340.0, "Completed": 2024, "Work": "New Well", "State report number": "673233"}, "geometry": {"type": "Point", "coordinates": [-95.885956, 30.387269]}},
    {"type": "Feature", "properties": {"name": "Water well", "description": "Recorded use: domestic", "Use": "Household", "Depth (feet)": 315.0, "Completed": 2024, "Work": "New Well", "State report number": "673515"}, "geometry": {"type": "Point", "coordinates": [-95.87995, 30.45704]}},
    {"type": "Feature", "properties": {"name": "Water well", "description": "Recorded use: domestic", "Use": "Household", "Depth (feet)": 140.0, "Completed": 2024, "Work": "New Well", "State report number": "673522"}, "geometry": {"type": "Point", "coordinates": [-95.92662, 30.24311]}},
    {"type": "Feature", "properties": {"name": "Water well", "description": "Recorded use: domestic", "Use": "Household", "Depth (feet)": 355.0, "Completed": 2024, "Work": "New Well", "State report number": "673527"}, "geometry": {"type": "Point", "coordinates": [-95.95166, 30.42786]}},
    {"type": "Feature", "properties": {"name": "Water well", "description": "Recorded use: domestic", "Use": "Household", "Depth (feet)": 275.0, "Completed": 2024, "Work": "New Well", "State report number": "673530"}, "geometry": {"type": "Point", "coordinates": [-96.04843, 30.48927]}},
    {"type": "Feature", "properties": {"name": "Water well", "description": "Recorded use: domestic", "Use": "Household", "Depth (feet)": 390.0, "Completed": 2024, "Work": "New Well", "State report number": "674049"}, "geometry": {"type": "Point", "coordinates": [-95.96499, 30.54225]}},
    {"type": "Feature", "properties": {"name": "Water well", "description": "Recorded use: domestic", "Use": "Household", "Depth (feet)": 385.0, "Completed": 2024, "Work": "New Well", "State report number": "674063"}, "geometry": {"type": "Point", "coordinates": [-95.868947, 30.327436]}},
    {"type": "Feature", "properties": {"name": "Water well", "description": "Recorded use: domestic", "Use": "Household", "Depth (feet)": 390.0, "Completed": 2024, "Work": "New Well", "State report number": "674065"}, "geometry": {"type": "Point", "coordinates": [-95.965079, 30.334682]}},
    {"type": "Feature", "properties": {"name": "Water well", "description": "Recorded use: domestic", "Use": "Household", "Depth (feet)": 300.0, "Completed": 2024, "Work": "New Well", "State report number": "674730"}, "geometry": {"type": "Point", "coordinates": [-95.985229, 30.664831]}},
    {"type": "Feature", "properties": {"name": "Water well", "description": "Recorded use: domestic", "Use": "Household", "Depth (feet)": 300.0, "Completed": 2024, "Work": "New Well", "State report number": "675130"}, "geometry": {"type": "Point", "coordinates": [-95.940536, 30.640864]}},
    {"type": "Feature", "properties": {"name": "Water well", "description": "Recorded use: domestic", "Use": "Household", "Depth (feet)": 322.0, "Completed": 2024, "Work": "New Well", "State report number": "675360"}, "geometry": {"type": "Point", "coordinates": [-95.9342, 30.588557]}},
    {"type": "Feature", "properties": {"name": "Water well", "description": "Recorded use: domestic", "Use": "Household", "Depth (feet)": 175.0, "Completed": 2024, "Work": "New Well", "State report number": "675725"}, "geometry": {"type": "Point", "coordinates": [-95.84506, 30.56772]}},
    {"type": "Feature", "properties": {"name": "Water well", "description": "Recorded use: rig supply", "Use": "Industrial or drilling supply", "Depth (feet)": 285.0, "Completed": 2024, "Work": "New Well", "State report number": "676158"}, "geometry": {"type": "Point", "coordinates": [-96.051111, 30.402222]}},
    {"type": "Feature", "properties": {"name": "Water well", "description": "Recorded use: domestic", "Use": "Household", "Depth (feet)": 500.0, "Completed": 2024, "Work": "New Well", "State report number": "677318"}, "geometry": {"type": "Point", "coordinates": [-95.93175, 30.53859]}},
    {"type": "Feature", "properties": {"name": "Water well", "description": "Recorded use: domestic", "Use": "Household", "Depth (feet)": 340.0, "Completed": 2024, "Work": "New Well", "State report number": "677816"}, "geometry": {"type": "Point", "coordinates": [-95.96819, 30.45153]}},
    {"type": "Feature", "properties": {"name": "Water well", "description": "Recorded use: domestic", "Use": "Household", "Depth (feet)": 305.0, "Completed": 2024, "Work": "New Well", "State report number": "678190"}, "geometry": {"type": "Point", "coordinates": [-95.94409, 30.38983]}},
    {"type": "Feature", "properties": {"name": "Water well", "description": "Recorded use: domestic", "Use": "Household", "Depth (feet)": 365.0, "Completed": 2024, "Work": "New Well", "State report number": "679368"}, "geometry": {"type": "Point", "coordinates": [-95.88423, 30.31863]}},
    {"type": "Feature", "properties": {"name": "Water well", "description": "Recorded use: domestic", "Use": "Household", "Depth (feet)": 245.0, "Completed": 2024, "Work": "New Well", "State report number": "679897"}, "geometry": {"type": "Point", "coordinates": [-95.89025, 30.4252]}},
    {"type": "Feature", "properties": {"name": "Water well", "description": "Recorded use: domestic", "Use": "Household", "Depth (feet)": 252.0, "Completed": 2024, "Work": "New Well", "State report number": "679900"}, "geometry": {"type": "Point", "coordinates": [-96.02751, 30.76414]}},
    {"type": "Feature", "properties": {"name": "Water well", "description": "Recorded use: domestic", "Use": "Household", "Depth (feet)": 175.0, "Completed": 2024, "Work": "New Well", "State report number": "679901"}, "geometry": {"type": "Point", "coordinates": [-95.86529, 30.58953]}},
    {"type": "Feature", "properties": {"name": "Water well", "description": "Recorded use: domestic", "Use": "Household", "Depth (feet)": 229.0, "Completed": 2024, "Work": "New Well", "State report number": "680147"}, "geometry": {"type": "Point", "coordinates": [-95.849251, 30.553079]}},
    {"type": "Feature", "properties": {"name": "Water well", "description": "Recorded use: domestic", "Use": "Household", "Depth (feet)": 370.0, "Completed": 2024, "Work": "New Well", "State report number": "680519"}, "geometry": {"type": "Point", "coordinates": [-95.858165, 30.314342]}},
    {"type": "Feature", "properties": {"name": "Water well", "description": "Recorded use: domestic", "Use": "Household", "Depth (feet)": 197.0, "Completed": 2024, "Work": "New Well", "State report number": "680561"}, "geometry": {"type": "Point", "coordinates": [-96.11521, 30.385335]}},
    {"type": "Feature", "properties": {"name": "Water well", "description": "Recorded use: domestic", "Use": "Household", "Depth (feet)": 318.0, "Completed": 2024, "Work": "New Well", "State report number": "681577"}, "geometry": {"type": "Point", "coordinates": [-95.941667, 30.619722]}},
    {"type": "Feature", "properties": {"name": "Water well", "description": "Recorded use: domestic", "Use": "Household", "Depth (feet)": 180.0, "Completed": 2024, "Work": "New Well", "State report number": "681581"}, "geometry": {"type": "Point", "coordinates": [-96.092778, 30.493056]}},
    {"type": "Feature", "properties": {"name": "Water well", "description": "Recorded use: domestic", "Use": "Household", "Depth (feet)": 214.0, "Completed": 2024, "Work": "New Well", "State report number": "681848"}, "geometry": {"type": "Point", "coordinates": [-96.08131, 30.44043]}},
    {"type": "Feature", "properties": {"name": "Water well", "description": "Recorded use: domestic", "Use": "Household", "Depth (feet)": 355.0, "Completed": 2024, "Work": "Replacement", "State report number": "682249"}, "geometry": {"type": "Point", "coordinates": [-96.09388, 30.33954]}},
    {"type": "Feature", "properties": {"name": "Water well", "description": "Recorded use: domestic", "Use": "Household", "Depth (feet)": 210.0, "Completed": 2024, "Work": "New Well", "State report number": "682345"}, "geometry": {"type": "Point", "coordinates": [-96.022035, 30.534101]}},
    {"type": "Feature", "properties": {"name": "Water well", "description": "Recorded use: domestic", "Use": "Household", "Depth (feet)": 380.0, "Completed": 2024, "Work": "New Well", "State report number": "682424"}, "geometry": {"type": "Point", "coordinates": [-95.826859, 30.318969]}},
    {"type": "Feature", "properties": {"name": "Water well", "description": "Recorded use: domestic", "Use": "Household", "Depth (feet)": 165.0, "Completed": 2024, "Work": "New Well", "State report number": "682455"}, "geometry": {"type": "Point", "coordinates": [-95.918543, 30.288719]}},
    {"type": "Feature", "properties": {"name": "Water well", "description": "Recorded use: domestic", "Use": "Household", "Depth (feet)": 175.0, "Completed": 2024, "Work": "New Well", "State report number": "682478"}, "geometry": {"type": "Point", "coordinates": [-95.83646, 30.55518]}},
    {"type": "Feature", "properties": {"name": "Water well", "description": "Recorded use: domestic", "Use": "Household", "Depth (feet)": 245.0, "Completed": 2024, "Work": "New Well", "State report number": "682486"}, "geometry": {"type": "Point", "coordinates": [-95.8351, 30.26831]}},
    {"type": "Feature", "properties": {"name": "Water well", "description": "Recorded use: industrial", "Use": "Industrial or drilling supply", "Depth (feet)": 320.0, "Completed": 2024, "Work": "New Well", "State report number": "682511"}, "geometry": {"type": "Point", "coordinates": [-95.988611, 30.670833]}},
    {"type": "Feature", "properties": {"name": "Water well", "description": "Recorded use: domestic", "Use": "Household", "Depth (feet)": 305.0, "Completed": 2024, "Work": "New Well", "State report number": "682513"}, "geometry": {"type": "Point", "coordinates": [-95.982399, 30.720798]}},
    {"type": "Feature", "properties": {"name": "Water well", "description": "Recorded use: domestic", "Use": "Household", "Depth (feet)": 400.0, "Completed": 2024, "Work": "New Well", "State report number": "682876"}, "geometry": {"type": "Point", "coordinates": [-95.911866, 30.250557]}},
    {"type": "Feature", "properties": {"name": "Water well", "description": "Recorded use: domestic", "Use": "Household", "Depth (feet)": 110.0, "Completed": 2024, "Work": "New Well", "State report number": "683189"}, "geometry": {"type": "Point", "coordinates": [-95.867285, 30.741825]}},
    {"type": "Feature", "properties": {"name": "Water well", "description": "Recorded use: domestic", "Use": "Household", "Depth (feet)": 240.0, "Completed": 2024, "Work": "New Well", "State report number": "683544"}, "geometry": {"type": "Point", "coordinates": [-95.86057, 30.2563]}},
    {"type": "Feature", "properties": {"name": "Water well", "description": "Recorded use: domestic", "Use": "Household", "Depth (feet)": 387.0, "Completed": 2024, "Work": "New Well", "State report number": "683715"}, "geometry": {"type": "Point", "coordinates": [-95.929033, 30.257489]}},
    {"type": "Feature", "properties": {"name": "Water well", "description": "Recorded use: domestic", "Use": "Household", "Depth (feet)": 210.0, "Completed": 2024, "Work": "New Well", "State report number": "684678"}, "geometry": {"type": "Point", "coordinates": [-96.00146, 30.40818]}},
    {"type": "Feature", "properties": {"name": "Water well", "description": "Recorded use: domestic", "Use": "Household", "Depth (feet)": 305.0, "Completed": 2024, "Work": "New Well", "State report number": "685124"}, "geometry": {"type": "Point", "coordinates": [-95.875722, 30.846029]}},
    {"type": "Feature", "properties": {"name": "Water well", "description": "Recorded use: domestic", "Use": "Household", "Depth (feet)": 180.0, "Completed": 2024, "Work": "New Well", "State report number": "685178"}, "geometry": {"type": "Point", "coordinates": [-95.886364, 30.251458]}},
    {"type": "Feature", "properties": {"name": "Water well", "description": "Recorded use: domestic", "Use": "Household", "Depth (feet)": 240.0, "Completed": 2024, "Work": "New Well", "State report number": "685186"}, "geometry": {"type": "Point", "coordinates": [-95.869824, 30.255383]}},
    {"type": "Feature", "properties": {"name": "Water well", "description": "Recorded use: domestic", "Use": "Household", "Depth (feet)": 180.0, "Completed": 2024, "Work": "New Well", "State report number": "685702"}, "geometry": {"type": "Point", "coordinates": [-95.99475, 30.56117]}},
    {"type": "Feature", "properties": {"name": "Water well", "description": "Recorded use: domestic", "Use": "Household", "Depth (feet)": 445.0, "Completed": 2024, "Work": "New Well", "State report number": "685704"}, "geometry": {"type": "Point", "coordinates": [-96.04995, 30.46517]}},
    {"type": "Feature", "properties": {"name": "Water well", "description": "Recorded use: domestic", "Use": "Household", "Depth (feet)": 340.0, "Completed": 2025, "Work": "New Well", "State report number": "686232"}, "geometry": {"type": "Point", "coordinates": [-96.062583, 30.8116]}},
    {"type": "Feature", "properties": {"name": "Water well", "description": "Recorded use: domestic", "Use": "Household", "Depth (feet)": 240.0, "Completed": 2025, "Work": "New Well", "State report number": "686342"}, "geometry": {"type": "Point", "coordinates": [-96.052856, 30.465681]}},
    {"type": "Feature", "properties": {"name": "Water well", "description": "Recorded use: domestic", "Use": "Household", "Depth (feet)": 170.0, "Completed": 2024, "Work": "New Well", "State report number": "686370"}, "geometry": {"type": "Point", "coordinates": [-95.929281, 30.240073]}},
    {"type": "Feature", "properties": {"name": "Water well", "description": "Recorded use: domestic", "Use": "Household", "Depth (feet)": 460.0, "Completed": 2024, "Work": "New Well", "State report number": "687030"}, "geometry": {"type": "Point", "coordinates": [-95.840537, 30.589361]}},
    {"type": "Feature", "properties": {"name": "Water well", "description": "Recorded use: domestic", "Use": "Household", "Depth (feet)": 340.0, "Completed": 2024, "Work": "New Well", "State report number": "687075"}, "geometry": {"type": "Point", "coordinates": [-95.855264, 30.677897]}},
    {"type": "Feature", "properties": {"name": "Water well", "description": "Recorded use: domestic", "Use": "Household", "Depth (feet)": 276.0, "Completed": 2024, "Work": "New Well", "State report number": "687082"}, "geometry": {"type": "Point", "coordinates": [-95.952888, 30.838388]}},
    {"type": "Feature", "properties": {"name": "Water well", "description": "Recorded use: domestic", "Use": "Household", "Depth (feet)": 350.0, "Completed": 2025, "Work": "New Well", "State report number": "687352"}, "geometry": {"type": "Point", "coordinates": [-95.93023, 30.57431]}},
    {"type": "Feature", "properties": {"name": "Water well", "description": "Recorded use: domestic", "Use": "Household", "Depth (feet)": 360.0, "Completed": 2025, "Work": "New Well", "State report number": "687353"}, "geometry": {"type": "Point", "coordinates": [-96.08314, 30.53368]}},
    {"type": "Feature", "properties": {"name": "Water well", "description": "Recorded use: domestic", "Use": "Household", "Depth (feet)": 240.0, "Completed": 2024, "Work": "New Well", "State report number": "687399"}, "geometry": {"type": "Point", "coordinates": [-95.825729, 30.566733]}},
    {"type": "Feature", "properties": {"name": "Water well", "description": "Recorded use: public supply", "Use": "Public water supply", "Depth (feet)": 720.0, "Completed": 2024, "Work": "Replacement", "State report number": "687490"}, "geometry": {"type": "Point", "coordinates": [-95.898968, 30.353681]}},
    {"type": "Feature", "properties": {"name": "Water well", "description": "Recorded use: domestic", "Use": "Household", "Depth (feet)": 360.0, "Completed": 2025, "Work": "New Well", "State report number": "687900"}, "geometry": {"type": "Point", "coordinates": [-96.09296, 30.81478]}},
    {"type": "Feature", "properties": {"name": "Water well", "description": "Recorded use: domestic", "Use": "Household", "Depth (feet)": 360.0, "Completed": 2024, "Work": "New Well", "State report number": "688029"}, "geometry": {"type": "Point", "coordinates": [-95.97432, 30.32664]}},
    {"type": "Feature", "properties": {"name": "Water well", "description": "Recorded use: domestic", "Use": "Household", "Depth (feet)": 263.0, "Completed": 2024, "Work": "New Well", "State report number": "688263"}, "geometry": {"type": "Point", "coordinates": [-95.93857, 30.57393]}},
    {"type": "Feature", "properties": {"name": "Water well", "description": "Recorded use: domestic", "Use": "Household", "Depth (feet)": 418.0, "Completed": 2025, "Work": "New Well", "State report number": "688268"}, "geometry": {"type": "Point", "coordinates": [-95.88447, 30.80122]}},
    {"type": "Feature", "properties": {"name": "Water well", "description": "Recorded use: domestic", "Use": "Household", "Depth (feet)": 70.0, "Completed": 2025, "Work": "New Well", "State report number": "688351"}, "geometry": {"type": "Point", "coordinates": [-96.073455, 30.366608]}},
    {"type": "Feature", "properties": {"name": "Water well", "description": "Recorded use: domestic", "Use": "Household", "Depth (feet)": 463.0, "Completed": 2025, "Work": "New Well", "State report number": "688465"}, "geometry": {"type": "Point", "coordinates": [-95.85125, 30.604261]}},
    {"type": "Feature", "properties": {"name": "Water well", "description": "Recorded use: domestic", "Use": "Household", "Depth (feet)": 183.0, "Completed": 2025, "Work": "New Well", "State report number": "688467"}, "geometry": {"type": "Point", "coordinates": [-96.04023, 30.42238]}},
    {"type": "Feature", "properties": {"name": "Water well", "description": "Recorded use: domestic", "Use": "Household", "Depth (feet)": 370.0, "Completed": 2024, "Work": "New Well", "State report number": "688732"}, "geometry": {"type": "Point", "coordinates": [-96.089537, 30.355375]}},
    {"type": "Feature", "properties": {"name": "Water well", "description": "Recorded use: domestic", "Use": "Household", "Depth (feet)": 380.0, "Completed": 2025, "Work": "New Well", "State report number": "688759"}, "geometry": {"type": "Point", "coordinates": [-95.9324, 30.653571]}},
    {"type": "Feature", "properties": {"name": "Water well", "description": "Recorded use: domestic", "Use": "Household", "Depth (feet)": 200.0, "Completed": 2025, "Work": "New Well", "State report number": "690371"}, "geometry": {"type": "Point", "coordinates": [-96.114767, 30.385267]}},
    {"type": "Feature", "properties": {"name": "Water well", "description": "Recorded use: domestic", "Use": "Household", "Depth (feet)": 365.0, "Completed": 2025, "Work": "New Well", "State report number": "690433"}, "geometry": {"type": "Point", "coordinates": [-95.880444, 30.445259]}},
    {"type": "Feature", "properties": {"name": "Water well", "description": "Recorded use: domestic", "Use": "Household", "Depth (feet)": 367.0, "Completed": 2025, "Work": "New Well", "State report number": "691325"}, "geometry": {"type": "Point", "coordinates": [-95.847569, 30.47555]}},
    {"type": "Feature", "properties": {"name": "Water well", "description": "Recorded use: domestic", "Use": "Household", "Depth (feet)": 484.0, "Completed": 2025, "Work": "New Well", "State report number": "691339"}, "geometry": {"type": "Point", "coordinates": [-95.932, 30.464]}},
    {"type": "Feature", "properties": {"name": "Water well", "description": "Recorded use: public supply", "Use": "Public water supply", "Depth (feet)": 456.0, "Completed": 2024, "Work": "New Well", "State report number": "691680"}, "geometry": {"type": "Point", "coordinates": [-95.9296, 30.255517]}},
    {"type": "Feature", "properties": {"name": "Water well", "description": "Recorded use: domestic", "Use": "Household", "Depth (feet)": 425.0, "Completed": 2025, "Work": "New Well", "State report number": "691743"}, "geometry": {"type": "Point", "coordinates": [-96.05269, 30.43434]}},
    {"type": "Feature", "properties": {"name": "Water well", "description": "Recorded use: public supply", "Use": "Public water supply", "Depth (feet)": 1510.0, "Completed": 2025, "Work": "New Well", "State report number": "691744"}, "geometry": {"type": "Point", "coordinates": [-96.050506, 30.40225]}},
    {"type": "Feature", "properties": {"name": "Water well", "description": "Recorded use: domestic", "Use": "Household", "Depth (feet)": 265.0, "Completed": 2025, "Work": "New Well", "State report number": "692099"}, "geometry": {"type": "Point", "coordinates": [-95.869469, 30.568542]}},
    {"type": "Feature", "properties": {"name": "Water well", "description": "Recorded use: domestic", "Use": "Household", "Depth (feet)": 290.0, "Completed": 2024, "Work": "New Well", "State report number": "692563"}, "geometry": {"type": "Point", "coordinates": [-95.877131, 30.334368]}},
    {"type": "Feature", "properties": {"name": "Water well", "description": "Recorded use: domestic", "Use": "Household", "Depth (feet)": 345.0, "Completed": 2025, "Work": "New Well", "State report number": "692570"}, "geometry": {"type": "Point", "coordinates": [-95.919593, 30.301104]}},
    {"type": "Feature", "properties": {"name": "Water well", "description": "Recorded use: domestic", "Use": "Household", "Depth (feet)": 295.0, "Completed": 2025, "Work": "New Well", "State report number": "692574"}, "geometry": {"type": "Point", "coordinates": [-95.89496, 30.481645]}},
    {"type": "Feature", "properties": {"name": "Water well", "description": "Recorded use: domestic", "Use": "Household", "Depth (feet)": 265.0, "Completed": 2024, "Work": "New Well", "State report number": "692583"}, "geometry": {"type": "Point", "coordinates": [-95.835551, 30.644476]}},
    {"type": "Feature", "properties": {"name": "Water well", "description": "Recorded use: domestic", "Use": "Household", "Depth (feet)": 250.0, "Completed": 2024, "Work": "New Well", "State report number": "692595"}, "geometry": {"type": "Point", "coordinates": [-95.835288, 30.644404]}},
    {"type": "Feature", "properties": {"name": "Water well", "description": "Recorded use: domestic", "Use": "Household", "Depth (feet)": 300.0, "Completed": 2025, "Work": "New Well", "State report number": "692655"}, "geometry": {"type": "Point", "coordinates": [-95.842, 30.58868]}},
    {"type": "Feature", "properties": {"name": "Water well", "description": "Recorded use: domestic", "Use": "Household", "Depth (feet)": 413.0, "Completed": 2025, "Work": "New Well", "State report number": "692664"}, "geometry": {"type": "Point", "coordinates": [-95.91132, 30.29115]}},
    {"type": "Feature", "properties": {"name": "Water well", "description": "Recorded use: domestic", "Use": "Household", "Depth (feet)": 130.0, "Completed": 2025, "Work": "New Well", "State report number": "692669"}, "geometry": {"type": "Point", "coordinates": [-95.92593, 30.25245]}},
    {"type": "Feature", "properties": {"name": "Water well", "description": "Recorded use: domestic", "Use": "Household", "Depth (feet)": 492.0, "Completed": 2025, "Work": "New Well", "State report number": "692674"}, "geometry": {"type": "Point", "coordinates": [-96.02144, 30.81594]}},
    {"type": "Feature", "properties": {"name": "Water well", "description": "Recorded use: domestic", "Use": "Household", "Depth (feet)": 225.0, "Completed": 2025, "Work": "New Well", "State report number": "692939"}, "geometry": {"type": "Point", "coordinates": [-96.02423, 30.50029]}},
    {"type": "Feature", "properties": {"name": "Water well", "description": "Recorded use: domestic", "Use": "Household", "Depth (feet)": 325.0, "Completed": 2025, "Work": "New Well", "State report number": "693415"}, "geometry": {"type": "Point", "coordinates": [-96.041081, 30.386818]}},
    {"type": "Feature", "properties": {"name": "Water well", "description": "Recorded use: domestic", "Use": "Household", "Depth (feet)": 200.0, "Completed": 2025, "Work": "New Well", "State report number": "693437"}, "geometry": {"type": "Point", "coordinates": [-95.82875, 30.5681]}},
    {"type": "Feature", "properties": {"name": "Water well", "description": "Recorded use: domestic", "Use": "Household", "Depth (feet)": 200.0, "Completed": 2025, "Work": "New Well", "State report number": "693735"}, "geometry": {"type": "Point", "coordinates": [-95.930823, 30.536666]}},
    {"type": "Feature", "properties": {"name": "Water well", "description": "Recorded use: domestic", "Use": "Household", "Depth (feet)": 305.0, "Completed": 2025, "Work": "New Well", "State report number": "694064"}, "geometry": {"type": "Point", "coordinates": [-95.90209, 30.48598]}},
    {"type": "Feature", "properties": {"name": "Well or boring", "description": "Recorded use: monitor", "Use": "Monitoring, testing or other", "Depth (feet)": 30.0, "Completed": 2025, "Work": "New Well", "State report number": "694217"}, "geometry": {"type": "Point", "coordinates": [-96.077573, 30.777923]}},
    {"type": "Feature", "properties": {"name": "Well or boring", "description": "Recorded use: monitor", "Use": "Monitoring, testing or other", "Depth (feet)": 30.0, "Completed": 2025, "Work": "New Well", "State report number": "694218"}, "geometry": {"type": "Point", "coordinates": [-96.077701, 30.777734]}},
    {"type": "Feature", "properties": {"name": "Water well", "description": "Recorded use: domestic", "Use": "Household", "Depth (feet)": 440.0, "Completed": 2025, "Work": "New Well", "State report number": "694228"}, "geometry": {"type": "Point", "coordinates": [-96.09509, 30.8229]}},
    {"type": "Feature", "properties": {"name": "Water well", "description": "Recorded use: domestic", "Use": "Household", "Depth (feet)": 323.0, "Completed": 2025, "Work": "New Well", "State report number": "694234"}, "geometry": {"type": "Point", "coordinates": [-95.833602, 30.401372]}},
    {"type": "Feature", "properties": {"name": "Water well", "description": "Recorded use: domestic", "Use": "Household", "Depth (feet)": 260.0, "Completed": 2025, "Work": "New Well", "State report number": "694937"}, "geometry": {"type": "Point", "coordinates": [-95.86446, 30.5926]}},
    {"type": "Feature", "properties": {"name": "Water well", "description": "Recorded use: domestic", "Use": "Household", "Depth (feet)": 330.0, "Completed": 2025, "Work": "New Well", "State report number": "695366"}, "geometry": {"type": "Point", "coordinates": [-95.902391, 30.65419]}},
    {"type": "Feature", "properties": {"name": "Water well", "description": "Recorded use: domestic", "Use": "Household", "Depth (feet)": 182.0, "Completed": 2025, "Work": "New Well", "State report number": "695373"}, "geometry": {"type": "Point", "coordinates": [-95.898932, 30.685387]}},
    {"type": "Feature", "properties": {"name": "Water well", "description": "Recorded use: domestic", "Use": "Household", "Depth (feet)": 180.0, "Completed": 2025, "Work": "New Well", "State report number": "695374"}, "geometry": {"type": "Point", "coordinates": [-95.9264, 30.63138]}},
    {"type": "Feature", "properties": {"name": "Water well", "description": "Recorded use: domestic", "Use": "Household", "Depth (feet)": 295.0, "Completed": 2025, "Work": "New Well", "State report number": "695668"}, "geometry": {"type": "Point", "coordinates": [-95.937284, 30.799443]}},
    {"type": "Feature", "properties": {"name": "Water well", "description": "Recorded use: domestic", "Use": "Household", "Depth (feet)": 615.0, "Completed": 2025, "Work": "New Well", "State report number": "695827"}, "geometry": {"type": "Point", "coordinates": [-96.041427, 30.42526]}},
    {"type": "Feature", "properties": {"name": "Water well", "description": "Recorded use: domestic", "Use": "Household", "Depth (feet)": 185.0, "Completed": 2025, "Work": "New Well", "State report number": "695959"}, "geometry": {"type": "Point", "coordinates": [-95.862495, 30.27258]}},
    {"type": "Feature", "properties": {"name": "Water well", "description": "Recorded use: domestic", "Use": "Household", "Depth (feet)": 205.0, "Completed": 2025, "Work": "New Well", "State report number": "695966"}, "geometry": {"type": "Point", "coordinates": [-95.860085, 30.402133]}},
    {"type": "Feature", "properties": {"name": "Water well", "description": "Recorded use: domestic", "Use": "Household", "Depth (feet)": 245.0, "Completed": 2025, "Work": "New Well", "State report number": "695967"}, "geometry": {"type": "Point", "coordinates": [-95.915402, 30.424723]}},
    {"type": "Feature", "properties": {"name": "Water well", "description": "Recorded use: domestic", "Use": "Household", "Depth (feet)": 343.0, "Completed": 2025, "Work": "New Well", "State report number": "696125"}, "geometry": {"type": "Point", "coordinates": [-95.933376, 30.652971]}},
    {"type": "Feature", "properties": {"name": "Water well", "description": "Recorded use: domestic", "Use": "Household", "Depth (feet)": 152.0, "Completed": 2025, "Work": "New Well", "State report number": "696297"}, "geometry": {"type": "Point", "coordinates": [-95.858993, 30.267567]}},
    {"type": "Feature", "properties": {"name": "Water well", "description": "Recorded use: domestic", "Use": "Household", "Depth (feet)": 195.0, "Completed": 2025, "Work": "New Well", "State report number": "696923"}, "geometry": {"type": "Point", "coordinates": [-95.90168, 30.63278]}},
    {"type": "Feature", "properties": {"name": "Well or boring", "description": "Recorded use: monitor", "Use": "Monitoring, testing or other", "Depth (feet)": 33.0, "Completed": 2025, "Work": "New Well", "State report number": "698234"}, "geometry": {"type": "Point", "coordinates": [-96.083611, 30.620833]}},
    {"type": "Feature", "properties": {"name": "Well or boring", "description": "Recorded use: monitor", "Use": "Monitoring, testing or other", "Depth (feet)": 40.0, "Completed": 2025, "Work": "New Well", "State report number": "698235"}, "geometry": {"type": "Point", "coordinates": [-96.083611, 30.620833]}},
    {"type": "Feature", "properties": {"name": "Well or boring", "description": "Recorded use: monitor", "Use": "Monitoring, testing or other", "Depth (feet)": 35.0, "Completed": 2025, "Work": "New Well", "State report number": "698236"}, "geometry": {"type": "Point", "coordinates": [-96.083611, 30.620833]}},
    {"type": "Feature", "properties": {"name": "Well or boring", "description": "Recorded use: monitor", "Use": "Monitoring, testing or other", "Depth (feet)": 35.0, "Completed": 2025, "Work": "New Well", "State report number": "698237"}, "geometry": {"type": "Point", "coordinates": [-96.083611, 30.620833]}},
    {"type": "Feature", "properties": {"name": "Well or boring", "description": "Recorded use: monitor", "Use": "Monitoring, testing or other", "Depth (feet)": 35.0, "Completed": 2025, "Work": "New Well", "State report number": "698238"}, "geometry": {"type": "Point", "coordinates": [-96.083611, 30.620833]}},
    {"type": "Feature", "properties": {"name": "Well or boring", "description": "Recorded use: monitor", "Use": "Monitoring, testing or other", "Depth (feet)": 35.0, "Completed": 2025, "Work": "New Well", "State report number": "698239"}, "geometry": {"type": "Point", "coordinates": [-96.083611, 30.620833]}},
    {"type": "Feature", "properties": {"name": "Well or boring", "description": "Recorded use: monitor", "Use": "Monitoring, testing or other", "Depth (feet)": 60.0, "Completed": 2025, "Work": "New Well", "State report number": "698240"}, "geometry": {"type": "Point", "coordinates": [-96.083611, 30.620833]}},
    {"type": "Feature", "properties": {"name": "Well or boring", "description": "Recorded use: monitor", "Use": "Monitoring, testing or other", "Depth (feet)": 60.0, "Completed": 2025, "Work": "New Well", "State report number": "698241"}, "geometry": {"type": "Point", "coordinates": [-96.083611, 30.620833]}},
    {"type": "Feature", "properties": {"name": "Well or boring", "description": "Recorded use: monitor", "Use": "Monitoring, testing or other", "Depth (feet)": 60.0, "Completed": 2025, "Work": "New Well", "State report number": "698242"}, "geometry": {"type": "Point", "coordinates": [-96.083611, 30.620833]}},
    {"type": "Feature", "properties": {"name": "Well or boring", "description": "Recorded use: monitor", "Use": "Monitoring, testing or other", "Depth (feet)": 57.0, "Completed": 2025, "Work": "New Well", "State report number": "698247"}, "geometry": {"type": "Point", "coordinates": [-96.083611, 30.620833]}},
    {"type": "Feature", "properties": {"name": "Well or boring", "description": "Recorded use: monitor", "Use": "Monitoring, testing or other", "Depth (feet)": 50.0, "Completed": 2025, "Work": "New Well", "State report number": "698250"}, "geometry": {"type": "Point", "coordinates": [-96.083611, 30.620833]}},
    {"type": "Feature", "properties": {"name": "Well or boring", "description": "Recorded use: monitor", "Use": "Monitoring, testing or other", "Depth (feet)": 50.0, "Completed": 2025, "Work": "New Well", "State report number": "698251"}, "geometry": {"type": "Point", "coordinates": [-96.083611, 30.620833]}},
    {"type": "Feature", "properties": {"name": "Well or boring", "description": "Recorded use: monitor", "Use": "Monitoring, testing or other", "Depth (feet)": 50.0, "Completed": 2025, "Work": "New Well", "State report number": "698253"}, "geometry": {"type": "Point", "coordinates": [-96.083611, 30.620833]}},
    {"type": "Feature", "properties": {"name": "Well or boring", "description": "Recorded use: monitor", "Use": "Monitoring, testing or other", "Depth (feet)": 55.0, "Completed": 2025, "Work": "New Well", "State report number": "698256"}, "geometry": {"type": "Point", "coordinates": [-96.083611, 30.620833]}},
    {"type": "Feature", "properties": {"name": "Well or boring", "description": "Recorded use: monitor", "Use": "Monitoring, testing or other", "Depth (feet)": 55.0, "Completed": 2025, "Work": "New Well", "State report number": "698258"}, "geometry": {"type": "Point", "coordinates": [-96.083611, 30.620833]}},
    {"type": "Feature", "properties": {"name": "Well or boring", "description": "Recorded use: monitor", "Use": "Monitoring, testing or other", "Depth (feet)": 23.0, "Completed": 2025, "Work": "New Well", "State report number": "698259"}, "geometry": {"type": "Point", "coordinates": [-96.083611, 30.620833]}},
    {"type": "Feature", "properties": {"name": "Well or boring", "description": "Recorded use: monitor", "Use": "Monitoring, testing or other", "Depth (feet)": 52.0, "Completed": 2025, "Work": "New Well", "State report number": "698261"}, "geometry": {"type": "Point", "coordinates": [-96.083611, 30.620833]}},
    {"type": "Feature", "properties": {"name": "Well or boring", "description": "Recorded use: monitor", "Use": "Monitoring, testing or other", "Depth (feet)": 53.0, "Completed": 2025, "Work": "New Well", "State report number": "698262"}, "geometry": {"type": "Point", "coordinates": [-96.083611, 30.620833]}},
    {"type": "Feature", "properties": {"name": "Well or boring", "description": "Recorded use: monitor", "Use": "Monitoring, testing or other", "Depth (feet)": 27.0, "Completed": 2025, "Work": "New Well", "State report number": "698263"}, "geometry": {"type": "Point", "coordinates": [-96.083611, 30.620833]}},
    {"type": "Feature", "properties": {"name": "Well or boring", "description": "Recorded use: monitor", "Use": "Monitoring, testing or other", "Depth (feet)": 27.0, "Completed": 2025, "Work": "New Well", "State report number": "698264"}, "geometry": {"type": "Point", "coordinates": [-96.083611, 30.620833]}},
    {"type": "Feature", "properties": {"name": "Well or boring", "description": "Recorded use: monitor", "Use": "Monitoring, testing or other", "Depth (feet)": 20.0, "Completed": 2025, "Work": "New Well", "State report number": "698266"}, "geometry": {"type": "Point", "coordinates": [-96.083611, 30.620833]}},
    {"type": "Feature", "properties": {"name": "Well or boring", "description": "Recorded use: monitor", "Use": "Monitoring, testing or other", "Depth (feet)": 64.0, "Completed": 2025, "Work": "New Well", "State report number": "698267"}, "geometry": {"type": "Point", "coordinates": [-96.083611, 30.620833]}},
    {"type": "Feature", "properties": {"name": "Well or boring", "description": "Recorded use: monitor", "Use": "Monitoring, testing or other", "Depth (feet)": 72.0, "Completed": 2025, "Work": "New Well", "State report number": "698268"}, "geometry": {"type": "Point", "coordinates": [-96.083611, 30.620833]}},
    {"type": "Feature", "properties": {"name": "Well or boring", "description": "Recorded use: monitor", "Use": "Monitoring, testing or other", "Depth (feet)": 45.0, "Completed": 2025, "Work": "New Well", "State report number": "698270"}, "geometry": {"type": "Point", "coordinates": [-96.083611, 30.620833]}},
    {"type": "Feature", "properties": {"name": "Well or boring", "description": "Recorded use: environmental soil boring", "Use": "Monitoring, testing or other", "Depth (feet)": 70.0, "Completed": 2025, "Work": "New Well", "State report number": "698271"}, "geometry": {"type": "Point", "coordinates": [-96.083611, 30.620833]}},
    {"type": "Feature", "properties": {"name": "Water well", "description": "Recorded use: domestic", "Use": "Household", "Depth (feet)": 280.0, "Completed": 2025, "Work": "New Well", "State report number": "698463"}, "geometry": {"type": "Point", "coordinates": [-95.995495, 30.511289]}},
    {"type": "Feature", "properties": {"name": "Water well", "description": "Recorded use: domestic", "Use": "Household", "Depth (feet)": 260.0, "Completed": 2025, "Work": "New Well", "State report number": "698464"}, "geometry": {"type": "Point", "coordinates": [-96.119261, 30.513984]}},
    {"type": "Feature", "properties": {"name": "Water well", "description": "Recorded use: domestic", "Use": "Household", "Depth (feet)": 280.0, "Completed": 2025, "Work": "New Well", "State report number": "698517"}, "geometry": {"type": "Point", "coordinates": [-95.828372, 30.324751]}},
    {"type": "Feature", "properties": {"name": "Water well", "description": "Recorded use: domestic", "Use": "Household", "Depth (feet)": 320.0, "Completed": 2025, "Work": "New Well", "State report number": "698518"}, "geometry": {"type": "Point", "coordinates": [-95.903311, 30.468202]}},
    {"type": "Feature", "properties": {"name": "Water well", "description": "Recorded use: domestic", "Use": "Household", "Depth (feet)": 410.0, "Completed": 2025, "Work": "New Well", "State report number": "698520"}, "geometry": {"type": "Point", "coordinates": [-95.957582, 30.415014]}},
    {"type": "Feature", "properties": {"name": "Water well", "description": "Recorded use: domestic", "Use": "Household", "Depth (feet)": 212.0, "Completed": 2025, "Work": "New Well", "State report number": "698521"}, "geometry": {"type": "Point", "coordinates": [-95.995331, 30.300579]}},
    {"type": "Feature", "properties": {"name": "Water well", "description": "Recorded use: domestic", "Use": "Household", "Depth (feet)": 185.0, "Completed": 2025, "Work": "New Well", "State report number": "698571"}, "geometry": {"type": "Point", "coordinates": [-95.862964, 30.272596]}},
    {"type": "Feature", "properties": {"name": "Water well", "description": "Recorded use: domestic", "Use": "Household", "Depth (feet)": 165.0, "Completed": 2025, "Work": "New Well", "State report number": "698589"}, "geometry": {"type": "Point", "coordinates": [-95.916612, 30.277676]}},
    {"type": "Feature", "properties": {"name": "Water well", "description": "Recorded use: domestic", "Use": "Household", "Depth (feet)": 410.0, "Completed": 2025, "Work": "New Well", "State report number": "698595"}, "geometry": {"type": "Point", "coordinates": [-95.98155, 30.65616]}},
    {"type": "Feature", "properties": {"name": "Water well", "description": "Recorded use: domestic", "Use": "Household", "Depth (feet)": 335.0, "Completed": 2025, "Work": "New Well", "State report number": "698600"}, "geometry": {"type": "Point", "coordinates": [-95.96737, 30.50978]}},
    {"type": "Feature", "properties": {"name": "Water well", "description": "Recorded use: domestic", "Use": "Household", "Depth (feet)": 348.0, "Completed": 2025, "Work": "New Well", "State report number": "699091"}, "geometry": {"type": "Point", "coordinates": [-95.9293, 30.5742]}},
    {"type": "Feature", "properties": {"name": "Water well", "description": "Recorded use: domestic", "Use": "Household", "Depth (feet)": 305.0, "Completed": 2025, "Work": "New Well", "State report number": "699124"}, "geometry": {"type": "Point", "coordinates": [-95.94152, 30.59559]}},
    {"type": "Feature", "properties": {"name": "Water well", "description": "Recorded use: domestic", "Use": "Household", "Depth (feet)": 285.0, "Completed": 2025, "Work": "New Well", "State report number": "699401"}, "geometry": {"type": "Point", "coordinates": [-95.879527, 30.455588]}},
    {"type": "Feature", "properties": {"name": "Water well", "description": "Recorded use: domestic", "Use": "Household", "Depth (feet)": 220.0, "Completed": 2025, "Work": "New Well", "State report number": "699600"}, "geometry": {"type": "Point", "coordinates": [-95.90515, 30.63161]}},
    {"type": "Feature", "properties": {"name": "Water well", "description": "Recorded use: domestic", "Use": "Household", "Depth (feet)": 310.0, "Completed": 2025, "Work": "New Well", "State report number": "699823"}, "geometry": {"type": "Point", "coordinates": [-96.034216, 30.355797]}},
    {"type": "Feature", "properties": {"name": "Water well", "description": "Recorded use: domestic", "Use": "Household", "Depth (feet)": 400.0, "Completed": 2025, "Work": "New Well", "State report number": "699840"}, "geometry": {"type": "Point", "coordinates": [-95.909167, 30.408611]}},
    {"type": "Feature", "properties": {"name": "Water well", "description": "Recorded use: domestic", "Use": "Household", "Depth (feet)": 405.0, "Completed": 2025, "Work": "New Well", "State report number": "700100"}, "geometry": {"type": "Point", "coordinates": [-95.92714, 30.79824]}},
    {"type": "Feature", "properties": {"name": "Water well", "description": "Recorded use: domestic", "Use": "Household", "Depth (feet)": 175.0, "Completed": 2025, "Work": "New Well", "State report number": "700548"}, "geometry": {"type": "Point", "coordinates": [-95.86287, 30.2686]}},
    {"type": "Feature", "properties": {"name": "Water well", "description": "Recorded use: domestic", "Use": "Household", "Depth (feet)": 336.0, "Completed": 2025, "Work": "New Well", "State report number": "700974"}, "geometry": {"type": "Point", "coordinates": [-95.90375, 30.653472]}},
    {"type": "Feature", "properties": {"name": "Water well", "description": "Recorded use: domestic", "Use": "Household", "Depth (feet)": 253.0, "Completed": 2025, "Work": "New Well", "State report number": "701045"}, "geometry": {"type": "Point", "coordinates": [-95.976863, 30.291418]}},
    {"type": "Feature", "properties": {"name": "Water well", "description": "Recorded use: domestic", "Use": "Household", "Depth (feet)": 236.0, "Completed": 2025, "Work": "New Well", "State report number": "701072"}, "geometry": {"type": "Point", "coordinates": [-95.83002, 30.61959]}},
    {"type": "Feature", "properties": {"name": "Water well", "description": "Recorded use: domestic", "Use": "Household", "Depth (feet)": 330.0, "Completed": 2025, "Work": "New Well", "State report number": "701328"}, "geometry": {"type": "Point", "coordinates": [-96.02508, 30.46609]}},
    {"type": "Feature", "properties": {"name": "Water well", "description": "Recorded use: domestic", "Use": "Household", "Depth (feet)": 400.0, "Completed": 2024, "Work": "New Well", "State report number": "701359"}, "geometry": {"type": "Point", "coordinates": [-95.9272, 30.7981]}},
    {"type": "Feature", "properties": {"name": "Water well", "description": "Recorded use: domestic", "Use": "Household", "Depth (feet)": 160.0, "Completed": 2025, "Work": "New Well", "State report number": "701497"}, "geometry": {"type": "Point", "coordinates": [-95.836029, 30.555301]}},
    {"type": "Feature", "properties": {"name": "Water well", "description": "Recorded use: domestic", "Use": "Household", "Depth (feet)": 355.0, "Completed": 2025, "Work": "New Well", "State report number": "702019"}, "geometry": {"type": "Point", "coordinates": [-95.877197, 30.57516]}},
    {"type": "Feature", "properties": {"name": "Water well", "description": "Recorded use: domestic", "Use": "Household", "Depth (feet)": 365.0, "Completed": 2025, "Work": "New Well", "State report number": "702020"}, "geometry": {"type": "Point", "coordinates": [-95.86527, 30.28628]}},
    {"type": "Feature", "properties": {"name": "Water well", "description": "Recorded use: domestic", "Use": "Household", "Depth (feet)": 170.0, "Completed": 2025, "Work": "New Well", "State report number": "702179"}, "geometry": {"type": "Point", "coordinates": [-95.851466, 30.374007]}},
    {"type": "Feature", "properties": {"name": "Water well", "description": "Recorded use: domestic", "Use": "Household", "Depth (feet)": 335.0, "Completed": 2025, "Work": "New Well", "State report number": "702409"}, "geometry": {"type": "Point", "coordinates": [-95.83414, 30.35971]}},
    {"type": "Feature", "properties": {"name": "Water well", "description": "Recorded use: domestic", "Use": "Household", "Depth (feet)": 470.0, "Completed": 2025, "Work": "New Well", "State report number": "703008"}, "geometry": {"type": "Point", "coordinates": [-95.848061, 30.27645]}},
    {"type": "Feature", "properties": {"name": "Water well", "description": "Recorded use: domestic", "Use": "Household", "Depth (feet)": 94.0, "Completed": 2025, "Work": "New Well", "State report number": "703025"}, "geometry": {"type": "Point", "coordinates": [-96.07315, 30.36495]}},
    {"type": "Feature", "properties": {"name": "Water well", "description": "Recorded use: domestic", "Use": "Household", "Depth (feet)": 112.0, "Completed": 2025, "Work": "New Well", "State report number": "703385"}, "geometry": {"type": "Point", "coordinates": [-95.9283, 30.28241]}},
    {"type": "Feature", "properties": {"name": "Water well", "description": "Recorded use: domestic", "Use": "Household", "Depth (feet)": 250.0, "Completed": 2025, "Work": "New Well", "State report number": "703518"}, "geometry": {"type": "Point", "coordinates": [-95.85173, 30.24542]}},
    {"type": "Feature", "properties": {"name": "Water well", "description": "Recorded use: domestic", "Use": "Household", "Depth (feet)": 229.0, "Completed": 2025, "Work": "New Well", "State report number": "703655"}, "geometry": {"type": "Point", "coordinates": [-95.851502, 30.739535]}},
    {"type": "Feature", "properties": {"name": "Water well", "description": "Recorded use: domestic", "Use": "Household", "Depth (feet)": 500.0, "Completed": 2025, "Work": "Replacement", "State report number": "703670"}, "geometry": {"type": "Point", "coordinates": [-95.871107, 30.818036]}},
    {"type": "Feature", "properties": {"name": "Water well", "description": "Recorded use: domestic", "Use": "Household", "Depth (feet)": 140.0, "Completed": 2025, "Work": "New Well", "State report number": "704249"}, "geometry": {"type": "Point", "coordinates": [-95.927895, 30.253702]}},
    {"type": "Feature", "properties": {"name": "Water well", "description": "Recorded use: domestic", "Use": "Household", "Depth (feet)": 305.0, "Completed": 2025, "Work": "New Well", "State report number": "704434"}, "geometry": {"type": "Point", "coordinates": [-96.08297, 30.69152]}},
    {"type": "Feature", "properties": {"name": "Water well", "description": "Recorded use: domestic", "Use": "Household", "Depth (feet)": 180.0, "Completed": 2025, "Work": "New Well", "State report number": "704536"}, "geometry": {"type": "Point", "coordinates": [-95.901187, 30.254468]}},
    {"type": "Feature", "properties": {"name": "Water well", "description": "Recorded use: domestic", "Use": "Household", "Depth (feet)": 360.0, "Completed": 2025, "Work": "New Well", "State report number": "704682"}, "geometry": {"type": "Point", "coordinates": [-95.94732, 30.83946]}},
    {"type": "Feature", "properties": {"name": "Water well", "description": "Recorded use: domestic", "Use": "Household", "Depth (feet)": 688.0, "Completed": 2025, "Work": "New Well", "State report number": "705419"}, "geometry": {"type": "Point", "coordinates": [-95.918707, 30.834264]}},
    {"type": "Feature", "properties": {"name": "Water well", "description": "Recorded use: domestic", "Use": "Household", "Depth (feet)": 375.0, "Completed": 2025, "Work": "New Well", "State report number": "705814"}, "geometry": {"type": "Point", "coordinates": [-95.88733, 30.45619]}},
    {"type": "Feature", "properties": {"name": "Well or boring", "description": "Recorded use: monitor", "Use": "Monitoring, testing or other", "Depth (feet)": 35.0, "Completed": 2025, "Work": "New Well", "State report number": "705920"}, "geometry": {"type": "Point", "coordinates": [-96.06931, 30.642294]}},
    {"type": "Feature", "properties": {"name": "Water well", "description": "Recorded use: domestic", "Use": "Household", "Depth (feet)": 185.0, "Completed": 2025, "Work": "New Well", "State report number": "705973"}, "geometry": {"type": "Point", "coordinates": [-95.863072, 30.272548]}},
    {"type": "Feature", "properties": {"name": "Water well", "description": "Recorded use: domestic", "Use": "Household", "Depth (feet)": 280.0, "Completed": 2025, "Work": "New Well", "State report number": "706060"}, "geometry": {"type": "Point", "coordinates": [-95.97063, 30.78203]}},
    {"type": "Feature", "properties": {"name": "Water well", "description": "Recorded use: domestic", "Use": "Household", "Depth (feet)": 320.0, "Completed": 2025, "Work": "New Well", "State report number": "706489"}, "geometry": {"type": "Point", "coordinates": [-95.898748, 30.653455]}},
    {"type": "Feature", "properties": {"name": "Water well", "description": "Recorded use: domestic", "Use": "Household", "Depth (feet)": 300.0, "Completed": 2025, "Work": "New Well", "State report number": "706540"}, "geometry": {"type": "Point", "coordinates": [-95.995495, 30.511289]}},
    {"type": "Feature", "properties": {"name": "Water well", "description": "Recorded use: domestic", "Use": "Household", "Depth (feet)": 325.0, "Completed": 2025, "Work": "New Well", "State report number": "706660"}, "geometry": {"type": "Point", "coordinates": [-96.0536, 30.45347]}},
    {"type": "Feature", "properties": {"name": "Water well", "description": "Recorded use: domestic", "Use": "Household", "Depth (feet)": 200.0, "Completed": 2025, "Work": "New Well", "State report number": "706710"}, "geometry": {"type": "Point", "coordinates": [-96.034658, 30.281107]}},
    {"type": "Feature", "properties": {"name": "Water well", "description": "Recorded use: domestic", "Use": "Household", "Depth (feet)": 205.0, "Completed": 2025, "Work": "New Well", "State report number": "706712"}, "geometry": {"type": "Point", "coordinates": [-95.891204, 30.497716]}},
    {"type": "Feature", "properties": {"name": "Water well", "description": "Recorded use: domestic", "Use": "Household", "Depth (feet)": 340.0, "Completed": 2025, "Work": "New Well", "State report number": "706781"}, "geometry": {"type": "Point", "coordinates": [-95.960612, 30.555595]}},
    {"type": "Feature", "properties": {"name": "Water well", "description": "Recorded use: domestic", "Use": "Household", "Depth (feet)": 360.0, "Completed": 2024, "Work": "New Well", "State report number": "706956"}, "geometry": {"type": "Point", "coordinates": [-95.87452, 30.58474]}},
    {"type": "Feature", "properties": {"name": "Water well", "description": "Recorded use: domestic", "Use": "Household", "Depth (feet)": 260.0, "Completed": 2025, "Work": "New Well", "State report number": "707254"}, "geometry": {"type": "Point", "coordinates": [-95.85216, 30.52729]}},
    {"type": "Feature", "properties": {"name": "Water well", "description": "Recorded use: domestic", "Use": "Household", "Depth (feet)": 295.0, "Completed": 2025, "Work": "New Well", "State report number": "707256"}, "geometry": {"type": "Point", "coordinates": [-96.03876, 30.33738]}},
    {"type": "Feature", "properties": {"name": "Water well", "description": "Recorded use: domestic", "Use": "Household", "Depth (feet)": 450.0, "Completed": 2025, "Work": "New Well", "State report number": "707345"}, "geometry": {"type": "Point", "coordinates": [-96.10202, 30.78727]}},
    {"type": "Feature", "properties": {"name": "Water well", "description": "Recorded use: domestic", "Use": "Household", "Depth (feet)": 241.0, "Completed": 2025, "Work": "New Well", "State report number": "708090"}, "geometry": {"type": "Point", "coordinates": [-95.867585, 30.257254]}},
    {"type": "Feature", "properties": {"name": "Water well", "description": "Recorded use: domestic", "Use": "Household", "Depth (feet)": 500.0, "Completed": 2025, "Work": "New Well", "State report number": "708882"}, "geometry": {"type": "Point", "coordinates": [-95.927157, 30.322312]}},
    {"type": "Feature", "properties": {"name": "Water well", "description": "Recorded use: stock", "Use": "Livestock or irrigation", "Depth (feet)": 160.0, "Completed": 2025, "Work": "New Well", "State report number": "708886"}, "geometry": {"type": "Point", "coordinates": [-95.90976, 30.561463]}},
    {"type": "Feature", "properties": {"name": "Water well", "description": "Recorded use: domestic", "Use": "Household", "Depth (feet)": 330.0, "Completed": 2025, "Work": "New Well", "State report number": "709038"}, "geometry": {"type": "Point", "coordinates": [-95.906808, 30.652421]}},
    {"type": "Feature", "properties": {"name": "Water well", "description": "Recorded use: domestic", "Use": "Household", "Depth (feet)": 310.0, "Completed": 2025, "Work": "New Well", "State report number": "709040"}, "geometry": {"type": "Point", "coordinates": [-95.89948, 30.65276]}},
    {"type": "Feature", "properties": {"name": "Water well", "description": "Recorded use: domestic", "Use": "Household", "Depth (feet)": 215.0, "Completed": 2025, "Work": "New Well", "State report number": "709164"}, "geometry": {"type": "Point", "coordinates": [-95.95455, 30.50504]}},
    {"type": "Feature", "properties": {"name": "Water well", "description": "Recorded use: domestic", "Use": "Household", "Depth (feet)": 490.0, "Completed": 2025, "Work": "New Well", "State report number": "709565"}, "geometry": {"type": "Point", "coordinates": [-95.909227, 30.78016]}},
    {"type": "Feature", "properties": {"name": "Water well", "description": "Recorded use: domestic", "Use": "Household", "Depth (feet)": 225.0, "Completed": 2025, "Work": "New Well", "State report number": "709729"}, "geometry": {"type": "Point", "coordinates": [-95.880649, 30.649433]}},
    {"type": "Feature", "properties": {"name": "Water well", "description": "Recorded use: domestic", "Use": "Household", "Depth (feet)": 195.0, "Completed": 2025, "Work": "New Well", "State report number": "709732"}, "geometry": {"type": "Point", "coordinates": [-95.882272, 30.654236]}},
    {"type": "Feature", "properties": {"name": "Water well", "description": "Recorded use: domestic", "Use": "Household", "Depth (feet)": 515.0, "Completed": 2025, "Work": "New Well", "State report number": "709758"}, "geometry": {"type": "Point", "coordinates": [-96.032502, 30.715016]}},
    {"type": "Feature", "properties": {"name": "Water well", "description": "Recorded use: domestic", "Use": "Household", "Depth (feet)": 175.0, "Completed": 2025, "Work": "New Well", "State report number": "710024"}, "geometry": {"type": "Point", "coordinates": [-95.885673, 30.651058]}},
    {"type": "Feature", "properties": {"name": "Water well", "description": "Recorded use: domestic", "Use": "Household", "Depth (feet)": 170.0, "Completed": 2025, "Work": "New Well", "State report number": "710025"}, "geometry": {"type": "Point", "coordinates": [-95.885413, 30.651576]}},
    {"type": "Feature", "properties": {"name": "Water well", "description": "Recorded use: domestic", "Use": "Household", "Depth (feet)": 205.0, "Completed": 2025, "Work": "New Well", "State report number": "710026"}, "geometry": {"type": "Point", "coordinates": [-95.881824, 30.651254]}},
    {"type": "Feature", "properties": {"name": "Water well", "description": "Recorded use: domestic", "Use": "Household", "Depth (feet)": 210.0, "Completed": 2025, "Work": "New Well", "State report number": "710027"}, "geometry": {"type": "Point", "coordinates": [-95.878689, 30.653184]}},
    {"type": "Feature", "properties": {"name": "Water well", "description": "Recorded use: domestic", "Use": "Household", "Depth (feet)": 220.0, "Completed": 2025, "Work": "New Well", "State report number": "710028"}, "geometry": {"type": "Point", "coordinates": [-95.880828, 30.650359]}},
    {"type": "Feature", "properties": {"name": "Water well", "description": "Recorded use: domestic", "Use": "Household", "Depth (feet)": 200.0, "Completed": 2025, "Work": "New Well", "State report number": "710031"}, "geometry": {"type": "Point", "coordinates": [-95.87737, 30.651883]}},
    {"type": "Feature", "properties": {"name": "Water well", "description": "Recorded use: domestic", "Use": "Household", "Depth (feet)": 220.0, "Completed": 2025, "Work": "New Well", "State report number": "710033"}, "geometry": {"type": "Point", "coordinates": [-95.879347, 30.649187]}},
    {"type": "Feature", "properties": {"name": "Water well", "description": "Recorded use: domestic", "Use": "Household", "Depth (feet)": 205.0, "Completed": 2025, "Work": "New Well", "State report number": "710036"}, "geometry": {"type": "Point", "coordinates": [-95.879347, 30.649187]}},
    {"type": "Feature", "properties": {"name": "Water well", "description": "Recorded use: domestic", "Use": "Household", "Depth (feet)": 410.0, "Completed": 2025, "Work": "New Well", "State report number": "710061"}, "geometry": {"type": "Point", "coordinates": [-95.970445, 30.281343]}},
    {"type": "Feature", "properties": {"name": "Water well", "description": "Recorded use: domestic", "Use": "Household", "Depth (feet)": 185.0, "Completed": 2025, "Work": "New Well", "State report number": "710142"}, "geometry": {"type": "Point", "coordinates": [-96.073907, 30.52136]}},
    {"type": "Feature", "properties": {"name": "Water well", "description": "Recorded use: domestic", "Use": "Household", "Depth (feet)": 220.0, "Completed": 2023, "Work": "New Well", "State report number": "710153"}, "geometry": {"type": "Point", "coordinates": [-96.11726, 30.38265]}},
    {"type": "Feature", "properties": {"name": "Well or boring", "description": "Recorded use: monitor", "Use": "Monitoring, testing or other", "Depth (feet)": 54.0, "Completed": 2025, "Work": "New Well", "State report number": "710169"}, "geometry": {"type": "Point", "coordinates": [-96.059494, 30.356913]}},
    {"type": "Feature", "properties": {"name": "Water well", "description": "Recorded use: domestic", "Use": "Household", "Depth (feet)": 190.0, "Completed": 2025, "Work": "New Well", "State report number": "710299"}, "geometry": {"type": "Point", "coordinates": [-95.88364, 30.653095]}},
    {"type": "Feature", "properties": {"name": "Water well", "description": "Recorded use: domestic", "Use": "Household", "Depth (feet)": 370.0, "Completed": 2025, "Work": "New Well", "State report number": "710375"}, "geometry": {"type": "Point", "coordinates": [-95.865604, 30.286331]}},
    {"type": "Feature", "properties": {"name": "Water well", "description": "Recorded use: domestic", "Use": "Household", "Depth (feet)": 475.0, "Completed": 2025, "Work": "New Well", "State report number": "710557"}, "geometry": {"type": "Point", "coordinates": [-95.933146, 30.470118]}},
    {"type": "Feature", "properties": {"name": "Water well", "description": "Recorded use: domestic", "Use": "Household", "Depth (feet)": 385.0, "Completed": 2025, "Work": "New Well", "State report number": "710621"}, "geometry": {"type": "Point", "coordinates": [-95.9359, 30.36746]}},
    {"type": "Feature", "properties": {"name": "Water well", "description": "Recorded use: domestic", "Use": "Household", "Depth (feet)": 180.0, "Completed": 2025, "Work": "New Well", "State report number": "711503"}, "geometry": {"type": "Point", "coordinates": [-95.889125, 30.26533]}},
    {"type": "Feature", "properties": {"name": "Water well", "description": "Recorded use: domestic", "Use": "Household", "Depth (feet)": 390.0, "Completed": 2025, "Work": "New Well", "State report number": "711677"}, "geometry": {"type": "Point", "coordinates": [-95.920447, 30.2764]}},
    {"type": "Feature", "properties": {"name": "Water well", "description": "Recorded use: domestic", "Use": "Household", "Depth (feet)": 400.0, "Completed": 2025, "Work": "New Well", "State report number": "711679"}, "geometry": {"type": "Point", "coordinates": [-95.91529, 30.25156]}},
    {"type": "Feature", "properties": {"name": "Water well", "description": "Recorded use: rig supply", "Use": "Industrial or drilling supply", "Depth (feet)": 720.0, "Completed": 2025, "Work": "New Well", "State report number": "711795"}, "geometry": {"type": "Point", "coordinates": [-96.1463, 30.6696]}},
    {"type": "Feature", "properties": {"name": "Water well", "description": "Recorded use: domestic", "Use": "Household", "Depth (feet)": 250.0, "Completed": 2025, "Work": "New Well", "State report number": "711899"}, "geometry": {"type": "Point", "coordinates": [-95.86598, 30.25152]}},
    {"type": "Feature", "properties": {"name": "Water well", "description": "Recorded use: domestic", "Use": "Household", "Depth (feet)": 520.0, "Completed": 2025, "Work": "New Well", "State report number": "712325"}, "geometry": {"type": "Point", "coordinates": [-96.03254, 30.71503]}},
    {"type": "Feature", "properties": {"name": "Water well", "description": "Recorded use: domestic", "Use": "Household", "Depth (feet)": 480.0, "Completed": 2025, "Work": "New Well", "State report number": "712331"}, "geometry": {"type": "Point", "coordinates": [-95.98828, 30.77239]}},
    {"type": "Feature", "properties": {"name": "Water well", "description": "Recorded use: domestic", "Use": "Household", "Depth (feet)": 220.0, "Completed": 2025, "Work": "New Well", "State report number": "712334"}, "geometry": {"type": "Point", "coordinates": [-95.90061, 30.43625]}},
    {"type": "Feature", "properties": {"name": "Water well", "description": "Recorded use: domestic", "Use": "Household", "Depth (feet)": 380.0, "Completed": 2025, "Work": "New Well", "State report number": "712569"}, "geometry": {"type": "Point", "coordinates": [-95.929911, 30.261193]}},
    {"type": "Feature", "properties": {"name": "Water well", "description": "Recorded use: domestic", "Use": "Household", "Depth (feet)": 145.0, "Completed": 2025, "Work": "New Well", "State report number": "712577"}, "geometry": {"type": "Point", "coordinates": [-95.913478, 30.564952]}},
    {"type": "Feature", "properties": {"name": "Water well", "description": "Recorded use: domestic", "Use": "Household", "Depth (feet)": 210.0, "Completed": 2025, "Work": "New Well", "State report number": "712970"}, "geometry": {"type": "Point", "coordinates": [-96.015289, 30.534785]}},
    {"type": "Feature", "properties": {"name": "Water well", "description": "Recorded use: domestic", "Use": "Household", "Depth (feet)": 490.0, "Completed": 2025, "Work": "New Well", "State report number": "713140"}, "geometry": {"type": "Point", "coordinates": [-96.09396, 30.67786]}},
    {"type": "Feature", "properties": {"name": "Water well", "description": "Recorded use: domestic", "Use": "Household", "Depth (feet)": 303.0, "Completed": 2025, "Work": "New Well", "State report number": "713699"}, "geometry": {"type": "Point", "coordinates": [-96.0396, 30.31326]}},
    {"type": "Feature", "properties": {"name": "Water well", "description": "Recorded use: domestic", "Use": "Household", "Depth (feet)": 175.0, "Completed": 2026, "Work": "New Well", "State report number": "714575"}, "geometry": {"type": "Point", "coordinates": [-95.863632, 30.272799]}},
    {"type": "Feature", "properties": {"name": "Water well", "description": "Recorded use: domestic", "Use": "Household", "Depth (feet)": 140.0, "Completed": 2026, "Work": "New Well", "State report number": "714780"}, "geometry": {"type": "Point", "coordinates": [-96.078685, 30.35035]}},
    {"type": "Feature", "properties": {"name": "Water well", "description": "Recorded use: domestic", "Use": "Household", "Depth (feet)": 365.0, "Completed": 2026, "Work": "New Well", "State report number": "714784"}, "geometry": {"type": "Point", "coordinates": [-95.847661, 30.476829]}},
    {"type": "Feature", "properties": {"name": "Water well", "description": "Recorded use: domestic", "Use": "Household", "Depth (feet)": 245.0, "Completed": 2026, "Work": "New Well", "State report number": "714788"}, "geometry": {"type": "Point", "coordinates": [-95.89691, 30.61296]}},
    {"type": "Feature", "properties": {"name": "Water well", "description": "Recorded use: domestic", "Use": "Household", "Depth (feet)": 290.0, "Completed": 2025, "Work": "New Well", "State report number": "714791"}, "geometry": {"type": "Point", "coordinates": [-95.94607, 30.58988]}},
    {"type": "Feature", "properties": {"name": "Water well", "description": "Recorded use: domestic", "Use": "Household", "Depth (feet)": 300.0, "Completed": 2026, "Work": "New Well", "State report number": "715397"}, "geometry": {"type": "Point", "coordinates": [-95.878056, 30.854167]}},
    {"type": "Feature", "properties": {"name": "Water well", "description": "Recorded use: domestic", "Use": "Household", "Depth (feet)": 429.0, "Completed": 2025, "Work": "New Well", "State report number": "715440"}, "geometry": {"type": "Point", "coordinates": [-95.830651, 30.618626]}},
    {"type": "Feature", "properties": {"name": "Water well", "description": "Recorded use: domestic", "Use": "Household", "Depth (feet)": 245.0, "Completed": 2025, "Work": "New Well", "State report number": "715444"}, "geometry": {"type": "Point", "coordinates": [-96.082706, 30.413374]}},
    {"type": "Feature", "properties": {"name": "Water well", "description": "Recorded use: domestic", "Use": "Household", "Depth (feet)": 450.0, "Completed": 2026, "Work": "New Well", "State report number": "715477"}, "geometry": {"type": "Point", "coordinates": [-96.078889, 30.799167]}},
    {"type": "Feature", "properties": {"name": "Well or boring", "description": "Recorded use: monitor", "Use": "Monitoring, testing or other", "Depth (feet)": 35.0, "Completed": 2025, "Work": "New Well", "State report number": "715724"}, "geometry": {"type": "Point", "coordinates": [-96.06931, 30.642294]}},
    {"type": "Feature", "properties": {"name": "Well or boring", "description": "Recorded use: monitor", "Use": "Monitoring, testing or other", "Depth (feet)": 27.0, "Completed": 2025, "Work": "New Well", "State report number": "715725"}, "geometry": {"type": "Point", "coordinates": [-96.058659, 30.642902]}},
    {"type": "Feature", "properties": {"name": "Well or boring", "description": "Recorded use: monitor", "Use": "Monitoring, testing or other", "Depth (feet)": 55.0, "Completed": 2025, "Work": "New Well", "State report number": "715726"}, "geometry": {"type": "Point", "coordinates": [-96.070545, 30.63573]}},
    {"type": "Feature", "properties": {"name": "Well or boring", "description": "Recorded use: monitor", "Use": "Monitoring, testing or other", "Depth (feet)": 60.0, "Completed": 2025, "Work": "New Well", "State report number": "715727"}, "geometry": {"type": "Point", "coordinates": [-96.067454, 30.634361]}},
    {"type": "Feature", "properties": {"name": "Well or boring", "description": "Recorded use: monitor", "Use": "Monitoring, testing or other", "Depth (feet)": 30.0, "Completed": 2025, "Work": "New Well", "State report number": "715729"}, "geometry": {"type": "Point", "coordinates": [-96.069303, 30.634775]}},
    {"type": "Feature", "properties": {"name": "Well or boring", "description": "Recorded use: monitor", "Use": "Monitoring, testing or other", "Depth (feet)": 64.0, "Completed": 2025, "Work": "New Well", "State report number": "715730"}, "geometry": {"type": "Point", "coordinates": [-96.070911, 30.637362]}},
    {"type": "Feature", "properties": {"name": "Well or boring", "description": "Recorded use: monitor", "Use": "Monitoring, testing or other", "Depth (feet)": 80.0, "Completed": 2025, "Work": "New Well", "State report number": "715731"}, "geometry": {"type": "Point", "coordinates": [-96.070867, 30.639046]}},
    {"type": "Feature", "properties": {"name": "Well or boring", "description": "Recorded use: monitor", "Use": "Monitoring, testing or other", "Depth (feet)": 30.0, "Completed": 2025, "Work": "New Well", "State report number": "715732"}, "geometry": {"type": "Point", "coordinates": [-96.065569, 30.635279]}},
    {"type": "Feature", "properties": {"name": "Well or boring", "description": "Recorded use: monitor", "Use": "Monitoring, testing or other", "Depth (feet)": 20.0, "Completed": 2025, "Work": "New Well", "State report number": "715733"}, "geometry": {"type": "Point", "coordinates": [-96.062491, 30.63756]}},
    {"type": "Feature", "properties": {"name": "Well or boring", "description": "Recorded use: monitor", "Use": "Monitoring, testing or other", "Depth (feet)": 45.0, "Completed": 2025, "Work": "New Well", "State report number": "715734"}, "geometry": {"type": "Point", "coordinates": [-96.062498, 30.637534]}},
    {"type": "Feature", "properties": {"name": "Well or boring", "description": "Recorded use: monitor", "Use": "Monitoring, testing or other", "Depth (feet)": 50.0, "Completed": 2025, "Work": "New Well", "State report number": "715735"}, "geometry": {"type": "Point", "coordinates": [-96.06377, 30.635941]}},
    {"type": "Feature", "properties": {"name": "Well or boring", "description": "Recorded use: monitor", "Use": "Monitoring, testing or other", "Depth (feet)": 50.0, "Completed": 2025, "Work": "New Well", "State report number": "715736"}, "geometry": {"type": "Point", "coordinates": [-96.07524, 30.616506]}},
    {"type": "Feature", "properties": {"name": "Well or boring", "description": "Recorded use: monitor", "Use": "Monitoring, testing or other", "Depth (feet)": 55.0, "Completed": 2025, "Work": "New Well", "State report number": "715737"}, "geometry": {"type": "Point", "coordinates": [-96.077218, 30.616796]}},
    {"type": "Feature", "properties": {"name": "Well or boring", "description": "Recorded use: monitor", "Use": "Monitoring, testing or other", "Depth (feet)": 35.0, "Completed": 2025, "Work": "New Well", "State report number": "715738"}, "geometry": {"type": "Point", "coordinates": [-96.075598, 30.613296]}},
    {"type": "Feature", "properties": {"name": "Well or boring", "description": "Recorded use: monitor", "Use": "Monitoring, testing or other", "Depth (feet)": 52.0, "Completed": 2025, "Work": "New Well", "State report number": "715739"}, "geometry": {"type": "Point", "coordinates": [-96.075494, 30.614632]}},
    {"type": "Feature", "properties": {"name": "Well or boring", "description": "Recorded use: monitor", "Use": "Monitoring, testing or other", "Depth (feet)": 53.0, "Completed": 2025, "Work": "New Well", "State report number": "715740"}, "geometry": {"type": "Point", "coordinates": [-96.075802, 30.611539]}},
    {"type": "Feature", "properties": {"name": "Well or boring", "description": "Recorded use: monitor", "Use": "Monitoring, testing or other", "Depth (feet)": 35.0, "Completed": 2025, "Work": "New Well", "State report number": "715741"}, "geometry": {"type": "Point", "coordinates": [-96.078316, 30.611777]}},
    {"type": "Feature", "properties": {"name": "Well or boring", "description": "Recorded use: monitor", "Use": "Monitoring, testing or other", "Depth (feet)": 60.0, "Completed": 2025, "Work": "New Well", "State report number": "715742"}, "geometry": {"type": "Point", "coordinates": [-96.0812, 30.612361]}},
    {"type": "Feature", "properties": {"name": "Well or boring", "description": "Recorded use: monitor", "Use": "Monitoring, testing or other", "Depth (feet)": 57.0, "Completed": 2025, "Work": "New Well", "State report number": "715743"}, "geometry": {"type": "Point", "coordinates": [-96.08109, 30.611187]}},
    {"type": "Feature", "properties": {"name": "Well or boring", "description": "Recorded use: monitor", "Use": "Monitoring, testing or other", "Depth (feet)": 33.0, "Completed": 2025, "Work": "New Well", "State report number": "715744"}, "geometry": {"type": "Point", "coordinates": [-96.080035, 30.611137]}},
    {"type": "Feature", "properties": {"name": "Well or boring", "description": "Recorded use: monitor", "Use": "Monitoring, testing or other", "Depth (feet)": 60.0, "Completed": 2025, "Work": "New Well", "State report number": "715745"}, "geometry": {"type": "Point", "coordinates": [-96.082635, 30.613659]}},
    {"type": "Feature", "properties": {"name": "Well or boring", "description": "Recorded use: monitor", "Use": "Monitoring, testing or other", "Depth (feet)": 40.0, "Completed": 2025, "Work": "New Well", "State report number": "715747"}, "geometry": {"type": "Point", "coordinates": [-96.082633, 30.613635]}},
    {"type": "Feature", "properties": {"name": "Well or boring", "description": "Recorded use: monitor", "Use": "Monitoring, testing or other", "Depth (feet)": 50.0, "Completed": 2025, "Work": "New Well", "State report number": "715748"}, "geometry": {"type": "Point", "coordinates": [-96.086145, 30.619095]}},
    {"type": "Feature", "properties": {"name": "Well or boring", "description": "Recorded use: monitor", "Use": "Monitoring, testing or other", "Depth (feet)": 35.0, "Completed": 2025, "Work": "New Well", "State report number": "715749"}, "geometry": {"type": "Point", "coordinates": [-96.075782, 30.61156]}},
    {"type": "Feature", "properties": {"name": "Water well", "description": "Recorded use: domestic", "Use": "Household", "Depth (feet)": 390.0, "Completed": 2026, "Work": "New Well", "State report number": "716379"}, "geometry": {"type": "Point", "coordinates": [-95.935412, 30.33494]}},
    {"type": "Feature", "properties": {"name": "Water well", "description": "Recorded use: domestic", "Use": "Household", "Depth (feet)": 445.0, "Completed": 2026, "Work": "New Well", "State report number": "716456"}, "geometry": {"type": "Point", "coordinates": [-95.830661, 30.61862]}},
    {"type": "Feature", "properties": {"name": "Water well", "description": "Recorded use: domestic", "Use": "Household", "Depth (feet)": 340.0, "Completed": 2026, "Work": "New Well", "State report number": "717143"}, "geometry": {"type": "Point", "coordinates": [-96.05475, 30.53251]}},
    {"type": "Feature", "properties": {"name": "Water well", "description": "Recorded use: domestic", "Use": "Household", "Depth (feet)": 300.0, "Completed": 2026, "Work": "New Well", "State report number": "717146"}, "geometry": {"type": "Point", "coordinates": [-95.895136, 30.320751]}},
    {"type": "Feature", "properties": {"name": "Water well", "description": "Recorded use: domestic", "Use": "Household", "Depth (feet)": 160.0, "Completed": 2026, "Work": "New Well", "State report number": "718384"}, "geometry": {"type": "Point", "coordinates": [-96.04768, 30.56508]}},
    {"type": "Feature", "properties": {"name": "Water well", "description": "Recorded use: domestic", "Use": "Household", "Depth (feet)": 185.0, "Completed": 2026, "Work": "New Well", "State report number": "718387"}, "geometry": {"type": "Point", "coordinates": [-96.071479, 30.77455]}},
    {"type": "Feature", "properties": {"name": "Water well", "description": "Recorded use: domestic", "Use": "Household", "Depth (feet)": 335.0, "Completed": 2026, "Work": "New Well", "State report number": "718396"}, "geometry": {"type": "Point", "coordinates": [-95.908, 30.6526]}},
    {"type": "Feature", "properties": {"name": "Water well", "description": "Recorded use: domestic", "Use": "Household", "Depth (feet)": 460.0, "Completed": 2026, "Work": "New Well", "State report number": "718399"}, "geometry": {"type": "Point", "coordinates": [-95.88504, 30.80121]}},
    {"type": "Feature", "properties": {"name": "Water well", "description": "Recorded use: domestic", "Use": "Household", "Depth (feet)": 215.0, "Completed": 2026, "Work": "New Well", "State report number": "718495"}, "geometry": {"type": "Point", "coordinates": [-96.088654, 30.487075]}},
    {"type": "Feature", "properties": {"name": "Well or boring", "description": "Recorded use: other", "Use": "Monitoring, testing or other", "Depth (feet)": 20.0, "Completed": 2026, "Work": "New Well", "State report number": "719178"}, "geometry": {"type": "Point", "coordinates": [-96.089583, 30.36345]}},
    {"type": "Feature", "properties": {"name": "Well or boring", "description": "Recorded use: other", "Use": "Monitoring, testing or other", "Depth (feet)": 20.0, "Completed": 2026, "Work": "New Well", "State report number": "719181"}, "geometry": {"type": "Point", "coordinates": [-96.089433, 30.362883]}},
    {"type": "Feature", "properties": {"name": "Well or boring", "description": "Recorded use: other", "Use": "Monitoring, testing or other", "Depth (feet)": 20.0, "Completed": 2026, "Work": "New Well", "State report number": "719183"}, "geometry": {"type": "Point", "coordinates": [-96.089433, 30.362883]}},
    {"type": "Feature", "properties": {"name": "Well or boring", "description": "Recorded use: environmental soil boring", "Use": "Monitoring, testing or other", "Depth (feet)": 5.0, "Completed": 2026, "Work": "New Well", "State report number": "719186"}, "geometry": {"type": "Point", "coordinates": [-96.089433, 30.362883]}},
    {"type": "Feature", "properties": {"name": "Water well", "description": "Recorded use: industrial", "Use": "Industrial or drilling supply", "Depth (feet)": 400.0, "Completed": 2025, "Work": "New Well", "State report number": "719495"}, "geometry": {"type": "Point", "coordinates": [-95.917483, 30.314772]}},
    {"type": "Feature", "properties": {"name": "Water well", "description": "Recorded use: domestic", "Use": "Household", "Depth (feet)": 285.0, "Completed": 2026, "Work": "New Well", "State report number": "719633"}, "geometry": {"type": "Point", "coordinates": [-95.830798, 30.301726]}},
    {"type": "Feature", "properties": {"name": "Water well", "description": "Recorded use: domestic", "Use": "Household", "Depth (feet)": 257.0, "Completed": 2026, "Work": "New Well", "State report number": "719708"}, "geometry": {"type": "Point", "coordinates": [-95.886073, 30.420024]}},
    {"type": "Feature", "properties": {"name": "Water well", "description": "Recorded use: domestic", "Use": "Household", "Depth (feet)": 200.0, "Completed": 2026, "Work": "New Well", "State report number": "720155"}, "geometry": {"type": "Point", "coordinates": [-95.86805, 30.40734]}},
    {"type": "Feature", "properties": {"name": "Water well", "description": "Recorded use: domestic", "Use": "Household", "Depth (feet)": 245.0, "Completed": 2026, "Work": "New Well", "State report number": "720280"}, "geometry": {"type": "Point", "coordinates": [-95.84478, 30.2505]}},
    {"type": "Feature", "properties": {"name": "Water well", "description": "Recorded use: domestic", "Use": "Household", "Depth (feet)": 375.0, "Completed": 2026, "Work": "New Well", "State report number": "720375"}, "geometry": {"type": "Point", "coordinates": [-96.10186, 30.79919]}},
    {"type": "Feature", "properties": {"name": "Water well", "description": "Recorded use: domestic", "Use": "Household", "Depth (feet)": 385.0, "Completed": 2026, "Work": "New Well", "State report number": "720426"}, "geometry": {"type": "Point", "coordinates": [-95.889903, 30.324914]}},
    {"type": "Feature", "properties": {"name": "Water well", "description": "Recorded use: domestic", "Use": "Household", "Depth (feet)": 100.0, "Completed": 2026, "Work": "New Well", "State report number": "720892"}, "geometry": {"type": "Point", "coordinates": [-95.916221, 30.255149]}},
    {"type": "Feature", "properties": {"name": "Water well", "description": "Recorded use: domestic", "Use": "Household", "Depth (feet)": 400.0, "Completed": 2026, "Work": "New Well", "State report number": "721204"}, "geometry": {"type": "Point", "coordinates": [-96.01321, 30.46518]}},
    {"type": "Feature", "properties": {"name": "Water well", "description": "Recorded use: domestic", "Use": "Household", "Depth (feet)": 360.0, "Completed": 2026, "Work": "New Well", "State report number": "721207"}, "geometry": {"type": "Point", "coordinates": [-95.959892, 30.77736]}},
    {"type": "Feature", "properties": {"name": "Water well", "description": "Recorded use: domestic", "Use": "Household", "Depth (feet)": 180.0, "Completed": 2026, "Work": "New Well", "State report number": "721334"}, "geometry": {"type": "Point", "coordinates": [-96.012439, 30.564173]}},
    {"type": "Feature", "properties": {"name": "Water well", "description": "Recorded use: domestic", "Use": "Household", "Depth (feet)": 334.0, "Completed": 2026, "Work": "Replacement", "State report number": "722058"}, "geometry": {"type": "Point", "coordinates": [-95.868334, 30.289301]}},
    {"type": "Feature", "properties": {"name": "Well or boring", "description": "Recorded use: monitor", "Use": "Monitoring, testing or other", "Depth (feet)": 20.0, "Completed": 2026, "Work": "New Well", "State report number": "723079"}, "geometry": {"type": "Point", "coordinates": [-96.089971, 30.3638]}},
    {"type": "Feature", "properties": {"name": "Well or boring", "description": "Recorded use: monitor", "Use": "Monitoring, testing or other", "Depth (feet)": 20.0, "Completed": 2026, "Work": "New Well", "State report number": "723080"}, "geometry": {"type": "Point", "coordinates": [-96.089971, 30.3638]}},
    {"type": "Feature", "properties": {"name": "Well or boring", "description": "Recorded use: monitor", "Use": "Monitoring, testing or other", "Depth (feet)": 20.0, "Completed": 2026, "Work": "New Well", "State report number": "723081"}, "geometry": {"type": "Point", "coordinates": [-96.089971, 30.3638]}},
    {"type": "Feature", "properties": {"name": "Well or boring", "description": "Recorded use: environmental soil boring", "Use": "Monitoring, testing or other", "Depth (feet)": 5.0, "Completed": 2026, "Work": "New Well", "State report number": "723082"}, "geometry": {"type": "Point", "coordinates": [-96.089971, 30.3638]}},
    {"type": "Feature", "properties": {"name": "Well or boring", "description": "Recorded use: environmental soil boring", "Use": "Monitoring, testing or other", "Depth (feet)": 5.0, "Completed": 2026, "Work": "New Well", "State report number": "723083"}, "geometry": {"type": "Point", "coordinates": [-96.089971, 30.3638]}},
    {"type": "Feature", "properties": {"name": "Well or boring", "description": "Recorded use: environmental soil boring", "Use": "Monitoring, testing or other", "Depth (feet)": 5.0, "Completed": 2026, "Work": "New Well", "State report number": "723084"}, "geometry": {"type": "Point", "coordinates": [-96.089971, 30.3638]}},
    {"type": "Feature", "properties": {"name": "Water well", "description": "Recorded use: domestic", "Use": "Household", "Depth (feet)": 400.0, "Completed": 2026, "Work": "New Well", "State report number": "723138"}, "geometry": {"type": "Point", "coordinates": [-95.865278, 30.828889]}},
    {"type": "Feature", "properties": {"name": "Water well", "description": "Recorded use: domestic", "Use": "Household", "Depth (feet)": 150.0, "Completed": 2026, "Work": "New Well", "State report number": "723342"}, "geometry": {"type": "Point", "coordinates": [-95.90771, 30.24621]}},
    {"type": "Feature", "properties": {"name": "Water well", "description": "Recorded use: stock", "Use": "Livestock or irrigation", "Depth (feet)": 165.0, "Completed": 2026, "Work": "New Well", "State report number": "723362"}, "geometry": {"type": "Point", "coordinates": [-95.869261, 30.383771]}},
    {"type": "Feature", "properties": {"name": "Water well", "description": "Recorded use: domestic", "Use": "Household", "Depth (feet)": 165.0, "Completed": 2026, "Work": "New Well", "State report number": "723366"}, "geometry": {"type": "Point", "coordinates": [-95.916467, 30.560219]}},
    {"type": "Feature", "properties": {"name": "Water well", "description": "Recorded use: domestic", "Use": "Household", "Depth (feet)": 196.0, "Completed": 2026, "Work": "New Well", "State report number": "723377"}, "geometry": {"type": "Point", "coordinates": [-96.102778, 30.8125]}},
    {"type": "Feature", "properties": {"name": "Water well", "description": "Recorded use: domestic", "Use": "Household", "Depth (feet)": 223.0, "Completed": 2026, "Work": "New Well", "State report number": "723761"}, "geometry": {"type": "Point", "coordinates": [-95.93645, 30.58464]}},
    {"type": "Feature", "properties": {"name": "Well or boring", "description": "Recorded use: monitor", "Use": "Monitoring, testing or other", "Depth (feet)": 60.0, "Completed": 2026, "Work": "New Well", "State report number": "723918"}, "geometry": {"type": "Point", "coordinates": [-96.086507, 30.630235]}},
    {"type": "Feature", "properties": {"name": "Well or boring", "description": "Recorded use: monitor", "Use": "Monitoring, testing or other", "Depth (feet)": 23.0, "Completed": 2026, "Work": "New Well", "State report number": "723919"}, "geometry": {"type": "Point", "coordinates": [-96.093405, 30.64045]}},
    {"type": "Feature", "properties": {"name": "Well or boring", "description": "Recorded use: monitor", "Use": "Monitoring, testing or other", "Depth (feet)": 19.0, "Completed": 2026, "Work": "New Well", "State report number": "723920"}, "geometry": {"type": "Point", "coordinates": [-96.089926, 30.63674]}},
    {"type": "Feature", "properties": {"name": "Water well", "description": "Recorded use: domestic", "Use": "Household", "Depth (feet)": 320.0, "Completed": 2026, "Work": "New Well", "State report number": "724390"}, "geometry": {"type": "Point", "coordinates": [-96.087222, 30.678333]}},
    {"type": "Feature", "properties": {"name": "Well or boring", "description": "Recorded use: monitor", "Use": "Monitoring, testing or other", "Depth (feet)": 30.0, "Completed": 2026, "Work": "New Well", "State report number": "724505"}, "geometry": {"type": "Point", "coordinates": [-96.077175, 30.777343]}},
    {"type": "Feature", "properties": {"name": "Water well", "description": "Recorded use: domestic", "Use": "Household", "Depth (feet)": 100.0, "Completed": 2026, "Work": "New Well", "State report number": "724538"}, "geometry": {"type": "Point", "coordinates": [-95.91191, 30.24883]}},
    {"type": "Feature", "properties": {"name": "Water well", "description": "Recorded use: domestic", "Use": "Household", "Depth (feet)": 265.0, "Completed": 2026, "Work": "New Well", "State report number": "724665"}, "geometry": {"type": "Point", "coordinates": [-95.869647, 30.646547]}},
    {"type": "Feature", "properties": {"name": "Water well", "description": "Recorded use: domestic", "Use": "Household", "Depth (feet)": 225.0, "Completed": 2025, "Work": "New Well", "State report number": "724781"}, "geometry": {"type": "Point", "coordinates": [-95.84865, 30.42827]}},
    {"type": "Feature", "properties": {"name": "Water well", "description": "Recorded use: domestic", "Use": "Household", "Depth (feet)": 320.0, "Completed": 2026, "Work": "New Well", "State report number": "724858"}, "geometry": {"type": "Point", "coordinates": [-95.90068, 30.48855]}},
    {"type": "Feature", "properties": {"name": "Water well", "description": "Recorded use: domestic", "Use": "Household", "Depth (feet)": 175.0, "Completed": 2026, "Work": "New Well", "State report number": "724967"}, "geometry": {"type": "Point", "coordinates": [-95.84451, 30.58906]}},
    {"type": "Feature", "properties": {"name": "Water well", "description": "Recorded use: domestic", "Use": "Household", "Depth (feet)": 389.0, "Completed": 2026, "Work": "New Well", "State report number": "725074"}, "geometry": {"type": "Point", "coordinates": [-96.025911, 30.821118]}},
    {"type": "Feature", "properties": {"name": "Water well", "description": "Recorded use: domestic", "Use": "Household", "Depth (feet)": 175.0, "Completed": 2026, "Work": "New Well", "State report number": "725366"}, "geometry": {"type": "Point", "coordinates": [-95.83154, 30.56884]}},
    {"type": "Feature", "properties": {"name": "Water well", "description": "Recorded use: domestic", "Use": "Household", "Depth (feet)": 280.0, "Completed": 2025, "Work": "New Well", "State report number": "725518"}, "geometry": {"type": "Point", "coordinates": [-95.868047, 30.352068]}},
    {"type": "Feature", "properties": {"name": "Water well", "description": "Recorded use: domestic", "Use": "Household", "Depth (feet)": 330.0, "Completed": 2026, "Work": "New Well", "State report number": "725733"}, "geometry": {"type": "Point", "coordinates": [-95.903667, 30.653722]}},
    {"type": "Feature", "properties": {"name": "Water well", "description": "Recorded use: domestic", "Use": "Household", "Depth (feet)": 400.0, "Completed": 2026, "Work": "New Well", "State report number": "726360"}, "geometry": {"type": "Point", "coordinates": [-96.077976, 30.676279]}},
    {"type": "Feature", "properties": {"name": "Water well", "description": "Recorded use: domestic", "Use": "Household", "Depth (feet)": 218.0, "Completed": 2026, "Work": "New Well", "State report number": "726636"}, "geometry": {"type": "Point", "coordinates": [-95.90252, 30.24681]}},
    {"type": "Feature", "properties": {"name": "Water well", "description": "Recorded use: domestic", "Use": "Household", "Depth (feet)": 260.0, "Completed": 2026, "Work": "New Well", "State report number": "726672"}, "geometry": {"type": "Point", "coordinates": [-96.048532, 30.489996]}},
    {"type": "Feature", "properties": {"name": "Water well", "description": "Recorded use: domestic", "Use": "Household", "Depth (feet)": 450.0, "Completed": 2026, "Work": "New Well", "State report number": "727578"}, "geometry": {"type": "Point", "coordinates": [-96.0778, 30.67289]}},
    {"type": "Feature", "properties": {"name": "Water well", "description": "Recorded use: domestic", "Use": "Household", "Depth (feet)": 380.0, "Completed": 2026, "Work": "New Well", "State report number": "727881"}, "geometry": {"type": "Point", "coordinates": [-95.9306, 30.56399]}},
    {"type": "Feature", "properties": {"name": "Water well", "description": "Recorded use: domestic", "Use": "Household", "Depth (feet)": 251.0, "Completed": 2026, "Work": "Replacement", "State report number": "728194"}, "geometry": {"type": "Point", "coordinates": [-95.853011, 30.24375]}},
    {"type": "Feature", "properties": {"name": "Water well", "description": "Recorded use: domestic", "Use": "Household", "Depth (feet)": 455.0, "Completed": 2026, "Work": "New Well", "State report number": "728225"}, "geometry": {"type": "Point", "coordinates": [-96.105556, 30.792778]}},
    {"type": "Feature", "properties": {"name": "Water well", "description": "Recorded use: domestic", "Use": "Household", "Depth (feet)": 480.0, "Completed": 2026, "Work": "New Well", "State report number": "728822"}, "geometry": {"type": "Point", "coordinates": [-95.91341, 30.5862]}},
    {"type": "Feature", "properties": {"name": "Water well", "description": "Recorded use: domestic", "Use": "Household", "Depth (feet)": 395.0, "Completed": 2026, "Work": "New Well", "State report number": "728884"}, "geometry": {"type": "Point", "coordinates": [-95.939167, 30.335278]}},
    {"type": "Feature", "properties": {"name": "Water well", "description": "Recorded use: stock", "Use": "Livestock or irrigation", "Depth (feet)": 302.0, "Completed": 2026, "Work": "New Well", "State report number": "729326"}, "geometry": {"type": "Point", "coordinates": [-96.127, 30.717611]}},
    {"type": "Feature", "properties": {"name": "Water well", "description": "Recorded use: domestic", "Use": "Household", "Depth (feet)": 335.0, "Completed": 2026, "Work": "New Well", "State report number": "729329"}, "geometry": {"type": "Point", "coordinates": [-96.1034, 30.35134]}},
    {"type": "Feature", "properties": {"name": "Water well", "description": "Recorded use: domestic", "Use": "Household", "Depth (feet)": 550.0, "Completed": 2026, "Work": "New Well", "State report number": "729516"}, "geometry": {"type": "Point", "coordinates": [-95.98676, 30.76283]}},
    {"type": "Feature", "properties": {"name": "Water well", "description": "Recorded use: domestic", "Use": "Household", "Depth (feet)": 355.0, "Completed": 2026, "Work": "New Well", "State report number": "729782"}, "geometry": {"type": "Point", "coordinates": [-95.938113, 30.410312]}},
    {"type": "Feature", "properties": {"name": "Water well", "description": "Recorded use: domestic", "Use": "Household", "Depth (feet)": 180.0, "Completed": 2026, "Work": "New Well", "State report number": "729983"}, "geometry": {"type": "Point", "coordinates": [-96.064135, 30.304182]}},
    {"type": "Feature", "properties": {"name": "Water well", "description": "Recorded use: domestic", "Use": "Household", "Depth (feet)": 440.0, "Completed": 2026, "Work": "New Well", "State report number": "730294"}, "geometry": {"type": "Point", "coordinates": [-95.929908, 30.570167]}},
    {"type": "Feature", "properties": {"name": "Water well", "description": "Recorded use: irrigation", "Use": "Livestock or irrigation", "Depth (feet)": 360.0, "Completed": 2026, "Work": "New Well", "State report number": "730335"}, "geometry": {"type": "Point", "coordinates": [-95.86708, 30.6948]}},
    {"type": "Feature", "properties": {"name": "Water well", "description": "Recorded use: domestic", "Use": "Household", "Depth (feet)": 215.0, "Completed": 2026, "Work": "New Well", "State report number": "730394"}, "geometry": {"type": "Point", "coordinates": [-96.058019, 30.487181]}},
    {"type": "Feature", "properties": {"name": "Water well", "description": "Recorded use: domestic", "Use": "Household", "Depth (feet)": 175.0, "Completed": 2026, "Work": "New Well", "State report number": "730397"}, "geometry": {"type": "Point", "coordinates": [-96.0863, 30.49046]}},
    {"type": "Feature", "properties": {"name": "Water well", "description": "Recorded use: domestic", "Use": "Household", "Depth (feet)": 560.0, "Completed": 2026, "Work": "New Well", "State report number": "731048"}, "geometry": {"type": "Point", "coordinates": [-96.070083, 30.422675]}},
    {"type": "Feature", "properties": {"name": "Water well", "description": "Recorded use: domestic", "Use": "Household", "Depth (feet)": 180.0, "Completed": 2026, "Work": "New Well", "State report number": "731135"}, "geometry": {"type": "Point", "coordinates": [-95.89259, 30.68608]}},
    {"type": "Feature", "properties": {"name": "Water well", "description": "Recorded use: domestic", "Use": "Household", "Depth (feet)": 270.0, "Completed": 2026, "Work": "New Well", "State report number": "731925"}, "geometry": {"type": "Point", "coordinates": [-95.83258, 30.26209]}},
    {"type": "Feature", "properties": {"name": "Water well", "description": "Recorded use: domestic", "Use": "Household", "Depth (feet)": 330.0, "Completed": 2026, "Work": "New Well", "State report number": "732131"}, "geometry": {"type": "Point", "coordinates": [-95.904722, 30.653333]}},
    {"type": "Feature", "properties": {"name": "Water well", "description": "Recorded use: domestic", "Use": "Household", "Depth (feet)": 365.0, "Completed": 2026, "Work": "New Well", "State report number": "732897"}, "geometry": {"type": "Point", "coordinates": [-95.846183, 30.475325]}},
    {"type": "Feature", "properties": {"name": "Water well", "description": "Recorded use: domestic", "Use": "Household", "Depth (feet)": 440.0, "Completed": 2026, "Work": "New Well", "State report number": "732916"}, "geometry": {"type": "Point", "coordinates": [-95.92326, 30.41766]}},
    {"type": "Feature", "properties": {"name": "Water well", "description": "Recorded use: stock", "Use": "Livestock or irrigation", "Depth (feet)": 160.0, "Completed": 2026, "Work": "New Well", "State report number": "732942"}, "geometry": {"type": "Point", "coordinates": [-95.894937, 30.51922]}},
    {"type": "Feature", "properties": {"name": "Well or boring", "description": "Recorded use: other", "Use": "Monitoring, testing or other", "Depth (feet)": 445.0, "Completed": 2026, "Work": "New Well", "State report number": "733072"}, "geometry": {"type": "Point", "coordinates": [-95.936164, 30.255972]}},
    {"type": "Feature", "properties": {"name": "Water well", "description": "Recorded use: domestic", "Use": "Household", "Depth (feet)": 290.0, "Completed": 2026, "Work": "New Well", "Plugged": "Yes", "State report number": "733110"}, "geometry": {"type": "Point", "coordinates": [-95.83299, 30.47876]}},
    {"type": "Feature", "properties": {"name": "Water well", "description": "Recorded use: domestic", "Use": "Household", "Depth (feet)": 205.0, "Completed": 2026, "Work": "New Well", "State report number": "733185"}, "geometry": {"type": "Point", "coordinates": [-95.8746, 30.40407]}}
  ]
}
