{
  "type": "FeatureCollection",
  "features": [
    {"type": "Feature", "properties": {"name": "Caney Creek-Lake Creek", "description": "Watershed: the land draining to this stream", "USGS watershed code": "1204010103"}, "geometry": {"type": "Polygon", "coordinates": [[[-95.916877, 30.360445], [-95.917427, 30.361417], [-95.917941, 30.361887], [-95.918124, 30.362349], [-95.918203, 30.362981], [-95.918225, 30.364413], [-95.917624, 30.365659], [-95.917525, 30.366716], [-95.917173, 30.367423], [-95.916863, 30.368876], [-95.917374, 30.369432], [-95.91815, 30.370997], [-95.919576, 30.372891], [-95.919695, 30.374383], [-95.91995, 30.375706], [-95.920491, 30.376377], [-95.921424, 30.377144], [-95.922263, 30.378824], [-95.922532, 30.379203], [-95.923224, 30.379596], [-95.924811, 30.380774], [-95.925227, 30.381185], [-95.925635, 30.381881], [-95.926033, 30.382864], [-95.926576, 30.38345], [-95.927268, 30.383494], [-95.927841, 30.384195], [-95.928048, 30.384973], [-95.928394, 30.385525], [-95.928815, 30.385764], [-95.930336, 30.385714], [-95.931338, 30.385365], [-95.931976, 30.385037], [-95.932801, 30.385028], [-95.933724, 30.385106], [-95.93451, 30.385297], [-95.936083, 30.386765], [-95.936633, 30.387122], [-95.936952, 30.387473], [-95.936972, 30.390021], [-95.937485, 30.39052], [-95.938552, 30.391232], [-95.938543, 30.391518], [-95.93763, 30.392213], [-95.936924, 30.392597], [-95.936449, 30.393015], [-95.936505, 30.394391], [-95.937042, 30.395177], [-95.937543, 30.396047], [-95.938143, 30.396949], [-95.939335, 30.397893], [-95.940224, 30.398], [-95.941049, 30.398019], [-95.941704, 30.398178], [-95.942811, 30.398691], [-95.943581, 30.399424], [-95.943536, 30.400883], [-95.943716, 30.40146], [-95.944876, 30.402404], [-95.946147, 30.402949], [-95.947098, 30.403171], [-95.948937, 30.403735], [-95.949067, 30.404205], [-95.949661, 30.404663], [-95.949681, 30.405064], [-95.949094, 30.405881], [-95.94845, 30.406438], [-95.947934, 30.407085], [-95.947834, 30.408171], [-95.948144, 30.408836], [-95.949204, 30.409806], [-95.949753, 30.410191], [-95.950784, 30.411045], [-95.951223, 30.4118], [-95.951299, 30.412518], [-95.951275, 30.41329], [-95.951533, 30.413497], [-95.952028, 30.413508], [-95.95359, 30.412351], [-95.954364, 30.412761], [-95.955157, 30.41381], [-95.955611, 30.414107], [-95.956395, 30.414383], [-95.957142, 30.414801], [-95.957976, 30.415594], [-95.958258, 30.416087], [-95.95868, 30.417445], [-95.959011, 30.418716], [-95.959409, 30.419278], [-95.960476, 30.420417], [-95.960942, 30.420752], [-95.962059, 30.421345], [-95.962962, 30.422053], [-95.963839, 30.422202], [-95.964921, 30.422157], [-95.965193, 30.422435], [-95.965276, 30.423094], [-95.96516, 30.425754], [-95.965459, 30.426763], [-95.96593, 30.427575], [-95.966563, 30.428449], [-95.966647, 30.428966], [-95.967044, 30.430006], [-95.967893, 30.431039], [-95.969497, 30.432125], [-95.970261, 30.432175], [-95.969544, 30.433558], [-95.968973, 30.434919], [-95.968605, 30.435082], [-95.967164, 30.434676], [-95.966487, 30.435176], [-95.965357, 30.437526], [-95.965372, 30.438099], [-95.965651, 30.438707], [-95.965855, 30.439599], [-95.965614, 30.439908], [-95.964842, 30.440291], [-95.964405, 30.440995], [-95.964517, 30.442231], [-95.964475, 30.442544], [-95.963776, 30.4427], [-95.963138, 30.443029], [-95.96297, 30.44417], [-95.963042, 30.445059], [-95.962967, 30.445344], [-95.961614, 30.445284], [-95.960999, 30.445928], [-95.960743, 30.446724], [-95.959975, 30.448051], [-95.959615, 30.448988], [-95.959458, 30.449786], [-95.959451, 30.451074], [-95.959009, 30.451465], [-95.957305, 30.452084], [-95.956742, 30.452503], [-95.956322, 30.45318], [-95.956086, 30.454091], [-95.956071, 30.454546], [-95.955687, 30.455224], [-95.95529, 30.455243], [-95.954409, 30.454879], [-95.953092, 30.454705], [-95.952028, 30.454909], [-95.950863, 30.455197], [-95.949983, 30.455519], [-95.950769, 30.457009], [-95.952502, 30.458627], [-95.954042, 30.460651], [-95.953806, 30.461213], [-95.952445, 30.461676], [-95.951725, 30.462267], [-95.951382, 30.463049], [-95.951648, 30.464382], [-95.95137, 30.464798], [-95.948666, 30.464214], [-95.948164, 30.464382], [-95.94769, 30.464714], [-95.947142, 30.465331], [-95.946928, 30.465842], [-95.946885, 30.467215], [-95.947022, 30.468134], [-95.946999, 30.468878], [-95.94644, 30.469839], [-95.946442, 30.470812], [-95.946824, 30.471279], [-95.9484, 30.471631], [-95.948883, 30.472043], [-95.948294, 30.472917], [-95.947791, 30.473134], [-95.947037, 30.47385], [-95.946047, 30.475012], [-95.945778, 30.475148], [-95.945053, 30.475074], [-95.94393, 30.475048], [-95.943262, 30.475261], [-95.942822, 30.475594], [-95.942441, 30.476158], [-95.942328, 30.476585], [-95.942318, 30.477988], [-95.941908, 30.478407], [-95.94086, 30.479127], [-95.940515, 30.479606], [-95.940425, 30.480377], [-95.941425, 30.482204], [-95.9422, 30.482886], [-95.942382, 30.483134], [-95.94241, 30.484077], [-95.942667, 30.484781], [-95.942676, 30.485555], [-95.942288, 30.486319], [-95.942209, 30.486746], [-95.941939, 30.486912], [-95.940857, 30.486629], [-95.940033, 30.486552], [-95.938332, 30.488087], [-95.937911, 30.48885], [-95.937426, 30.489554], [-95.936986, 30.489887], [-95.936552, 30.49002], [-95.935099, 30.489986], [-95.934654, 30.490463], [-95.934494, 30.49128], [-95.933757, 30.491898], [-95.933173, 30.492613], [-95.933871, 30.493279], [-95.93515, 30.495714], [-95.935274, 30.497034], [-95.936183, 30.49863], [-95.936697, 30.4991], [-95.937219, 30.499341], [-95.937974, 30.499502], [-95.93897, 30.499382], [-95.939626, 30.499016], [-95.940021, 30.499017], [-95.941911, 30.499578], [-95.942315, 30.49963], [-95.942917, 30.499446], [-95.944062, 30.498843], [-95.944402, 30.49873], [-95.944715, 30.499808], [-95.945132, 30.500042], [-95.946004, 30.500721], [-95.946818, 30.501113], [-95.947481, 30.501042], [-95.948387, 30.500634], [-95.948682, 30.500727], [-95.94887, 30.501046], [-95.949044, 30.501823], [-95.949079, 30.502826], [-95.949183, 30.503716], [-95.94969, 30.504444], [-95.950368, 30.504946], [-95.951309, 30.505541], [-95.952095, 30.505744], [-95.952828, 30.505605], [-95.953637, 30.505109], [-95.954264, 30.505152], [-95.954717, 30.505449], [-95.954967, 30.505913], [-95.954989, 30.506286], [-95.955282, 30.507495], [-95.955559, 30.508132], [-95.955522, 30.509333], [-95.955143, 30.509811], [-95.954398, 30.510395], [-95.953546, 30.511205], [-95.952842, 30.512563], [-95.953086, 30.513227], [-95.953568, 30.513668], [-95.954216, 30.514113], [-95.954803, 30.514355], [-95.95685, 30.514461], [-95.957467, 30.514819], [-95.95821, 30.516439], [-95.958152, 30.517138], [-95.957639, 30.518395], [-95.957308, 30.51888], [-95.957298, 30.520254], [-95.957698, 30.521209], [-95.95853, 30.522087], [-95.959473, 30.522624], [-95.960649, 30.523081], [-95.961548, 30.523961], [-95.961527, 30.524919], [-95.958557, 30.526442], [-95.957915, 30.526969], [-95.957531, 30.527618], [-95.957101, 30.529756], [-95.957143, 30.530529], [-95.957614, 30.531314], [-95.957407, 30.531595], [-95.956083, 30.532709], [-95.955897, 30.533364], [-95.955914, 30.533879], [-95.956476, 30.534952], [-95.956751, 30.535674], [-95.956895, 30.536336], [-95.956685, 30.536732], [-95.95569, 30.536794], [-95.954378, 30.537508], [-95.953723, 30.538352], [-95.952859, 30.539563], [-95.952388, 30.540869], [-95.951751, 30.54241], [-95.951886, 30.542876], [-95.951933, 30.544433], [-95.95158, 30.545558], [-95.951615, 30.546548], [-95.951753, 30.54741], [-95.951731, 30.548126], [-95.951514, 30.548722], [-95.950882, 30.549881], [-95.949881, 30.551203], [-95.949074, 30.551642], [-95.948324, 30.55234], [-95.947864, 30.553303], [-95.947382, 30.554952], [-95.946844, 30.556285], [-95.946359, 30.55699], [-95.945742, 30.557662], [-95.943808, 30.558143], [-95.941025, 30.559048], [-95.940593, 30.559402], [-95.94037, 30.56017], [-95.940243, 30.562114], [-95.940451, 30.562863], [-95.940433, 30.563436], [-95.940852, 30.564848], [-95.940832, 30.565478], [-95.940415, 30.566098], [-95.93977, 30.566627], [-95.939068, 30.566868], [-95.937748, 30.566751], [-95.93687, 30.566272], [-95.935886, 30.565991], [-95.935291, 30.565977], [-95.934689, 30.566192], [-95.9337, 30.567114], [-95.932845, 30.56801], [-95.932036, 30.569537], [-95.930394, 30.571244], [-95.929332, 30.571766], [-95.927947, 30.572135], [-95.926501, 30.572626], [-95.926583, 30.573531], [-95.926832, 30.574023], [-95.927382, 30.574408], [-95.928953, 30.574961], [-95.93019, 30.57562], [-95.931234, 30.576074], [-95.931945, 30.576606], [-95.932775, 30.577571], [-95.933354, 30.578162], [-95.933874, 30.579821], [-95.934471, 30.580783], [-95.934989, 30.581878], [-95.935602, 30.58239], [-95.936415, 30.582839], [-95.936598, 30.58333], [-95.936645, 30.583932], [-95.936532, 30.584359], [-95.935818, 30.584972], [-95.934854, 30.58618], [-95.934246, 30.586567], [-95.933414, 30.58669], [-95.932454, 30.586725], [-95.931877, 30.587169], [-95.931778, 30.588226], [-95.932456, 30.589788], [-95.933431, 30.591415], [-95.934292, 30.592437], [-95.934939, 30.59291], [-95.936024, 30.593165], [-95.936608, 30.593522], [-95.937155, 30.594022], [-95.937394, 30.594829], [-95.937404, 30.595574], [-95.937321, 30.596116], [-95.936902, 30.597884], [-95.935441, 30.598996], [-95.933756, 30.600164], [-95.932522, 30.602416], [-95.930751, 30.603978], [-95.929783, 30.6053], [-95.92917, 30.606889], [-95.928528, 30.608334], [-95.927987, 30.608694], [-95.926963, 30.609671], [-95.926065, 30.610881], [-95.925356, 30.611323], [-95.924791, 30.611395], [-95.924288, 30.611584], [-95.923163, 30.611557], [-95.921872, 30.611584], [-95.920158, 30.612402], [-95.918219, 30.614045], [-95.917796, 30.614711], [-95.917469, 30.615774], [-95.916889, 30.616304], [-95.916109, 30.616887], [-95.91506, 30.617094], [-95.91372, 30.617451], [-95.913142, 30.618241], [-95.913009, 30.618603], [-95.91259, 30.618555], [-95.912047, 30.618822], [-95.912028, 30.619298], [-95.91219, 30.620088], [-95.911952, 30.620744], [-95.911533, 30.620963], [-95.911486, 30.621601], [-95.911553, 30.622218], [-95.911789, 30.622894], [-95.911498, 30.623765], [-95.910296, 30.62512], [-95.90902, 30.625654], [-95.908016, 30.62633], [-95.907222, 30.62778], [-95.907262, 30.628616], [-95.908132, 30.629352], [-95.90882, 30.629597], [-95.909038, 30.630032], [-95.908582, 30.630823], [-95.907952, 30.632926], [-95.907508, 30.633374], [-95.906323, 30.634176], [-95.905053, 30.634547], [-95.903963, 30.634463], [-95.902937, 30.634468], [-95.902065, 30.634819], [-95.901445, 30.635577], [-95.899839, 30.637142], [-95.899405, 30.638277], [-95.899216, 30.639017], [-95.89919, 30.639818], [-95.899987, 30.641841], [-95.900469, 30.642282], [-95.901056, 30.642582], [-95.90229, 30.644358], [-95.902868, 30.644945], [-95.903235, 30.645464], [-95.903569, 30.647313], [-95.903563, 30.649084], [-95.903745, 30.649604], [-95.904582, 30.650368], [-95.905306, 30.650528], [-95.906941, 30.650138], [-95.907604, 30.650096], [-95.907998, 30.650192], [-95.908609, 30.650779], [-95.908618, 30.651327], [-95.908348, 30.652719], [-95.907926, 30.653511], [-95.907486, 30.653815], [-95.906848, 30.654087], [-95.906148, 30.654213], [-95.904987, 30.654271], [-95.903176, 30.655001], [-95.901539, 30.655449], [-95.900331, 30.655935], [-95.899412, 30.656715], [-95.899135, 30.657109], [-95.89883, 30.657302], [-95.896979, 30.657201], [-95.896168, 30.657725], [-95.89576, 30.65909], [-95.89535, 30.659481], [-95.89471, 30.659809], [-95.892557, 30.659815], [-95.890744, 30.659542], [-95.889032, 30.659244], [-95.888153, 30.658765], [-95.887418, 30.657945], [-95.887333, 30.657485], [-95.886464, 30.656691], [-95.885878, 30.656391], [-95.884823, 30.656251], [-95.884073, 30.65589], [-95.883473, 30.654988], [-95.883201, 30.654151], [-95.883127, 30.653376], [-95.882822, 30.652567], [-95.882307, 30.652097], [-95.881544, 30.652136], [-95.880803, 30.652519], [-95.879842, 30.652553], [-95.878917, 30.652473], [-95.877731, 30.652302], [-95.876837, 30.65228], [-95.875094, 30.651923], [-95.874201, 30.651873], [-95.873345, 30.65171], [-95.871743, 30.65107], [-95.870879, 30.651163], [-95.869558, 30.652105], [-95.866872, 30.654145], [-95.866598, 30.654885], [-95.86661, 30.656214], [-95.866526, 30.656756], [-95.866047, 30.657259], [-95.864626, 30.65817], [-95.863252, 30.658681], [-95.861448, 30.659181], [-95.860352, 30.659269], [-95.858711, 30.660103], [-95.858073, 30.658533], [-95.858021, 30.658156], [-95.85749, 30.657142], [-95.856299, 30.656082], [-95.855321, 30.655629], [-95.854371, 30.655291], [-95.852886, 30.655141], [-95.851266, 30.655044], [-95.850779, 30.654746], [-95.849227, 30.653592], [-95.847554, 30.652091], [-95.846977, 30.651504], [-95.84666, 30.651067], [-95.846598, 30.649921], [-95.846061, 30.649134], [-95.845537, 30.64895], [-95.84504, 30.648967], [-95.844442, 30.649181], [-95.84394, 30.649169], [-95.843286, 30.648924], [-95.842603, 30.648535], [-95.842187, 30.648087], [-95.841577, 30.647215], [-95.841077, 30.646245], [-95.840367, 30.643515], [-95.840557, 30.642315], [-95.841189, 30.641142], [-95.841975, 30.640361], [-95.843354, 30.639707], [-95.843831, 30.639289], [-95.84428, 30.638727], [-95.844309, 30.637841], [-95.843887, 30.636542], [-95.843886, 30.635569], [-95.843774, 30.634936], [-95.843325, 30.634496], [-95.842862, 30.634456], [-95.841989, 30.634835], [-95.841395, 30.634792], [-95.840815, 30.634292], [-95.840442, 30.633538], [-95.840061, 30.633042], [-95.839418, 30.632454], [-95.83893, 30.632184], [-95.838633, 30.632177], [-95.838178, 30.631908], [-95.838133, 30.631249], [-95.838225, 30.630449], [-95.83854, 30.629942], [-95.839138, 30.62987], [-95.839542, 30.62968], [-95.83959, 30.629223], [-95.838505, 30.626935], [-95.837876, 30.625918], [-95.836829, 30.624932], [-95.835765, 30.624664], [-95.834143, 30.624653], [-95.832023, 30.624716], [-95.831399, 30.624557], [-95.830785, 30.624084], [-95.830198, 30.623812], [-95.829521, 30.62331], [-95.829366, 30.621693], [-95.829737, 30.620709], [-95.82972, 30.620223], [-95.830259, 30.61992], [-95.830944, 30.619221], [-95.830979, 30.618134], [-95.831198, 30.61751], [-95.831788, 30.616694], [-95.831798, 30.616379], [-95.831543, 30.616086], [-95.830405, 30.615458], [-95.829651, 30.61521], [-95.829039, 30.614708], [-95.829092, 30.613078], [-95.828734, 30.611867], [-95.828377, 30.611364], [-95.818951, 30.512924], [-95.817982, 30.503076], [-95.817308, 30.498743], [-95.814655, 30.465658], [-95.814638, 30.463365], [-95.814339, 30.462462], [-95.814171, 30.459944], [-95.813864, 30.459147], [-95.813948, 30.455742], [-95.804393, 30.338674], [-95.804272, 30.295945], [-95.804948, 30.296272], [-95.805926, 30.296639], [-95.806912, 30.296749], [-95.807617, 30.296395], [-95.807936, 30.296717], [-95.808653, 30.296992], [-95.809148, 30.297004], [-95.810501, 30.298011], [-95.810776, 30.298676], [-95.81069, 30.299304], [-95.810678, 30.300677], [-95.811187, 30.301263], [-95.81151, 30.301471], [-95.812662, 30.301556], [-95.813083, 30.301824], [-95.813094, 30.302483], [-95.812697, 30.303532], [-95.812587, 30.304904], [-95.812818, 30.305912], [-95.813449, 30.306815], [-95.814655, 30.308304], [-95.815295, 30.308921], [-95.816013, 30.309167], [-95.816706, 30.309156], [-95.817177, 30.308765], [-95.817647, 30.307425], [-95.818247, 30.306705], [-95.818407, 30.306295], [-95.818387, 30.305855], [-95.818684, 30.305444], [-95.819995, 30.305399], [-95.821344, 30.305518], [-95.822164, 30.305681], [-95.823036, 30.306246], [-95.823225, 30.306537], [-95.82326, 30.307483], [-95.82403, 30.30816], [-95.825105, 30.308587], [-95.826419, 30.308791], [-95.828551, 30.309186], [-95.829562, 30.309554], [-95.830439, 30.309976], [-95.831987, 30.311585], [-95.833353, 30.312711], [-95.833785, 30.312634], [-95.834295, 30.312188], [-95.835401, 30.311642], [-95.836949, 30.311737], [-95.838205, 30.312712], [-95.839634, 30.314436], [-95.840104, 30.31522], [-95.840807, 30.315953], [-95.842091, 30.317072], [-95.842737, 30.317489], [-95.843295, 30.317588], [-95.844285, 30.317583], [-95.845526, 30.316955], [-95.846823, 30.316642], [-95.847649, 30.316634], [-95.848272, 30.316763], [-95.848815, 30.31732], [-95.849146, 30.318302], [-95.849357, 30.319775], [-95.850362, 30.322362], [-95.851125, 30.322472], [-95.852313, 30.322472], [-95.853566, 30.322253], [-95.854437, 30.322235], [-95.855927, 30.322635], [-95.857027, 30.323415], [-95.859387, 30.323695], [-95.860407, 30.324495], [-95.861097, 30.324485], [-95.861687, 30.325055], [-95.861757, 30.327345], [-95.862607, 30.328815], [-95.862933, 30.329914], [-95.863187, 30.330235], [-95.863709, 30.330419], [-95.864574, 30.330211], [-95.866776, 30.330493], [-95.868204, 30.331271], [-95.869126, 30.331322], [-95.869979, 30.331486], [-95.871059, 30.331798], [-95.871741, 30.332129], [-95.872335, 30.332628], [-95.873, 30.333018], [-95.873174, 30.333767], [-95.872774, 30.334931], [-95.873312, 30.33566], [-95.874191, 30.336053], [-95.87498, 30.336501], [-95.875362, 30.336471], [-95.876547, 30.336682], [-95.87765, 30.33731], [-95.878183, 30.338181], [-95.87815, 30.33924], [-95.878447, 30.340278], [-95.878124, 30.341072], [-95.877472, 30.341858], [-95.876184, 30.343587], [-95.875687, 30.345955], [-95.876275, 30.346295], [-95.877724, 30.346387], [-95.878949, 30.346273], [-95.879826, 30.346724], [-95.880351, 30.346851], [-95.881686, 30.347427], [-95.8824, 30.347787], [-95.882783, 30.348226], [-95.883032, 30.34869], [-95.883015, 30.349234], [-95.882826, 30.349973], [-95.882829, 30.350918], [-95.883696, 30.351712], [-95.884418, 30.351844], [-95.885066, 30.352232], [-95.885455, 30.353472], [-95.886077, 30.354689], [-95.886696, 30.354962], [-95.887684, 30.355014], [-95.889197, 30.355222], [-95.89054, 30.35554], [-95.891796, 30.355484], [-95.893997, 30.356785], [-95.896067, 30.359135], [-95.896267, 30.359715], [-95.896318, 30.361804], [-95.896785, 30.362674], [-95.897271, 30.362972], [-95.898492, 30.363001], [-95.899583, 30.362941], [-95.901057, 30.362289], [-95.9024, 30.361577], [-95.904508, 30.360682], [-95.906396, 30.360497], [-95.907391, 30.360349], [-95.908156, 30.360167], [-95.908912, 30.35962], [-95.911197, 30.358735], [-95.912117, 30.358755], [-95.913327, 30.359155], [-95.914617, 30.360205], [-95.915707, 30.360625], [-95.916877, 30.360445]]]}},
    {"type": "Feature", "properties": {"name": "Gibbons Creek-Navasota River", "description": "Watershed: the land draining to this stream", "USGS watershed code": "1207010307"}, "geometry": {"type": "Polygon", "coordinates": [[[-96.050418, 30.750722], [-96.049545, 30.746788], [-96.049058, 30.74565], [-96.048129, 30.742951], [-96.045288, 30.74035], [-96.04278, 30.739138], [-96.03938, 30.738299], [-96.03798, 30.736069], [-96.036604, 30.73522], [-96.035673, 30.73472], [-96.033705, 30.735577], [-96.032046, 30.736497], [-96.031269, 30.73631], [-96.030333, 30.73705], [-96.029419, 30.737057], [-96.028213, 30.738072], [-96.026291, 30.738], [-96.024765, 30.73881], [-96.02278, 30.739187], [-96.023778, 30.741183], [-96.024941, 30.742647], [-96.024517, 30.744215], [-96.024492, 30.746102], [-96.023446, 30.748277], [-96.023412, 30.749375], [-96.020892, 30.749627], [-96.020044, 30.749607], [-96.017652, 30.749947], [-96.016075, 30.749234], [-96.014967, 30.749209], [-96.014322, 30.749476], [-96.013051, 30.749418], [-96.011471, 30.749889], [-96.011245, 30.750842], [-96.010346, 30.751441], [-96.009533, 30.753451], [-96.008736, 30.754448], [-96.005658, 30.753728], [-96.004554, 30.753562], [-96.003832, 30.752643], [-96.003112, 30.752711], [-96.002152, 30.75314], [-96.0012, 30.754386], [-96.000159, 30.753995], [-96.000153, 30.753255], [-95.998065, 30.752333], [-95.997266, 30.751605], [-95.996533, 30.751583], [-95.995719, 30.750364], [-95.996724, 30.748149], [-95.9967, 30.747349], [-95.996093, 30.746688], [-95.994269, 30.746098], [-95.992971, 30.745158], [-95.992638, 30.743859], [-95.99259, 30.7423], [-95.993607, 30.740464], [-95.993582, 30.739664], [-95.992694, 30.737787], [-95.991353, 30.73712], [-95.990317, 30.736241], [-95.989284, 30.735152], [-95.987976, 30.734477], [-95.986995, 30.73412], [-95.986372, 30.73362], [-95.985001, 30.731864], [-95.984328, 30.730897], [-95.984267, 30.730398], [-95.984347, 30.729973], [-95.9832, 30.729027], [-95.980533, 30.727971], [-95.976944, 30.725524], [-95.975571, 30.723743], [-95.975503, 30.72151], [-95.974782, 30.720283], [-95.973792, 30.719842], [-95.973383, 30.719219], [-95.97391, 30.718912], [-95.974549, 30.717464], [-95.974488, 30.715484], [-95.973175, 30.714039], [-95.971592, 30.713337], [-95.971552, 30.712031], [-95.97138, 30.711605], [-95.970971, 30.710989], [-95.970311, 30.710225], [-95.969767, 30.7095], [-95.968571, 30.708685], [-95.967897, 30.707393], [-95.96695, 30.70674], [-95.966931, 30.706108], [-95.965798, 30.705755], [-95.96578, 30.705165], [-95.965863, 30.702873], [-95.965803, 30.701743], [-95.965922, 30.701243], [-95.9666, 30.699899], [-95.967005, 30.699506], [-95.967647, 30.698423], [-95.967671, 30.698138], [-95.967124, 30.697733], [-95.96558, 30.697055], [-95.964632, 30.696349], [-95.96429, 30.695535], [-95.963264, 30.694705], [-95.962117, 30.693076], [-95.960547, 30.691995], [-95.960448, 30.689552], [-95.960073, 30.689234], [-95.959787, 30.68787], [-95.960151, 30.686218], [-95.96013, 30.685523], [-95.959683, 30.684468], [-95.95823, 30.683195], [-95.957028, 30.682969], [-95.954999, 30.683626], [-95.954088, 30.684132], [-95.953179, 30.684722], [-95.952661, 30.685324], [-95.951001, 30.684487], [-95.950338, 30.683511], [-95.950306, 30.682479], [-95.948061, 30.681645], [-95.948022, 30.680339], [-95.946996, 30.678686], [-95.945045, 30.677086], [-95.943992, 30.677743], [-95.942291, 30.676348], [-95.942254, 30.675126], [-95.940505, 30.673732], [-95.940984, 30.671825], [-95.941846, 30.669697], [-95.939943, 30.668106], [-95.938004, 30.666833], [-95.937576, 30.667201], [-95.93649, 30.667563], [-95.93591, 30.666944], [-95.935325, 30.666135], [-95.934423, 30.665354], [-95.933438, 30.665039], [-95.933013, 30.664669], [-95.929985, 30.6597], [-95.929376, 30.658913], [-95.92918, 30.658053], [-95.929962, 30.657329], [-95.928887, 30.655625], [-95.927602, 30.655064], [-95.927021, 30.655203], [-95.926685, 30.653756], [-95.925523, 30.653234], [-95.923934, 30.651457], [-95.922259, 30.652517], [-95.920931, 30.652948], [-95.919724, 30.652532], [-95.919072, 30.652758], [-95.918171, 30.652778], [-95.91759, 30.653719], [-95.91726, 30.653283], [-95.915385, 30.652567], [-95.912494, 30.652115], [-95.911228, 30.652154], [-95.910681, 30.651808], [-95.909658, 30.651831], [-95.908618, 30.651327], [-95.908609, 30.650779], [-95.907998, 30.650192], [-95.907604, 30.650096], [-95.906941, 30.650138], [-95.905306, 30.650528], [-95.904582, 30.650368], [-95.903745, 30.649604], [-95.903563, 30.649084], [-95.903569, 30.647313], [-95.903235, 30.645464], [-95.902868, 30.644945], [-95.90229, 30.644358], [-95.901056, 30.642582], [-95.900469, 30.642282], [-95.899987, 30.641841], [-95.89919, 30.639818], [-95.899216, 30.639017], [-95.899405, 30.638277], [-95.899839, 30.637142], [-95.901445, 30.635577], [-95.902065, 30.634819], [-95.902937, 30.634468], [-95.903963, 30.634463], [-95.905053, 30.634547], [-95.906323, 30.634176], [-95.907508, 30.633374], [-95.907952, 30.632926], [-95.908582, 30.630823], [-95.909038, 30.630032], [-95.90882, 30.629597], [-95.908132, 30.629352], [-95.907262, 30.628616], [-95.907222, 30.62778], [-95.908016, 30.62633], [-95.90902, 30.625654], [-95.910296, 30.62512], [-95.911498, 30.623765], [-95.911789, 30.622894], [-95.911553, 30.622218], [-95.911486, 30.621601], [-95.911533, 30.620963], [-95.911952, 30.620744], [-95.91219, 30.620088], [-95.912028, 30.619298], [-95.912047, 30.618822], [-95.91259, 30.618555], [-95.913009, 30.618603], [-95.913142, 30.618241], [-95.91372, 30.617451], [-95.91506, 30.617094], [-95.916109, 30.616887], [-95.916889, 30.616304], [-95.917469, 30.615774], [-95.917796, 30.614711], [-95.918219, 30.614045], [-95.920158, 30.612402], [-95.921872, 30.611584], [-95.923163, 30.611557], [-95.924288, 30.611584], [-95.924791, 30.611395], [-95.925356, 30.611323], [-95.926065, 30.610881], [-95.926963, 30.609671], [-95.927987, 30.608694], [-95.928528, 30.608334], [-95.92917, 30.606889], [-95.929783, 30.6053], [-95.930751, 30.603978], [-95.932522, 30.602416], [-95.933756, 30.600164], [-95.935441, 30.598996], [-95.936902, 30.597884], [-95.938589, 30.597853], [-95.940261, 30.597352], [-95.941336, 30.597988], [-95.942955, 30.599495], [-95.945969, 30.600623], [-95.946693, 30.601197], [-95.948354, 30.600538], [-95.950496, 30.600468], [-95.953052, 30.601169], [-95.954696, 30.59993], [-95.957237, 30.599377], [-95.958121, 30.598788], [-95.958867, 30.597675], [-95.959685, 30.595717], [-95.960444, 30.595035], [-95.961038, 30.593757], [-95.962268, 30.593329], [-95.963526, 30.593047], [-95.965844, 30.589938], [-95.975811, 30.590806], [-95.979743, 30.591106], [-95.979777, 30.592212], [-95.978911, 30.594972], [-95.978497, 30.595761], [-95.978944, 30.596826], [-95.98121, 30.596036], [-95.98392, 30.596206], [-95.987521, 30.594469], [-95.98869, 30.594442], [-95.98932, 30.593521], [-95.990944, 30.592472], [-95.992741, 30.592262], [-95.993939, 30.592382], [-95.994707, 30.592027], [-95.994972, 30.591125], [-95.996974, 30.589667], [-95.99886, 30.589223], [-95.999349, 30.588474], [-96.000536, 30.587983], [-96.001327, 30.587986], [-96.002474, 30.588406], [-96.003801, 30.588436], [-96.004181, 30.588139], [-96.005258, 30.587815], [-96.005278, 30.587175], [-96.005834, 30.586592], [-96.006709, 30.586292], [-96.00673, 30.585623], [-96.007492, 30.584899], [-96.00779, 30.583422], [-96.008506, 30.581707], [-96.009024, 30.58073], [-96.009079, 30.578956], [-96.008996, 30.578358], [-96.00927, 30.577389], [-96.009035, 30.57654], [-96.010608, 30.575427], [-96.011137, 30.575439], [-96.011299, 30.575647], [-96.014088, 30.575711], [-96.014781, 30.575581], [-96.01667, 30.574577], [-96.017811, 30.573817], [-96.020376, 30.573513], [-96.020396, 30.572858], [-96.01941, 30.572108], [-96.019439, 30.571178], [-96.01979, 30.570677], [-96.020498, 30.570911], [-96.021775, 30.570373], [-96.024005, 30.56894], [-96.02403, 30.568126], [-96.025477, 30.567257], [-96.026476, 30.567018], [-96.026909, 30.566054], [-96.028033, 30.56557], [-96.028831, 30.565588], [-96.029135, 30.564446], [-96.029539, 30.56332], [-96.030005, 30.562385], [-96.029719, 30.562117], [-96.029109, 30.561172], [-96.028901, 30.56028], [-96.028161, 30.55891], [-96.028182, 30.558198], [-96.029281, 30.557466], [-96.030323, 30.556355], [-96.031106, 30.556577], [-96.033921, 30.556626], [-96.034603, 30.556845], [-96.036085, 30.558436], [-96.036841, 30.558439], [-96.037419, 30.557666], [-96.038125, 30.557682], [-96.038663, 30.557942], [-96.039671, 30.557965], [-96.041819, 30.560327], [-96.04315, 30.561885], [-96.044467, 30.562511], [-96.043491, 30.563114], [-96.042956, 30.565212], [-96.046127, 30.56767], [-96.047524, 30.567338], [-96.048206, 30.567571], [-96.049148, 30.568669], [-96.050032, 30.568326], [-96.050317, 30.567823], [-96.050353, 30.566049], [-96.051127, 30.564088], [-96.052882, 30.562775], [-96.05359, 30.561598], [-96.054426, 30.56118], [-96.055448, 30.560752], [-96.055875, 30.559686], [-96.056208, 30.559242], [-96.056774, 30.558877], [-96.057236, 30.558887], [-96.057826, 30.559671], [-96.058558, 30.559368], [-96.058194, 30.558341], [-96.058359, 30.557865], [-96.059452, 30.55674], [-96.060557, 30.555223], [-96.061506, 30.554968], [-96.062488, 30.55531], [-96.063011, 30.55525], [-96.063488, 30.55558], [-96.063897, 30.555691], [-96.064397, 30.555543], [-96.0646, 30.554936], [-96.064635, 30.554355], [-96.065213, 30.553583], [-96.066124, 30.552919], [-96.067249, 30.552945], [-96.068339, 30.553595], [-96.068578, 30.554022], [-96.068846, 30.554072], [-96.069255, 30.553324], [-96.069417, 30.552673], [-96.069785, 30.552202], [-96.070809, 30.552239], [-96.070656, 30.551188], [-96.070036, 30.549167], [-96.071682, 30.549771], [-96.073035, 30.550616], [-96.073663, 30.550383], [-96.073517, 30.549667], [-96.07417, 30.54862], [-96.075279, 30.54863], [-96.076095, 30.54891], [-96.076757, 30.548692], [-96.077258, 30.548776], [-96.077778, 30.546868], [-96.078404, 30.545762], [-96.079681, 30.54563], [-96.080427, 30.544847], [-96.081926, 30.543629], [-96.083083, 30.543146], [-96.083681, 30.542548], [-96.084097, 30.541554], [-96.085611, 30.540976], [-96.086377, 30.541212], [-96.086675, 30.541087], [-96.087174, 30.541259], [-96.087974, 30.540084], [-96.088763, 30.540087], [-96.090012, 30.538805], [-96.092011, 30.53885], [-96.094919, 30.538275], [-96.095893, 30.538297], [-96.096336, 30.538088], [-96.096694, 30.537645], [-96.095907, 30.53642], [-96.096265, 30.535672], [-96.096291, 30.534799], [-96.09556, 30.533401], [-96.096885, 30.529546], [-96.098, 30.527359], [-96.098449, 30.526962], [-96.099357, 30.525251], [-96.100776, 30.523857], [-96.101637, 30.521766], [-96.103497, 30.520237], [-96.104709, 30.51958], [-96.105517, 30.518696], [-96.106403, 30.518279], [-96.106933, 30.517432], [-96.108486, 30.517191], [-96.10878, 30.516339], [-96.110104, 30.515582], [-96.111224, 30.515796], [-96.111809, 30.515329], [-96.112557, 30.515055], [-96.112385, 30.514338], [-96.113114, 30.513554], [-96.114316, 30.513246], [-96.115084, 30.513962], [-96.116687, 30.513473], [-96.119164, 30.513223], [-96.119838, 30.512597], [-96.121326, 30.512267], [-96.124517, 30.511424], [-96.125917, 30.511455], [-96.126462, 30.511007], [-96.127343, 30.510608], [-96.127741, 30.510199], [-96.128564, 30.509708], [-96.130816, 30.510199], [-96.13505, 30.508821], [-96.13706, 30.507884], [-96.139889, 30.50941], [-96.140332, 30.509213], [-96.141018, 30.509084], [-96.141584, 30.509175], [-96.142017, 30.509558], [-96.142569, 30.510503], [-96.143473, 30.511118], [-96.144571, 30.510631], [-96.144798, 30.510675], [-96.144783, 30.511692], [-96.144585, 30.512043], [-96.143677, 30.512759], [-96.143521, 30.513197], [-96.143606, 30.51347], [-96.144276, 30.514002], [-96.14464, 30.514033], [-96.145955, 30.514696], [-96.1463, 30.515634], [-96.146713, 30.515797], [-96.147294, 30.515498], [-96.148898, 30.51762], [-96.149923, 30.518044], [-96.150154, 30.518337], [-96.150315, 30.519006], [-96.150126, 30.519237], [-96.149167, 30.519675], [-96.149014, 30.520191], [-96.149196, 30.520585], [-96.149558, 30.520816], [-96.150011, 30.520848], [-96.151493, 30.519904], [-96.152123, 30.520059], [-96.152643, 30.520855], [-96.152453, 30.521672], [-96.151637, 30.522295], [-96.151839, 30.52327], [-96.151592, 30.523742], [-96.151209, 30.523814], [-96.15066, 30.523506], [-96.150046, 30.523559], [-96.148947, 30.524008], [-96.149138, 30.524555], [-96.15007, 30.52481], [-96.150381, 30.525169], [-96.149546, 30.525771], [-96.149279, 30.526454], [-96.149549, 30.527168], [-96.149352, 30.52739], [-96.148672, 30.527574], [-96.148262, 30.528146], [-96.148421, 30.528715], [-96.149091, 30.52924], [-96.151591, 30.530177], [-96.152001, 30.530945], [-96.151767, 30.531462], [-96.152468, 30.532082], [-96.15313, 30.532066], [-96.153587, 30.532227], [-96.154291, 30.53191], [-96.155032, 30.531256], [-96.155221, 30.530361], [-96.155479, 30.53014], [-96.156736, 30.530126], [-96.157004, 30.530285], [-96.157207, 30.530889], [-96.156925, 30.531621], [-96.156077, 30.532116], [-96.155879, 30.532466], [-96.155845, 30.533205], [-96.156496, 30.534384], [-96.158149, 30.53515], [-96.158499, 30.535143], [-96.158354, 30.534665], [-96.158477, 30.534299], [-96.159713, 30.533559], [-96.16098, 30.533668], [-96.161231, 30.533919], [-96.161171, 30.535164], [-96.160504, 30.536448], [-96.160335, 30.537144], [-96.160314, 30.537676], [-96.160604, 30.538455], [-96.160297, 30.540332], [-96.160551, 30.541211], [-96.161089, 30.541379], [-96.161536, 30.541834], [-96.161568, 30.542748], [-96.16105, 30.543672], [-96.161756, 30.544669], [-96.160962, 30.545498], [-96.161529, 30.546152], [-96.161885, 30.547093], [-96.161847, 30.547341], [-96.161199, 30.547634], [-96.160843, 30.548027], [-96.160354, 30.550126], [-96.159797, 30.551318], [-96.159634, 30.552066], [-96.159826, 30.55344], [-96.160098, 30.553776], [-96.160291, 30.554432], [-96.16052, 30.556307], [-96.160368, 30.556688], [-96.159774, 30.557001], [-96.158764, 30.557989], [-96.158604, 30.55864], [-96.159939, 30.559377], [-96.160285, 30.559776], [-96.160831, 30.561527], [-96.161433, 30.562419], [-96.161357, 30.563193], [-96.161063, 30.563644], [-96.161586, 30.565443], [-96.161302, 30.56645], [-96.160072, 30.566826], [-96.159764, 30.567302], [-96.160127, 30.567774], [-96.160816, 30.568173], [-96.162223, 30.568374], [-96.162518, 30.568611], [-96.162572, 30.569091], [-96.161736, 30.569699], [-96.161752, 30.570233], [-96.16205, 30.570645], [-96.164107, 30.570991], [-96.164797, 30.570481], [-96.165311, 30.570467], [-96.166225, 30.570789], [-96.167843, 30.571698], [-96.167952, 30.572073], [-96.167763, 30.572338], [-96.16599, 30.572604], [-96.165498, 30.572952], [-96.165517, 30.573266], [-96.16624, 30.574098], [-96.166404, 30.574609], [-96.166608, 30.574729], [-96.167208, 30.574351], [-96.167788, 30.574831], [-96.167806, 30.575554], [-96.168709, 30.575598], [-96.168975, 30.575765], [-96.169133, 30.576564], [-96.170238, 30.577474], [-96.171417, 30.577755], [-96.172125, 30.578231], [-96.171629, 30.579775], [-96.171687, 30.580055], [-96.172097, 30.5805], [-96.17257, 30.580607], [-96.17311, 30.580307], [-96.173823, 30.580493], [-96.17487, 30.58112], [-96.175422, 30.581259], [-96.175749, 30.581826], [-96.175128, 30.58236], [-96.17509, 30.583137], [-96.175375, 30.583596], [-96.176232, 30.584095], [-96.177206, 30.585063], [-96.177771, 30.585282], [-96.178862, 30.585268], [-96.179598, 30.585665], [-96.180661, 30.58596], [-96.181236, 30.586465], [-96.182038, 30.586228], [-96.182599, 30.586349], [-96.18365, 30.586983], [-96.18462, 30.587948], [-96.184792, 30.588328], [-96.183466, 30.589005], [-96.183723, 30.589823], [-96.183573, 30.590524], [-96.182512, 30.59259], [-96.18244, 30.593155], [-96.182631, 30.594098], [-96.182475, 30.595072], [-96.182693, 30.595327], [-96.184121, 30.596064], [-96.184658, 30.596696], [-96.185094, 30.597529], [-96.185014, 30.598554], [-96.185468, 30.598938], [-96.187765, 30.598737], [-96.188037, 30.59889], [-96.188314, 30.599614], [-96.187359, 30.601379], [-96.187425, 30.60176], [-96.188178, 30.602162], [-96.188155, 30.602684], [-96.187482, 30.603242], [-96.186375, 30.603208], [-96.186111, 30.603393], [-96.186163, 30.604497], [-96.186749, 30.605698], [-96.186668, 30.606023], [-96.185079, 30.606622], [-96.183837, 30.606716], [-96.183407, 30.60659], [-96.182448, 30.606798], [-96.181832, 30.607469], [-96.181497, 30.608126], [-96.181675, 30.609224], [-96.1813, 30.609894], [-96.181232, 30.611281], [-96.181996, 30.611761], [-96.182011, 30.612241], [-96.182601, 30.612271], [-96.182717, 30.612521], [-96.181649, 30.613245], [-96.181608, 30.613384], [-96.181163, 30.613235], [-96.180779, 30.611907], [-96.180172, 30.611301], [-96.179528, 30.611111], [-96.17863, 30.611008], [-96.177236, 30.611009], [-96.174877, 30.611125], [-96.172153, 30.610211], [-96.171089, 30.609522], [-96.170414, 30.608691], [-96.169544, 30.609731], [-96.169663, 30.610459], [-96.169473, 30.610969], [-96.169691, 30.611881], [-96.168888, 30.611864], [-96.167869, 30.612023], [-96.16703, 30.612714], [-96.166263, 30.613961], [-96.166249, 30.614428], [-96.166428, 30.614844], [-96.166274, 30.615198], [-96.164932, 30.615471], [-96.163326, 30.617139], [-96.163337, 30.617854], [-96.162654, 30.618417], [-96.161344, 30.618663], [-96.16081, 30.618431], [-96.159594, 30.619806], [-96.158694, 30.62127], [-96.15684, 30.622714], [-96.156642, 30.623534], [-96.155526, 30.624197], [-96.155476, 30.625899], [-96.156271, 30.626961], [-96.155949, 30.628191], [-96.154678, 30.629262], [-96.154083, 30.630046], [-96.154312, 30.63093], [-96.154289, 30.631699], [-96.154006, 30.632682], [-96.154998, 30.633006], [-96.156087, 30.634871], [-96.156862, 30.635548], [-96.158386, 30.635581], [-96.159087, 30.636613], [-96.159021, 30.638316], [-96.159846, 30.639461], [-96.159832, 30.639927], [-96.159654, 30.640583], [-96.156213, 30.641964], [-96.155822, 30.643385], [-96.156447, 30.644827], [-96.156197, 30.646306], [-96.156139, 30.648311], [-96.155695, 30.649345], [-96.153367, 30.648525], [-96.15143, 30.649554], [-96.151386, 30.651037], [-96.150928, 30.652566], [-96.149545, 30.65314], [-96.148695, 30.652847], [-96.147241, 30.651496], [-96.145861, 30.653004], [-96.145448, 30.654094], [-96.14446, 30.654732], [-96.143367, 30.65622], [-96.142835, 30.658077], [-96.142375, 30.658589], [-96.141381, 30.658897], [-96.140548, 30.660197], [-96.140839, 30.661111], [-96.140555, 30.662094], [-96.141227, 30.664114], [-96.140385, 30.665195], [-96.139277, 30.665033], [-96.13863, 30.665404], [-96.137283, 30.666885], [-96.136881, 30.668113], [-96.136089, 30.669113], [-96.135263, 30.669094], [-96.134295, 30.669568], [-96.133132, 30.671273], [-96.13163, 30.670443], [-96.130927, 30.671637], [-96.130873, 30.673477], [-96.130168, 30.674753], [-96.129322, 30.675394], [-96.12894, 30.675962], [-96.127887, 30.675554], [-96.12571, 30.674984], [-96.125051, 30.676811], [-96.12433, 30.677564], [-96.124304, 30.678415], [-96.122069, 30.680344], [-96.121721, 30.681353], [-96.121681, 30.682727], [-96.12116, 30.683127], [-96.120907, 30.684166], [-96.120348, 30.684758], [-96.11922, 30.685283], [-96.118433, 30.686089], [-96.117448, 30.686068], [-96.11618, 30.687001], [-96.114632, 30.685593], [-96.113756, 30.683512], [-96.114107, 30.682421], [-96.113661, 30.681367], [-96.110125, 30.678403], [-96.109156, 30.678381], [-96.106973, 30.681218], [-96.105035, 30.682219], [-96.102588, 30.682164], [-96.099837, 30.682735], [-96.099412, 30.683138], [-96.099087, 30.6839], [-96.097782, 30.686069], [-96.096755, 30.687448], [-96.097482, 30.689168], [-96.096911, 30.691243], [-96.096861, 30.692918], [-96.09543, 30.694535], [-96.095331, 30.697831], [-96.097478, 30.699418], [-96.096811, 30.700969], [-96.09585, 30.703311], [-96.094379, 30.707839], [-96.093238, 30.710864], [-96.091762, 30.714486], [-96.089875, 30.71906], [-96.088414, 30.720044], [-96.087469, 30.72174], [-96.084956, 30.720271], [-96.08384, 30.720565], [-96.081496, 30.719624], [-96.077515, 30.71876], [-96.07546, 30.718714], [-96.071702, 30.720041], [-96.069128, 30.718728], [-96.065011, 30.72118], [-96.064904, 30.723389], [-96.063831, 30.726594], [-96.064317, 30.728009], [-96.063955, 30.728545], [-96.063897, 30.72979], [-96.062763, 30.731678], [-96.061309, 30.732698], [-96.061242, 30.734908], [-96.059373, 30.738902], [-96.056491, 30.740136], [-96.055962, 30.741493], [-96.056506, 30.74498], [-96.056474, 30.746382], [-96.055646, 30.746814], [-96.05526, 30.747679], [-96.054119, 30.747653], [-96.052767, 30.749652], [-96.050418, 30.750722]]]}},
    {"type": "Feature", "properties": {"name": "Beason Creek-Brazos River", "description": "Watershed: the land draining to this stream", "USGS watershed code": "1207010108"}, "geometry": {"type": "Polygon", "coordinates": [[[-95.970261, 30.432175], [-95.969497, 30.432125], [-95.967893, 30.431039], [-95.967044, 30.430006], [-95.966647, 30.428966], [-95.966563, 30.428449], [-95.96593, 30.427575], [-95.965459, 30.426763], [-95.96516, 30.425754], [-95.965276, 30.423094], [-95.965193, 30.422435], [-95.964921, 30.422157], [-95.963839, 30.422202], [-95.962962, 30.422053], [-95.962059, 30.421345], [-95.960942, 30.420752], [-95.960476, 30.420417], [-95.959409, 30.419278], [-95.959011, 30.418716], [-95.95868, 30.417445], [-95.958258, 30.416087], [-95.957976, 30.415594], [-95.957142, 30.414801], [-95.956395, 30.414383], [-95.955611, 30.414107], [-95.955157, 30.41381], [-95.954364, 30.412761], [-95.95359, 30.412351], [-95.952028, 30.413508], [-95.951533, 30.413497], [-95.951275, 30.41329], [-95.951299, 30.412518], [-95.951223, 30.4118], [-95.950784, 30.411045], [-95.949753, 30.410191], [-95.949204, 30.409806], [-95.948144, 30.408836], [-95.947834, 30.408171], [-95.947934, 30.407085], [-95.94845, 30.406438], [-95.949094, 30.405881], [-95.949681, 30.405064], [-95.949661, 30.404663], [-95.949067, 30.404205], [-95.948937, 30.403735], [-95.947098, 30.403171], [-95.946147, 30.402949], [-95.944876, 30.402404], [-95.943716, 30.40146], [-95.943536, 30.400883], [-95.943581, 30.399424], [-95.942811, 30.398691], [-95.941704, 30.398178], [-95.941049, 30.398019], [-95.940224, 30.398], [-95.939335, 30.397893], [-95.938143, 30.396949], [-95.937543, 30.396047], [-95.937042, 30.395177], [-95.936505, 30.394391], [-95.936449, 30.393015], [-95.936924, 30.392597], [-95.93763, 30.392213], [-95.938543, 30.391518], [-95.938552, 30.391232], [-95.937485, 30.39052], [-95.936972, 30.390021], [-95.936952, 30.387473], [-95.936633, 30.387122], [-95.936083, 30.386765], [-95.93451, 30.385297], [-95.933724, 30.385106], [-95.932801, 30.385028], [-95.931976, 30.385037], [-95.931338, 30.385365], [-95.930336, 30.385714], [-95.928815, 30.385764], [-95.928394, 30.385525], [-95.928048, 30.384973], [-95.927841, 30.384195], [-95.927268, 30.383494], [-95.926576, 30.38345], [-95.926033, 30.382864], [-95.925635, 30.381881], [-95.925227, 30.381185], [-95.924811, 30.380774], [-95.923224, 30.379596], [-95.922532, 30.379203], [-95.922263, 30.378824], [-95.921424, 30.377144], [-95.920491, 30.376377], [-95.91995, 30.375706], [-95.919695, 30.374383], [-95.919576, 30.372891], [-95.91815, 30.370997], [-95.917374, 30.369432], [-95.916863, 30.368876], [-95.917173, 30.367423], [-95.917525, 30.366716], [-95.917624, 30.365659], [-95.918225, 30.364413], [-95.918203, 30.362981], [-95.918124, 30.362349], [-95.917941, 30.361887], [-95.917427, 30.361417], [-95.916877, 30.360445], [-95.91791, 30.360511], [-95.919437, 30.360232], [-95.920043, 30.359874], [-95.920976, 30.35855], [-95.921237, 30.358305], [-95.922905, 30.358176], [-95.925635, 30.358255], [-95.927144, 30.357612], [-95.927591, 30.357192], [-95.92847, 30.356667], [-95.928681, 30.356378], [-95.928523, 30.354593], [-95.928641, 30.354436], [-95.929554, 30.354322], [-95.929756, 30.35374], [-95.929591, 30.353213], [-95.927893, 30.352402], [-95.927512, 30.352074], [-95.926934, 30.351325], [-95.926829, 30.351037], [-95.926913, 30.349213], [-95.927406, 30.348251], [-95.92827, 30.346983], [-95.928677, 30.346649], [-95.928829, 30.346023], [-95.928808, 30.345622], [-95.928518, 30.345386], [-95.927737, 30.344985], [-95.927467, 30.344265], [-95.926287, 30.343575], [-95.925867, 30.342805], [-95.925563, 30.342526], [-95.924758, 30.341088], [-95.923761, 30.340235], [-95.923332, 30.340224], [-95.921975, 30.340364], [-95.920227, 30.340294], [-95.919239, 30.340214], [-95.918202, 30.339617], [-95.917784, 30.339263], [-95.917435, 30.338797], [-95.916843, 30.338754], [-95.916023, 30.338563], [-95.915118, 30.337969], [-95.91499, 30.337798], [-95.914821, 30.336907], [-95.914757, 30.335785], [-95.914529, 30.335694], [-95.913177, 30.335662], [-95.91209, 30.335579], [-95.911439, 30.335277], [-95.91099, 30.334866], [-95.910997, 30.334637], [-95.911852, 30.333712], [-95.912275, 30.332834], [-95.913429, 30.331831], [-95.913838, 30.331411], [-95.913887, 30.330926], [-95.914415, 30.32985], [-95.9152, 30.329038], [-95.915905, 30.328654], [-95.9167, 30.328558], [-95.917307, 30.328143], [-95.917522, 30.326574], [-95.918029, 30.326185], [-95.91924, 30.32544], [-95.919483, 30.325074], [-95.919478, 30.324157], [-95.919165, 30.323635], [-95.91861, 30.32345], [-95.918014, 30.323493], [-95.917032, 30.323241], [-95.916727, 30.323025], [-95.916177, 30.321535], [-95.915417, 30.318099], [-95.915283, 30.316929], [-95.914809, 30.31626], [-95.913976, 30.315438], [-95.913514, 30.314397], [-95.913707, 30.312996], [-95.913957, 30.312135], [-95.914027, 30.309995], [-95.914547, 30.307905], [-95.914587, 30.306555], [-95.916227, 30.305757], [-95.917108, 30.306064], [-95.91795, 30.30657], [-95.918678, 30.307157], [-95.920123, 30.307795], [-95.920947, 30.307815], [-95.921281, 30.30768], [-95.921562, 30.307142], [-95.921921, 30.306206], [-95.921968, 30.305777], [-95.921418, 30.304362], [-95.921068, 30.303952], [-95.919993, 30.302467], [-95.919807, 30.302062], [-95.919855, 30.301576], [-95.920201, 30.301069], [-95.920421, 30.300358], [-95.920458, 30.299185], [-95.920408, 30.298669], [-95.919958, 30.298286], [-95.919002, 30.298263], [-95.91848, 30.298079], [-95.917999, 30.297638], [-95.917683, 30.297202], [-95.917652, 30.295025], [-95.917206, 30.294499], [-95.916045, 30.293641], [-95.915347, 30.292766], [-95.915235, 30.292133], [-95.915281, 30.290646], [-95.914785, 30.289632], [-95.91445, 30.288765], [-95.914181, 30.287871], [-95.913804, 30.287261], [-95.913831, 30.286403], [-95.914224, 30.285438], [-95.914907, 30.284681], [-95.914959, 30.283947], [-95.915667, 30.282715], [-95.915727, 30.280565], [-95.915492, 30.2798], [-95.915681, 30.278945], [-95.915809, 30.278003], [-95.915815, 30.276772], [-95.915921, 30.275486], [-95.915623, 30.274477], [-95.915635, 30.274091], [-95.916384, 30.27335], [-95.917006, 30.272448], [-95.917221, 30.27188], [-95.91727, 30.271395], [-95.917632, 30.270344], [-95.918252, 30.2695], [-95.918401, 30.268959], [-95.918751, 30.268309], [-95.919463, 30.267696], [-95.920228, 30.267513], [-95.921394, 30.26714], [-95.922372, 30.266447], [-95.923532, 30.265215], [-95.924528, 30.265009], [-95.925592, 30.264719], [-95.926512, 30.264855], [-95.927124, 30.265328], [-95.928046, 30.265378], [-95.929515, 30.264783], [-95.930772, 30.264669], [-95.930844, 30.264499], [-95.930307, 30.263742], [-95.930007, 30.262315], [-95.930347, 30.260135], [-95.930707, 30.259095], [-95.930737, 30.256895], [-95.931683, 30.256616], [-95.932475, 30.256578], [-95.93315, 30.256107], [-95.933295, 30.254621], [-95.934139, 30.253982], [-95.934837, 30.253798], [-95.935572, 30.253501], [-95.93622, 30.252829], [-95.936465, 30.252376], [-95.9367, 30.251179], [-95.937126, 30.25068], [-95.93775, 30.250288], [-95.939142, 30.250062], [-95.940361, 30.250091], [-95.941299, 30.249626], [-95.942248, 30.248818], [-95.942676, 30.24802], [-95.942727, 30.246435], [-95.942847, 30.245675], [-95.942667, 30.244865], [-95.943031, 30.243768], [-95.943836, 30.24227], [-95.94465, 30.241516], [-95.94551, 30.24039], [-95.945859, 30.239769], [-95.945946, 30.239084], [-95.945271, 30.238524], [-95.94512, 30.238062], [-95.945149, 30.237119], [-95.948958, 30.236882], [-95.953773, 30.236964], [-95.99633, 30.234178], [-96.069319, 30.229964], [-96.072849, 30.229491], [-96.088941, 30.228718], [-96.08991, 30.227433], [-96.091453, 30.225994], [-96.093165, 30.225187], [-96.093316, 30.225783], [-96.094114, 30.227008], [-96.09557, 30.22876], [-96.098248, 30.230439], [-96.101477, 30.23076], [-96.104367, 30.231473], [-96.105379, 30.23287], [-96.104444, 30.234947], [-96.103145, 30.238681], [-96.101346, 30.24088], [-96.098571, 30.242736], [-96.096936, 30.243007], [-96.094423, 30.242386], [-96.092994, 30.24133], [-96.090396, 30.238883], [-96.087671, 30.23777], [-96.083327, 30.238312], [-96.081741, 30.240882], [-96.081144, 30.242534], [-96.080839, 30.244305], [-96.082013, 30.246567], [-96.08228, 30.246795], [-96.08304, 30.248753], [-96.083911, 30.250354], [-96.084578, 30.251253], [-96.08605, 30.252541], [-96.088298, 30.252984], [-96.089438, 30.253041], [-96.094873, 30.252392], [-96.0981, 30.253867], [-96.09874, 30.254488], [-96.09912, 30.255174], [-96.099293, 30.256507], [-96.099253, 30.258049], [-96.09886, 30.259704], [-96.098039, 30.261674], [-96.095514, 30.265597], [-96.094859, 30.268309], [-96.094683, 30.271205], [-96.093798, 30.274316], [-96.093256, 30.275503], [-96.091737, 30.278013], [-96.090602, 30.279071], [-96.086737, 30.281369], [-96.085089, 30.282607], [-96.084382, 30.28376], [-96.084049, 30.285065], [-96.084068, 30.286456], [-96.084382, 30.28766], [-96.084794, 30.28822], [-96.085893, 30.288983], [-96.086855, 30.289407], [-96.087691, 30.289623], [-96.089809, 30.289668], [-96.09393, 30.289078], [-96.096933, 30.289], [-96.098424, 30.289585], [-96.099316, 30.290258], [-96.099925, 30.29099], [-96.100321, 30.291809], [-96.10058, 30.292805], [-96.100402, 30.294802], [-96.100046, 30.29669], [-96.099345, 30.298466], [-96.098768, 30.299555], [-96.097614, 30.300984], [-96.095342, 30.302824], [-96.093637, 30.305195], [-96.093513, 30.306532], [-96.093829, 30.308171], [-96.094404, 30.309371], [-96.095613, 30.310493], [-96.097193, 30.311112], [-96.098587, 30.311021], [-96.099945, 30.31061], [-96.10408, 30.30882], [-96.112305, 30.306601], [-96.115056, 30.306001], [-96.117372, 30.304195], [-96.119506, 30.304821], [-96.120477, 30.305689], [-96.122703, 30.309368], [-96.125273, 30.311563], [-96.126191, 30.311878], [-96.131635, 30.312434], [-96.135057, 30.313508], [-96.136547, 30.314752], [-96.137078, 30.316669], [-96.137044, 30.319254], [-96.137298, 30.321058], [-96.137944, 30.321859], [-96.138866, 30.322453], [-96.145244, 30.323592], [-96.147462, 30.324168], [-96.149386, 30.325187], [-96.150568, 30.326058], [-96.152789, 30.32801], [-96.15463, 30.330288], [-96.154542, 30.330549], [-96.154268, 30.330647], [-96.154246, 30.330972], [-96.154186, 30.330911], [-96.153055, 30.331277], [-96.151998, 30.331712], [-96.149999, 30.332898], [-96.149564, 30.33303], [-96.148941, 30.333017], [-96.14614, 30.332448], [-96.144775, 30.331953], [-96.144221, 30.331883], [-96.14353, 30.331926], [-96.142748, 30.3321], [-96.141929, 30.332597], [-96.139904, 30.334406], [-96.136488, 30.340565], [-96.137784, 30.349176], [-96.133914, 30.357603], [-96.131432, 30.368211], [-96.131189, 30.368776], [-96.131155, 30.369949], [-96.130879, 30.370344], [-96.129437, 30.371085], [-96.129192, 30.372683], [-96.128917, 30.374195], [-96.12811, 30.374693], [-96.12738, 30.374791], [-96.125751, 30.375185], [-96.123176, 30.375157], [-96.121348, 30.375546], [-96.119578, 30.376223], [-96.118255, 30.376279], [-96.117337, 30.376059], [-96.116804, 30.374921], [-96.116249, 30.375181], [-96.114413, 30.37514], [-96.111934, 30.374187], [-96.110782, 30.373904], [-96.110274, 30.373669], [-96.109551, 30.373539], [-96.108825, 30.373523], [-96.108219, 30.373939], [-96.108073, 30.374394], [-96.107976, 30.375451], [-96.107731, 30.375932], [-96.106164, 30.377558], [-96.104038, 30.379086], [-96.102675, 30.379399], [-96.101355, 30.37937], [-96.10021, 30.379001], [-96.098098, 30.378925], [-96.097164, 30.379248], [-96.095444, 30.380404], [-96.094307, 30.381504], [-96.0887, 30.383494], [-96.085595, 30.384094], [-96.084273, 30.384086], [-96.081814, 30.383487], [-96.080843, 30.383924], [-96.07973, 30.384701], [-96.079472, 30.385611], [-96.079341, 30.386668], [-96.079307, 30.387812], [-96.078919, 30.388634], [-96.078005, 30.389386], [-96.076364, 30.39124], [-96.075347, 30.392133], [-96.074395, 30.392734], [-96.073841, 30.394342], [-96.072573, 30.396429], [-96.072523, 30.398112], [-96.07294, 30.398635], [-96.072964, 30.398923], [-96.072429, 30.399169], [-96.071464, 30.399376], [-96.070095, 30.399889], [-96.069243, 30.400758], [-96.068108, 30.401162], [-96.06703, 30.400713], [-96.066352, 30.400235], [-96.065738, 30.398675], [-96.064822, 30.39728], [-96.064369, 30.396955], [-96.06352, 30.396649], [-96.061845, 30.396297], [-96.060866, 30.395931], [-96.059304, 30.395123], [-96.05788, 30.395262], [-96.056443, 30.395803], [-96.055345, 30.397181], [-96.054033, 30.39907], [-96.053289, 30.399654], [-96.052364, 30.40075], [-96.051417, 30.401473], [-96.049908, 30.402241], [-96.049018, 30.402525], [-96.047422, 30.402528], [-96.045647, 30.403347], [-96.043953, 30.40474], [-96.042849, 30.405202], [-96.040567, 30.405293], [-96.038826, 30.404967], [-96.037429, 30.405279], [-96.035796, 30.405758], [-96.034854, 30.406337], [-96.033374, 30.408279], [-96.031964, 30.409049], [-96.031052, 30.409325], [-96.030142, 30.409208], [-96.028865, 30.408835], [-96.027822, 30.408382], [-96.0268, 30.408302], [-96.025599, 30.408675], [-96.02423, 30.409188], [-96.022884, 30.408899], [-96.022039, 30.408451], [-96.021149, 30.408373], [-96.019954, 30.408575], [-96.019129, 30.408527], [-96.018135, 30.40756], [-96.018043, 30.407101], [-96.017273, 30.405777], [-96.015957, 30.404795], [-96.014975, 30.405025], [-96.014337, 30.405354], [-96.013963, 30.405689], [-96.013785, 30.406115], [-96.01377, 30.40663], [-96.013457, 30.407138], [-96.01305, 30.407472], [-96.012155, 30.407595], [-96.011329, 30.407576], [-96.010312, 30.407352], [-96.009448, 30.407533], [-96.00888, 30.407749], [-96.0079, 30.408442], [-96.007215, 30.408169], [-96.003824, 30.407805], [-96.002496, 30.408003], [-96.001764, 30.408187], [-96.001128, 30.408459], [-96.000417, 30.409015], [-95.999906, 30.409518], [-95.999171, 30.409816], [-95.998897, 30.410125], [-95.998957, 30.411386], [-95.998853, 30.412644], [-95.998762, 30.414531], [-95.998455, 30.414839], [-95.998089, 30.414945], [-95.997405, 30.414615], [-95.996812, 30.414544], [-95.995781, 30.414778], [-95.995218, 30.414822], [-95.994847, 30.415071], [-95.994845, 30.416216], [-95.994678, 30.417357], [-95.994618, 30.419303], [-95.994496, 30.420045], [-95.9937, 30.42017], [-95.993042, 30.420069], [-95.9922, 30.419534], [-95.991894, 30.419785], [-95.991488, 30.421178], [-95.990092, 30.422549], [-95.989734, 30.423428], [-95.988614, 30.424405], [-95.987508, 30.424923], [-95.986162, 30.425694], [-95.98494, 30.425694], [-95.984514, 30.42557], [-95.984128, 30.425246], [-95.983377, 30.424942], [-95.983291, 30.425599], [-95.983469, 30.426261], [-95.983337, 30.426829], [-95.981006, 30.427385], [-95.979912, 30.427222], [-95.978169, 30.427472], [-95.976823, 30.427482], [-95.976473, 30.428132], [-95.976783, 30.428798], [-95.976631, 30.429424], [-95.975577, 30.430402], [-95.974823, 30.431272], [-95.974154, 30.431543], [-95.972306, 30.431471], [-95.970921, 30.431382], [-95.97041, 30.431885], [-95.970261, 30.432175]]]}},
    {"type": "Feature", "properties": {"name": "Rocky Creek-Navasota River", "description": "Watershed: the land draining to this stream", "USGS watershed code": "1207010308"}, "geometry": {"type": "Polygon", "coordinates": [[[-95.936902, 30.597884], [-95.937321, 30.596116], [-95.937404, 30.595574], [-95.937394, 30.594829], [-95.937155, 30.594022], [-95.936608, 30.593522], [-95.936024, 30.593165], [-95.934939, 30.59291], [-95.934292, 30.592437], [-95.933431, 30.591415], [-95.932456, 30.589788], [-95.931778, 30.588226], [-95.931877, 30.587169], [-95.932454, 30.586725], [-95.933414, 30.58669], [-95.934246, 30.586567], [-95.934854, 30.58618], [-95.935818, 30.584972], [-95.936532, 30.584359], [-95.936645, 30.583932], [-95.936598, 30.58333], [-95.936415, 30.582839], [-95.935602, 30.58239], [-95.934989, 30.581878], [-95.934471, 30.580783], [-95.933874, 30.579821], [-95.933354, 30.578162], [-95.932775, 30.577571], [-95.931945, 30.576606], [-95.931234, 30.576074], [-95.93019, 30.57562], [-95.928953, 30.574961], [-95.927382, 30.574408], [-95.926832, 30.574023], [-95.926583, 30.573531], [-95.926501, 30.572626], [-95.927947, 30.572135], [-95.929332, 30.571766], [-95.930394, 30.571244], [-95.932036, 30.569537], [-95.932845, 30.56801], [-95.9337, 30.567114], [-95.934689, 30.566192], [-95.935291, 30.565977], [-95.935886, 30.565991], [-95.93687, 30.566272], [-95.937748, 30.566751], [-95.939068, 30.566868], [-95.93977, 30.566627], [-95.940415, 30.566098], [-95.940832, 30.565478], [-95.940852, 30.564848], [-95.940433, 30.563436], [-95.940451, 30.562863], [-95.940243, 30.562114], [-95.94037, 30.56017], [-95.940593, 30.559402], [-95.941025, 30.559048], [-95.943808, 30.558143], [-95.945742, 30.557662], [-95.946359, 30.55699], [-95.946844, 30.556285], [-95.947382, 30.554952], [-95.947864, 30.553303], [-95.948324, 30.55234], [-95.949074, 30.551642], [-95.949881, 30.551203], [-95.950882, 30.549881], [-95.951514, 30.548722], [-95.951731, 30.548126], [-95.951753, 30.54741], [-95.951615, 30.546548], [-95.95158, 30.545558], [-95.951933, 30.544433], [-95.951886, 30.542876], [-95.951751, 30.54241], [-95.952388, 30.540869], [-95.952859, 30.539563], [-95.953723, 30.538352], [-95.954378, 30.537508], [-95.95569, 30.536794], [-95.956685, 30.536732], [-95.956895, 30.536336], [-95.956751, 30.535674], [-95.956476, 30.534952], [-95.955914, 30.533879], [-95.955897, 30.533364], [-95.956083, 30.532709], [-95.957407, 30.531595], [-95.957614, 30.531314], [-95.957143, 30.530529], [-95.957101, 30.529756], [-95.957531, 30.527618], [-95.957915, 30.526969], [-95.958557, 30.526442], [-95.961527, 30.524919], [-95.961548, 30.523961], [-95.960649, 30.523081], [-95.959473, 30.522624], [-95.95853, 30.522087], [-95.957698, 30.521209], [-95.957298, 30.520254], [-95.957308, 30.51888], [-95.957639, 30.518395], [-95.958152, 30.517138], [-95.95821, 30.516439], [-95.957467, 30.514819], [-95.95685, 30.514461], [-95.954803, 30.514355], [-95.954216, 30.514113], [-95.953568, 30.513668], [-95.953086, 30.513227], [-95.952842, 30.512563], [-95.953546, 30.511205], [-95.954398, 30.510395], [-95.955143, 30.509811], [-95.955522, 30.509333], [-95.955559, 30.508132], [-95.955282, 30.507495], [-95.954989, 30.506286], [-95.954967, 30.505913], [-95.954717, 30.505449], [-95.954264, 30.505152], [-95.953637, 30.505109], [-95.952828, 30.505605], [-95.952095, 30.505744], [-95.951309, 30.505541], [-95.950368, 30.504946], [-95.94969, 30.504444], [-95.949183, 30.503716], [-95.949079, 30.502826], [-95.949044, 30.501823], [-95.94887, 30.501046], [-95.948682, 30.500727], [-95.948387, 30.500634], [-95.947481, 30.501042], [-95.946818, 30.501113], [-95.946004, 30.500721], [-95.945132, 30.500042], [-95.944715, 30.499808], [-95.944402, 30.49873], [-95.944062, 30.498843], [-95.942917, 30.499446], [-95.942315, 30.49963], [-95.941911, 30.499578], [-95.940021, 30.499017], [-95.939626, 30.499016], [-95.93897, 30.499382], [-95.937974, 30.499502], [-95.937219, 30.499341], [-95.936697, 30.4991], [-95.936183, 30.49863], [-95.935274, 30.497034], [-95.93515, 30.495714], [-95.933871, 30.493279], [-95.933173, 30.492613], [-95.933757, 30.491898], [-95.934494, 30.49128], [-95.934654, 30.490463], [-95.935099, 30.489986], [-95.936552, 30.49002], [-95.936986, 30.489887], [-95.937426, 30.489554], [-95.937911, 30.48885], [-95.938332, 30.488087], [-95.940033, 30.486552], [-95.940857, 30.486629], [-95.941939, 30.486912], [-95.942209, 30.486746], [-95.942288, 30.486319], [-95.942676, 30.485555], [-95.942667, 30.484781], [-95.94241, 30.484077], [-95.942382, 30.483134], [-95.9422, 30.482886], [-95.941425, 30.482204], [-95.940425, 30.480377], [-95.940515, 30.479606], [-95.94086, 30.479127], [-95.941908, 30.478407], [-95.942318, 30.477988], [-95.942328, 30.476585], [-95.942441, 30.476158], [-95.942822, 30.475594], [-95.943262, 30.475261], [-95.94393, 30.475048], [-95.945053, 30.475074], [-95.945778, 30.475148], [-95.946047, 30.475012], [-95.947037, 30.47385], [-95.947791, 30.473134], [-95.948294, 30.472917], [-95.948883, 30.472043], [-95.9484, 30.471631], [-95.946824, 30.471279], [-95.946442, 30.470812], [-95.94644, 30.469839], [-95.946999, 30.468878], [-95.947022, 30.468134], [-95.946885, 30.467215], [-95.946928, 30.465842], [-95.947142, 30.465331], [-95.94769, 30.464714], [-95.948164, 30.464382], [-95.948666, 30.464214], [-95.95137, 30.464798], [-95.951648, 30.464382], [-95.951382, 30.463049], [-95.951725, 30.462267], [-95.952445, 30.461676], [-95.953806, 30.461213], [-95.954042, 30.460651], [-95.952502, 30.458627], [-95.950769, 30.457009], [-95.949983, 30.455519], [-95.950863, 30.455197], [-95.952028, 30.454909], [-95.953092, 30.454705], [-95.954409, 30.454879], [-95.95529, 30.455243], [-95.955687, 30.455224], [-95.956071, 30.454546], [-95.956086, 30.454091], [-95.956322, 30.45318], [-95.956742, 30.452503], [-95.957305, 30.452084], [-95.959009, 30.451465], [-95.959451, 30.451074], [-95.959458, 30.449786], [-95.959615, 30.448988], [-95.959975, 30.448051], [-95.960743, 30.446724], [-95.960999, 30.445928], [-95.961614, 30.445284], [-95.962967, 30.445344], [-95.963042, 30.445059], [-95.96297, 30.44417], [-95.963138, 30.443029], [-95.963776, 30.4427], [-95.964475, 30.442544], [-95.964517, 30.442231], [-95.964405, 30.440995], [-95.964842, 30.440291], [-95.965614, 30.439908], [-95.965855, 30.439599], [-95.965651, 30.438707], [-95.965372, 30.438099], [-95.965357, 30.437526], [-95.966487, 30.435176], [-95.967164, 30.434676], [-95.968605, 30.435082], [-95.968973, 30.434919], [-95.969544, 30.433558], [-95.970261, 30.432175], [-95.97041, 30.431885], [-95.970921, 30.431382], [-95.972306, 30.431471], [-95.974154, 30.431543], [-95.974823, 30.431272], [-95.975577, 30.430402], [-95.976631, 30.429424], [-95.976783, 30.428798], [-95.976473, 30.428132], [-95.976823, 30.427482], [-95.978169, 30.427472], [-95.979912, 30.427222], [-95.981006, 30.427385], [-95.983337, 30.426829], [-95.983469, 30.426261], [-95.983291, 30.425599], [-95.983377, 30.424942], [-95.984128, 30.425246], [-95.984514, 30.42557], [-95.98494, 30.425694], [-95.986162, 30.425694], [-95.987508, 30.424923], [-95.988614, 30.424405], [-95.989734, 30.423428], [-95.990092, 30.422549], [-95.991488, 30.421178], [-95.991894, 30.419785], [-95.9922, 30.419534], [-95.993042, 30.420069], [-95.9937, 30.42017], [-95.994496, 30.420045], [-95.994618, 30.419303], [-95.994678, 30.417357], [-95.994845, 30.416216], [-95.994847, 30.415071], [-95.995218, 30.414822], [-95.995781, 30.414778], [-95.996812, 30.414544], [-95.997405, 30.414615], [-95.998089, 30.414945], [-95.998455, 30.414839], [-95.998762, 30.414531], [-95.998853, 30.412644], [-95.998957, 30.411386], [-95.998897, 30.410125], [-95.999171, 30.409816], [-95.999906, 30.409518], [-96.000417, 30.409015], [-96.001128, 30.408459], [-96.001764, 30.408187], [-96.002496, 30.408003], [-96.003824, 30.407805], [-96.007215, 30.408169], [-96.0079, 30.408442], [-96.00888, 30.407749], [-96.009448, 30.407533], [-96.010312, 30.407352], [-96.011329, 30.407576], [-96.012155, 30.407595], [-96.01305, 30.407472], [-96.013457, 30.407138], [-96.01377, 30.40663], [-96.013785, 30.406115], [-96.013963, 30.405689], [-96.014337, 30.405354], [-96.014975, 30.405025], [-96.015957, 30.404795], [-96.017273, 30.405777], [-96.018043, 30.407101], [-96.018135, 30.40756], [-96.019129, 30.408527], [-96.019954, 30.408575], [-96.021149, 30.408373], [-96.022039, 30.408451], [-96.022884, 30.408899], [-96.02423, 30.409188], [-96.025599, 30.408675], [-96.0268, 30.408302], [-96.027822, 30.408382], [-96.028865, 30.408835], [-96.030142, 30.409208], [-96.031052, 30.409325], [-96.031964, 30.409049], [-96.033374, 30.408279], [-96.034854, 30.406337], [-96.035796, 30.405758], [-96.037429, 30.405279], [-96.038826, 30.404967], [-96.040567, 30.405293], [-96.042849, 30.405202], [-96.043953, 30.40474], [-96.045647, 30.403347], [-96.047422, 30.402528], [-96.049018, 30.402525], [-96.049908, 30.402241], [-96.051417, 30.401473], [-96.052364, 30.40075], [-96.053289, 30.399654], [-96.054033, 30.39907], [-96.055345, 30.397181], [-96.056443, 30.395803], [-96.05788, 30.395262], [-96.059304, 30.395123], [-96.060866, 30.395931], [-96.061845, 30.396297], [-96.06352, 30.396649], [-96.064369, 30.396955], [-96.064822, 30.39728], [-96.065738, 30.398675], [-96.066352, 30.400235], [-96.06703, 30.400713], [-96.068108, 30.401162], [-96.069243, 30.400758], [-96.070095, 30.399889], [-96.071464, 30.399376], [-96.072429, 30.399169], [-96.072964, 30.398923], [-96.07294, 30.398635], [-96.072523, 30.398112], [-96.072573, 30.396429], [-96.073841, 30.394342], [-96.074395, 30.392734], [-96.075347, 30.392133], [-96.076364, 30.39124], [-96.078005, 30.389386], [-96.078919, 30.388634], [-96.079307, 30.387812], [-96.079341, 30.386668], [-96.079472, 30.385611], [-96.07973, 30.384701], [-96.080843, 30.383924], [-96.081814, 30.383487], [-96.084273, 30.384086], [-96.085595, 30.384094], [-96.0887, 30.383494], [-96.094307, 30.381504], [-96.095444, 30.380404], [-96.097164, 30.379248], [-96.098098, 30.378925], [-96.10021, 30.379001], [-96.101355, 30.37937], [-96.102675, 30.379399], [-96.104038, 30.379086], [-96.106164, 30.377558], [-96.107731, 30.375932], [-96.107976, 30.375451], [-96.108073, 30.374394], [-96.108219, 30.373939], [-96.108825, 30.373523], [-96.109551, 30.373539], [-96.110274, 30.373669], [-96.110782, 30.373904], [-96.111934, 30.374187], [-96.114413, 30.37514], [-96.116249, 30.375181], [-96.116804, 30.374921], [-96.117337, 30.376059], [-96.118255, 30.376279], [-96.119578, 30.376223], [-96.121348, 30.375546], [-96.123176, 30.375157], [-96.125751, 30.375185], [-96.12738, 30.374791], [-96.12811, 30.374693], [-96.128917, 30.374195], [-96.129192, 30.372683], [-96.129437, 30.371085], [-96.130879, 30.370344], [-96.131155, 30.369949], [-96.131189, 30.368776], [-96.131432, 30.368211], [-96.133914, 30.357603], [-96.137784, 30.349176], [-96.136488, 30.340565], [-96.139904, 30.334406], [-96.141929, 30.332597], [-96.142748, 30.3321], [-96.14353, 30.331926], [-96.144221, 30.331883], [-96.144775, 30.331953], [-96.14614, 30.332448], [-96.148941, 30.333017], [-96.149564, 30.33303], [-96.149999, 30.332898], [-96.151998, 30.331712], [-96.153055, 30.331277], [-96.154186, 30.330911], [-96.154246, 30.330972], [-96.154171, 30.332094], [-96.154444, 30.332767], [-96.154438, 30.333234], [-96.154013, 30.334002], [-96.153232, 30.334475], [-96.151728, 30.334747], [-96.150813, 30.335088], [-96.148346, 30.335397], [-96.146389, 30.335948], [-96.144092, 30.336957], [-96.14249, 30.338037], [-96.141546, 30.339083], [-96.140259, 30.339654], [-96.139812, 30.340291], [-96.139812, 30.340935], [-96.140093, 30.341723], [-96.14055, 30.342446], [-96.140997, 30.342766], [-96.141712, 30.342953], [-96.145245, 30.343044], [-96.145874, 30.343225], [-96.147843, 30.344424], [-96.148465, 30.345], [-96.148542, 30.346564], [-96.149693, 30.349892], [-96.149758, 30.352225], [-96.149069, 30.353116], [-96.148446, 30.353312], [-96.14762, 30.353278], [-96.14536, 30.352165], [-96.143597, 30.352102], [-96.142737, 30.352525], [-96.142423, 30.352905], [-96.141639, 30.355356], [-96.141778, 30.356308], [-96.142469, 30.35732], [-96.142623, 30.35806], [-96.142437, 30.359626], [-96.142511, 30.361131], [-96.142292, 30.362004], [-96.141712, 30.362947], [-96.141609, 30.36551], [-96.141991, 30.366498], [-96.14215, 30.367815], [-96.142617, 30.368367], [-96.143896, 30.368864], [-96.144657, 30.369365], [-96.1455, 30.370874], [-96.14548, 30.371828], [-96.144249, 30.374493], [-96.144134, 30.37698], [-96.145035, 30.378137], [-96.146243, 30.379009], [-96.147067, 30.380284], [-96.147412, 30.381353], [-96.147418, 30.382322], [-96.147255, 30.38284], [-96.146023, 30.383993], [-96.14591, 30.384444], [-96.145251, 30.384822], [-96.144493, 30.384669], [-96.143641, 30.384238], [-96.142252, 30.384022], [-96.138971, 30.383138], [-96.13786, 30.383217], [-96.136528, 30.383621], [-96.135024, 30.384464], [-96.134193, 30.384583], [-96.1337, 30.386271], [-96.132247, 30.387902], [-96.12941, 30.388324], [-96.126735, 30.38804], [-96.126016, 30.387775], [-96.122909, 30.384709], [-96.122444, 30.384078], [-96.12174, 30.383893], [-96.121478, 30.383999], [-96.121141, 30.384718], [-96.121107, 30.385541], [-96.120898, 30.386047], [-96.120004, 30.386766], [-96.119702, 30.38715], [-96.119669, 30.387469], [-96.12025, 30.389109], [-96.121515, 30.390278], [-96.121683, 30.390834], [-96.121524, 30.391891], [-96.120956, 30.392253], [-96.119319, 30.392115], [-96.117595, 30.391278], [-96.117152, 30.39145], [-96.116756, 30.392229], [-96.116755, 30.392802], [-96.117654, 30.394881], [-96.117772, 30.396044], [-96.118416, 30.398448], [-96.118262, 30.39932], [-96.117367, 30.399791], [-96.116317, 30.399332], [-96.115672, 30.398342], [-96.114443, 30.397486], [-96.114046, 30.396912], [-96.114076, 30.394845], [-96.113772, 30.394337], [-96.113067, 30.394102], [-96.112343, 30.394433], [-96.111445, 30.395211], [-96.111157, 30.396071], [-96.11118, 30.39682], [-96.111932, 30.398324], [-96.113234, 30.399887], [-96.11355, 30.401183], [-96.113373, 30.401621], [-96.112698, 30.402295], [-96.110011, 30.404167], [-96.108193, 30.406208], [-96.107914, 30.406987], [-96.108147, 30.407425], [-96.10862, 30.407622], [-96.109564, 30.407538], [-96.11096, 30.407053], [-96.1116, 30.407357], [-96.111879, 30.407835], [-96.112015, 30.408973], [-96.112373, 30.409849], [-96.112933, 30.410516], [-96.113342, 30.411377], [-96.11369, 30.412727], [-96.113601, 30.413186], [-96.112194, 30.415668], [-96.109523, 30.416902], [-96.10736, 30.417582], [-96.106743, 30.418294], [-96.106528, 30.418263], [-96.106154, 30.418928], [-96.106155, 30.419714], [-96.106533, 30.421322], [-96.106341, 30.421933], [-96.105601, 30.422125], [-96.104315, 30.421723], [-96.103517, 30.421211], [-96.103052, 30.420419], [-96.103516, 30.419345], [-96.103456, 30.418892], [-96.102814, 30.41829], [-96.101896, 30.417891], [-96.101321, 30.41739], [-96.100592, 30.417425], [-96.099717, 30.418542], [-96.098562, 30.419343], [-96.098259, 30.419841], [-96.09746, 30.420027], [-96.096178, 30.419936], [-96.095537, 30.419696], [-96.095307, 30.419209], [-96.095338, 30.418817], [-96.095878, 30.418195], [-96.095818, 30.417429], [-96.095309, 30.416926], [-96.094498, 30.416651], [-96.091697, 30.416471], [-96.087926, 30.417293], [-96.086653, 30.418299], [-96.084794, 30.420591], [-96.084163, 30.421601], [-96.082934, 30.422949], [-96.082812, 30.42364], [-96.083347, 30.424985], [-96.082887, 30.42606], [-96.082524, 30.428255], [-96.082094, 30.428615], [-96.080777, 30.428937], [-96.080216, 30.429422], [-96.079969, 30.43003], [-96.080009, 30.430435], [-96.080387, 30.431043], [-96.080975, 30.43129], [-96.085383, 30.430026], [-96.086791, 30.42989], [-96.087431, 30.430756], [-96.087328, 30.431409], [-96.086481, 30.43257], [-96.085882, 30.433865], [-96.086, 30.434552], [-96.085832, 30.435217], [-96.086, 30.435559], [-96.086571, 30.436069], [-96.088471, 30.436779], [-96.090585, 30.438024], [-96.092821, 30.440101], [-96.093651, 30.440047], [-96.094352, 30.438887], [-96.09558, 30.438846], [-96.096234, 30.437566], [-96.09689, 30.437409], [-96.09732, 30.437586], [-96.097592, 30.438259], [-96.09827, 30.438888], [-96.099056, 30.440058], [-96.100629, 30.440693], [-96.102248, 30.438976], [-96.103185, 30.438347], [-96.103808, 30.437507], [-96.104669, 30.437032], [-96.105196, 30.437023], [-96.105709, 30.437608], [-96.105766, 30.438024], [-96.10644, 30.439313], [-96.106526, 30.440015], [-96.106217, 30.44028], [-96.104993, 30.440548], [-96.104766, 30.440835], [-96.104842, 30.44176], [-96.104598, 30.443787], [-96.10491, 30.444207], [-96.10534, 30.444408], [-96.106775, 30.443648], [-96.108706, 30.443801], [-96.109604, 30.443675], [-96.111013, 30.443155], [-96.111887, 30.442693], [-96.112109, 30.442317], [-96.112195, 30.441357], [-96.113073, 30.440607], [-96.114222, 30.441275], [-96.114558, 30.441146], [-96.115132, 30.440451], [-96.115909, 30.440427], [-96.117474, 30.441153], [-96.118433, 30.441276], [-96.118987, 30.441512], [-96.119176, 30.441737], [-96.119062, 30.4424], [-96.119354, 30.442696], [-96.119644, 30.442619], [-96.1197, 30.442247], [-96.119972, 30.441859], [-96.120453, 30.441921], [-96.121095, 30.443029], [-96.121976, 30.443579], [-96.1218, 30.444834], [-96.122177, 30.445047], [-96.122238, 30.445701], [-96.123164, 30.446118], [-96.12288, 30.446714], [-96.123016, 30.447038], [-96.124507, 30.448197], [-96.125902, 30.448769], [-96.126509, 30.449508], [-96.126396, 30.449827], [-96.125683, 30.450215], [-96.12589, 30.450884], [-96.125482, 30.451207], [-96.125398, 30.451479], [-96.124776, 30.451244], [-96.124367, 30.451274], [-96.12371, 30.451799], [-96.12353, 30.453286], [-96.122784, 30.454464], [-96.122819, 30.454816], [-96.123073, 30.455139], [-96.123638, 30.455544], [-96.124356, 30.455586], [-96.124688, 30.455383], [-96.124894, 30.454644], [-96.124691, 30.454117], [-96.124795, 30.453969], [-96.128129, 30.453441], [-96.128918, 30.452538], [-96.129821, 30.452384], [-96.130018, 30.452555], [-96.129903, 30.454093], [-96.129403, 30.455314], [-96.128739, 30.456024], [-96.126619, 30.456492], [-96.126375, 30.456678], [-96.12614, 30.457276], [-96.126175, 30.457521], [-96.126602, 30.45801], [-96.127166, 30.457773], [-96.128057, 30.458213], [-96.128363, 30.458983], [-96.129276, 30.459519], [-96.129709, 30.460115], [-96.129655, 30.460787], [-96.129143, 30.461182], [-96.128808, 30.461745], [-96.128939, 30.462189], [-96.129405, 30.462564], [-96.130283, 30.463871], [-96.129431, 30.465829], [-96.129483, 30.466248], [-96.129705, 30.466496], [-96.130138, 30.466608], [-96.130572, 30.466289], [-96.131014, 30.466297], [-96.132395, 30.467246], [-96.133409, 30.467531], [-96.134453, 30.467282], [-96.134674, 30.46707], [-96.134896, 30.466396], [-96.135187, 30.466149], [-96.135632, 30.466084], [-96.136151, 30.466286], [-96.1364, 30.466562], [-96.136457, 30.467084], [-96.135812, 30.46893], [-96.135892, 30.469241], [-96.137328, 30.470225], [-96.137983, 30.471037], [-96.13975, 30.471545], [-96.139964, 30.471806], [-96.139988, 30.472262], [-96.13878, 30.473921], [-96.138803, 30.474204], [-96.139731, 30.474797], [-96.140852, 30.47497], [-96.141089, 30.4753], [-96.14079, 30.475572], [-96.139885, 30.475598], [-96.139499, 30.476014], [-96.139124, 30.477646], [-96.139567, 30.478764], [-96.139329, 30.479179], [-96.137724, 30.47916], [-96.137529, 30.478531], [-96.137775, 30.477463], [-96.137646, 30.477032], [-96.136907, 30.476453], [-96.13656, 30.476459], [-96.136253, 30.476741], [-96.136155, 30.477672], [-96.136976, 30.478499], [-96.136996, 30.478836], [-96.135553, 30.47947], [-96.135281, 30.479857], [-96.135445, 30.480363], [-96.13674, 30.48086], [-96.137004, 30.481359], [-96.135604, 30.483317], [-96.135168, 30.483425], [-96.133907, 30.483344], [-96.13335, 30.483579], [-96.133113, 30.483868], [-96.132896, 30.48557], [-96.133038, 30.486226], [-96.132708, 30.487348], [-96.132554, 30.488708], [-96.13276, 30.48954], [-96.1321, 30.49054], [-96.132556, 30.491103], [-96.132504, 30.491905], [-96.132867, 30.492282], [-96.133232, 30.492395], [-96.134135, 30.491867], [-96.134647, 30.491839], [-96.134826, 30.492069], [-96.134917, 30.493103], [-96.135082, 30.493419], [-96.135391, 30.493471], [-96.136102, 30.493021], [-96.136585, 30.493207], [-96.136575, 30.493522], [-96.136061, 30.494197], [-96.136032, 30.494975], [-96.136668, 30.495394], [-96.13772, 30.495428], [-96.137955, 30.49572], [-96.137852, 30.496995], [-96.137486, 30.497935], [-96.136737, 30.498853], [-96.136604, 30.499378], [-96.136836, 30.500077], [-96.137819, 30.501184], [-96.138342, 30.501417], [-96.138778, 30.501096], [-96.139108, 30.500448], [-96.139522, 30.500156], [-96.139897, 30.500252], [-96.140285, 30.500792], [-96.140741, 30.500816], [-96.141425, 30.500413], [-96.142185, 30.50038], [-96.14253, 30.500989], [-96.142913, 30.502442], [-96.143093, 30.502623], [-96.144127, 30.502645], [-96.144663, 30.503108], [-96.144688, 30.503893], [-96.144152, 30.504453], [-96.142481, 30.503719], [-96.142248, 30.503928], [-96.142561, 30.50598], [-96.141589, 30.506118], [-96.141061, 30.506389], [-96.141009, 30.50785], [-96.140187, 30.508407], [-96.140033, 30.508615], [-96.140079, 30.508997], [-96.140332, 30.509213], [-96.139889, 30.50941], [-96.13706, 30.507884], [-96.13505, 30.508821], [-96.130816, 30.510199], [-96.128564, 30.509708], [-96.127741, 30.510199], [-96.127343, 30.510608], [-96.126462, 30.511007], [-96.125917, 30.511455], [-96.124517, 30.511424], [-96.121326, 30.512267], [-96.119838, 30.512597], [-96.119164, 30.513223], [-96.116687, 30.513473], [-96.115084, 30.513962], [-96.114316, 30.513246], [-96.113114, 30.513554], [-96.112385, 30.514338], [-96.112557, 30.515055], [-96.111809, 30.515329], [-96.111224, 30.515796], [-96.110104, 30.515582], [-96.10878, 30.516339], [-96.108486, 30.517191], [-96.106933, 30.517432], [-96.106403, 30.518279], [-96.105517, 30.518696], [-96.104709, 30.51958], [-96.103497, 30.520237], [-96.101637, 30.521766], [-96.100776, 30.523857], [-96.099357, 30.525251], [-96.098449, 30.526962], [-96.098, 30.527359], [-96.096885, 30.529546], [-96.09556, 30.533401], [-96.096291, 30.534799], [-96.096265, 30.535672], [-96.095907, 30.53642], [-96.096694, 30.537645], [-96.096336, 30.538088], [-96.095893, 30.538297], [-96.094919, 30.538275], [-96.092011, 30.53885], [-96.090012, 30.538805], [-96.088763, 30.540087], [-96.087974, 30.540084], [-96.087174, 30.541259], [-96.086675, 30.541087], [-96.086377, 30.541212], [-96.085611, 30.540976], [-96.084097, 30.541554], [-96.083681, 30.542548], [-96.083083, 30.543146], [-96.081926, 30.543629], [-96.080427, 30.544847], [-96.079681, 30.54563], [-96.078404, 30.545762], [-96.077778, 30.546868], [-96.077258, 30.548776], [-96.076757, 30.548692], [-96.076095, 30.54891], [-96.075279, 30.54863], [-96.07417, 30.54862], [-96.073517, 30.549667], [-96.073663, 30.550383], [-96.073035, 30.550616], [-96.071682, 30.549771], [-96.070036, 30.549167], [-96.070656, 30.551188], [-96.070809, 30.552239], [-96.069785, 30.552202], [-96.069417, 30.552673], [-96.069255, 30.553324], [-96.068846, 30.554072], [-96.068578, 30.554022], [-96.068339, 30.553595], [-96.067249, 30.552945], [-96.066124, 30.552919], [-96.065213, 30.553583], [-96.064635, 30.554355], [-96.0646, 30.554936], [-96.064397, 30.555543], [-96.063897, 30.555691], [-96.063488, 30.55558], [-96.063011, 30.55525], [-96.062488, 30.55531], [-96.061506, 30.554968], [-96.060557, 30.555223], [-96.059452, 30.55674], [-96.058359, 30.557865], [-96.058194, 30.558341], [-96.058558, 30.559368], [-96.057826, 30.559671], [-96.057236, 30.558887], [-96.056774, 30.558877], [-96.056208, 30.559242], [-96.055875, 30.559686], [-96.055448, 30.560752], [-96.054426, 30.56118], [-96.05359, 30.561598], [-96.052882, 30.562775], [-96.051127, 30.564088], [-96.050353, 30.566049], [-96.050317, 30.567823], [-96.050032, 30.568326], [-96.049148, 30.568669], [-96.048206, 30.567571], [-96.047524, 30.567338], [-96.046127, 30.56767], [-96.042956, 30.565212], [-96.043491, 30.563114], [-96.044467, 30.562511], [-96.04315, 30.561885], [-96.041819, 30.560327], [-96.039671, 30.557965], [-96.038663, 30.557942], [-96.038125, 30.557682], [-96.037419, 30.557666], [-96.036841, 30.558439], [-96.036085, 30.558436], [-96.034603, 30.556845], [-96.033921, 30.556626], [-96.031106, 30.556577], [-96.030323, 30.556355], [-96.029281, 30.557466], [-96.028182, 30.558198], [-96.028161, 30.55891], [-96.028901, 30.56028], [-96.029109, 30.561172], [-96.029719, 30.562117], [-96.030005, 30.562385], [-96.029539, 30.56332], [-96.029135, 30.564446], [-96.028831, 30.565588], [-96.028033, 30.56557], [-96.026909, 30.566054], [-96.026476, 30.567018], [-96.025477, 30.567257], [-96.02403, 30.568126], [-96.024005, 30.56894], [-96.021775, 30.570373], [-96.020498, 30.570911], [-96.01979, 30.570677], [-96.019439, 30.571178], [-96.01941, 30.572108], [-96.020396, 30.572858], [-96.020376, 30.573513], [-96.017811, 30.573817], [-96.01667, 30.574577], [-96.014781, 30.575581], [-96.014088, 30.575711], [-96.011299, 30.575647], [-96.011137, 30.575439], [-96.010608, 30.575427], [-96.009035, 30.57654], [-96.00927, 30.577389], [-96.008996, 30.578358], [-96.009079, 30.578956], [-96.009024, 30.58073], [-96.008506, 30.581707], [-96.00779, 30.583422], [-96.007492, 30.584899], [-96.00673, 30.585623], [-96.006709, 30.586292], [-96.005834, 30.586592], [-96.005278, 30.587175], [-96.005258, 30.587815], [-96.004181, 30.588139], [-96.003801, 30.588436], [-96.002474, 30.588406], [-96.001327, 30.587986], [-96.000536, 30.587983], [-95.999349, 30.588474], [-95.99886, 30.589223], [-95.996974, 30.589667], [-95.994972, 30.591125], [-95.994707, 30.592027], [-95.993939, 30.592382], [-95.992741, 30.592262], [-95.990944, 30.592472], [-95.98932, 30.593521], [-95.98869, 30.594442], [-95.987521, 30.594469], [-95.98392, 30.596206], [-95.98121, 30.596036], [-95.978944, 30.596826], [-95.978497, 30.595761], [-95.978911, 30.594972], [-95.979777, 30.592212], [-95.979743, 30.591106], [-95.975811, 30.590806], [-95.965844, 30.589938], [-95.963526, 30.593047], [-95.962268, 30.593329], [-95.961038, 30.593757], [-95.960444, 30.595035], [-95.959685, 30.595717], [-95.958867, 30.597675], [-95.958121, 30.598788], [-95.957237, 30.599377], [-95.954696, 30.59993], [-95.953052, 30.601169], [-95.950496, 30.600468], [-95.948354, 30.600538], [-95.946693, 30.601197], [-95.945969, 30.600623], [-95.942955, 30.599495], [-95.941336, 30.597988], [-95.940261, 30.597352], [-95.938589, 30.597853], [-95.936902, 30.597884]]]}},
    {"type": "Feature", "properties": {"name": "Caney Creek-Bedias Creek", "description": "Watershed: the land draining to this stream", "USGS watershed code": "1203020204"}, "geometry": {"type": "Polygon", "coordinates": [[[-95.996533, 30.751583], [-95.997266, 30.751605], [-95.998065, 30.752333], [-96.000153, 30.753255], [-96.000159, 30.753995], [-96.0012, 30.754386], [-96.002152, 30.75314], [-96.003112, 30.752711], [-96.003832, 30.752643], [-96.004554, 30.753562], [-96.005658, 30.753728], [-96.008736, 30.754448], [-96.009533, 30.753451], [-96.010346, 30.751441], [-96.011245, 30.750842], [-96.011471, 30.749889], [-96.013051, 30.749418], [-96.014322, 30.749476], [-96.014967, 30.749209], [-96.016075, 30.749234], [-96.017652, 30.749947], [-96.020044, 30.749607], [-96.020892, 30.749627], [-96.023412, 30.749375], [-96.023446, 30.748277], [-96.024492, 30.746102], [-96.024517, 30.744215], [-96.024941, 30.742647], [-96.023778, 30.741183], [-96.02278, 30.739187], [-96.024765, 30.73881], [-96.026291, 30.738], [-96.028213, 30.738072], [-96.029419, 30.737057], [-96.030333, 30.73705], [-96.031269, 30.73631], [-96.032046, 30.736497], [-96.033705, 30.735577], [-96.035673, 30.73472], [-96.036604, 30.73522], [-96.03798, 30.736069], [-96.03938, 30.738299], [-96.04278, 30.739138], [-96.045288, 30.74035], [-96.048129, 30.742951], [-96.049058, 30.74565], [-96.049545, 30.746788], [-96.050418, 30.750722], [-96.052457, 30.75221], [-96.052861, 30.752245], [-96.053194, 30.752111], [-96.053346, 30.751845], [-96.053936, 30.752007], [-96.053812, 30.752568], [-96.053889, 30.753891], [-96.054354, 30.754918], [-96.055287, 30.756443], [-96.053543, 30.756911], [-96.052949, 30.758194], [-96.052922, 30.759095], [-96.052604, 30.759877], [-96.052916, 30.760363], [-96.052901, 30.76087], [-96.053018, 30.761143], [-96.052897, 30.762156], [-96.053051, 30.763509], [-96.054175, 30.763655], [-96.055314, 30.763559], [-96.056522, 30.763603], [-96.057755, 30.763806], [-96.058288, 30.76398], [-96.059224, 30.764658], [-96.059781, 30.765334], [-96.062417, 30.76541], [-96.063245, 30.76512], [-96.063978, 30.764692], [-96.06486, 30.764748], [-96.065924, 30.764519], [-96.067452, 30.763686], [-96.070126, 30.762824], [-96.071472, 30.763636], [-96.072093, 30.763811], [-96.073603, 30.766055], [-96.073556, 30.767369], [-96.074916, 30.767709], [-96.076491, 30.768506], [-96.076453, 30.769773], [-96.075875, 30.770549], [-96.076528, 30.772678], [-96.077357, 30.773344], [-96.077723, 30.77417], [-96.077017, 30.774858], [-96.076455, 30.77617], [-96.076964, 30.778239], [-96.078968, 30.781581], [-96.08235, 30.781996], [-96.083079, 30.782717], [-96.085477, 30.783278], [-96.084313, 30.784013], [-96.083419, 30.785514], [-96.081096, 30.786758], [-96.080184, 30.78778], [-96.078781, 30.788848], [-96.078105, 30.789593], [-96.078038, 30.791283], [-96.080217, 30.791557], [-96.082066, 30.794107], [-96.081848, 30.79537], [-96.081759, 30.798299], [-96.081093, 30.799834], [-96.082055, 30.800391], [-96.083211, 30.802108], [-96.084729, 30.80265], [-96.086147, 30.802202], [-96.087407, 30.803724], [-96.087361, 30.805245], [-96.087969, 30.806724], [-96.089223, 30.806273], [-96.091573, 30.806298], [-96.092368, 30.806992], [-96.093913, 30.807731], [-96.094572, 30.80862], [-96.094569, 30.809803], [-96.097642, 30.808604], [-96.098762, 30.809362], [-96.100271, 30.809649], [-96.100622, 30.80884], [-96.101717, 30.808244], [-96.103731, 30.808971], [-96.105105, 30.809588], [-96.105064, 30.810968], [-96.105342, 30.812581], [-96.105302, 30.813904], [-96.104014, 30.814411], [-96.102881, 30.815147], [-96.102423, 30.816264], [-96.102389, 30.817418], [-96.101442, 30.817961], [-96.102347, 30.819362], [-96.101419, 30.820891], [-96.102803, 30.82157], [-96.102759, 30.823006], [-96.102885, 30.824249], [-96.103039, 30.825126], [-96.102497, 30.829962], [-96.00443, 30.843968], [-95.995767, 30.845059], [-95.915146, 30.856533], [-95.875228, 30.862672], [-95.873019, 30.862635], [-95.863059, 30.864125], [-95.858043, 30.828093], [-95.858805, 30.828465], [-95.860344, 30.830319], [-95.860961, 30.831629], [-95.862067, 30.83077], [-95.863586, 30.829412], [-95.86556, 30.829], [-95.868489, 30.827784], [-95.869482, 30.82702], [-95.870493, 30.825755], [-95.872843, 30.823609], [-95.871641, 30.82127], [-95.871578, 30.819145], [-95.870588, 30.817149], [-95.871923, 30.813842], [-95.87298, 30.812191], [-95.874767, 30.811392], [-95.876306, 30.81075], [-95.877494, 30.810116], [-95.877882, 30.807959], [-95.878689, 30.803829], [-95.877117, 30.80253], [-95.876388, 30.800853], [-95.876667, 30.800098], [-95.879065, 30.800414], [-95.889384, 30.80014], [-95.893533, 30.800904], [-95.895124, 30.799967], [-95.89658, 30.800197], [-95.897137, 30.798666], [-95.896941, 30.797976], [-95.896172, 30.797494], [-95.896869, 30.797261], [-95.897497, 30.797247], [-95.89895, 30.79792], [-95.90045, 30.796576], [-95.901182, 30.796179], [-95.902313, 30.794393], [-95.903299, 30.791469], [-95.903666, 30.790057], [-95.90363, 30.788864], [-95.903186, 30.787854], [-95.905503, 30.787781], [-95.907653, 30.7869], [-95.909058, 30.788724], [-95.9101, 30.790413], [-95.912535, 30.7931], [-95.917572, 30.789145], [-95.922707, 30.785491], [-95.923074, 30.785768], [-95.923529, 30.785354], [-95.926227, 30.785293], [-95.930143, 30.784063], [-95.931943, 30.784379], [-95.932371, 30.783037], [-95.933618, 30.782367], [-95.936218, 30.781356], [-95.939076, 30.780221], [-95.939805, 30.780205], [-95.940187, 30.780529], [-95.94348, 30.778109], [-95.947059, 30.775521], [-95.950307, 30.775447], [-95.951687, 30.775083], [-95.954635, 30.772399], [-95.959621, 30.771524], [-95.960937, 30.771079], [-95.963412, 30.769218], [-95.96445, 30.768969], [-95.966761, 30.767979], [-95.968006, 30.76795], [-95.969728, 30.766783], [-95.970745, 30.767159], [-95.971216, 30.76812], [-95.972583, 30.768106], [-95.97452, 30.768356], [-95.975417, 30.769099], [-95.976461, 30.769075], [-95.978926, 30.767873], [-95.980585, 30.767592], [-95.982945, 30.768527], [-95.983528, 30.768513], [-95.983859, 30.767782], [-95.985524, 30.767114], [-95.98687, 30.767083], [-95.987398, 30.766637], [-95.988402, 30.766614], [-95.988673, 30.76626], [-95.988642, 30.765255], [-95.988769, 30.764506], [-95.989243, 30.762933], [-95.989967, 30.761632], [-95.990983, 30.760706], [-95.990838, 30.759929], [-95.990989, 30.758953], [-95.991586, 30.757812], [-95.992052, 30.757826], [-95.993053, 30.757322], [-95.993662, 30.757337], [-95.994841, 30.757129], [-95.995152, 30.75615], [-95.994745, 30.75495], [-95.99482, 30.752561], [-95.996294, 30.751932], [-95.996533, 30.751583]]]}},
    {"type": "Feature", "properties": {"name": "South Bedias Creek-Bedias Creek", "description": "Watershed: the land draining to this stream", "USGS watershed code": "1203020205"}, "geometry": {"type": "Polygon", "coordinates": [[[-95.858711, 30.660103], [-95.860352, 30.659269], [-95.861448, 30.659181], [-95.863252, 30.658681], [-95.864626, 30.65817], [-95.866047, 30.657259], [-95.866526, 30.656756], [-95.86661, 30.656214], [-95.866598, 30.654885], [-95.866872, 30.654145], [-95.869558, 30.652105], [-95.870879, 30.651163], [-95.871743, 30.65107], [-95.873345, 30.65171], [-95.874201, 30.651873], [-95.875094, 30.651923], [-95.876837, 30.65228], [-95.877731, 30.652302], [-95.878917, 30.652473], [-95.879842, 30.652553], [-95.880803, 30.652519], [-95.881544, 30.652136], [-95.882307, 30.652097], [-95.882822, 30.652567], [-95.883127, 30.653376], [-95.883201, 30.654151], [-95.883473, 30.654988], [-95.884073, 30.65589], [-95.884823, 30.656251], [-95.885878, 30.656391], [-95.886464, 30.656691], [-95.887333, 30.657485], [-95.887418, 30.657945], [-95.888153, 30.658765], [-95.889032, 30.659244], [-95.890744, 30.659542], [-95.892557, 30.659815], [-95.89471, 30.659809], [-95.89535, 30.659481], [-95.89576, 30.65909], [-95.896168, 30.657725], [-95.896979, 30.657201], [-95.89883, 30.657302], [-95.899135, 30.657109], [-95.899412, 30.656715], [-95.900331, 30.655935], [-95.901539, 30.655449], [-95.903176, 30.655001], [-95.904987, 30.654271], [-95.906148, 30.654213], [-95.906848, 30.654087], [-95.907486, 30.653815], [-95.907926, 30.653511], [-95.908348, 30.652719], [-95.908618, 30.651327], [-95.909658, 30.651831], [-95.910681, 30.651808], [-95.911228, 30.652154], [-95.912494, 30.652115], [-95.915385, 30.652567], [-95.91726, 30.653283], [-95.91759, 30.653719], [-95.918171, 30.652778], [-95.919072, 30.652758], [-95.919724, 30.652532], [-95.920931, 30.652948], [-95.922259, 30.652517], [-95.923934, 30.651457], [-95.925523, 30.653234], [-95.926685, 30.653756], [-95.927021, 30.655203], [-95.927602, 30.655064], [-95.928887, 30.655625], [-95.929962, 30.657329], [-95.92918, 30.658053], [-95.929376, 30.658913], [-95.929985, 30.6597], [-95.933013, 30.664669], [-95.933438, 30.665039], [-95.934423, 30.665354], [-95.935325, 30.666135], [-95.93591, 30.666944], [-95.93649, 30.667563], [-95.937576, 30.667201], [-95.938004, 30.666833], [-95.939943, 30.668106], [-95.941846, 30.669697], [-95.940984, 30.671825], [-95.940505, 30.673732], [-95.942254, 30.675126], [-95.942291, 30.676348], [-95.943992, 30.677743], [-95.945045, 30.677086], [-95.946996, 30.678686], [-95.948022, 30.680339], [-95.948061, 30.681645], [-95.950306, 30.682479], [-95.950338, 30.683511], [-95.951001, 30.684487], [-95.952661, 30.685324], [-95.953179, 30.684722], [-95.954088, 30.684132], [-95.954999, 30.683626], [-95.957028, 30.682969], [-95.95823, 30.683195], [-95.959683, 30.684468], [-95.96013, 30.685523], [-95.960151, 30.686218], [-95.959787, 30.68787], [-95.960073, 30.689234], [-95.960448, 30.689552], [-95.960547, 30.691995], [-95.962117, 30.693076], [-95.963264, 30.694705], [-95.96429, 30.695535], [-95.964632, 30.696349], [-95.96558, 30.697055], [-95.967124, 30.697733], [-95.967671, 30.698138], [-95.967647, 30.698423], [-95.967005, 30.699506], [-95.9666, 30.699899], [-95.965922, 30.701243], [-95.965803, 30.701743], [-95.965863, 30.702873], [-95.96578, 30.705165], [-95.965798, 30.705755], [-95.966931, 30.706108], [-95.96695, 30.70674], [-95.967897, 30.707393], [-95.968571, 30.708685], [-95.969767, 30.7095], [-95.970311, 30.710225], [-95.970971, 30.710989], [-95.97138, 30.711605], [-95.971552, 30.712031], [-95.971592, 30.713337], [-95.973175, 30.714039], [-95.974488, 30.715484], [-95.974549, 30.717464], [-95.97391, 30.718912], [-95.973383, 30.719219], [-95.973792, 30.719842], [-95.974782, 30.720283], [-95.975503, 30.72151], [-95.975571, 30.723743], [-95.976944, 30.725524], [-95.980533, 30.727971], [-95.9832, 30.729027], [-95.984347, 30.729973], [-95.984267, 30.730398], [-95.984328, 30.730897], [-95.985001, 30.731864], [-95.986372, 30.73362], [-95.986995, 30.73412], [-95.987976, 30.734477], [-95.989284, 30.735152], [-95.990317, 30.736241], [-95.991353, 30.73712], [-95.992694, 30.737787], [-95.993582, 30.739664], [-95.993607, 30.740464], [-95.99259, 30.7423], [-95.992638, 30.743859], [-95.992971, 30.745158], [-95.994269, 30.746098], [-95.996093, 30.746688], [-95.9967, 30.747349], [-95.996724, 30.748149], [-95.995719, 30.750364], [-95.996533, 30.751583], [-95.996294, 30.751932], [-95.99482, 30.752561], [-95.994745, 30.75495], [-95.995152, 30.75615], [-95.994841, 30.757129], [-95.993662, 30.757337], [-95.993053, 30.757322], [-95.992052, 30.757826], [-95.991586, 30.757812], [-95.990989, 30.758953], [-95.990838, 30.759929], [-95.990983, 30.760706], [-95.989967, 30.761632], [-95.989243, 30.762933], [-95.988769, 30.764506], [-95.988642, 30.765255], [-95.988673, 30.76626], [-95.988402, 30.766614], [-95.987398, 30.766637], [-95.98687, 30.767083], [-95.985524, 30.767114], [-95.983859, 30.767782], [-95.983528, 30.768513], [-95.982945, 30.768527], [-95.980585, 30.767592], [-95.978926, 30.767873], [-95.976461, 30.769075], [-95.975417, 30.769099], [-95.97452, 30.768356], [-95.972583, 30.768106], [-95.971216, 30.76812], [-95.970745, 30.767159], [-95.969728, 30.766783], [-95.968006, 30.76795], [-95.966761, 30.767979], [-95.96445, 30.768969], [-95.963412, 30.769218], [-95.960937, 30.771079], [-95.959621, 30.771524], [-95.954635, 30.772399], [-95.951687, 30.775083], [-95.950307, 30.775447], [-95.947059, 30.775521], [-95.94348, 30.778109], [-95.940187, 30.780529], [-95.939805, 30.780205], [-95.939076, 30.780221], [-95.936218, 30.781356], [-95.933618, 30.782367], [-95.932371, 30.783037], [-95.931943, 30.784379], [-95.930143, 30.784063], [-95.926227, 30.785293], [-95.923529, 30.785354], [-95.923074, 30.785768], [-95.922707, 30.785491], [-95.917572, 30.789145], [-95.912535, 30.7931], [-95.9101, 30.790413], [-95.909058, 30.788724], [-95.907653, 30.7869], [-95.905503, 30.787781], [-95.903186, 30.787854], [-95.90363, 30.788864], [-95.903666, 30.790057], [-95.903299, 30.791469], [-95.902313, 30.794393], [-95.901182, 30.796179], [-95.90045, 30.796576], [-95.89895, 30.79792], [-95.897497, 30.797247], [-95.896869, 30.797261], [-95.896172, 30.797494], [-95.896941, 30.797976], [-95.897137, 30.798666], [-95.89658, 30.800197], [-95.895124, 30.799967], [-95.893533, 30.800904], [-95.889384, 30.80014], [-95.879065, 30.800414], [-95.876667, 30.800098], [-95.876388, 30.800853], [-95.877117, 30.80253], [-95.878689, 30.803829], [-95.877882, 30.807959], [-95.877494, 30.810116], [-95.876306, 30.81075], [-95.874767, 30.811392], [-95.87298, 30.812191], [-95.871923, 30.813842], [-95.870588, 30.817149], [-95.871578, 30.819145], [-95.871641, 30.82127], [-95.872843, 30.823609], [-95.870493, 30.825755], [-95.869482, 30.82702], [-95.868489, 30.827784], [-95.86556, 30.829], [-95.863586, 30.829412], [-95.862067, 30.83077], [-95.860961, 30.831629], [-95.860344, 30.830319], [-95.858805, 30.828465], [-95.858043, 30.828093], [-95.847197, 30.750193], [-95.845972, 30.740206], [-95.842293, 30.714485], [-95.843214, 30.713679], [-95.843939, 30.712809], [-95.84447, 30.711762], [-95.844496, 30.710961], [-95.844327, 30.710041], [-95.843457, 30.709276], [-95.84223, 30.708934], [-95.841421, 30.708392], [-95.840403, 30.701277], [-95.841154, 30.700659], [-95.841955, 30.700478], [-95.842768, 30.699926], [-95.84282, 30.699354], [-95.842043, 30.698791], [-95.841822, 30.698443], [-95.841984, 30.697559], [-95.84282, 30.696291], [-95.843056, 30.695152], [-95.843081, 30.694379], [-95.843226, 30.694011], [-95.84416, 30.693804], [-95.845571, 30.693209], [-95.847465, 30.692024], [-95.848339, 30.691616], [-95.849496, 30.691701], [-95.850379, 30.692037], [-95.850689, 30.691673], [-95.850651, 30.690813], [-95.850255, 30.689744], [-95.850175, 30.689141], [-95.850174, 30.687137], [-95.849819, 30.686517], [-95.84909, 30.685851], [-95.848642, 30.685353], [-95.848286, 30.684085], [-95.847473, 30.682605], [-95.847202, 30.681768], [-95.847119, 30.681251], [-95.847137, 30.679705], [-95.846858, 30.679097], [-95.846538, 30.678746], [-95.846398, 30.677969], [-95.846446, 30.677513], [-95.847219, 30.677159], [-95.848356, 30.676843], [-95.849462, 30.676441], [-95.850203, 30.676058], [-95.850497, 30.675266], [-95.850604, 30.674682], [-95.850545, 30.672685], [-95.851298, 30.670902], [-95.852007, 30.66946], [-95.85281, 30.668191], [-95.853571, 30.667178], [-95.854455, 30.666484], [-95.855635, 30.665854], [-95.856691, 30.664935], [-95.857366, 30.664551], [-95.857775, 30.664188], [-95.858125, 30.663624], [-95.858113, 30.662965], [-95.858526, 30.662489], [-95.859536, 30.660939], [-95.859285, 30.660503], [-95.858711, 30.660103]]]}},
    {"type": "Feature", "properties": {"name": "Wickson Creek-Navasota River", "description": "Watershed: the land draining to this stream", "USGS watershed code": "1207010306"}, "geometry": {"type": "Polygon", "coordinates": [[[-96.050418, 30.750722], [-96.052767, 30.749652], [-96.054119, 30.747653], [-96.05526, 30.747679], [-96.055646, 30.746814], [-96.056474, 30.746382], [-96.056506, 30.74498], [-96.055962, 30.741493], [-96.056491, 30.740136], [-96.059373, 30.738902], [-96.061242, 30.734908], [-96.061309, 30.732698], [-96.062763, 30.731678], [-96.063897, 30.72979], [-96.063955, 30.728545], [-96.064317, 30.728009], [-96.063831, 30.726594], [-96.064904, 30.723389], [-96.065011, 30.72118], [-96.069128, 30.718728], [-96.071702, 30.720041], [-96.07546, 30.718714], [-96.077515, 30.71876], [-96.081496, 30.719624], [-96.08384, 30.720565], [-96.084956, 30.720271], [-96.087469, 30.72174], [-96.088414, 30.720044], [-96.089875, 30.71906], [-96.091762, 30.714486], [-96.093238, 30.710864], [-96.094379, 30.707839], [-96.09585, 30.703311], [-96.096811, 30.700969], [-96.097478, 30.699418], [-96.095331, 30.697831], [-96.09543, 30.694535], [-96.096861, 30.692918], [-96.096911, 30.691243], [-96.097482, 30.689168], [-96.096755, 30.687448], [-96.097782, 30.686069], [-96.099087, 30.6839], [-96.099412, 30.683138], [-96.099837, 30.682735], [-96.102588, 30.682164], [-96.105035, 30.682219], [-96.106973, 30.681218], [-96.109156, 30.678381], [-96.110125, 30.678403], [-96.113661, 30.681367], [-96.114107, 30.682421], [-96.113756, 30.683512], [-96.114632, 30.685593], [-96.11618, 30.687001], [-96.117448, 30.686068], [-96.118433, 30.686089], [-96.11922, 30.685283], [-96.120348, 30.684758], [-96.120907, 30.684166], [-96.12116, 30.683127], [-96.121681, 30.682727], [-96.121721, 30.681353], [-96.122069, 30.680344], [-96.124304, 30.678415], [-96.12433, 30.677564], [-96.125051, 30.676811], [-96.12571, 30.674984], [-96.127887, 30.675554], [-96.12894, 30.675962], [-96.129322, 30.675394], [-96.130168, 30.674753], [-96.130873, 30.673477], [-96.130927, 30.671637], [-96.13163, 30.670443], [-96.133132, 30.671273], [-96.134295, 30.669568], [-96.135263, 30.669094], [-96.136089, 30.669113], [-96.136881, 30.668113], [-96.137283, 30.666885], [-96.13863, 30.665404], [-96.139277, 30.665033], [-96.140385, 30.665195], [-96.141227, 30.664114], [-96.140555, 30.662094], [-96.140839, 30.661111], [-96.140548, 30.660197], [-96.141381, 30.658897], [-96.142375, 30.658589], [-96.142835, 30.658077], [-96.143367, 30.65622], [-96.14446, 30.654732], [-96.145448, 30.654094], [-96.145861, 30.653004], [-96.147241, 30.651496], [-96.148695, 30.652847], [-96.149545, 30.65314], [-96.150928, 30.652566], [-96.151386, 30.651037], [-96.15143, 30.649554], [-96.153367, 30.648525], [-96.155695, 30.649345], [-96.156139, 30.648311], [-96.156197, 30.646306], [-96.156447, 30.644827], [-96.155822, 30.643385], [-96.156213, 30.641964], [-96.159654, 30.640583], [-96.159832, 30.639927], [-96.159846, 30.639461], [-96.159021, 30.638316], [-96.159087, 30.636613], [-96.158386, 30.635581], [-96.156862, 30.635548], [-96.156087, 30.634871], [-96.154998, 30.633006], [-96.154006, 30.632682], [-96.154289, 30.631699], [-96.154312, 30.63093], [-96.154083, 30.630046], [-96.154678, 30.629262], [-96.155949, 30.628191], [-96.156271, 30.626961], [-96.155476, 30.625899], [-96.155526, 30.624197], [-96.156642, 30.623534], [-96.15684, 30.622714], [-96.158694, 30.62127], [-96.159594, 30.619806], [-96.16081, 30.618431], [-96.161344, 30.618663], [-96.162654, 30.618417], [-96.163337, 30.617854], [-96.163326, 30.617139], [-96.164932, 30.615471], [-96.166274, 30.615198], [-96.166428, 30.614844], [-96.166249, 30.614428], [-96.166263, 30.613961], [-96.16703, 30.612714], [-96.167869, 30.612023], [-96.168888, 30.611864], [-96.169691, 30.611881], [-96.169473, 30.610969], [-96.169663, 30.610459], [-96.169544, 30.609731], [-96.170414, 30.608691], [-96.171089, 30.609522], [-96.172153, 30.610211], [-96.174877, 30.611125], [-96.177236, 30.611009], [-96.17863, 30.611008], [-96.179528, 30.611111], [-96.180172, 30.611301], [-96.180779, 30.611907], [-96.181163, 30.613235], [-96.181608, 30.613384], [-96.181473, 30.613843], [-96.181634, 30.614464], [-96.181168, 30.615412], [-96.181309, 30.615748], [-96.182165, 30.61577], [-96.182542, 30.616938], [-96.182313, 30.617635], [-96.180587, 30.617996], [-96.179807, 30.617386], [-96.179095, 30.618161], [-96.179229, 30.618403], [-96.179966, 30.618321], [-96.180404, 30.618471], [-96.17977, 30.619076], [-96.180248, 30.61999], [-96.180368, 30.621536], [-96.17872, 30.622085], [-96.178059, 30.621942], [-96.177572, 30.622749], [-96.177519, 30.623205], [-96.177194, 30.623337], [-96.175055, 30.62298], [-96.174416, 30.622601], [-96.173597, 30.622704], [-96.174151, 30.623617], [-96.173916, 30.623936], [-96.174077, 30.6244], [-96.173663, 30.625158], [-96.174152, 30.625586], [-96.174283, 30.625916], [-96.173795, 30.626472], [-96.173886, 30.627622], [-96.173102, 30.627962], [-96.173333, 30.628569], [-96.173224, 30.628831], [-96.172377, 30.629312], [-96.172138, 30.629657], [-96.170938, 30.629672], [-96.170624, 30.629365], [-96.170358, 30.629886], [-96.169117, 30.630137], [-96.169338, 30.630493], [-96.170463, 30.630812], [-96.170607, 30.631063], [-96.170576, 30.631528], [-96.169922, 30.63229], [-96.1702, 30.632807], [-96.170641, 30.632793], [-96.171164, 30.633199], [-96.171076, 30.633724], [-96.171664, 30.634163], [-96.171519, 30.634608], [-96.170717, 30.635635], [-96.171025, 30.636088], [-96.172046, 30.635127], [-96.172786, 30.635253], [-96.172992, 30.635747], [-96.172552, 30.637246], [-96.172054, 30.638129], [-96.170722, 30.638347], [-96.169809, 30.638676], [-96.168404, 30.638697], [-96.169373, 30.639236], [-96.169638, 30.639734], [-96.168892, 30.640241], [-96.169111, 30.641539], [-96.168963, 30.641981], [-96.168126, 30.642553], [-96.167799, 30.643163], [-96.167053, 30.643833], [-96.166153, 30.643096], [-96.165816, 30.642975], [-96.165556, 30.643085], [-96.165784, 30.64403], [-96.166331, 30.644489], [-96.165758, 30.647063], [-96.166926, 30.647024], [-96.167365, 30.647218], [-96.16769, 30.647732], [-96.167151, 30.649144], [-96.167363, 30.649568], [-96.167781, 30.649986], [-96.169282, 30.649893], [-96.169508, 30.650318], [-96.16901, 30.651353], [-96.168106, 30.650997], [-96.167784, 30.651318], [-96.167245, 30.652281], [-96.167122, 30.653019], [-96.167265, 30.653537], [-96.167173, 30.65499], [-96.166891, 30.655024], [-96.166486, 30.654239], [-96.165944, 30.654375], [-96.165406, 30.657601], [-96.164897, 30.658294], [-96.163978, 30.658997], [-96.164057, 30.659223], [-96.164689, 30.659477], [-96.164825, 30.659992], [-96.165459, 30.660689], [-96.165359, 30.660936], [-96.164458, 30.661182], [-96.164355, 30.661489], [-96.164391, 30.662275], [-96.164905, 30.662948], [-96.165376, 30.663164], [-96.165987, 30.663136], [-96.166632, 30.662727], [-96.167117, 30.662703], [-96.16846, 30.663147], [-96.169297, 30.663656], [-96.169116, 30.663974], [-96.167754, 30.664831], [-96.16749, 30.66527], [-96.167663, 30.665737], [-96.168537, 30.665944], [-96.168772, 30.666356], [-96.168772, 30.667882], [-96.168241, 30.668594], [-96.168083, 30.669144], [-96.168364, 30.66957], [-96.169062, 30.669912], [-96.168651, 30.670336], [-96.168439, 30.67112], [-96.168791, 30.67184], [-96.168741, 30.67226], [-96.169141, 30.672707], [-96.169467, 30.672691], [-96.170745, 30.672082], [-96.171364, 30.672122], [-96.170412, 30.673169], [-96.170142, 30.67368], [-96.170847, 30.674783], [-96.171486, 30.675341], [-96.171712, 30.67584], [-96.17201, 30.677123], [-96.171925, 30.678191], [-96.172736, 30.679843], [-96.172498, 30.680248], [-96.171867, 30.680407], [-96.170623, 30.680211], [-96.169999, 30.681358], [-96.170247, 30.68154], [-96.17092, 30.681437], [-96.171268, 30.68163], [-96.171485, 30.682109], [-96.171201, 30.684121], [-96.170491, 30.685337], [-96.170478, 30.686224], [-96.170822, 30.68719], [-96.169786, 30.688212], [-96.170935, 30.688419], [-96.170383, 30.689544], [-96.171483, 30.690103], [-96.171954, 30.691453], [-96.173034, 30.691924], [-96.173065, 30.692104], [-96.172386, 30.692988], [-96.172156, 30.693618], [-96.172527, 30.693724], [-96.173287, 30.693464], [-96.173645, 30.69389], [-96.174102, 30.693978], [-96.174177, 30.694248], [-96.174702, 30.694758], [-96.175378, 30.696055], [-96.176603, 30.696497], [-96.176896, 30.696838], [-96.176824, 30.697256], [-96.176295, 30.697933], [-96.175373, 30.697767], [-96.175647, 30.698707], [-96.174963, 30.698922], [-96.174884, 30.699077], [-96.17565, 30.699564], [-96.175983, 30.700094], [-96.176629, 30.700362], [-96.176461, 30.701089], [-96.176589, 30.701953], [-96.176086, 30.702033], [-96.175496, 30.701591], [-96.175135, 30.701787], [-96.175113, 30.702033], [-96.175645, 30.70358], [-96.175887, 30.703604], [-96.176477, 30.703115], [-96.176968, 30.703081], [-96.177537, 30.703938], [-96.177141, 30.705141], [-96.177824, 30.706141], [-96.177558, 30.706271], [-96.176603, 30.705993], [-96.176293, 30.706442], [-96.177176, 30.707175], [-96.177254, 30.708217], [-96.177946, 30.709513], [-96.177696, 30.70985], [-96.177223, 30.709971], [-96.176339, 30.709787], [-96.175227, 30.709191], [-96.174497, 30.709283], [-96.174142, 30.709528], [-96.174083, 30.710004], [-96.175094, 30.71084], [-96.175142, 30.711155], [-96.174625, 30.711844], [-96.173099, 30.711497], [-96.172971, 30.711644], [-96.173035, 30.712089], [-96.172061, 30.712256], [-96.171722, 30.714089], [-96.172079, 30.715165], [-96.171617, 30.715658], [-96.170802, 30.715991], [-96.170674, 30.716631], [-96.171176, 30.716726], [-96.171415, 30.716969], [-96.171259, 30.717367], [-96.170296, 30.71801], [-96.169717, 30.717425], [-96.169016, 30.717132], [-96.16875, 30.717173], [-96.168737, 30.717576], [-96.169186, 30.718483], [-96.168804, 30.719246], [-96.168092, 30.719669], [-96.168138, 30.720415], [-96.167789, 30.720761], [-96.165498, 30.721309], [-96.164549, 30.721978], [-96.164491, 30.723149], [-96.164696, 30.72383], [-96.164236, 30.724373], [-96.163327, 30.724739], [-96.16305, 30.725592], [-96.162499, 30.726309], [-96.162064, 30.727836], [-96.16221, 30.728857], [-96.161953, 30.729863], [-96.162573, 30.730825], [-96.162499, 30.731677], [-96.162329, 30.732033], [-96.161698, 30.732189], [-96.161427, 30.732564], [-96.162172, 30.734291], [-96.161881, 30.734559], [-96.160384, 30.734955], [-96.160224, 30.735165], [-96.161233, 30.735259], [-96.162072, 30.73583], [-96.162203, 30.736407], [-96.161568, 30.736944], [-96.16149, 30.737216], [-96.162628, 30.737496], [-96.162083, 30.738711], [-96.162587, 30.739797], [-96.165044, 30.740715], [-96.165451, 30.741199], [-96.165443, 30.742017], [-96.165659, 30.742476], [-96.166632, 30.742926], [-96.166775, 30.743135], [-96.166572, 30.743431], [-96.16506, 30.744422], [-96.166498, 30.745295], [-96.167675, 30.746434], [-96.168502, 30.746832], [-96.170145, 30.748855], [-96.17057, 30.750646], [-96.170381, 30.751038], [-96.170472, 30.752868], [-96.169904, 30.75308], [-96.168717, 30.753086], [-96.168088, 30.754347], [-96.16886, 30.754752], [-96.169659, 30.754908], [-96.169843, 30.755141], [-96.169752, 30.755551], [-96.16848, 30.756402], [-96.168167, 30.757012], [-96.16851, 30.757168], [-96.169022, 30.756755], [-96.169578, 30.756663], [-96.169747, 30.756996], [-96.169455, 30.757993], [-96.16851, 30.758541], [-96.167442, 30.758488], [-96.16656, 30.758653], [-96.166209, 30.759244], [-96.166553, 30.760009], [-96.16652, 30.760319], [-96.165864, 30.76038], [-96.16534, 30.75985], [-96.164965, 30.759911], [-96.164306, 30.760631], [-96.164589, 30.761745], [-96.16444, 30.762219], [-96.164248, 30.762403], [-96.163366, 30.762589], [-96.162839, 30.763039], [-96.162753, 30.763558], [-96.16314, 30.764136], [-96.164007, 30.764525], [-96.164589, 30.764207], [-96.16489, 30.764667], [-96.163603, 30.766269], [-96.163753, 30.767047], [-96.163693, 30.767831], [-96.163018, 30.768381], [-96.163591, 30.768733], [-96.163794, 30.769228], [-96.163469, 30.769541], [-96.162644, 30.769509], [-96.164521, 30.772245], [-96.164608, 30.772701], [-96.164338, 30.773351], [-96.165103, 30.77431], [-96.166102, 30.774571], [-96.166452, 30.774474], [-96.166659, 30.774171], [-96.166352, 30.773338], [-96.165553, 30.77306], [-96.165249, 30.772779], [-96.165347, 30.772372], [-96.165787, 30.772115], [-96.167185, 30.772509], [-96.167312, 30.772724], [-96.167236, 30.773405], [-96.168153, 30.773659], [-96.168244, 30.774601], [-96.168062, 30.775027], [-96.167445, 30.775425], [-96.166806, 30.775188], [-96.166362, 30.775221], [-96.165957, 30.776097], [-96.166191, 30.776498], [-96.166984, 30.776675], [-96.167371, 30.77694], [-96.168206, 30.7779], [-96.16827, 30.778391], [-96.168758, 30.778765], [-96.168733, 30.779316], [-96.169249, 30.780202], [-96.169801, 30.780287], [-96.170542, 30.779507], [-96.170947, 30.780086], [-96.171487, 30.78171], [-96.171481, 30.78221], [-96.171036, 30.783158], [-96.171855, 30.783397], [-96.172186, 30.784062], [-96.17174, 30.784984], [-96.171931, 30.785215], [-96.172366, 30.785329], [-96.172834, 30.78486], [-96.172851, 30.784174], [-96.173224, 30.784126], [-96.173826, 30.7845], [-96.174378, 30.784582], [-96.174742, 30.785089], [-96.175656, 30.785359], [-96.175387, 30.785915], [-96.175461, 30.786185], [-96.176566, 30.786299], [-96.177008, 30.786491], [-96.177656, 30.787438], [-96.17938, 30.789198], [-96.179503, 30.790311], [-96.179951, 30.790632], [-96.180178, 30.791785], [-96.181817, 30.79227], [-96.182924, 30.792255], [-96.182986, 30.792567], [-96.181933, 30.792888], [-96.181698, 30.793398], [-96.181992, 30.793837], [-96.183032, 30.793933], [-96.183414, 30.794351], [-96.183641, 30.795136], [-96.183525, 30.795751], [-96.18289, 30.796122], [-96.18333, 30.797133], [-96.18322, 30.797739], [-96.18297, 30.797766], [-96.182696, 30.797451], [-96.182126, 30.797642], [-96.181908, 30.797538], [-96.180995, 30.798096], [-96.18009, 30.797626], [-96.179471, 30.797756], [-96.179907, 30.798399], [-96.179311, 30.79882], [-96.17934, 30.799882], [-96.179124, 30.800091], [-96.178485, 30.800224], [-96.17815, 30.801092], [-96.177607, 30.800984], [-96.177174, 30.799368], [-96.176977, 30.799204], [-96.176264, 30.799269], [-96.176156, 30.799478], [-96.17648, 30.800336], [-96.176308, 30.801242], [-96.17606, 30.801281], [-96.175627, 30.800858], [-96.173915, 30.801083], [-96.173768, 30.801407], [-96.173991, 30.801654], [-96.173692, 30.801935], [-96.173545, 30.802665], [-96.172851, 30.802627], [-96.172463, 30.803028], [-96.172373, 30.803753], [-96.172793, 30.804023], [-96.173023, 30.803798], [-96.173698, 30.803979], [-96.173659, 30.805084], [-96.173175, 30.805892], [-96.171564, 30.805946], [-96.17122, 30.806139], [-96.170908, 30.806743], [-96.171297, 30.806952], [-96.172564, 30.807139], [-96.172875, 30.807524], [-96.172538, 30.8082], [-96.17234, 30.808287], [-96.172398, 30.808584], [-96.173423, 30.808694], [-96.175199, 30.809525], [-96.175575, 30.809541], [-96.175536, 30.810925], [-96.17534, 30.811192], [-96.175055, 30.810742], [-96.174543, 30.810647], [-96.173442, 30.81094], [-96.172984, 30.811512], [-96.172744, 30.812185], [-96.171986, 30.813364], [-96.171024, 30.814772], [-96.169869, 30.816536], [-96.16948, 30.816845], [-96.168852, 30.816927], [-96.168339, 30.816831], [-96.165751, 30.815578], [-96.164427, 30.815136], [-96.163831, 30.814985], [-96.16323, 30.814972], [-96.162551, 30.815148], [-96.161913, 30.815557], [-96.161178, 30.816367], [-96.160703, 30.817076], [-96.160544, 30.817496], [-96.16023, 30.819384], [-96.159633, 30.820927], [-96.159059, 30.821264], [-96.157555, 30.821517], [-96.156617, 30.8218], [-96.154121, 30.824188], [-96.125235, 30.826603], [-96.125235, 30.827393], [-96.118499, 30.827677], [-96.102497, 30.829962], [-96.103039, 30.825126], [-96.102885, 30.824249], [-96.102759, 30.823006], [-96.102803, 30.82157], [-96.101419, 30.820891], [-96.102347, 30.819362], [-96.101442, 30.817961], [-96.102389, 30.817418], [-96.102423, 30.816264], [-96.102881, 30.815147], [-96.104014, 30.814411], [-96.105302, 30.813904], [-96.105342, 30.812581], [-96.105064, 30.810968], [-96.105105, 30.809588], [-96.103731, 30.808971], [-96.101717, 30.808244], [-96.100622, 30.80884], [-96.100271, 30.809649], [-96.098762, 30.809362], [-96.097642, 30.808604], [-96.094569, 30.809803], [-96.094572, 30.80862], [-96.093913, 30.807731], [-96.092368, 30.806992], [-96.091573, 30.806298], [-96.089223, 30.806273], [-96.087969, 30.806724], [-96.087361, 30.805245], [-96.087407, 30.803724], [-96.086147, 30.802202], [-96.084729, 30.80265], [-96.083211, 30.802108], [-96.082055, 30.800391], [-96.081093, 30.799834], [-96.081759, 30.798299], [-96.081848, 30.79537], [-96.082066, 30.794107], [-96.080217, 30.791557], [-96.078038, 30.791283], [-96.078105, 30.789593], [-96.078781, 30.788848], [-96.080184, 30.78778], [-96.081096, 30.786758], [-96.083419, 30.785514], [-96.084313, 30.784013], [-96.085477, 30.783278], [-96.083079, 30.782717], [-96.08235, 30.781996], [-96.078968, 30.781581], [-96.076964, 30.778239], [-96.076455, 30.77617], [-96.077017, 30.774858], [-96.077723, 30.77417], [-96.077357, 30.773344], [-96.076528, 30.772678], [-96.075875, 30.770549], [-96.076453, 30.769773], [-96.076491, 30.768506], [-96.074916, 30.767709], [-96.073556, 30.767369], [-96.073603, 30.766055], [-96.072093, 30.763811], [-96.071472, 30.763636], [-96.070126, 30.762824], [-96.067452, 30.763686], [-96.065924, 30.764519], [-96.06486, 30.764748], [-96.063978, 30.764692], [-96.063245, 30.76512], [-96.062417, 30.76541], [-96.059781, 30.765334], [-96.059224, 30.764658], [-96.058288, 30.76398], [-96.057755, 30.763806], [-96.056522, 30.763603], [-96.055314, 30.763559], [-96.054175, 30.763655], [-96.053051, 30.763509], [-96.052897, 30.762156], [-96.053018, 30.761143], [-96.052901, 30.76087], [-96.052916, 30.760363], [-96.052604, 30.759877], [-96.052922, 30.759095], [-96.052949, 30.758194], [-96.053543, 30.756911], [-96.055287, 30.756443], [-96.054354, 30.754918], [-96.053889, 30.753891], [-96.053812, 30.752568], [-96.053936, 30.752007], [-96.053346, 30.751845], [-96.053194, 30.752111], [-96.052861, 30.752245], [-96.052457, 30.75221], [-96.050418, 30.750722]]]}},
    {"type": "Feature", "properties": {"name": "Walnut Creek-Spring Creek", "description": "Watershed: the land draining to this stream", "USGS watershed code": "1204010202"}, "geometry": {"type": "Polygon", "coordinates": [[[-95.916877, 30.360445], [-95.915707, 30.360625], [-95.914617, 30.360205], [-95.913327, 30.359155], [-95.912117, 30.358755], [-95.911197, 30.358735], [-95.908912, 30.35962], [-95.908156, 30.360167], [-95.907391, 30.360349], [-95.906396, 30.360497], [-95.904508, 30.360682], [-95.9024, 30.361577], [-95.901057, 30.362289], [-95.899583, 30.362941], [-95.898492, 30.363001], [-95.897271, 30.362972], [-95.896785, 30.362674], [-95.896318, 30.361804], [-95.896267, 30.359715], [-95.896067, 30.359135], [-95.893997, 30.356785], [-95.891796, 30.355484], [-95.89054, 30.35554], [-95.889197, 30.355222], [-95.887684, 30.355014], [-95.886696, 30.354962], [-95.886077, 30.354689], [-95.885455, 30.353472], [-95.885066, 30.352232], [-95.884418, 30.351844], [-95.883696, 30.351712], [-95.882829, 30.350918], [-95.882826, 30.349973], [-95.883015, 30.349234], [-95.883032, 30.34869], [-95.882783, 30.348226], [-95.8824, 30.347787], [-95.881686, 30.347427], [-95.880351, 30.346851], [-95.879826, 30.346724], [-95.878949, 30.346273], [-95.877724, 30.346387], [-95.876275, 30.346295], [-95.875687, 30.345955], [-95.876184, 30.343587], [-95.877472, 30.341858], [-95.878124, 30.341072], [-95.878447, 30.340278], [-95.87815, 30.33924], [-95.878183, 30.338181], [-95.87765, 30.33731], [-95.876547, 30.336682], [-95.875362, 30.336471], [-95.87498, 30.336501], [-95.874191, 30.336053], [-95.873312, 30.33566], [-95.872774, 30.334931], [-95.873174, 30.333767], [-95.873, 30.333018], [-95.872335, 30.332628], [-95.871741, 30.332129], [-95.871059, 30.331798], [-95.869979, 30.331486], [-95.869126, 30.331322], [-95.868204, 30.331271], [-95.866776, 30.330493], [-95.864574, 30.330211], [-95.863709, 30.330419], [-95.863187, 30.330235], [-95.862933, 30.329914], [-95.862607, 30.328815], [-95.861757, 30.327345], [-95.861687, 30.325055], [-95.861097, 30.324485], [-95.860407, 30.324495], [-95.859387, 30.323695], [-95.857027, 30.323415], [-95.855927, 30.322635], [-95.854437, 30.322235], [-95.853566, 30.322253], [-95.852313, 30.322472], [-95.851125, 30.322472], [-95.850362, 30.322362], [-95.849357, 30.319775], [-95.849146, 30.318302], [-95.848815, 30.31732], [-95.848272, 30.316763], [-95.847649, 30.316634], [-95.846823, 30.316642], [-95.845526, 30.316955], [-95.844285, 30.317583], [-95.843295, 30.317588], [-95.842737, 30.317489], [-95.842091, 30.317072], [-95.840807, 30.315953], [-95.840104, 30.31522], [-95.839634, 30.314436], [-95.838205, 30.312712], [-95.836949, 30.311737], [-95.835401, 30.311642], [-95.834295, 30.312188], [-95.833785, 30.312634], [-95.833353, 30.312711], [-95.831987, 30.311585], [-95.830439, 30.309976], [-95.829562, 30.309554], [-95.828551, 30.309186], [-95.826419, 30.308791], [-95.825105, 30.308587], [-95.82403, 30.30816], [-95.82326, 30.307483], [-95.823225, 30.306537], [-95.823036, 30.306246], [-95.822164, 30.305681], [-95.821344, 30.305518], [-95.819995, 30.305399], [-95.818684, 30.305444], [-95.818387, 30.305855], [-95.818407, 30.306295], [-95.818247, 30.306705], [-95.817647, 30.307425], [-95.817177, 30.308765], [-95.816706, 30.309156], [-95.816013, 30.309167], [-95.815295, 30.308921], [-95.814655, 30.308304], [-95.813449, 30.306815], [-95.812818, 30.305912], [-95.812587, 30.304904], [-95.812697, 30.303532], [-95.813094, 30.302483], [-95.813083, 30.301824], [-95.812662, 30.301556], [-95.81151, 30.301471], [-95.811187, 30.301263], [-95.810678, 30.300677], [-95.81069, 30.299304], [-95.810776, 30.298676], [-95.810501, 30.298011], [-95.809148, 30.297004], [-95.808653, 30.296992], [-95.807936, 30.296717], [-95.807617, 30.296395], [-95.806912, 30.296749], [-95.805926, 30.296639], [-95.804948, 30.296272], [-95.804272, 30.295945], [-95.804197, 30.269364], [-95.804306, 30.24557], [-95.805054, 30.245632], [-95.814501, 30.24484], [-95.821199, 30.24475], [-95.842138, 30.243445], [-95.8521, 30.242456], [-95.86731, 30.241454], [-95.923283, 30.237284], [-95.926415, 30.237292], [-95.928931, 30.237624], [-95.938612, 30.237527], [-95.945149, 30.237119], [-95.94512, 30.238062], [-95.945271, 30.238524], [-95.945946, 30.239084], [-95.945859, 30.239769], [-95.94551, 30.24039], [-95.94465, 30.241516], [-95.943836, 30.24227], [-95.943031, 30.243768], [-95.942667, 30.244865], [-95.942847, 30.245675], [-95.942727, 30.246435], [-95.942676, 30.24802], [-95.942248, 30.248818], [-95.941299, 30.249626], [-95.940361, 30.250091], [-95.939142, 30.250062], [-95.93775, 30.250288], [-95.937126, 30.25068], [-95.9367, 30.251179], [-95.936465, 30.252376], [-95.93622, 30.252829], [-95.935572, 30.253501], [-95.934837, 30.253798], [-95.934139, 30.253982], [-95.933295, 30.254621], [-95.93315, 30.256107], [-95.932475, 30.256578], [-95.931683, 30.256616], [-95.930737, 30.256895], [-95.930707, 30.259095], [-95.930347, 30.260135], [-95.930007, 30.262315], [-95.930307, 30.263742], [-95.930844, 30.264499], [-95.930772, 30.264669], [-95.929515, 30.264783], [-95.928046, 30.265378], [-95.927124, 30.265328], [-95.926512, 30.264855], [-95.925592, 30.264719], [-95.924528, 30.265009], [-95.923532, 30.265215], [-95.922372, 30.266447], [-95.921394, 30.26714], [-95.920228, 30.267513], [-95.919463, 30.267696], [-95.918751, 30.268309], [-95.918401, 30.268959], [-95.918252, 30.2695], [-95.917632, 30.270344], [-95.91727, 30.271395], [-95.917221, 30.27188], [-95.917006, 30.272448], [-95.916384, 30.27335], [-95.915635, 30.274091], [-95.915623, 30.274477], [-95.915921, 30.275486], [-95.915815, 30.276772], [-95.915809, 30.278003], [-95.915681, 30.278945], [-95.915492, 30.2798], [-95.915727, 30.280565], [-95.915667, 30.282715], [-95.914959, 30.283947], [-95.914907, 30.284681], [-95.914224, 30.285438], [-95.913831, 30.286403], [-95.913804, 30.287261], [-95.914181, 30.287871], [-95.91445, 30.288765], [-95.914785, 30.289632], [-95.915281, 30.290646], [-95.915235, 30.292133], [-95.915347, 30.292766], [-95.916045, 30.293641], [-95.917206, 30.294499], [-95.917652, 30.295025], [-95.917683, 30.297202], [-95.917999, 30.297638], [-95.91848, 30.298079], [-95.919002, 30.298263], [-95.919958, 30.298286], [-95.920408, 30.298669], [-95.920458, 30.299185], [-95.920421, 30.300358], [-95.920201, 30.301069], [-95.919855, 30.301576], [-95.919807, 30.302062], [-95.919993, 30.302467], [-95.921068, 30.303952], [-95.921418, 30.304362], [-95.921968, 30.305777], [-95.921921, 30.306206], [-95.921562, 30.307142], [-95.921281, 30.30768], [-95.920947, 30.307815], [-95.920123, 30.307795], [-95.918678, 30.307157], [-95.91795, 30.30657], [-95.917108, 30.306064], [-95.916227, 30.305757], [-95.914587, 30.306555], [-95.914547, 30.307905], [-95.914027, 30.309995], [-95.913957, 30.312135], [-95.913707, 30.312996], [-95.913514, 30.314397], [-95.913976, 30.315438], [-95.914809, 30.31626], [-95.915283, 30.316929], [-95.915417, 30.318099], [-95.916177, 30.321535], [-95.916727, 30.323025], [-95.917032, 30.323241], [-95.918014, 30.323493], [-95.91861, 30.32345], [-95.919165, 30.323635], [-95.919478, 30.324157], [-95.919483, 30.325074], [-95.91924, 30.32544], [-95.918029, 30.326185], [-95.917522, 30.326574], [-95.917307, 30.328143], [-95.9167, 30.328558], [-95.915905, 30.328654], [-95.9152, 30.329038], [-95.914415, 30.32985], [-95.913887, 30.330926], [-95.913838, 30.331411], [-95.913429, 30.331831], [-95.912275, 30.332834], [-95.911852, 30.333712], [-95.910997, 30.334637], [-95.91099, 30.334866], [-95.911439, 30.335277], [-95.91209, 30.335579], [-95.913177, 30.335662], [-95.914529, 30.335694], [-95.914757, 30.335785], [-95.914821, 30.336907], [-95.91499, 30.337798], [-95.915118, 30.337969], [-95.916023, 30.338563], [-95.916843, 30.338754], [-95.917435, 30.338797], [-95.917784, 30.339263], [-95.918202, 30.339617], [-95.919239, 30.340214], [-95.920227, 30.340294], [-95.921975, 30.340364], [-95.923332, 30.340224], [-95.923761, 30.340235], [-95.924758, 30.341088], [-95.925563, 30.342526], [-95.925867, 30.342805], [-95.926287, 30.343575], [-95.927467, 30.344265], [-95.927737, 30.344985], [-95.928518, 30.345386], [-95.928808, 30.345622], [-95.928829, 30.346023], [-95.928677, 30.346649], [-95.92827, 30.346983], [-95.927406, 30.348251], [-95.926913, 30.349213], [-95.926829, 30.351037], [-95.926934, 30.351325], [-95.927512, 30.352074], [-95.927893, 30.352402], [-95.929591, 30.353213], [-95.929756, 30.35374], [-95.929554, 30.354322], [-95.928641, 30.354436], [-95.928523, 30.354593], [-95.928681, 30.356378], [-95.92847, 30.356667], [-95.927591, 30.357192], [-95.927144, 30.357612], [-95.925635, 30.358255], [-95.922905, 30.358176], [-95.921237, 30.358305], [-95.920976, 30.35855], [-95.920043, 30.359874], [-95.919437, 30.360232], [-95.91791, 30.360511], [-95.916877, 30.360445]]]}},
    {"type": "Feature", "properties": {"name": "West Fork San Jacinto River", "description": "Watershed: the land draining to this stream", "USGS watershed code": "1204010101"}, "geometry": {"type": "MultiPolygon", "coordinates": [[[[-95.829366, 30.621693], [-95.828377, 30.611364], [-95.828734, 30.611867], [-95.829092, 30.613078], [-95.829039, 30.614708], [-95.829651, 30.61521], [-95.830405, 30.615458], [-95.831543, 30.616086], [-95.831798, 30.616379], [-95.831788, 30.616694], [-95.831198, 30.61751], [-95.830979, 30.618134], [-95.830944, 30.619221], [-95.830259, 30.61992], [-95.82972, 30.620223], [-95.829737, 30.620709], [-95.829366, 30.621693]]], [[[-95.858711, 30.660103], [-95.859285, 30.660503], [-95.859536, 30.660939], [-95.858526, 30.662489], [-95.858113, 30.662965], [-95.858125, 30.663624], [-95.857775, 30.664188], [-95.857366, 30.664551], [-95.856691, 30.664935], [-95.855635, 30.665854], [-95.854455, 30.666484], [-95.853571, 30.667178], [-95.85281, 30.668191], [-95.852007, 30.66946], [-95.851298, 30.670902], [-95.850545, 30.672685], [-95.850604, 30.674682], [-95.850497, 30.675266], [-95.850203, 30.676058], [-95.849462, 30.676441], [-95.848356, 30.676843], [-95.847219, 30.677159], [-95.846446, 30.677513], [-95.846398, 30.677969], [-95.846538, 30.678746], [-95.846858, 30.679097], [-95.847137, 30.679705], [-95.847119, 30.681251], [-95.847202, 30.681768], [-95.847473, 30.682605], [-95.848286, 30.684085], [-95.848642, 30.685353], [-95.84909, 30.685851], [-95.849819, 30.686517], [-95.850174, 30.687137], [-95.850175, 30.689141], [-95.850255, 30.689744], [-95.850651, 30.690813], [-95.850689, 30.691673], [-95.850379, 30.692037], [-95.849496, 30.691701], [-95.848339, 30.691616], [-95.847465, 30.692024], [-95.845571, 30.693209], [-95.84416, 30.693804], [-95.843226, 30.694011], [-95.843081, 30.694379], [-95.843056, 30.695152], [-95.84282, 30.696291], [-95.841984, 30.697559], [-95.841822, 30.698443], [-95.842043, 30.698791], [-95.84282, 30.699354], [-95.842768, 30.699926], [-95.841955, 30.700478], [-95.841154, 30.700659], [-95.840403, 30.701277], [-95.83007, 30.629045], [-95.829521, 30.62331], [-95.830198, 30.623812], [-95.830785, 30.624084], [-95.831399, 30.624557], [-95.832023, 30.624716], [-95.834143, 30.624653], [-95.835765, 30.624664], [-95.836829, 30.624932], [-95.837876, 30.625918], [-95.838505, 30.626935], [-95.83959, 30.629223], [-95.839542, 30.62968], [-95.839138, 30.62987], [-95.83854, 30.629942], [-95.838225, 30.630449], [-95.838133, 30.631249], [-95.838178, 30.631908], [-95.838633, 30.632177], [-95.83893, 30.632184], [-95.839418, 30.632454], [-95.840061, 30.633042], [-95.840442, 30.633538], [-95.840815, 30.634292], [-95.841395, 30.634792], [-95.841989, 30.634835], [-95.842862, 30.634456], [-95.843325, 30.634496], [-95.843774, 30.634936], [-95.843886, 30.635569], [-95.843887, 30.636542], [-95.844309, 30.637841], [-95.84428, 30.638727], [-95.843831, 30.639289], [-95.843354, 30.639707], [-95.841975, 30.640361], [-95.841189, 30.641142], [-95.840557, 30.642315], [-95.840367, 30.643515], [-95.841077, 30.646245], [-95.841577, 30.647215], [-95.842187, 30.648087], [-95.842603, 30.648535], [-95.843286, 30.648924], [-95.84394, 30.649169], [-95.844442, 30.649181], [-95.84504, 30.648967], [-95.845537, 30.64895], [-95.846061, 30.649134], [-95.846598, 30.649921], [-95.84666, 30.651067], [-95.846977, 30.651504], [-95.847554, 30.652091], [-95.849227, 30.653592], [-95.850779, 30.654746], [-95.851266, 30.655044], [-95.852886, 30.655141], [-95.854371, 30.655291], [-95.855321, 30.655629], [-95.856299, 30.656082], [-95.85749, 30.657142], [-95.858021, 30.658156], [-95.858073, 30.658533], [-95.858711, 30.660103]]], [[[-95.842293, 30.714485], [-95.841421, 30.708392], [-95.84223, 30.708934], [-95.843457, 30.709276], [-95.844327, 30.710041], [-95.844496, 30.710961], [-95.84447, 30.711762], [-95.843939, 30.712809], [-95.843214, 30.713679], [-95.842293, 30.714485]]]]}}
  ]
}
